Team,Conf,Year
Abilene Christian,WAC,2026
Air Force,MWC,2026
Akron,MAC,2026
Alabama,SEC,2026
Alabama A&M,SWAC,2026
Alabama St.,SWAC,2026
Albany,AE,2026
Alcorn St.,SWAC,2026
American,PL,2026
Appalachian St.,SB,2026
Arizona,B12,2026
Arizona St.,B12,2026
Arkansas,SEC,2026
Arkansas Pine Bluff,SWAC,2026
Arkansas St.,SB,2026
Army,PL,2026
Auburn,SEC,2026
Austin Peay,ASun,2026
BYU,B12,2026
Ball St.,MAC,2026
Baylor,B12,2026
Bellarmine,ASun,2026
Belmont,MVC,2026
Bethune Cookman,SWAC,2026
Binghamton,AE,2026
Boise St.,MWC,2026
Boston College,ACC,2026
Boston University,PL,2026
Bowling Green,MAC,2026
Bradley,MVC,2026
Brown,Ivy,2026
Bryant,AE,2026
Bucknell,PL,2026
Buffalo,MAC,2026
Butler,BE,2026
CSUN,BW,2026
Cal Baptist,WAC,2026
Cal Poly,BW,2026
Cal St. Bakersfield,BW,2026
Cal St. Fullerton,BW,2026
California,ACC,2026
Campbell,CAA,2026
Canisius,MAAC,2026
Central Arkansas,ASun,2026
Central Connecticut,NEC,2026
Central Michigan,MAC,2026
Charleston,CAA,2026
Charleston Southern,BSth,2026
Charlotte,Amer,2026
Chattanooga,SC,2026
Chicago St.,NEC,2026
Cincinnati,B12,2026
Clemson,ACC,2026
Cleveland St.,Horz,2026
Coastal Carolina,SB,2026
Colgate,PL,2026
Colorado,B12,2026
Colorado St.,MWC,2026
Columbia,Ivy,2026
Connecticut,BE,2026
Coppin St.,MEAC,2026
Cornell,Ivy,2026
Creighton,BE,2026
Dartmouth,Ivy,2026
Davidson,A10,2026
Dayton,A10,2026
DePaul,BE,2026
Delaware,CUSA,2026
Delaware St.,MEAC,2026
Denver,Sum,2026
Detroit Mercy,Horz,2026
Drake,MVC,2026
Drexel,CAA,2026
Duke,ACC,2026
Duquesne,A10,2026
East Carolina,Amer,2026
East Tennessee St.,SC,2026
East Texas A&M,Slnd,2026
Eastern Illinois,OVC,2026
Eastern Kentucky,ASun,2026
Eastern Michigan,MAC,2026
Eastern Washington,BSky,2026
Elon,CAA,2026
Evansville,MVC,2026
FIU,CUSA,2026
Fairfield,MAAC,2026
Fairleigh Dickinson,NEC,2026
Florida,SEC,2026
Florida A&M,SWAC,2026
Florida Atlantic,Amer,2026
Florida Gulf Coast,ASun,2026
Florida St.,ACC,2026
Fordham,A10,2026
Fresno St.,MWC,2026
Furman,SC,2026
Gardner Webb,BSth,2026
George Mason,A10,2026
George Washington,A10,2026
Georgetown,BE,2026
Georgia,SEC,2026
Georgia Southern,SB,2026
Georgia St.,SB,2026
Georgia Tech,ACC,2026
Gonzaga,WCC,2026
Grambling St.,SWAC,2026
Grand Canyon,MWC,2026
Green Bay,Horz,2026
Hampton,CAA,2026
Harvard,Ivy,2026
Hawaii,BW,2026
High Point,BSth,2026
Hofstra,CAA,2026
Holy Cross,PL,2026
Houston,B12,2026
Houston Christian,Slnd,2026
Howard,MEAC,2026
IU Indy,Horz,2026
Idaho,BSky,2026
Idaho St.,BSky,2026
Illinois,B10,2026
Illinois Chicago,MVC,2026
Illinois St.,MVC,2026
Incarnate Word,Slnd,2026
Indiana,B10,2026
Indiana St.,MVC,2026
Iona,MAAC,2026
Iowa,B10,2026
Iowa St.,B12,2026
Jackson St.,SWAC,2026
Jacksonville,ASun,2026
Jacksonville St.,CUSA,2026
James Madison,SB,2026
Kansas,B12,2026
Kansas City,Sum,2026
Kansas St.,B12,2026
Kennesaw St.,CUSA,2026
Kent St.,MAC,2026
Kentucky,SEC,2026
LIU,NEC,2026
LSU,SEC,2026
La Salle,A10,2026
Lafayette,PL,2026
Lamar,Slnd,2026
Le Moyne,NEC,2026
Lehigh,PL,2026
Liberty,CUSA,2026
Lindenwood,OVC,2026
Lipscomb,ASun,2026
Little Rock,OVC,2026
Long Beach St.,BW,2026
Longwood,BSth,2026
Louisiana,SB,2026
Louisiana Monroe,SB,2026
Louisiana Tech,CUSA,2026
Louisville,ACC,2026
Loyola Chicago,A10,2026
Loyola MD,PL,2026
Loyola Marymount,WCC,2026
Maine,AE,2026
Manhattan,MAAC,2026
Marist,MAAC,2026
Marquette,BE,2026
Marshall,SB,2026
Maryland,B10,2026
Maryland Eastern Shore,MEAC,2026
Massachusetts,MAC,2026
McNeese,Slnd,2026
Memphis,Amer,2026
Mercer,SC,2026
Mercyhurst,NEC,2026
Merrimack,MAAC,2026
Miami FL,ACC,2026
Miami OH,MAC,2026
Michigan,B10,2026
Michigan St.,B10,2026
Middle Tennessee,CUSA,2026
Milwaukee,Horz,2026
Minnesota,B10,2026
Mississippi,SEC,2026
Mississippi St.,SEC,2026
Mississippi Valley St.,SWAC,2026
Missouri,SEC,2026
Missouri St.,CUSA,2026
Monmouth,CAA,2026
Montana,BSky,2026
Montana St.,BSky,2026
Morehead St.,OVC,2026
Morgan St.,MEAC,2026
Mount St. Mary's,MAAC,2026
Murray St.,MVC,2026
N.C. State,ACC,2026
NJIT,AE,2026
Navy,PL,2026
Nebraska,B10,2026
Nebraska Omaha,Sum,2026
Nevada,MWC,2026
New Hampshire,AE,2026
New Haven,NEC,2026
New Mexico,MWC,2026
New Mexico St.,CUSA,2026
New Orleans,Slnd,2026
Niagara,MAAC,2026
Nicholls,Slnd,2026
Norfolk St.,MEAC,2026
North Alabama,ASun,2026
North Carolina,ACC,2026
North Carolina A&T,CAA,2026
North Carolina Central,MEAC,2026
North Dakota,Sum,2026
North Dakota St.,Sum,2026
North Florida,ASun,2026
North Texas,Amer,2026
Northeastern,CAA,2026
Northern Arizona,BSky,2026
Northern Colorado,BSky,2026
Northern Illinois,MAC,2026
Northern Iowa,MVC,2026
Northern Kentucky,Horz,2026
Northwestern,B10,2026
Northwestern St.,Slnd,2026
Notre Dame,ACC,2026
Oakland,Horz,2026
Ohio,MAC,2026
Ohio St.,B10,2026
Oklahoma,SEC,2026
Oklahoma St.,B12,2026
Old Dominion,SB,2026
Oral Roberts,Sum,2026
Oregon,B10,2026
Oregon St.,WCC,2026
Pacific,WCC,2026
Penn,Ivy,2026
Penn St.,B10,2026
Pepperdine,WCC,2026
Pittsburgh,ACC,2026
Portland,WCC,2026
Portland St.,BSky,2026
Prairie View A&M,SWAC,2026
Presbyterian,BSth,2026
Princeton,Ivy,2026
Providence,BE,2026
Purdue,B10,2026
Purdue Fort Wayne,Horz,2026
Queens,ASun,2026
Quinnipiac,MAAC,2026
Radford,BSth,2026
Rhode Island,A10,2026
Rice,Amer,2026
Richmond,A10,2026
Rider,MAAC,2026
Robert Morris,Horz,2026
Rutgers,B10,2026
SIUE,OVC,2026
SMU,ACC,2026
Sacramento St.,BSky,2026
Sacred Heart,MAAC,2026
Saint Francis,NEC,2026
Saint Joseph's,A10,2026
Saint Louis,A10,2026
Saint Mary's,WCC,2026
Saint Peter's,MAAC,2026
Sam Houston St.,CUSA,2026
Samford,SC,2026
San Diego,WCC,2026
San Diego St.,MWC,2026
San Francisco,WCC,2026
San Jose St.,MWC,2026
Santa Clara,WCC,2026
Seattle,WCC,2026
Seton Hall,BE,2026
Siena,MAAC,2026
South Alabama,SB,2026
South Carolina,SEC,2026
South Carolina St.,MEAC,2026
South Dakota,Sum,2026
South Dakota St.,Sum,2026
South Florida,Amer,2026
Southeast Missouri,OVC,2026
Southeastern Louisiana,Slnd,2026
Southern,SWAC,2026
Southern Illinois,MVC,2026
Southern Indiana,OVC,2026
Southern Miss,SB,2026
Southern Utah,WAC,2026
St. Bonaventure,A10,2026
St. John's,BE,2026
St. Thomas,Sum,2026
Stanford,ACC,2026
Stephen F. Austin,Slnd,2026
Stetson,ASun,2026
Stonehill,NEC,2026
Stony Brook,CAA,2026
Syracuse,ACC,2026
TCU,B12,2026
Tarleton St.,WAC,2026
Temple,Amer,2026
Tennessee,SEC,2026
Tennessee Martin,OVC,2026
Tennessee St.,OVC,2026
Tennessee Tech,OVC,2026
Texas,SEC,2026
Texas A&M,SEC,2026
Texas A&M Corpus Chris,Slnd,2026
Texas Southern,SWAC,2026
Texas St.,SB,2026
Texas Tech,B12,2026
The Citadel,SC,2026
Toledo,MAC,2026
Towson,CAA,2026
Troy,SB,2026
Tulane,Amer,2026
Tulsa,Amer,2026
UAB,Amer,2026
UC Davis,BW,2026
UC Irvine,BW,2026
UC Riverside,BW,2026
UC San Diego,BW,2026
UC Santa Barbara,BW,2026
UCF,B12,2026
UCLA,B10,2026
UMBC,AE,2026
UMass Lowell,AE,2026
UNC Asheville,BSth,2026
UNC Greensboro,SC,2026
UNC Wilmington,CAA,2026
UNLV,MWC,2026
USC,B10,2026
USC Upstate,BSth,2026
UT Arlington,WAC,2026
UT Rio Grande Valley,Slnd,2026
UTEP,CUSA,2026
UTSA,Amer,2026
Utah,B12,2026
Utah St.,MWC,2026
Utah Tech,WAC,2026
Utah Valley,WAC,2026
VCU,A10,2026
VMI,SC,2026
Valparaiso,MVC,2026
Vanderbilt,SEC,2026
Vermont,AE,2026
Villanova,BE,2026
Virginia,ACC,2026
Virginia Tech,ACC,2026
Wagner,NEC,2026
Wake Forest,ACC,2026
Washington,B10,2026
Washington St.,WCC,2026
Weber St.,BSky,2026
West Georgia,ASun,2026
West Virginia,B12,2026
Western Carolina,SC,2026
Western Illinois,OVC,2026
Western Kentucky,CUSA,2026
Western Michigan,MAC,2026
Wichita St.,Amer,2026
William & Mary,CAA,2026
Winthrop,BSth,2026
Wisconsin,B10,2026
Wofford,SC,2026
Wright St.,Horz,2026
Wyoming,MWC,2026
Xavier,BE,2026
Yale,Ivy,2026
Youngstown St.,Horz,2026
Abilene Christian,WAC,2025
Air Force,MWC,2025
Akron,MAC,2025
Alabama,SEC,2025
Alabama A&M,SWAC,2025
Alabama St.,SWAC,2025
Albany,AE,2025
Alcorn St.,SWAC,2025
American,PL,2025
Appalachian St.,SB,2025
Arizona,B12,2025
Arizona St.,B12,2025
Arkansas,SEC,2025
Arkansas Pine Bluff,SWAC,2025
Arkansas St.,SB,2025
Army,PL,2025
Auburn,SEC,2025
Austin Peay,ASun,2025
BYU,B12,2025
Ball St.,MAC,2025
Baylor,B12,2025
Bellarmine,ASun,2025
Belmont,MVC,2025
Bethune Cookman,SWAC,2025
Binghamton,AE,2025
Boise St.,MWC,2025
Boston College,ACC,2025
Boston University,PL,2025
Bowling Green,MAC,2025
Bradley,MVC,2025
Brown,Ivy,2025
Bryant,AE,2025
Bucknell,PL,2025
Buffalo,MAC,2025
Butler,BE,2025
CSUN,BW,2025
Cal Baptist,WAC,2025
Cal Poly,BW,2025
Cal St. Bakersfield,BW,2025
Cal St. Fullerton,BW,2025
California,ACC,2025
Campbell,CAA,2025
Canisius,MAAC,2025
Central Arkansas,ASun,2025
Central Connecticut,NEC,2025
Central Michigan,MAC,2025
Charleston,CAA,2025
Charleston Southern,BSth,2025
Charlotte,Amer,2025
Chattanooga,SC,2025
Chicago St.,NEC,2025
Cincinnati,B12,2025
Clemson,ACC,2025
Cleveland St.,Horz,2025
Coastal Carolina,SB,2025
Colgate,PL,2025
Colorado,B12,2025
Colorado St.,MWC,2025
Columbia,Ivy,2025
Connecticut,BE,2025
Coppin St.,MEAC,2025
Cornell,Ivy,2025
Creighton,BE,2025
Dartmouth,Ivy,2025
Davidson,A10,2025
Dayton,A10,2025
DePaul,BE,2025
Delaware,CAA,2025
Delaware St.,MEAC,2025
Denver,Sum,2025
Detroit Mercy,Horz,2025
Drake,MVC,2025
Drexel,CAA,2025
Duke,ACC,2025
Duquesne,A10,2025
East Carolina,Amer,2025
East Tennessee St.,SC,2025
East Texas A&M,Slnd,2025
Eastern Illinois,OVC,2025
Eastern Kentucky,ASun,2025
Eastern Michigan,MAC,2025
Eastern Washington,BSky,2025
Elon,CAA,2025
Evansville,MVC,2025
FIU,CUSA,2025
Fairfield,MAAC,2025
Fairleigh Dickinson,NEC,2025
Florida,SEC,2025
Florida A&M,SWAC,2025
Florida Atlantic,Amer,2025
Florida Gulf Coast,ASun,2025
Florida St.,ACC,2025
Fordham,A10,2025
Fresno St.,MWC,2025
Furman,SC,2025
Gardner Webb,BSth,2025
George Mason,A10,2025
George Washington,A10,2025
Georgetown,BE,2025
Georgia,SEC,2025
Georgia Southern,SB,2025
Georgia St.,SB,2025
Georgia Tech,ACC,2025
Gonzaga,WCC,2025
Grambling St.,SWAC,2025
Grand Canyon,WAC,2025
Green Bay,Horz,2025
Hampton,CAA,2025
Harvard,Ivy,2025
Hawaii,BW,2025
High Point,BSth,2025
Hofstra,CAA,2025
Holy Cross,PL,2025
Houston,B12,2025
Houston Christian,Slnd,2025
Howard,MEAC,2025
IU Indy,Horz,2025
Idaho,BSky,2025
Idaho St.,BSky,2025
Illinois,B10,2025
Illinois Chicago,MVC,2025
Illinois St.,MVC,2025
Incarnate Word,Slnd,2025
Indiana,B10,2025
Indiana St.,MVC,2025
Iona,MAAC,2025
Iowa,B10,2025
Iowa St.,B12,2025
Jackson St.,SWAC,2025
Jacksonville,ASun,2025
Jacksonville St.,CUSA,2025
James Madison,SB,2025
Kansas,B12,2025
Kansas City,Sum,2025
Kansas St.,B12,2025
Kennesaw St.,CUSA,2025
Kent St.,MAC,2025
Kentucky,SEC,2025
LIU,NEC,2025
LSU,SEC,2025
La Salle,A10,2025
Lafayette,PL,2025
Lamar,Slnd,2025
Le Moyne,NEC,2025
Lehigh,PL,2025
Liberty,CUSA,2025
Lindenwood,OVC,2025
Lipscomb,ASun,2025
Little Rock,OVC,2025
Long Beach St.,BW,2025
Longwood,BSth,2025
Louisiana,SB,2025
Louisiana Monroe,SB,2025
Louisiana Tech,CUSA,2025
Louisville,ACC,2025
Loyola Chicago,A10,2025
Loyola MD,PL,2025
Loyola Marymount,WCC,2025
Maine,AE,2025
Manhattan,MAAC,2025
Marist,MAAC,2025
Marquette,BE,2025
Marshall,SB,2025
Maryland,B10,2025
Maryland Eastern Shore,MEAC,2025
Massachusetts,A10,2025
McNeese,Slnd,2025
Memphis,Amer,2025
Mercer,SC,2025
Mercyhurst,NEC,2025
Merrimack,MAAC,2025
Miami FL,ACC,2025
Miami OH,MAC,2025
Michigan,B10,2025
Michigan St.,B10,2025
Middle Tennessee,CUSA,2025
Milwaukee,Horz,2025
Minnesota,B10,2025
Mississippi,SEC,2025
Mississippi St.,SEC,2025
Mississippi Valley St.,SWAC,2025
Missouri,SEC,2025
Missouri St.,MVC,2025
Monmouth,CAA,2025
Montana,BSky,2025
Montana St.,BSky,2025
Morehead St.,OVC,2025
Morgan St.,MEAC,2025
Mount St. Mary's,MAAC,2025
Murray St.,MVC,2025
N.C. State,ACC,2025
NJIT,AE,2025
Navy,PL,2025
Nebraska,B10,2025
Nebraska Omaha,Sum,2025
Nevada,MWC,2025
New Hampshire,AE,2025
New Mexico,MWC,2025
New Mexico St.,CUSA,2025
New Orleans,Slnd,2025
Niagara,MAAC,2025
Nicholls,Slnd,2025
Norfolk St.,MEAC,2025
North Alabama,ASun,2025
North Carolina,ACC,2025
North Carolina A&T,CAA,2025
North Carolina Central,MEAC,2025
North Dakota,Sum,2025
North Dakota St.,Sum,2025
North Florida,ASun,2025
North Texas,Amer,2025
Northeastern,CAA,2025
Northern Arizona,BSky,2025
Northern Colorado,BSky,2025
Northern Illinois,MAC,2025
Northern Iowa,MVC,2025
Northern Kentucky,Horz,2025
Northwestern,B10,2025
Northwestern St.,Slnd,2025
Notre Dame,ACC,2025
Oakland,Horz,2025
Ohio,MAC,2025
Ohio St.,B10,2025
Oklahoma,SEC,2025
Oklahoma St.,B12,2025
Old Dominion,SB,2025
Oral Roberts,Sum,2025
Oregon,B10,2025
Oregon St.,WCC,2025
Pacific,WCC,2025
Penn,Ivy,2025
Penn St.,B10,2025
Pepperdine,WCC,2025
Pittsburgh,ACC,2025
Portland,WCC,2025
Portland St.,BSky,2025
Prairie View A&M,SWAC,2025
Presbyterian,BSth,2025
Princeton,Ivy,2025
Providence,BE,2025
Purdue,B10,2025
Purdue Fort Wayne,Horz,2025
Queens,ASun,2025
Quinnipiac,MAAC,2025
Radford,BSth,2025
Rhode Island,A10,2025
Rice,Amer,2025
Richmond,A10,2025
Rider,MAAC,2025
Robert Morris,Horz,2025
Rutgers,B10,2025
SIUE,OVC,2025
SMU,ACC,2025
Sacramento St.,BSky,2025
Sacred Heart,MAAC,2025
Saint Francis,NEC,2025
Saint Joseph's,A10,2025
Saint Louis,A10,2025
Saint Mary's,WCC,2025
Saint Peter's,MAAC,2025
Sam Houston St.,CUSA,2025
Samford,SC,2025
San Diego,WCC,2025
San Diego St.,MWC,2025
San Francisco,WCC,2025
San Jose St.,MWC,2025
Santa Clara,WCC,2025
Seattle,WAC,2025
Seton Hall,BE,2025
Siena,MAAC,2025
South Alabama,SB,2025
South Carolina,SEC,2025
South Carolina St.,MEAC,2025
South Dakota,Sum,2025
South Dakota St.,Sum,2025
South Florida,Amer,2025
Southeast Missouri,OVC,2025
Southeastern Louisiana,Slnd,2025
Southern,SWAC,2025
Southern Illinois,MVC,2025
Southern Indiana,OVC,2025
Southern Miss,SB,2025
Southern Utah,WAC,2025
St. Bonaventure,A10,2025
St. John's,BE,2025
St. Thomas,Sum,2025
Stanford,ACC,2025
Stephen F. Austin,Slnd,2025
Stetson,ASun,2025
Stonehill,NEC,2025
Stony Brook,CAA,2025
Syracuse,ACC,2025
TCU,B12,2025
Tarleton St.,WAC,2025
Temple,Amer,2025
Tennessee,SEC,2025
Tennessee Martin,OVC,2025
Tennessee St.,OVC,2025
Tennessee Tech,OVC,2025
Texas,SEC,2025
Texas A&M,SEC,2025
Texas A&M Corpus Chris,Slnd,2025
Texas Southern,SWAC,2025
Texas St.,SB,2025
Texas Tech,B12,2025
The Citadel,SC,2025
Toledo,MAC,2025
Towson,CAA,2025
Troy,SB,2025
Tulane,Amer,2025
Tulsa,Amer,2025
UAB,Amer,2025
UC Davis,BW,2025
UC Irvine,BW,2025
UC Riverside,BW,2025
UC San Diego,BW,2025
UC Santa Barbara,BW,2025
UCF,B12,2025
UCLA,B10,2025
UMBC,AE,2025
UMass Lowell,AE,2025
UNC Asheville,BSth,2025
UNC Greensboro,SC,2025
UNC Wilmington,CAA,2025
UNLV,MWC,2025
USC,B10,2025
USC Upstate,BSth,2025
UT Arlington,WAC,2025
UT Rio Grande Valley,Slnd,2025
UTEP,CUSA,2025
UTSA,Amer,2025
Utah,B12,2025
Utah St.,MWC,2025
Utah Tech,WAC,2025
Utah Valley,WAC,2025
VCU,A10,2025
VMI,SC,2025
Valparaiso,MVC,2025
Vanderbilt,SEC,2025
Vermont,AE,2025
Villanova,BE,2025
Virginia,ACC,2025
Virginia Tech,ACC,2025
Wagner,NEC,2025
Wake Forest,ACC,2025
Washington,B10,2025
Washington St.,WCC,2025
Weber St.,BSky,2025
West Georgia,ASun,2025
West Virginia,B12,2025
Western Carolina,SC,2025
Western Illinois,OVC,2025
Western Kentucky,CUSA,2025
Western Michigan,MAC,2025
Wichita St.,Amer,2025
William & Mary,CAA,2025
Winthrop,BSth,2025
Wisconsin,B10,2025
Wofford,SC,2025
Wright St.,Horz,2025
Wyoming,MWC,2025
Xavier,BE,2025
Yale,Ivy,2025
Youngstown St.,Horz,2025
Abilene Christian,WAC,2024
Air Force,MWC,2024
Akron,MAC,2024
Alabama,SEC,2024
Alabama A&M,SWAC,2024
Alabama St.,SWAC,2024
Albany,AE,2024
Alcorn St.,SWAC,2024
American,Pat,2024
Appalachian St.,SB,2024
Arizona,P12,2024
Arizona St.,P12,2024
Arkansas,SEC,2024
Arkansas Pine Bluff,SWAC,2024
Arkansas St.,SB,2024
Army,Pat,2024
Auburn,SEC,2024
Austin Peay,ASun,2024
BYU,B12,2024
Ball St.,MAC,2024
Baylor,B12,2024
Bellarmine,ASun,2024
Belmont,MVC,2024
Bethune Cookman,SWAC,2024
Binghamton,AE,2024
Boise St.,MWC,2024
Boston College,ACC,2024
Boston University,Pat,2024
Bowling Green,MAC,2024
Bradley,MVC,2024
Brown,Ivy,2024
Bryant,AE,2024
Bucknell,Pat,2024
Buffalo,MAC,2024
Butler,BE,2024
Cal Baptist,WAC,2024
Cal Poly,BW,2024
Cal St. Bakersfield,BW,2024
Cal St. Fullerton,BW,2024
Cal St. Northridge,BW,2024
California,P12,2024
Campbell,CAA,2024
Canisius,MAAC,2024
Central Arkansas,ASun,2024
Central Connecticut,NEC,2024
Central Michigan,MAC,2024
Charleston,CAA,2024
Charleston Southern,BSth,2024
Charlotte,Amer,2024
Chattanooga,SC,2024
Chicago St.,ind,2024
Cincinnati,B12,2024
Clemson,ACC,2024
Cleveland St.,Horz,2024
Coastal Carolina,SB,2024
Colgate,Pat,2024
Colorado,P12,2024
Colorado St.,MWC,2024
Columbia,Ivy,2024
Connecticut,BE,2024
Coppin St.,MEAC,2024
Cornell,Ivy,2024
Creighton,BE,2024
Dartmouth,Ivy,2024
Davidson,A10,2024
Dayton,A10,2024
DePaul,BE,2024
Delaware,CAA,2024
Delaware St.,MEAC,2024
Denver,Sum,2024
Detroit Mercy,Horz,2024
Drake,MVC,2024
Drexel,CAA,2024
Duke,ACC,2024
Duquesne,A10,2024
East Carolina,Amer,2024
East Tennessee St.,SC,2024
Eastern Illinois,OVC,2024
Eastern Kentucky,ASun,2024
Eastern Michigan,MAC,2024
Eastern Washington,BSky,2024
Elon,CAA,2024
Evansville,MVC,2024
FIU,CUSA,2024
Fairfield,MAAC,2024
Fairleigh Dickinson,NEC,2024
Florida,SEC,2024
Florida A&M,SWAC,2024
Florida Atlantic,Amer,2024
Florida Gulf Coast,ASun,2024
Florida St.,ACC,2024
Fordham,A10,2024
Fresno St.,MWC,2024
Furman,SC,2024
Gardner Webb,BSth,2024
George Mason,A10,2024
George Washington,A10,2024
Georgetown,BE,2024
Georgia,SEC,2024
Georgia Southern,SB,2024
Georgia St.,SB,2024
Georgia Tech,ACC,2024
Gonzaga,WCC,2024
Grambling St.,SWAC,2024
Grand Canyon,WAC,2024
Green Bay,Horz,2024
Hampton,CAA,2024
Harvard,Ivy,2024
Hawaii,BW,2024
High Point,BSth,2024
Hofstra,CAA,2024
Holy Cross,Pat,2024
Houston,B12,2024
Houston Christian,Slnd,2024
Howard,MEAC,2024
IUPUI,Horz,2024
Idaho,BSky,2024
Idaho St.,BSky,2024
Illinois,B10,2024
Illinois Chicago,MVC,2024
Illinois St.,MVC,2024
Incarnate Word,Slnd,2024
Indiana,B10,2024
Indiana St.,MVC,2024
Iona,MAAC,2024
Iowa,B10,2024
Iowa St.,B12,2024
Jackson St.,SWAC,2024
Jacksonville,ASun,2024
Jacksonville St.,CUSA,2024
James Madison,SB,2024
Kansas,B12,2024
Kansas St.,B12,2024
Kennesaw St.,ASun,2024
Kent St.,MAC,2024
Kentucky,SEC,2024
LIU,NEC,2024
LSU,SEC,2024
La Salle,A10,2024
Lafayette,Pat,2024
Lamar,Slnd,2024
Le Moyne,NEC,2024
Lehigh,Pat,2024
Liberty,CUSA,2024
Lindenwood,OVC,2024
Lipscomb,ASun,2024
Little Rock,OVC,2024
Long Beach St.,BW,2024
Longwood,BSth,2024
Louisiana,SB,2024
Louisiana Monroe,SB,2024
Louisiana Tech,CUSA,2024
Louisville,ACC,2024
Loyola Chicago,A10,2024
Loyola MD,Pat,2024
Loyola Marymount,WCC,2024
Maine,AE,2024
Manhattan,MAAC,2024
Marist,MAAC,2024
Marquette,BE,2024
Marshall,SB,2024
Maryland,B10,2024
Maryland Eastern Shore,MEAC,2024
Massachusetts,A10,2024
McNeese St.,Slnd,2024
Memphis,Amer,2024
Mercer,SC,2024
Merrimack,NEC,2024
Miami FL,ACC,2024
Miami OH,MAC,2024
Michigan,B10,2024
Michigan St.,B10,2024
Middle Tennessee,CUSA,2024
Milwaukee,Horz,2024
Minnesota,B10,2024
Mississippi,SEC,2024
Mississippi St.,SEC,2024
Mississippi Valley St.,SWAC,2024
Missouri,SEC,2024
Missouri St.,MVC,2024
Monmouth,CAA,2024
Montana,BSky,2024
Montana St.,BSky,2024
Morehead St.,OVC,2024
Morgan St.,MEAC,2024
Mount St. Mary's,MAAC,2024
Murray St.,MVC,2024
N.C. State,ACC,2024
NJIT,AE,2024
Navy,Pat,2024
Nebraska,B10,2024
Nebraska Omaha,Sum,2024
Nevada,MWC,2024
New Hampshire,AE,2024
New Mexico,MWC,2024
New Mexico St.,CUSA,2024
New Orleans,Slnd,2024
Niagara,MAAC,2024
Nicholls St.,Slnd,2024
Norfolk St.,MEAC,2024
North Alabama,ASun,2024
North Carolina,ACC,2024
North Carolina A&T,CAA,2024
North Carolina Central,MEAC,2024
North Dakota,Sum,2024
North Dakota St.,Sum,2024
North Florida,ASun,2024
North Texas,Amer,2024
Northeastern,CAA,2024
Northern Arizona,BSky,2024
Northern Colorado,BSky,2024
Northern Illinois,MAC,2024
Northern Iowa,MVC,2024
Northern Kentucky,Horz,2024
Northwestern,B10,2024
Northwestern St.,Slnd,2024
Notre Dame,ACC,2024
Oakland,Horz,2024
Ohio,MAC,2024
Ohio St.,B10,2024
Oklahoma,B12,2024
Oklahoma St.,B12,2024
Old Dominion,SB,2024
Oral Roberts,Sum,2024
Oregon,P12,2024
Oregon St.,P12,2024
Pacific,WCC,2024
Penn,Ivy,2024
Penn St.,B10,2024
Pepperdine,WCC,2024
Pittsburgh,ACC,2024
Portland,WCC,2024
Portland St.,BSky,2024
Prairie View A&M,SWAC,2024
Presbyterian,BSth,2024
Princeton,Ivy,2024
Providence,BE,2024
Purdue,B10,2024
Purdue Fort Wayne,Horz,2024
Queens,ASun,2024
Quinnipiac,MAAC,2024
Radford,BSth,2024
Rhode Island,A10,2024
Rice,Amer,2024
Richmond,A10,2024
Rider,MAAC,2024
Robert Morris,Horz,2024
Rutgers,B10,2024
SIU Edwardsville,OVC,2024
SMU,Amer,2024
Sacramento St.,BSky,2024
Sacred Heart,NEC,2024
Saint Francis,NEC,2024
Saint Joseph's,A10,2024
Saint Louis,A10,2024
Saint Mary's,WCC,2024
Saint Peter's,MAAC,2024
Sam Houston St.,CUSA,2024
Samford,SC,2024
San Diego,WCC,2024
San Diego St.,MWC,2024
San Francisco,WCC,2024
San Jose St.,MWC,2024
Santa Clara,WCC,2024
Seattle,WAC,2024
Seton Hall,BE,2024
Siena,MAAC,2024
South Alabama,SB,2024
South Carolina,SEC,2024
South Carolina St.,MEAC,2024
South Dakota,Sum,2024
South Dakota St.,Sum,2024
South Florida,Amer,2024
Southeast Missouri St.,OVC,2024
Southeastern Louisiana,Slnd,2024
Southern,SWAC,2024
Southern Illinois,MVC,2024
Southern Indiana,OVC,2024
Southern Miss,SB,2024
Southern Utah,WAC,2024
St. Bonaventure,A10,2024
St. John's,BE,2024
St. Thomas,Sum,2024
Stanford,P12,2024
Stephen F. Austin,WAC,2024
Stetson,ASun,2024
Stonehill,NEC,2024
Stony Brook,CAA,2024
Syracuse,ACC,2024
TCU,B12,2024
Tarleton St.,WAC,2024
Temple,Amer,2024
Tennessee,SEC,2024
Tennessee Martin,OVC,2024
Tennessee St.,OVC,2024
Tennessee Tech,OVC,2024
Texas,B12,2024
Texas A&M,SEC,2024
Texas A&M Commerce,Slnd,2024
Texas A&M Corpus Chris,Slnd,2024
Texas Southern,SWAC,2024
Texas St.,SB,2024
Texas Tech,B12,2024
The Citadel,SC,2024
Toledo,MAC,2024
Towson,CAA,2024
Troy,SB,2024
Tulane,Amer,2024
Tulsa,Amer,2024
UAB,Amer,2024
UC Davis,BW,2024
UC Irvine,BW,2024
UC Riverside,BW,2024
UC San Diego,BW,2024
UC Santa Barbara,BW,2024
UCF,B12,2024
UCLA,P12,2024
UMBC,AE,2024
UMKC,Sum,2024
UMass Lowell,AE,2024
UNC Asheville,BSth,2024
UNC Greensboro,SC,2024
UNC Wilmington,CAA,2024
UNLV,MWC,2024
USC,P12,2024
USC Upstate,BSth,2024
UT Arlington,WAC,2024
UT Rio Grande Valley,WAC,2024
UTEP,CUSA,2024
UTSA,Amer,2024
Utah,P12,2024
Utah St.,MWC,2024
Utah Tech,WAC,2024
Utah Valley,WAC,2024
VCU,A10,2024
VMI,SC,2024
Valparaiso,MVC,2024
Vanderbilt,SEC,2024
Vermont,AE,2024
Villanova,BE,2024
Virginia,ACC,2024
Virginia Tech,ACC,2024
Wagner,NEC,2024
Wake Forest,ACC,2024
Washington,P12,2024
Washington St.,P12,2024
Weber St.,BSky,2024
West Virginia,B12,2024
Western Carolina,SC,2024
Western Illinois,OVC,2024
Western Kentucky,CUSA,2024
Western Michigan,MAC,2024
Wichita St.,Amer,2024
William & Mary,CAA,2024
Winthrop,BSth,2024
Wisconsin,B10,2024
Wofford,SC,2024
Wright St.,Horz,2024
Wyoming,MWC,2024
Xavier,BE,2024
Yale,Ivy,2024
Youngstown St.,Horz,2024
Abilene Christian,WAC,2023
Air Force,MWC,2023
Akron,MAC,2023
Alabama,SEC,2023
Alabama A&M,SWAC,2023
Alabama St.,SWAC,2023
Albany,AE,2023
Alcorn St.,SWAC,2023
American,Pat,2023
Appalachian St.,SB,2023
Arizona,P12,2023
Arizona St.,P12,2023
Arkansas,SEC,2023
Arkansas Pine Bluff,SWAC,2023
Arkansas St.,SB,2023
Army,Pat,2023
Auburn,SEC,2023
Austin Peay,ASun,2023
BYU,WCC,2023
Ball St.,MAC,2023
Baylor,B12,2023
Bellarmine,ASun,2023
Belmont,MVC,2023
Bethune Cookman,SWAC,2023
Binghamton,AE,2023
Boise St.,MWC,2023
Boston College,ACC,2023
Boston University,Pat,2023
Bowling Green,MAC,2023
Bradley,MVC,2023
Brown,Ivy,2023
Bryant,AE,2023
Bucknell,Pat,2023
Buffalo,MAC,2023
Butler,BE,2023
Cal Baptist,WAC,2023
Cal Poly,BW,2023
Cal St. Bakersfield,BW,2023
Cal St. Fullerton,BW,2023
Cal St. Northridge,BW,2023
California,P12,2023
Campbell,BSth,2023
Canisius,MAAC,2023
Central Arkansas,ASun,2023
Central Connecticut,NEC,2023
Central Michigan,MAC,2023
Charleston,CAA,2023
Charleston Southern,BSth,2023
Charlotte,CUSA,2023
Chattanooga,SC,2023
Chicago St.,ind,2023
Cincinnati,Amer,2023
Clemson,ACC,2023
Cleveland St.,Horz,2023
Coastal Carolina,SB,2023
Colgate,Pat,2023
Colorado,P12,2023
Colorado St.,MWC,2023
Columbia,Ivy,2023
Connecticut,BE,2023
Coppin St.,MEAC,2023
Cornell,Ivy,2023
Creighton,BE,2023
Dartmouth,Ivy,2023
Davidson,A10,2023
Dayton,A10,2023
DePaul,BE,2023
Delaware,CAA,2023
Delaware St.,MEAC,2023
Denver,Sum,2023
Detroit Mercy,Horz,2023
Drake,MVC,2023
Drexel,CAA,2023
Duke,ACC,2023
Duquesne,A10,2023
East Carolina,Amer,2023
East Tennessee St.,SC,2023
Eastern Illinois,OVC,2023
Eastern Kentucky,ASun,2023
Eastern Michigan,MAC,2023
Eastern Washington,BSky,2023
Elon,CAA,2023
Evansville,MVC,2023
FIU,CUSA,2023
Fairfield,MAAC,2023
Fairleigh Dickinson,NEC,2023
Florida,SEC,2023
Florida A&M,SWAC,2023
Florida Atlantic,CUSA,2023
Florida Gulf Coast,ASun,2023
Florida St.,ACC,2023
Fordham,A10,2023
Fresno St.,MWC,2023
Furman,SC,2023
Gardner Webb,BSth,2023
George Mason,A10,2023
George Washington,A10,2023
Georgetown,BE,2023
Georgia,SEC,2023
Georgia Southern,SB,2023
Georgia St.,SB,2023
Georgia Tech,ACC,2023
Gonzaga,WCC,2023
Grambling St.,SWAC,2023
Grand Canyon,WAC,2023
Green Bay,Horz,2023
Hampton,CAA,2023
Hartford,ind,2023
Harvard,Ivy,2023
Hawaii,BW,2023
High Point,BSth,2023
Hofstra,CAA,2023
Holy Cross,Pat,2023
Houston,Amer,2023
Houston Christian,Slnd,2023
Howard,MEAC,2023
IUPUI,Horz,2023
Idaho,BSky,2023
Idaho St.,BSky,2023
Illinois,B10,2023
Illinois Chicago,MVC,2023
Illinois St.,MVC,2023
Incarnate Word,Slnd,2023
Indiana,B10,2023
Indiana St.,MVC,2023
Iona,MAAC,2023
Iowa,B10,2023
Iowa St.,B12,2023
Jackson St.,SWAC,2023
Jacksonville,ASun,2023
Jacksonville St.,ASun,2023
James Madison,SB,2023
Kansas,B12,2023
Kansas St.,B12,2023
Kennesaw St.,ASun,2023
Kent St.,MAC,2023
Kentucky,SEC,2023
LIU,NEC,2023
LSU,SEC,2023
La Salle,A10,2023
Lafayette,Pat,2023
Lamar,Slnd,2023
Lehigh,Pat,2023
Liberty,ASun,2023
Lindenwood,OVC,2023
Lipscomb,ASun,2023
Little Rock,OVC,2023
Long Beach St.,BW,2023
Longwood,BSth,2023
Louisiana,SB,2023
Louisiana Monroe,SB,2023
Louisiana Tech,CUSA,2023
Louisville,ACC,2023
Loyola Chicago,A10,2023
Loyola MD,Pat,2023
Loyola Marymount,WCC,2023
Maine,AE,2023
Manhattan,MAAC,2023
Marist,MAAC,2023
Marquette,BE,2023
Marshall,SB,2023
Maryland,B10,2023
Maryland Eastern Shore,MEAC,2023
Massachusetts,A10,2023
McNeese St.,Slnd,2023
Memphis,Amer,2023
Mercer,SC,2023
Merrimack,NEC,2023
Miami FL,ACC,2023
Miami OH,MAC,2023
Michigan,B10,2023
Michigan St.,B10,2023
Middle Tennessee,CUSA,2023
Milwaukee,Horz,2023
Minnesota,B10,2023
Mississippi,SEC,2023
Mississippi St.,SEC,2023
Mississippi Valley St.,SWAC,2023
Missouri,SEC,2023
Missouri St.,MVC,2023
Monmouth,CAA,2023
Montana,BSky,2023
Montana St.,BSky,2023
Morehead St.,OVC,2023
Morgan St.,MEAC,2023
Mount St. Mary's,MAAC,2023
Murray St.,MVC,2023
N.C. State,ACC,2023
NJIT,AE,2023
Navy,Pat,2023
Nebraska,B10,2023
Nebraska Omaha,Sum,2023
Nevada,MWC,2023
New Hampshire,AE,2023
New Mexico,MWC,2023
New Mexico St.,WAC,2023
New Orleans,Slnd,2023
Niagara,MAAC,2023
Nicholls St.,Slnd,2023
Norfolk St.,MEAC,2023
North Alabama,ASun,2023
North Carolina,ACC,2023
North Carolina A&T,CAA,2023
North Carolina Central,MEAC,2023
North Dakota,Sum,2023
North Dakota St.,Sum,2023
North Florida,ASun,2023
North Texas,CUSA,2023
Northeastern,CAA,2023
Northern Arizona,BSky,2023
Northern Colorado,BSky,2023
Northern Illinois,MAC,2023
Northern Iowa,MVC,2023
Northern Kentucky,Horz,2023
Northwestern,B10,2023
Northwestern St.,Slnd,2023
Notre Dame,ACC,2023
Oakland,Horz,2023
Ohio,MAC,2023
Ohio St.,B10,2023
Oklahoma,B12,2023
Oklahoma St.,B12,2023
Old Dominion,SB,2023
Oral Roberts,Sum,2023
Oregon,P12,2023
Oregon St.,P12,2023
Pacific,WCC,2023
Penn,Ivy,2023
Penn St.,B10,2023
Pepperdine,WCC,2023
Pittsburgh,ACC,2023
Portland,WCC,2023
Portland St.,BSky,2023
Prairie View A&M,SWAC,2023
Presbyterian,BSth,2023
Princeton,Ivy,2023
Providence,BE,2023
Purdue,B10,2023
Purdue Fort Wayne,Horz,2023
Queens,ASun,2023
Quinnipiac,MAAC,2023
Radford,BSth,2023
Rhode Island,A10,2023
Rice,CUSA,2023
Richmond,A10,2023
Rider,MAAC,2023
Robert Morris,Horz,2023
Rutgers,B10,2023
SIU Edwardsville,OVC,2023
SMU,Amer,2023
Sacramento St.,BSky,2023
Sacred Heart,NEC,2023
Saint Joseph's,A10,2023
Saint Louis,A10,2023
Saint Mary's,WCC,2023
Saint Peter's,MAAC,2023
Sam Houston St.,WAC,2023
Samford,SC,2023
San Diego,WCC,2023
San Diego St.,MWC,2023
San Francisco,WCC,2023
San Jose St.,MWC,2023
Santa Clara,WCC,2023
Seattle,WAC,2023
Seton Hall,BE,2023
Siena,MAAC,2023
South Alabama,SB,2023
South Carolina,SEC,2023
South Carolina St.,MEAC,2023
South Dakota,Sum,2023
South Dakota St.,Sum,2023
South Florida,Amer,2023
Southeast Missouri St.,OVC,2023
Southeastern Louisiana,Slnd,2023
Southern,SWAC,2023
Southern Illinois,MVC,2023
Southern Indiana,OVC,2023
Southern Miss,SB,2023
Southern Utah,WAC,2023
St. Bonaventure,A10,2023
St. Francis NY,NEC,2023
St. Francis PA,NEC,2023
St. John's,BE,2023
St. Thomas,Sum,2023
Stanford,P12,2023
Stephen F. Austin,WAC,2023
Stetson,ASun,2023
Stonehill,NEC,2023
Stony Brook,CAA,2023
Syracuse,ACC,2023
TCU,B12,2023
Tarleton St.,WAC,2023
Temple,Amer,2023
Tennessee,SEC,2023
Tennessee Martin,OVC,2023
Tennessee St.,OVC,2023
Tennessee Tech,OVC,2023
Texas,B12,2023
Texas A&M,SEC,2023
Texas A&M Commerce,Slnd,2023
Texas A&M Corpus Chris,Slnd,2023
Texas Southern,SWAC,2023
Texas St.,SB,2023
Texas Tech,B12,2023
The Citadel,SC,2023
Toledo,MAC,2023
Towson,CAA,2023
Troy,SB,2023
Tulane,Amer,2023
Tulsa,Amer,2023
UAB,CUSA,2023
UC Davis,BW,2023
UC Irvine,BW,2023
UC Riverside,BW,2023
UC San Diego,BW,2023
UC Santa Barbara,BW,2023
UCF,Amer,2023
UCLA,P12,2023
UMBC,AE,2023
UMKC,Sum,2023
UMass Lowell,AE,2023
UNC Asheville,BSth,2023
UNC Greensboro,SC,2023
UNC Wilmington,CAA,2023
UNLV,MWC,2023
USC,P12,2023
USC Upstate,BSth,2023
UT Arlington,WAC,2023
UT Rio Grande Valley,WAC,2023
UTEP,CUSA,2023
UTSA,CUSA,2023
Utah,P12,2023
Utah St.,MWC,2023
Utah Tech,WAC,2023
Utah Valley,WAC,2023
VCU,A10,2023
VMI,SC,2023
Valparaiso,MVC,2023
Vanderbilt,SEC,2023
Vermont,AE,2023
Villanova,BE,2023
Virginia,ACC,2023
Virginia Tech,ACC,2023
Wagner,NEC,2023
Wake Forest,ACC,2023
Washington,P12,2023
Washington St.,P12,2023
Weber St.,BSky,2023
West Virginia,B12,2023
Western Carolina,SC,2023
Western Illinois,Sum,2023
Western Kentucky,CUSA,2023
Western Michigan,MAC,2023
Wichita St.,Amer,2023
William & Mary,CAA,2023
Winthrop,BSth,2023
Wisconsin,B10,2023
Wofford,SC,2023
Wright St.,Horz,2023
Wyoming,MWC,2023
Xavier,BE,2023
Yale,Ivy,2023
Youngstown St.,Horz,2023
Abilene Christian,WAC,2022
Air Force,MWC,2022
Akron,MAC,2022
Alabama,SEC,2022
Alabama A&M,SWAC,2022
Alabama St.,SWAC,2022
Albany,AE,2022
Alcorn St.,SWAC,2022
American,Pat,2022
Appalachian St.,SB,2022
Arizona,P12,2022
Arizona St.,P12,2022
Arkansas,SEC,2022
Arkansas Pine Bluff,SWAC,2022
Arkansas St.,SB,2022
Army,Pat,2022
Auburn,SEC,2022
Austin Peay,OVC,2022
BYU,WCC,2022
Ball St.,MAC,2022
Baylor,B12,2022
Bellarmine,ASun,2022
Belmont,OVC,2022
Bethune Cookman,SWAC,2022
Binghamton,AE,2022
Boise St.,MWC,2022
Boston College,ACC,2022
Boston University,Pat,2022
Bowling Green,MAC,2022
Bradley,MVC,2022
Brown,Ivy,2022
Bryant,NEC,2022
Bucknell,Pat,2022
Buffalo,MAC,2022
Butler,BE,2022
Cal Baptist,WAC,2022
Cal Poly,BW,2022
Cal St. Bakersfield,BW,2022
Cal St. Fullerton,BW,2022
Cal St. Northridge,BW,2022
California,P12,2022
Campbell,BSth,2022
Canisius,MAAC,2022
Central Arkansas,ASun,2022
Central Connecticut,NEC,2022
Central Michigan,MAC,2022
Charleston,CAA,2022
Charleston Southern,BSth,2022
Charlotte,CUSA,2022
Chattanooga,SC,2022
Chicago St.,WAC,2022
Cincinnati,Amer,2022
Clemson,ACC,2022
Cleveland St.,Horz,2022
Coastal Carolina,SB,2022
Colgate,Pat,2022
Colorado,P12,2022
Colorado St.,MWC,2022
Columbia,Ivy,2022
Connecticut,BE,2022
Coppin St.,MEAC,2022
Cornell,Ivy,2022
Creighton,BE,2022
Dartmouth,Ivy,2022
Davidson,A10,2022
Dayton,A10,2022
DePaul,BE,2022
Delaware,CAA,2022
Delaware St.,MEAC,2022
Denver,Sum,2022
Detroit Mercy,Horz,2022
Dixie St.,WAC,2022
Drake,MVC,2022
Drexel,CAA,2022
Duke,ACC,2022
Duquesne,A10,2022
East Carolina,Amer,2022
East Tennessee St.,SC,2022
Eastern Illinois,OVC,2022
Eastern Kentucky,ASun,2022
Eastern Michigan,MAC,2022
Eastern Washington,BSky,2022
Elon,CAA,2022
Evansville,MVC,2022
FIU,CUSA,2022
Fairfield,MAAC,2022
Fairleigh Dickinson,NEC,2022
Florida,SEC,2022
Florida A&M,SWAC,2022
Florida Atlantic,CUSA,2022
Florida Gulf Coast,ASun,2022
Florida St.,ACC,2022
Fordham,A10,2022
Fresno St.,MWC,2022
Furman,SC,2022
Gardner Webb,BSth,2022
George Mason,A10,2022
George Washington,A10,2022
Georgetown,BE,2022
Georgia,SEC,2022
Georgia Southern,SB,2022
Georgia St.,SB,2022
Georgia Tech,ACC,2022
Gonzaga,WCC,2022
Grambling St.,SWAC,2022
Grand Canyon,WAC,2022
Green Bay,Horz,2022
Hampton,BSth,2022
Hartford,AE,2022
Harvard,Ivy,2022
Hawaii,BW,2022
High Point,BSth,2022
Hofstra,CAA,2022
Holy Cross,Pat,2022
Houston,Amer,2022
Houston Baptist,Slnd,2022
Howard,MEAC,2022
IUPUI,Horz,2022
Idaho,BSky,2022
Idaho St.,BSky,2022
Illinois,B10,2022
Illinois Chicago,Horz,2022
Illinois St.,MVC,2022
Incarnate Word,Slnd,2022
Indiana,B10,2022
Indiana St.,MVC,2022
Iona,MAAC,2022
Iowa,B10,2022
Iowa St.,B12,2022
Jackson St.,SWAC,2022
Jacksonville,ASun,2022
Jacksonville St.,ASun,2022
James Madison,CAA,2022
Kansas,B12,2022
Kansas St.,B12,2022
Kennesaw St.,ASun,2022
Kent St.,MAC,2022
Kentucky,SEC,2022
LIU,NEC,2022
LSU,SEC,2022
La Salle,A10,2022
Lafayette,Pat,2022
Lamar,WAC,2022
Lehigh,Pat,2022
Liberty,ASun,2022
Lipscomb,ASun,2022
Little Rock,SB,2022
Long Beach St.,BW,2022
Longwood,BSth,2022
Louisiana,SB,2022
Louisiana Monroe,SB,2022
Louisiana Tech,CUSA,2022
Louisville,ACC,2022
Loyola Chicago,MVC,2022
Loyola MD,Pat,2022
Loyola Marymount,WCC,2022
Maine,AE,2022
Manhattan,MAAC,2022
Marist,MAAC,2022
Marquette,BE,2022
Marshall,CUSA,2022
Maryland,B10,2022
Maryland Eastern Shore,MEAC,2022
Massachusetts,A10,2022
McNeese St.,Slnd,2022
Memphis,Amer,2022
Mercer,SC,2022
Merrimack,NEC,2022
Miami FL,ACC,2022
Miami OH,MAC,2022
Michigan,B10,2022
Michigan St.,B10,2022
Middle Tennessee,CUSA,2022
Milwaukee,Horz,2022
Minnesota,B10,2022
Mississippi,SEC,2022
Mississippi St.,SEC,2022
Mississippi Valley St.,SWAC,2022
Missouri,SEC,2022
Missouri St.,MVC,2022
Monmouth,MAAC,2022
Montana,BSky,2022
Montana St.,BSky,2022
Morehead St.,OVC,2022
Morgan St.,MEAC,2022
Mount St. Mary's,NEC,2022
Murray St.,OVC,2022
N.C. State,ACC,2022
NJIT,AE,2022
Navy,Pat,2022
Nebraska,B10,2022
Nebraska Omaha,Sum,2022
Nevada,MWC,2022
New Hampshire,AE,2022
New Mexico,MWC,2022
New Mexico St.,WAC,2022
New Orleans,Slnd,2022
Niagara,MAAC,2022
Nicholls St.,Slnd,2022
Norfolk St.,MEAC,2022
North Alabama,ASun,2022
North Carolina,ACC,2022
North Carolina A&T,BSth,2022
North Carolina Central,MEAC,2022
North Dakota,Sum,2022
North Dakota St.,Sum,2022
North Florida,ASun,2022
North Texas,CUSA,2022
Northeastern,CAA,2022
Northern Arizona,BSky,2022
Northern Colorado,BSky,2022
Northern Illinois,MAC,2022
Northern Iowa,MVC,2022
Northern Kentucky,Horz,2022
Northwestern,B10,2022
Northwestern St.,Slnd,2022
Notre Dame,ACC,2022
Oakland,Horz,2022
Ohio,MAC,2022
Ohio St.,B10,2022
Oklahoma,B12,2022
Oklahoma St.,B12,2022
Old Dominion,CUSA,2022
Oral Roberts,Sum,2022
Oregon,P12,2022
Oregon St.,P12,2022
Pacific,WCC,2022
Penn,Ivy,2022
Penn St.,B10,2022
Pepperdine,WCC,2022
Pittsburgh,ACC,2022
Portland,WCC,2022
Portland St.,BSky,2022
Prairie View A&M,SWAC,2022
Presbyterian,BSth,2022
Princeton,Ivy,2022
Providence,BE,2022
Purdue,B10,2022
Purdue Fort Wayne,Horz,2022
Quinnipiac,MAAC,2022
Radford,BSth,2022
Rhode Island,A10,2022
Rice,CUSA,2022
Richmond,A10,2022
Rider,MAAC,2022
Robert Morris,Horz,2022
Rutgers,B10,2022
SIU Edwardsville,OVC,2022
SMU,Amer,2022
Sacramento St.,BSky,2022
Sacred Heart,NEC,2022
Saint Joseph's,A10,2022
Saint Louis,A10,2022
Saint Mary's,WCC,2022
Saint Peter's,MAAC,2022
Sam Houston St.,WAC,2022
Samford,SC,2022
San Diego,WCC,2022
San Diego St.,MWC,2022
San Francisco,WCC,2022
San Jose St.,MWC,2022
Santa Clara,WCC,2022
Seattle,WAC,2022
Seton Hall,BE,2022
Siena,MAAC,2022
South Alabama,SB,2022
South Carolina,SEC,2022
South Carolina St.,MEAC,2022
South Dakota,Sum,2022
South Dakota St.,Sum,2022
South Florida,Amer,2022
Southeast Missouri St.,OVC,2022
Southeastern Louisiana,Slnd,2022
Southern,SWAC,2022
Southern Illinois,MVC,2022
Southern Miss,CUSA,2022
Southern Utah,BSky,2022
St. Bonaventure,A10,2022
St. Francis NY,NEC,2022
St. Francis PA,NEC,2022
St. John's,BE,2022
St. Thomas,Sum,2022
Stanford,P12,2022
Stephen F. Austin,WAC,2022
Stetson,ASun,2022
Stony Brook,AE,2022
Syracuse,ACC,2022
TCU,B12,2022
Tarleton St.,WAC,2022
Temple,Amer,2022
Tennessee,SEC,2022
Tennessee Martin,OVC,2022
Tennessee St.,OVC,2022
Tennessee Tech,OVC,2022
Texas,B12,2022
Texas A&M,SEC,2022
Texas A&M Corpus Chris,Slnd,2022
Texas Southern,SWAC,2022
Texas St.,SB,2022
Texas Tech,B12,2022
The Citadel,SC,2022
Toledo,MAC,2022
Towson,CAA,2022
Troy,SB,2022
Tulane,Amer,2022
Tulsa,Amer,2022
UAB,CUSA,2022
UC Davis,BW,2022
UC Irvine,BW,2022
UC Riverside,BW,2022
UC San Diego,BW,2022
UC Santa Barbara,BW,2022
UCF,Amer,2022
UCLA,P12,2022
UMBC,AE,2022
UMKC,Sum,2022
UMass Lowell,AE,2022
UNC Asheville,BSth,2022
UNC Greensboro,SC,2022
UNC Wilmington,CAA,2022
UNLV,MWC,2022
USC,P12,2022
USC Upstate,BSth,2022
UT Arlington,SB,2022
UT Rio Grande Valley,WAC,2022
UTEP,CUSA,2022
UTSA,CUSA,2022
Utah,P12,2022
Utah St.,MWC,2022
Utah Valley,WAC,2022
VCU,A10,2022
VMI,SC,2022
Valparaiso,MVC,2022
Vanderbilt,SEC,2022
Vermont,AE,2022
Villanova,BE,2022
Virginia,ACC,2022
Virginia Tech,ACC,2022
Wagner,NEC,2022
Wake Forest,ACC,2022
Washington,P12,2022
Washington St.,P12,2022
Weber St.,BSky,2022
West Virginia,B12,2022
Western Carolina,SC,2022
Western Illinois,Sum,2022
Western Kentucky,CUSA,2022
Western Michigan,MAC,2022
Wichita St.,Amer,2022
William & Mary,CAA,2022
Winthrop,BSth,2022
Wisconsin,B10,2022
Wofford,SC,2022
Wright St.,Horz,2022
Wyoming,MWC,2022
Xavier,BE,2022
Yale,Ivy,2022
Youngstown St.,Horz,2022
Abilene Christian,Slnd,2021
Air Force,MWC,2021
Akron,MAC,2021
Alabama,SEC,2021
Alabama A&M,SWAC,2021
Alabama St.,SWAC,2021
Albany,AE,2021
Alcorn St.,SWAC,2021
American,Pat,2021
Appalachian St.,SB,2021
Arizona,P12,2021
Arizona St.,P12,2021
Arkansas,SEC,2021
Arkansas Pine Bluff,SWAC,2021
Arkansas St.,SB,2021
Army,Pat,2021
Auburn,SEC,2021
Austin Peay,OVC,2021
BYU,WCC,2021
Ball St.,MAC,2021
Baylor,B12,2021
Bellarmine,ASun,2021
Belmont,OVC,2021
Bethune Cookman,MEAC,2021
Binghamton,AE,2021
Boise St.,MWC,2021
Boston College,ACC,2021
Boston University,Pat,2021
Bowling Green,MAC,2021
Bradley,MVC,2021
Brown,Ivy,2021
Bryant,NEC,2021
Bucknell,Pat,2021
Buffalo,MAC,2021
Butler,BE,2021
Cal Baptist,WAC,2021
Cal Poly,BW,2021
Cal St. Bakersfield,BW,2021
Cal St. Fullerton,BW,2021
Cal St. Northridge,BW,2021
California,P12,2021
Campbell,BSth,2021
Canisius,MAAC,2021
Central Arkansas,Slnd,2021
Central Connecticut,NEC,2021
Central Michigan,MAC,2021
Charleston,CAA,2021
Charleston Southern,BSth,2021
Charlotte,CUSA,2021
Chattanooga,SC,2021
Chicago St.,WAC,2021
Cincinnati,Amer,2021
Clemson,ACC,2021
Cleveland St.,Horz,2021
Coastal Carolina,SB,2021
Colgate,Pat,2021
Colorado,P12,2021
Colorado St.,MWC,2021
Columbia,Ivy,2021
Connecticut,BE,2021
Coppin St.,MEAC,2021
Cornell,Ivy,2021
Creighton,BE,2021
Dartmouth,Ivy,2021
Davidson,A10,2021
Dayton,A10,2021
DePaul,BE,2021
Delaware,CAA,2021
Delaware St.,MEAC,2021
Denver,Sum,2021
Detroit,Horz,2021
Dixie St.,WAC,2021
Drake,MVC,2021
Drexel,CAA,2021
Duke,ACC,2021
Duquesne,A10,2021
East Carolina,Amer,2021
East Tennessee St.,SC,2021
Eastern Illinois,OVC,2021
Eastern Kentucky,OVC,2021
Eastern Michigan,MAC,2021
Eastern Washington,BSky,2021
Elon,CAA,2021
Evansville,MVC,2021
FIU,CUSA,2021
Fairfield,MAAC,2021
Fairleigh Dickinson,NEC,2021
Florida,SEC,2021
Florida A&M,MEAC,2021
Florida Atlantic,CUSA,2021
Florida Gulf Coast,ASun,2021
Florida St.,ACC,2021
Fordham,A10,2021
Fresno St.,MWC,2021
Furman,SC,2021
Gardner Webb,BSth,2021
George Mason,A10,2021
George Washington,A10,2021
Georgetown,BE,2021
Georgia,SEC,2021
Georgia Southern,SB,2021
Georgia St.,SB,2021
Georgia Tech,ACC,2021
Gonzaga,WCC,2021
Grambling St.,SWAC,2021
Grand Canyon,WAC,2021
Green Bay,Horz,2021
Hampton,BSth,2021
Hartford,AE,2021
Harvard,Ivy,2021
Hawaii,BW,2021
High Point,BSth,2021
Hofstra,CAA,2021
Holy Cross,Pat,2021
Houston,Amer,2021
Houston Baptist,Slnd,2021
Howard,MEAC,2021
IUPUI,Horz,2021
Idaho,BSky,2021
Idaho St.,BSky,2021
Illinois,B10,2021
Illinois Chicago,Horz,2021
Illinois St.,MVC,2021
Incarnate Word,Slnd,2021
Indiana,B10,2021
Indiana St.,MVC,2021
Iona,MAAC,2021
Iowa,B10,2021
Iowa St.,B12,2021
Jackson St.,SWAC,2021
Jacksonville,ASun,2021
Jacksonville St.,OVC,2021
James Madison,CAA,2021
Kansas,B12,2021
Kansas St.,B12,2021
Kennesaw St.,ASun,2021
Kent St.,MAC,2021
Kentucky,SEC,2021
LIU,NEC,2021
LSU,SEC,2021
La Salle,A10,2021
Lafayette,Pat,2021
Lamar,Slnd,2021
Lehigh,Pat,2021
Liberty,ASun,2021
Lipscomb,ASun,2021
Little Rock,SB,2021
Long Beach St.,BW,2021
Longwood,BSth,2021
Louisiana,SB,2021
Louisiana Monroe,SB,2021
Louisiana Tech,CUSA,2021
Louisville,ACC,2021
Loyola Chicago,MVC,2021
Loyola MD,Pat,2021
Loyola Marymount,WCC,2021
Maine,AE,2021
Manhattan,MAAC,2021
Marist,MAAC,2021
Marquette,BE,2021
Marshall,CUSA,2021
Maryland,B10,2021
Maryland Eastern Shore,MEAC,2021
Massachusetts,A10,2021
McNeese St.,Slnd,2021
Memphis,Amer,2021
Mercer,SC,2021
Merrimack,NEC,2021
Miami FL,ACC,2021
Miami OH,MAC,2021
Michigan,B10,2021
Michigan St.,B10,2021
Middle Tennessee,CUSA,2021
Milwaukee,Horz,2021
Minnesota,B10,2021
Mississippi,SEC,2021
Mississippi St.,SEC,2021
Mississippi Valley St.,SWAC,2021
Missouri,SEC,2021
Missouri St.,MVC,2021
Monmouth,MAAC,2021
Montana,BSky,2021
Montana St.,BSky,2021
Morehead St.,OVC,2021
Morgan St.,MEAC,2021
Mount St. Mary's,NEC,2021
Murray St.,OVC,2021
N.C. State,ACC,2021
NJIT,AE,2021
Navy,Pat,2021
Nebraska,B10,2021
Nebraska Omaha,Sum,2021
Nevada,MWC,2021
New Hampshire,AE,2021
New Mexico,MWC,2021
New Mexico St.,WAC,2021
New Orleans,Slnd,2021
Niagara,MAAC,2021
Nicholls St.,Slnd,2021
Norfolk St.,MEAC,2021
North Alabama,ASun,2021
North Carolina,ACC,2021
North Carolina A&T,MEAC,2021
North Carolina Central,MEAC,2021
North Dakota,Sum,2021
North Dakota St.,Sum,2021
North Florida,ASun,2021
North Texas,CUSA,2021
Northeastern,CAA,2021
Northern Arizona,BSky,2021
Northern Colorado,BSky,2021
Northern Illinois,MAC,2021
Northern Iowa,MVC,2021
Northern Kentucky,Horz,2021
Northwestern,B10,2021
Northwestern St.,Slnd,2021
Notre Dame,ACC,2021
Oakland,Horz,2021
Ohio,MAC,2021
Ohio St.,B10,2021
Oklahoma,B12,2021
Oklahoma St.,B12,2021
Old Dominion,CUSA,2021
Oral Roberts,Sum,2021
Oregon,P12,2021
Oregon St.,P12,2021
Pacific,WCC,2021
Penn,Ivy,2021
Penn St.,B10,2021
Pepperdine,WCC,2021
Pittsburgh,ACC,2021
Portland,WCC,2021
Portland St.,BSky,2021
Prairie View A&M,SWAC,2021
Presbyterian,BSth,2021
Princeton,Ivy,2021
Providence,BE,2021
Purdue,B10,2021
Purdue Fort Wayne,Horz,2021
Quinnipiac,MAAC,2021
Radford,BSth,2021
Rhode Island,A10,2021
Rice,CUSA,2021
Richmond,A10,2021
Rider,MAAC,2021
Robert Morris,Horz,2021
Rutgers,B10,2021
SIU Edwardsville,OVC,2021
SMU,Amer,2021
Sacramento St.,BSky,2021
Sacred Heart,NEC,2021
Saint Joseph's,A10,2021
Saint Louis,A10,2021
Saint Mary's,WCC,2021
Saint Peter's,MAAC,2021
Sam Houston St.,Slnd,2021
Samford,SC,2021
San Diego,WCC,2021
San Diego St.,MWC,2021
San Francisco,WCC,2021
San Jose St.,MWC,2021
Santa Clara,WCC,2021
Seattle,WAC,2021
Seton Hall,BE,2021
Siena,MAAC,2021
South Alabama,SB,2021
South Carolina,SEC,2021
South Carolina St.,MEAC,2021
South Dakota,Sum,2021
South Dakota St.,Sum,2021
South Florida,Amer,2021
Southeast Missouri St.,OVC,2021
Southeastern Louisiana,Slnd,2021
Southern,SWAC,2021
Southern Illinois,MVC,2021
Southern Miss,CUSA,2021
Southern Utah,BSky,2021
St. Bonaventure,A10,2021
St. Francis NY,NEC,2021
St. Francis PA,NEC,2021
St. John's,BE,2021
Stanford,P12,2021
Stephen F. Austin,Slnd,2021
Stetson,ASun,2021
Stony Brook,AE,2021
Syracuse,ACC,2021
TCU,B12,2021
Tarleton St.,WAC,2021
Temple,Amer,2021
Tennessee,SEC,2021
Tennessee Martin,OVC,2021
Tennessee St.,OVC,2021
Tennessee Tech,OVC,2021
Texas,B12,2021
Texas A&M,SEC,2021
Texas A&M Corpus Chris,Slnd,2021
Texas Southern,SWAC,2021
Texas St.,SB,2021
Texas Tech,B12,2021
The Citadel,SC,2021
Toledo,MAC,2021
Towson,CAA,2021
Troy,SB,2021
Tulane,Amer,2021
Tulsa,Amer,2021
UAB,CUSA,2021
UC Davis,BW,2021
UC Irvine,BW,2021
UC Riverside,BW,2021
UC San Diego,BW,2021
UC Santa Barbara,BW,2021
UCF,Amer,2021
UCLA,P12,2021
UMBC,AE,2021
UMKC,Sum,2021
UMass Lowell,AE,2021
UNC Asheville,BSth,2021
UNC Greensboro,SC,2021
UNC Wilmington,CAA,2021
UNLV,MWC,2021
USC,P12,2021
USC Upstate,BSth,2021
UT Arlington,SB,2021
UT Rio Grande Valley,WAC,2021
UTEP,CUSA,2021
UTSA,CUSA,2021
Utah,P12,2021
Utah St.,MWC,2021
Utah Valley,WAC,2021
VCU,A10,2021
VMI,SC,2021
Valparaiso,MVC,2021
Vanderbilt,SEC,2021
Vermont,AE,2021
Villanova,BE,2021
Virginia,ACC,2021
Virginia Tech,ACC,2021
Wagner,NEC,2021
Wake Forest,ACC,2021
Washington,P12,2021
Washington St.,P12,2021
Weber St.,BSky,2021
West Virginia,B12,2021
Western Carolina,SC,2021
Western Illinois,Sum,2021
Western Kentucky,CUSA,2021
Western Michigan,MAC,2021
Wichita St.,Amer,2021
William & Mary,CAA,2021
Winthrop,BSth,2021
Wisconsin,B10,2021
Wofford,SC,2021
Wright St.,Horz,2021
Wyoming,MWC,2021
Xavier,BE,2021
Yale,Ivy,2021
Youngstown St.,Horz,2021
Abilene Christian,Slnd,2020
Air Force,MWC,2020
Akron,MAC,2020
Alabama,SEC,2020
Alabama A&M,SWAC,2020
Alabama St.,SWAC,2020
Albany,AE,2020
Alcorn St.,SWAC,2020
American,Pat,2020
Appalachian St.,SB,2020
Arizona,P12,2020
Arizona St.,P12,2020
Arkansas,SEC,2020
Arkansas Pine Bluff,SWAC,2020
Arkansas St.,SB,2020
Army,Pat,2020
Auburn,SEC,2020
Austin Peay,OVC,2020
BYU,WCC,2020
Ball St.,MAC,2020
Baylor,B12,2020
Belmont,OVC,2020
Bethune Cookman,MEAC,2020
Binghamton,AE,2020
Boise St.,MWC,2020
Boston College,ACC,2020
Boston University,Pat,2020
Bowling Green,MAC,2020
Bradley,MVC,2020
Brown,Ivy,2020
Bryant,NEC,2020
Bucknell,Pat,2020
Buffalo,MAC,2020
Butler,BE,2020
Cal Baptist,WAC,2020
Cal Poly,BW,2020
Cal St. Bakersfield,WAC,2020
Cal St. Fullerton,BW,2020
Cal St. Northridge,BW,2020
California,P12,2020
Campbell,BSth,2020
Canisius,MAAC,2020
Central Arkansas,Slnd,2020
Central Connecticut,NEC,2020
Central Michigan,MAC,2020
Charleston,CAA,2020
Charleston Southern,BSth,2020
Charlotte,CUSA,2020
Chattanooga,SC,2020
Chicago St.,WAC,2020
Cincinnati,Amer,2020
Clemson,ACC,2020
Cleveland St.,Horz,2020
Coastal Carolina,SB,2020
Colgate,Pat,2020
Colorado,P12,2020
Colorado St.,MWC,2020
Columbia,Ivy,2020
Connecticut,Amer,2020
Coppin St.,MEAC,2020
Cornell,Ivy,2020
Creighton,BE,2020
Dartmouth,Ivy,2020
Davidson,A10,2020
Dayton,A10,2020
DePaul,BE,2020
Delaware,CAA,2020
Delaware St.,MEAC,2020
Denver,Sum,2020
Detroit,Horz,2020
Drake,MVC,2020
Drexel,CAA,2020
Duke,ACC,2020
Duquesne,A10,2020
East Carolina,Amer,2020
East Tennessee St.,SC,2020
Eastern Illinois,OVC,2020
Eastern Kentucky,OVC,2020
Eastern Michigan,MAC,2020
Eastern Washington,BSky,2020
Elon,CAA,2020
Evansville,MVC,2020
FIU,CUSA,2020
Fairfield,MAAC,2020
Fairleigh Dickinson,NEC,2020
Florida,SEC,2020
Florida A&M,MEAC,2020
Florida Atlantic,CUSA,2020
Florida Gulf Coast,ASun,2020
Florida St.,ACC,2020
Fordham,A10,2020
Fresno St.,MWC,2020
Furman,SC,2020
Gardner Webb,BSth,2020
George Mason,A10,2020
George Washington,A10,2020
Georgetown,BE,2020
Georgia,SEC,2020
Georgia Southern,SB,2020
Georgia St.,SB,2020
Georgia Tech,ACC,2020
Gonzaga,WCC,2020
Grambling St.,SWAC,2020
Grand Canyon,WAC,2020
Green Bay,Horz,2020
Hampton,BSth,2020
Hartford,AE,2020
Harvard,Ivy,2020
Hawaii,BW,2020
High Point,BSth,2020
Hofstra,CAA,2020
Holy Cross,Pat,2020
Houston,Amer,2020
Houston Baptist,Slnd,2020
Howard,MEAC,2020
IUPUI,Horz,2020
Idaho,BSky,2020
Idaho St.,BSky,2020
Illinois,B10,2020
Illinois Chicago,Horz,2020
Illinois St.,MVC,2020
Incarnate Word,Slnd,2020
Indiana,B10,2020
Indiana St.,MVC,2020
Iona,MAAC,2020
Iowa,B10,2020
Iowa St.,B12,2020
Jackson St.,SWAC,2020
Jacksonville,ASun,2020
Jacksonville St.,OVC,2020
James Madison,CAA,2020
Kansas,B12,2020
Kansas St.,B12,2020
Kennesaw St.,ASun,2020
Kent St.,MAC,2020
Kentucky,SEC,2020
LIU,NEC,2020
LSU,SEC,2020
La Salle,A10,2020
Lafayette,Pat,2020
Lamar,Slnd,2020
Lehigh,Pat,2020
Liberty,ASun,2020
Lipscomb,ASun,2020
Little Rock,SB,2020
Long Beach St.,BW,2020
Longwood,BSth,2020
Louisiana,SB,2020
Louisiana Monroe,SB,2020
Louisiana Tech,CUSA,2020
Louisville,ACC,2020
Loyola Chicago,MVC,2020
Loyola MD,Pat,2020
Loyola Marymount,WCC,2020
Maine,AE,2020
Manhattan,MAAC,2020
Marist,MAAC,2020
Marquette,BE,2020
Marshall,CUSA,2020
Maryland,B10,2020
Maryland Eastern Shore,MEAC,2020
Massachusetts,A10,2020
McNeese St.,Slnd,2020
Memphis,Amer,2020
Mercer,SC,2020
Merrimack,NEC,2020
Miami FL,ACC,2020
Miami OH,MAC,2020
Michigan,B10,2020
Michigan St.,B10,2020
Middle Tennessee,CUSA,2020
Milwaukee,Horz,2020
Minnesota,B10,2020
Mississippi,SEC,2020
Mississippi St.,SEC,2020
Mississippi Valley St.,SWAC,2020
Missouri,SEC,2020
Missouri St.,MVC,2020
Monmouth,MAAC,2020
Montana,BSky,2020
Montana St.,BSky,2020
Morehead St.,OVC,2020
Morgan St.,MEAC,2020
Mount St. Mary's,NEC,2020
Murray St.,OVC,2020
N.C. State,ACC,2020
NJIT,ASun,2020
Navy,Pat,2020
Nebraska,B10,2020
Nebraska Omaha,Sum,2020
Nevada,MWC,2020
New Hampshire,AE,2020
New Mexico,MWC,2020
New Mexico St.,WAC,2020
New Orleans,Slnd,2020
Niagara,MAAC,2020
Nicholls St.,Slnd,2020
Norfolk St.,MEAC,2020
North Alabama,ASun,2020
North Carolina,ACC,2020
North Carolina A&T,MEAC,2020
North Carolina Central,MEAC,2020
North Dakota,Sum,2020
North Dakota St.,Sum,2020
North Florida,ASun,2020
North Texas,CUSA,2020
Northeastern,CAA,2020
Northern Arizona,BSky,2020
Northern Colorado,BSky,2020
Northern Illinois,MAC,2020
Northern Iowa,MVC,2020
Northern Kentucky,Horz,2020
Northwestern,B10,2020
Northwestern St.,Slnd,2020
Notre Dame,ACC,2020
Oakland,Horz,2020
Ohio,MAC,2020
Ohio St.,B10,2020
Oklahoma,B12,2020
Oklahoma St.,B12,2020
Old Dominion,CUSA,2020
Oral Roberts,Sum,2020
Oregon,P12,2020
Oregon St.,P12,2020
Pacific,WCC,2020
Penn,Ivy,2020
Penn St.,B10,2020
Pepperdine,WCC,2020
Pittsburgh,ACC,2020
Portland,WCC,2020
Portland St.,BSky,2020
Prairie View A&M,SWAC,2020
Presbyterian,BSth,2020
Princeton,Ivy,2020
Providence,BE,2020
Purdue,B10,2020
Purdue Fort Wayne,Sum,2020
Quinnipiac,MAAC,2020
Radford,BSth,2020
Rhode Island,A10,2020
Rice,CUSA,2020
Richmond,A10,2020
Rider,MAAC,2020
Robert Morris,NEC,2020
Rutgers,B10,2020
SIU Edwardsville,OVC,2020
SMU,Amer,2020
Sacramento St.,BSky,2020
Sacred Heart,NEC,2020
Saint Joseph's,A10,2020
Saint Louis,A10,2020
Saint Mary's,WCC,2020
Saint Peter's,MAAC,2020
Sam Houston St.,Slnd,2020
Samford,SC,2020
San Diego,WCC,2020
San Diego St.,MWC,2020
San Francisco,WCC,2020
San Jose St.,MWC,2020
Santa Clara,WCC,2020
Seattle,WAC,2020
Seton Hall,BE,2020
Siena,MAAC,2020
South Alabama,SB,2020
South Carolina,SEC,2020
South Carolina St.,MEAC,2020
South Dakota,Sum,2020
South Dakota St.,Sum,2020
South Florida,Amer,2020
Southeast Missouri St.,OVC,2020
Southeastern Louisiana,Slnd,2020
Southern,SWAC,2020
Southern Illinois,MVC,2020
Southern Miss,CUSA,2020
Southern Utah,BSky,2020
St. Bonaventure,A10,2020
St. Francis NY,NEC,2020
St. Francis PA,NEC,2020
St. John's,BE,2020
Stanford,P12,2020
Stephen F. Austin,Slnd,2020
Stetson,ASun,2020
Stony Brook,AE,2020
Syracuse,ACC,2020
TCU,B12,2020
Temple,Amer,2020
Tennessee,SEC,2020
Tennessee Martin,OVC,2020
Tennessee St.,OVC,2020
Tennessee Tech,OVC,2020
Texas,B12,2020
Texas A&M,SEC,2020
Texas A&M Corpus Chris,Slnd,2020
Texas Southern,SWAC,2020
Texas St.,SB,2020
Texas Tech,B12,2020
The Citadel,SC,2020
Toledo,MAC,2020
Towson,CAA,2020
Troy,SB,2020
Tulane,Amer,2020
Tulsa,Amer,2020
UAB,CUSA,2020
UC Davis,BW,2020
UC Irvine,BW,2020
UC Riverside,BW,2020
UC Santa Barbara,BW,2020
UCF,Amer,2020
UCLA,P12,2020
UMBC,AE,2020
UMKC,WAC,2020
UMass Lowell,AE,2020
UNC Asheville,BSth,2020
UNC Greensboro,SC,2020
UNC Wilmington,CAA,2020
UNLV,MWC,2020
USC,P12,2020
USC Upstate,BSth,2020
UT Arlington,SB,2020
UT Rio Grande Valley,WAC,2020
UTEP,CUSA,2020
UTSA,CUSA,2020
Utah,P12,2020
Utah St.,MWC,2020
Utah Valley,WAC,2020
VCU,A10,2020
VMI,SC,2020
Valparaiso,MVC,2020
Vanderbilt,SEC,2020
Vermont,AE,2020
Villanova,BE,2020
Virginia,ACC,2020
Virginia Tech,ACC,2020
Wagner,NEC,2020
Wake Forest,ACC,2020
Washington,P12,2020
Washington St.,P12,2020
Weber St.,BSky,2020
West Virginia,B12,2020
Western Carolina,SC,2020
Western Illinois,Sum,2020
Western Kentucky,CUSA,2020
Western Michigan,MAC,2020
Wichita St.,Amer,2020
William & Mary,CAA,2020
Winthrop,BSth,2020
Wisconsin,B10,2020
Wofford,SC,2020
Wright St.,Horz,2020
Wyoming,MWC,2020
Xavier,BE,2020
Yale,Ivy,2020
Youngstown St.,Horz,2020
Abilene Christian,Slnd,2019
Air Force,MWC,2019
Akron,MAC,2019
Alabama,SEC,2019
Alabama A&M,SWAC,2019
Alabama St.,SWAC,2019
Albany,AE,2019
Alcorn St.,SWAC,2019
American,Pat,2019
Appalachian St.,SB,2019
Arizona,P12,2019
Arizona St.,P12,2019
Arkansas,SEC,2019
Arkansas Pine Bluff,SWAC,2019
Arkansas St.,SB,2019
Army,Pat,2019
Auburn,SEC,2019
Austin Peay,OVC,2019
BYU,WCC,2019
Ball St.,MAC,2019
Baylor,B12,2019
Belmont,OVC,2019
Bethune Cookman,MEAC,2019
Binghamton,AE,2019
Boise St.,MWC,2019
Boston College,ACC,2019
Boston University,Pat,2019
Bowling Green,MAC,2019
Bradley,MVC,2019
Brown,Ivy,2019
Bryant,NEC,2019
Bucknell,Pat,2019
Buffalo,MAC,2019
Butler,BE,2019
Cal Baptist,WAC,2019
Cal Poly,BW,2019
Cal St. Bakersfield,WAC,2019
Cal St. Fullerton,BW,2019
Cal St. Northridge,BW,2019
California,P12,2019
Campbell,BSth,2019
Canisius,MAAC,2019
Central Arkansas,Slnd,2019
Central Connecticut,NEC,2019
Central Michigan,MAC,2019
Charleston,CAA,2019
Charleston Southern,BSth,2019
Charlotte,CUSA,2019
Chattanooga,SC,2019
Chicago St.,WAC,2019
Cincinnati,Amer,2019
Clemson,ACC,2019
Cleveland St.,Horz,2019
Coastal Carolina,SB,2019
Colgate,Pat,2019
Colorado,P12,2019
Colorado St.,MWC,2019
Columbia,Ivy,2019
Connecticut,Amer,2019
Coppin St.,MEAC,2019
Cornell,Ivy,2019
Creighton,BE,2019
Dartmouth,Ivy,2019
Davidson,A10,2019
Dayton,A10,2019
DePaul,BE,2019
Delaware,CAA,2019
Delaware St.,MEAC,2019
Denver,Sum,2019
Detroit,Horz,2019
Drake,MVC,2019
Drexel,CAA,2019
Duke,ACC,2019
Duquesne,A10,2019
East Carolina,Amer,2019
East Tennessee St.,SC,2019
Eastern Illinois,OVC,2019
Eastern Kentucky,OVC,2019
Eastern Michigan,MAC,2019
Eastern Washington,BSky,2019
Elon,CAA,2019
Evansville,MVC,2019
FIU,CUSA,2019
Fairfield,MAAC,2019
Fairleigh Dickinson,NEC,2019
Florida,SEC,2019
Florida A&M,MEAC,2019
Florida Atlantic,CUSA,2019
Florida Gulf Coast,ASun,2019
Florida St.,ACC,2019
Fordham,A10,2019
Fresno St.,MWC,2019
Furman,SC,2019
Gardner Webb,BSth,2019
George Mason,A10,2019
George Washington,A10,2019
Georgetown,BE,2019
Georgia,SEC,2019
Georgia Southern,SB,2019
Georgia St.,SB,2019
Georgia Tech,ACC,2019
Gonzaga,WCC,2019
Grambling St.,SWAC,2019
Grand Canyon,WAC,2019
Green Bay,Horz,2019
Hampton,BSth,2019
Hartford,AE,2019
Harvard,Ivy,2019
Hawaii,BW,2019
High Point,BSth,2019
Hofstra,CAA,2019
Holy Cross,Pat,2019
Houston,Amer,2019
Houston Baptist,Slnd,2019
Howard,MEAC,2019
IUPUI,Horz,2019
Idaho,BSky,2019
Idaho St.,BSky,2019
Illinois,B10,2019
Illinois Chicago,Horz,2019
Illinois St.,MVC,2019
Incarnate Word,Slnd,2019
Indiana,B10,2019
Indiana St.,MVC,2019
Iona,MAAC,2019
Iowa,B10,2019
Iowa St.,B12,2019
Jackson St.,SWAC,2019
Jacksonville,ASun,2019
Jacksonville St.,OVC,2019
James Madison,CAA,2019
Kansas,B12,2019
Kansas St.,B12,2019
Kennesaw St.,ASun,2019
Kent St.,MAC,2019
Kentucky,SEC,2019
LIU Brooklyn,NEC,2019
LSU,SEC,2019
La Salle,A10,2019
Lafayette,Pat,2019
Lamar,Slnd,2019
Lehigh,Pat,2019
Liberty,ASun,2019
Lipscomb,ASun,2019
Little Rock,SB,2019
Long Beach St.,BW,2019
Longwood,BSth,2019
Louisiana,SB,2019
Louisiana Monroe,SB,2019
Louisiana Tech,CUSA,2019
Louisville,ACC,2019
Loyola Chicago,MVC,2019
Loyola MD,Pat,2019
Loyola Marymount,WCC,2019
Maine,AE,2019
Manhattan,MAAC,2019
Marist,MAAC,2019
Marquette,BE,2019
Marshall,CUSA,2019
Maryland,B10,2019
Maryland Eastern Shore,MEAC,2019
Massachusetts,A10,2019
McNeese St.,Slnd,2019
Memphis,Amer,2019
Mercer,SC,2019
Miami FL,ACC,2019
Miami OH,MAC,2019
Michigan,B10,2019
Michigan St.,B10,2019
Middle Tennessee,CUSA,2019
Milwaukee,Horz,2019
Minnesota,B10,2019
Mississippi,SEC,2019
Mississippi St.,SEC,2019
Mississippi Valley St.,SWAC,2019
Missouri,SEC,2019
Missouri St.,MVC,2019
Monmouth,MAAC,2019
Montana,BSky,2019
Montana St.,BSky,2019
Morehead St.,OVC,2019
Morgan St.,MEAC,2019
Mount St. Mary's,NEC,2019
Murray St.,OVC,2019
N.C. State,ACC,2019
NJIT,ASun,2019
Navy,Pat,2019
Nebraska,B10,2019
Nebraska Omaha,Sum,2019
Nevada,MWC,2019
New Hampshire,AE,2019
New Mexico,MWC,2019
New Mexico St.,WAC,2019
New Orleans,Slnd,2019
Niagara,MAAC,2019
Nicholls St.,Slnd,2019
Norfolk St.,MEAC,2019
North Alabama,ASun,2019
North Carolina,ACC,2019
North Carolina A&T,MEAC,2019
North Carolina Central,MEAC,2019
North Dakota,Sum,2019
North Dakota St.,Sum,2019
North Florida,ASun,2019
North Texas,CUSA,2019
Northeastern,CAA,2019
Northern Arizona,BSky,2019
Northern Colorado,BSky,2019
Northern Illinois,MAC,2019
Northern Iowa,MVC,2019
Northern Kentucky,Horz,2019
Northwestern,B10,2019
Northwestern St.,Slnd,2019
Notre Dame,ACC,2019
Oakland,Horz,2019
Ohio,MAC,2019
Ohio St.,B10,2019
Oklahoma,B12,2019
Oklahoma St.,B12,2019
Old Dominion,CUSA,2019
Oral Roberts,Sum,2019
Oregon,P12,2019
Oregon St.,P12,2019
Pacific,WCC,2019
Penn,Ivy,2019
Penn St.,B10,2019
Pepperdine,WCC,2019
Pittsburgh,ACC,2019
Portland,WCC,2019
Portland St.,BSky,2019
Prairie View A&M,SWAC,2019
Presbyterian,BSth,2019
Princeton,Ivy,2019
Providence,BE,2019
Purdue,B10,2019
Purdue Fort Wayne,Sum,2019
Quinnipiac,MAAC,2019
Radford,BSth,2019
Rhode Island,A10,2019
Rice,CUSA,2019
Richmond,A10,2019
Rider,MAAC,2019
Robert Morris,NEC,2019
Rutgers,B10,2019
SIU Edwardsville,OVC,2019
SMU,Amer,2019
Sacramento St.,BSky,2019
Sacred Heart,NEC,2019
Saint Joseph's,A10,2019
Saint Louis,A10,2019
Saint Mary's,WCC,2019
Saint Peter's,MAAC,2019
Sam Houston St.,Slnd,2019
Samford,SC,2019
San Diego,WCC,2019
San Diego St.,MWC,2019
San Francisco,WCC,2019
San Jose St.,MWC,2019
Santa Clara,WCC,2019
Savannah St.,MEAC,2019
Seattle,WAC,2019
Seton Hall,BE,2019
Siena,MAAC,2019
South Alabama,SB,2019
South Carolina,SEC,2019
South Carolina St.,MEAC,2019
South Dakota,Sum,2019
South Dakota St.,Sum,2019
South Florida,Amer,2019
Southeast Missouri St.,OVC,2019
Southeastern Louisiana,Slnd,2019
Southern,SWAC,2019
Southern Illinois,MVC,2019
Southern Miss,CUSA,2019
Southern Utah,BSky,2019
St. Bonaventure,A10,2019
St. Francis NY,NEC,2019
St. Francis PA,NEC,2019
St. John's,BE,2019
Stanford,P12,2019
Stephen F. Austin,Slnd,2019
Stetson,ASun,2019
Stony Brook,AE,2019
Syracuse,ACC,2019
TCU,B12,2019
Temple,Amer,2019
Tennessee,SEC,2019
Tennessee Martin,OVC,2019
Tennessee St.,OVC,2019
Tennessee Tech,OVC,2019
Texas,B12,2019
Texas A&M,SEC,2019
Texas A&M Corpus Chris,Slnd,2019
Texas Southern,SWAC,2019
Texas St.,SB,2019
Texas Tech,B12,2019
The Citadel,SC,2019
Toledo,MAC,2019
Towson,CAA,2019
Troy,SB,2019
Tulane,Amer,2019
Tulsa,Amer,2019
UAB,CUSA,2019
UC Davis,BW,2019
UC Irvine,BW,2019
UC Riverside,BW,2019
UC Santa Barbara,BW,2019
UCF,Amer,2019
UCLA,P12,2019
UMBC,AE,2019
UMKC,WAC,2019
UMass Lowell,AE,2019
UNC Asheville,BSth,2019
UNC Greensboro,SC,2019
UNC Wilmington,CAA,2019
UNLV,MWC,2019
USC,P12,2019
USC Upstate,BSth,2019
UT Arlington,SB,2019
UT Rio Grande Valley,WAC,2019
UTEP,CUSA,2019
UTSA,CUSA,2019
Utah,P12,2019
Utah St.,MWC,2019
Utah Valley,WAC,2019
VCU,A10,2019
VMI,SC,2019
Valparaiso,MVC,2019
Vanderbilt,SEC,2019
Vermont,AE,2019
Villanova,BE,2019
Virginia,ACC,2019
Virginia Tech,ACC,2019
Wagner,NEC,2019
Wake Forest,ACC,2019
Washington,P12,2019
Washington St.,P12,2019
Weber St.,BSky,2019
West Virginia,B12,2019
Western Carolina,SC,2019
Western Illinois,Sum,2019
Western Kentucky,CUSA,2019
Western Michigan,MAC,2019
Wichita St.,Amer,2019
William & Mary,CAA,2019
Winthrop,BSth,2019
Wisconsin,B10,2019
Wofford,SC,2019
Wright St.,Horz,2019
Wyoming,MWC,2019
Xavier,BE,2019
Yale,Ivy,2019
Youngstown St.,Horz,2019
Abilene Christian,Slnd,2018
Air Force,MWC,2018
Akron,MAC,2018
Alabama,SEC,2018
Alabama A&M,SWAC,2018
Alabama St.,SWAC,2018
Albany,AE,2018
Alcorn St.,SWAC,2018
American,Pat,2018
Appalachian St.,SB,2018
Arizona,P12,2018
Arizona St.,P12,2018
Arkansas,SEC,2018
Arkansas Pine Bluff,SWAC,2018
Arkansas St.,SB,2018
Army,Pat,2018
Auburn,SEC,2018
Austin Peay,OVC,2018
BYU,WCC,2018
Ball St.,MAC,2018
Baylor,B12,2018
Belmont,OVC,2018
Bethune Cookman,MEAC,2018
Binghamton,AE,2018
Boise St.,MWC,2018
Boston College,ACC,2018
Boston University,Pat,2018
Bowling Green,MAC,2018
Bradley,MVC,2018
Brown,Ivy,2018
Bryant,NEC,2018
Bucknell,Pat,2018
Buffalo,MAC,2018
Butler,BE,2018
Cal Poly,BW,2018
Cal St. Bakersfield,WAC,2018
Cal St. Fullerton,BW,2018
Cal St. Northridge,BW,2018
California,P12,2018
Campbell,BSth,2018
Canisius,MAAC,2018
Central Arkansas,Slnd,2018
Central Connecticut,NEC,2018
Central Michigan,MAC,2018
Charleston Southern,BSth,2018
Charlotte,CUSA,2018
Chattanooga,SC,2018
Chicago St.,WAC,2018
Cincinnati,Amer,2018
Clemson,ACC,2018
Cleveland St.,Horz,2018
Coastal Carolina,SB,2018
Colgate,Pat,2018
College of Charleston,CAA,2018
Colorado,P12,2018
Colorado St.,MWC,2018
Columbia,Ivy,2018
Connecticut,Amer,2018
Coppin St.,MEAC,2018
Cornell,Ivy,2018
Creighton,BE,2018
Dartmouth,Ivy,2018
Davidson,A10,2018
Dayton,A10,2018
DePaul,BE,2018
Delaware,CAA,2018
Delaware St.,MEAC,2018
Denver,Sum,2018
Detroit,Horz,2018
Drake,MVC,2018
Drexel,CAA,2018
Duke,ACC,2018
Duquesne,A10,2018
East Carolina,Amer,2018
East Tennessee St.,SC,2018
Eastern Illinois,OVC,2018
Eastern Kentucky,OVC,2018
Eastern Michigan,MAC,2018
Eastern Washington,BSky,2018
Elon,CAA,2018
Evansville,MVC,2018
FIU,CUSA,2018
Fairfield,MAAC,2018
Fairleigh Dickinson,NEC,2018
Florida,SEC,2018
Florida A&M,MEAC,2018
Florida Atlantic,CUSA,2018
Florida Gulf Coast,ASun,2018
Florida St.,ACC,2018
Fordham,A10,2018
Fort Wayne,Sum,2018
Fresno St.,MWC,2018
Furman,SC,2018
Gardner Webb,BSth,2018
George Mason,A10,2018
George Washington,A10,2018
Georgetown,BE,2018
Georgia,SEC,2018
Georgia Southern,SB,2018
Georgia St.,SB,2018
Georgia Tech,ACC,2018
Gonzaga,WCC,2018
Grambling St.,SWAC,2018
Grand Canyon,WAC,2018
Green Bay,Horz,2018
Hampton,MEAC,2018
Hartford,AE,2018
Harvard,Ivy,2018
Hawaii,BW,2018
High Point,BSth,2018
Hofstra,CAA,2018
Holy Cross,Pat,2018
Houston,Amer,2018
Houston Baptist,Slnd,2018
Howard,MEAC,2018
IUPUI,Horz,2018
Idaho,BSky,2018
Idaho St.,BSky,2018
Illinois,B10,2018
Illinois Chicago,Horz,2018
Illinois St.,MVC,2018
Incarnate Word,Slnd,2018
Indiana,B10,2018
Indiana St.,MVC,2018
Iona,MAAC,2018
Iowa,B10,2018
Iowa St.,B12,2018
Jackson St.,SWAC,2018
Jacksonville,ASun,2018
Jacksonville St.,OVC,2018
James Madison,CAA,2018
Kansas,B12,2018
Kansas St.,B12,2018
Kennesaw St.,ASun,2018
Kent St.,MAC,2018
Kentucky,SEC,2018
LIU Brooklyn,NEC,2018
LSU,SEC,2018
La Salle,A10,2018
Lafayette,Pat,2018
Lamar,Slnd,2018
Lehigh,Pat,2018
Liberty,BSth,2018
Lipscomb,ASun,2018
Little Rock,SB,2018
Long Beach St.,BW,2018
Longwood,BSth,2018
Louisiana Lafayette,SB,2018
Louisiana Monroe,SB,2018
Louisiana Tech,CUSA,2018
Louisville,ACC,2018
Loyola Chicago,MVC,2018
Loyola MD,Pat,2018
Loyola Marymount,WCC,2018
Maine,AE,2018
Manhattan,MAAC,2018
Marist,MAAC,2018
Marquette,BE,2018
Marshall,CUSA,2018
Maryland,B10,2018
Maryland Eastern Shore,MEAC,2018
Massachusetts,A10,2018
McNeese St.,Slnd,2018
Memphis,Amer,2018
Mercer,SC,2018
Miami FL,ACC,2018
Miami OH,MAC,2018
Michigan,B10,2018
Michigan St.,B10,2018
Middle Tennessee,CUSA,2018
Milwaukee,Horz,2018
Minnesota,B10,2018
Mississippi,SEC,2018
Mississippi St.,SEC,2018
Mississippi Valley St.,SWAC,2018
Missouri,SEC,2018
Missouri St.,MVC,2018
Monmouth,MAAC,2018
Montana,BSky,2018
Montana St.,BSky,2018
Morehead St.,OVC,2018
Morgan St.,MEAC,2018
Mount St. Mary's,NEC,2018
Murray St.,OVC,2018
N.C. State,ACC,2018
NJIT,ASun,2018
Navy,Pat,2018
Nebraska,B10,2018
Nebraska Omaha,Sum,2018
Nevada,MWC,2018
New Hampshire,AE,2018
New Mexico,MWC,2018
New Mexico St.,WAC,2018
New Orleans,Slnd,2018
Niagara,MAAC,2018
Nicholls St.,Slnd,2018
Norfolk St.,MEAC,2018
North Carolina,ACC,2018
North Carolina A&T,MEAC,2018
North Carolina Central,MEAC,2018
North Dakota,BSky,2018
North Dakota St.,Sum,2018
North Florida,ASun,2018
North Texas,CUSA,2018
Northeastern,CAA,2018
Northern Arizona,BSky,2018
Northern Colorado,BSky,2018
Northern Illinois,MAC,2018
Northern Iowa,MVC,2018
Northern Kentucky,Horz,2018
Northwestern,B10,2018
Northwestern St.,Slnd,2018
Notre Dame,ACC,2018
Oakland,Horz,2018
Ohio,MAC,2018
Ohio St.,B10,2018
Oklahoma,B12,2018
Oklahoma St.,B12,2018
Old Dominion,CUSA,2018
Oral Roberts,Sum,2018
Oregon,P12,2018
Oregon St.,P12,2018
Pacific,WCC,2018
Penn,Ivy,2018
Penn St.,B10,2018
Pepperdine,WCC,2018
Pittsburgh,ACC,2018
Portland,WCC,2018
Portland St.,BSky,2018
Prairie View A&M,SWAC,2018
Presbyterian,BSth,2018
Princeton,Ivy,2018
Providence,BE,2018
Purdue,B10,2018
Quinnipiac,MAAC,2018
Radford,BSth,2018
Rhode Island,A10,2018
Rice,CUSA,2018
Richmond,A10,2018
Rider,MAAC,2018
Robert Morris,NEC,2018
Rutgers,B10,2018
SIU Edwardsville,OVC,2018
SMU,Amer,2018
Sacramento St.,BSky,2018
Sacred Heart,NEC,2018
Saint Joseph's,A10,2018
Saint Louis,A10,2018
Saint Mary's,WCC,2018
Saint Peter's,MAAC,2018
Sam Houston St.,Slnd,2018
Samford,SC,2018
San Diego,WCC,2018
San Diego St.,MWC,2018
San Francisco,WCC,2018
San Jose St.,MWC,2018
Santa Clara,WCC,2018
Savannah St.,MEAC,2018
Seattle,WAC,2018
Seton Hall,BE,2018
Siena,MAAC,2018
South Alabama,SB,2018
South Carolina,SEC,2018
South Carolina St.,MEAC,2018
South Dakota,Sum,2018
South Dakota St.,Sum,2018
South Florida,Amer,2018
Southeast Missouri St.,OVC,2018
Southeastern Louisiana,Slnd,2018
Southern,SWAC,2018
Southern Illinois,MVC,2018
Southern Miss,CUSA,2018
Southern Utah,BSky,2018
St. Bonaventure,A10,2018
St. Francis NY,NEC,2018
St. Francis PA,NEC,2018
St. John's,BE,2018
Stanford,P12,2018
Stephen F. Austin,Slnd,2018
Stetson,ASun,2018
Stony Brook,AE,2018
Syracuse,ACC,2018
TCU,B12,2018
Temple,Amer,2018
Tennessee,SEC,2018
Tennessee Martin,OVC,2018
Tennessee St.,OVC,2018
Tennessee Tech,OVC,2018
Texas,B12,2018
Texas A&M,SEC,2018
Texas A&M Corpus Chris,Slnd,2018
Texas Southern,SWAC,2018
Texas St.,SB,2018
Texas Tech,B12,2018
The Citadel,SC,2018
Toledo,MAC,2018
Towson,CAA,2018
Troy,SB,2018
Tulane,Amer,2018
Tulsa,Amer,2018
UAB,CUSA,2018
UC Davis,BW,2018
UC Irvine,BW,2018
UC Riverside,BW,2018
UC Santa Barbara,BW,2018
UCF,Amer,2018
UCLA,P12,2018
UMBC,AE,2018
UMKC,WAC,2018
UMass Lowell,AE,2018
UNC Asheville,BSth,2018
UNC Greensboro,SC,2018
UNC Wilmington,CAA,2018
UNLV,MWC,2018
USC,P12,2018
USC Upstate,ASun,2018
UT Arlington,SB,2018
UT Rio Grande Valley,WAC,2018
UTEP,CUSA,2018
UTSA,CUSA,2018
Utah,P12,2018
Utah St.,MWC,2018
Utah Valley,WAC,2018
VCU,A10,2018
VMI,SC,2018
Valparaiso,MVC,2018
Vanderbilt,SEC,2018
Vermont,AE,2018
Villanova,BE,2018
Virginia,ACC,2018
Virginia Tech,ACC,2018
Wagner,NEC,2018
Wake Forest,ACC,2018
Washington,P12,2018
Washington St.,P12,2018
Weber St.,BSky,2018
West Virginia,B12,2018
Western Carolina,SC,2018
Western Illinois,Sum,2018
Western Kentucky,CUSA,2018
Western Michigan,MAC,2018
Wichita St.,Amer,2018
William & Mary,CAA,2018
Winthrop,BSth,2018
Wisconsin,B10,2018
Wofford,SC,2018
Wright St.,Horz,2018
Wyoming,MWC,2018
Xavier,BE,2018
Yale,Ivy,2018
Youngstown St.,Horz,2018
Abilene Christian,Slnd,2017
Air Force,MWC,2017
Akron,MAC,2017
Alabama,SEC,2017
Alabama A&M,SWAC,2017
Alabama St.,SWAC,2017
Albany,AE,2017
Alcorn St.,SWAC,2017
American,Pat,2017
Appalachian St.,SB,2017
Arizona,P12,2017
Arizona St.,P12,2017
Arkansas,SEC,2017
Arkansas Pine Bluff,SWAC,2017
Arkansas St.,SB,2017
Army,Pat,2017
Auburn,SEC,2017
Austin Peay,OVC,2017
BYU,WCC,2017
Ball St.,MAC,2017
Baylor,B12,2017
Belmont,OVC,2017
Bethune Cookman,MEAC,2017
Binghamton,AE,2017
Boise St.,MWC,2017
Boston College,ACC,2017
Boston University,Pat,2017
Bowling Green,MAC,2017
Bradley,MVC,2017
Brown,Ivy,2017
Bryant,NEC,2017
Bucknell,Pat,2017
Buffalo,MAC,2017
Butler,BE,2017
Cal Poly,BW,2017
Cal St. Bakersfield,WAC,2017
Cal St. Fullerton,BW,2017
Cal St. Northridge,BW,2017
California,P12,2017
Campbell,BSth,2017
Canisius,MAAC,2017
Central Arkansas,Slnd,2017
Central Connecticut,NEC,2017
Central Michigan,MAC,2017
Charleston Southern,BSth,2017
Charlotte,CUSA,2017
Chattanooga,SC,2017
Chicago St.,WAC,2017
Cincinnati,Amer,2017
Clemson,ACC,2017
Cleveland St.,Horz,2017
Coastal Carolina,SB,2017
Colgate,Pat,2017
College of Charleston,CAA,2017
Colorado,P12,2017
Colorado St.,MWC,2017
Columbia,Ivy,2017
Connecticut,Amer,2017
Coppin St.,MEAC,2017
Cornell,Ivy,2017
Creighton,BE,2017
Dartmouth,Ivy,2017
Davidson,A10,2017
Dayton,A10,2017
DePaul,BE,2017
Delaware,CAA,2017
Delaware St.,MEAC,2017
Denver,Sum,2017
Detroit,Horz,2017
Drake,MVC,2017
Drexel,CAA,2017
Duke,ACC,2017
Duquesne,A10,2017
East Carolina,Amer,2017
East Tennessee St.,SC,2017
Eastern Illinois,OVC,2017
Eastern Kentucky,OVC,2017
Eastern Michigan,MAC,2017
Eastern Washington,BSky,2017
Elon,CAA,2017
Evansville,MVC,2017
FIU,CUSA,2017
Fairfield,MAAC,2017
Fairleigh Dickinson,NEC,2017
Florida,SEC,2017
Florida A&M,MEAC,2017
Florida Atlantic,CUSA,2017
Florida Gulf Coast,ASun,2017
Florida St.,ACC,2017
Fordham,A10,2017
Fort Wayne,Sum,2017
Fresno St.,MWC,2017
Furman,SC,2017
Gardner Webb,BSth,2017
George Mason,A10,2017
George Washington,A10,2017
Georgetown,BE,2017
Georgia,SEC,2017
Georgia Southern,SB,2017
Georgia St.,SB,2017
Georgia Tech,ACC,2017
Gonzaga,WCC,2017
Grambling St.,SWAC,2017
Grand Canyon,WAC,2017
Green Bay,Horz,2017
Hampton,MEAC,2017
Hartford,AE,2017
Harvard,Ivy,2017
Hawaii,BW,2017
High Point,BSth,2017
Hofstra,CAA,2017
Holy Cross,Pat,2017
Houston,Amer,2017
Houston Baptist,Slnd,2017
Howard,MEAC,2017
IUPUI,Sum,2017
Idaho,BSky,2017
Idaho St.,BSky,2017
Illinois,B10,2017
Illinois Chicago,Horz,2017
Illinois St.,MVC,2017
Incarnate Word,Slnd,2017
Indiana,B10,2017
Indiana St.,MVC,2017
Iona,MAAC,2017
Iowa,B10,2017
Iowa St.,B12,2017
Jackson St.,SWAC,2017
Jacksonville,ASun,2017
Jacksonville St.,OVC,2017
James Madison,CAA,2017
Kansas,B12,2017
Kansas St.,B12,2017
Kennesaw St.,ASun,2017
Kent St.,MAC,2017
Kentucky,SEC,2017
LIU Brooklyn,NEC,2017
LSU,SEC,2017
La Salle,A10,2017
Lafayette,Pat,2017
Lamar,Slnd,2017
Lehigh,Pat,2017
Liberty,BSth,2017
Lipscomb,ASun,2017
Little Rock,SB,2017
Long Beach St.,BW,2017
Longwood,BSth,2017
Louisiana Lafayette,SB,2017
Louisiana Monroe,SB,2017
Louisiana Tech,CUSA,2017
Louisville,ACC,2017
Loyola Chicago,MVC,2017
Loyola MD,Pat,2017
Loyola Marymount,WCC,2017
Maine,AE,2017
Manhattan,MAAC,2017
Marist,MAAC,2017
Marquette,BE,2017
Marshall,CUSA,2017
Maryland,B10,2017
Maryland Eastern Shore,MEAC,2017
Massachusetts,A10,2017
McNeese St.,Slnd,2017
Memphis,Amer,2017
Mercer,SC,2017
Miami FL,ACC,2017
Miami OH,MAC,2017
Michigan,B10,2017
Michigan St.,B10,2017
Middle Tennessee,CUSA,2017
Milwaukee,Horz,2017
Minnesota,B10,2017
Mississippi,SEC,2017
Mississippi St.,SEC,2017
Mississippi Valley St.,SWAC,2017
Missouri,SEC,2017
Missouri St.,MVC,2017
Monmouth,MAAC,2017
Montana,BSky,2017
Montana St.,BSky,2017
Morehead St.,OVC,2017
Morgan St.,MEAC,2017
Mount St. Mary's,NEC,2017
Murray St.,OVC,2017
N.C. State,ACC,2017
NJIT,ASun,2017
Navy,Pat,2017
Nebraska,B10,2017
Nebraska Omaha,Sum,2017
Nevada,MWC,2017
New Hampshire,AE,2017
New Mexico,MWC,2017
New Mexico St.,WAC,2017
New Orleans,Slnd,2017
Niagara,MAAC,2017
Nicholls St.,Slnd,2017
Norfolk St.,MEAC,2017
North Carolina,ACC,2017
North Carolina A&T,MEAC,2017
North Carolina Central,MEAC,2017
North Dakota,BSky,2017
North Dakota St.,Sum,2017
North Florida,ASun,2017
North Texas,CUSA,2017
Northeastern,CAA,2017
Northern Arizona,BSky,2017
Northern Colorado,BSky,2017
Northern Illinois,MAC,2017
Northern Iowa,MVC,2017
Northern Kentucky,Horz,2017
Northwestern,B10,2017
Northwestern St.,Slnd,2017
Notre Dame,ACC,2017
Oakland,Horz,2017
Ohio,MAC,2017
Ohio St.,B10,2017
Oklahoma,B12,2017
Oklahoma St.,B12,2017
Old Dominion,CUSA,2017
Oral Roberts,Sum,2017
Oregon,P12,2017
Oregon St.,P12,2017
Pacific,WCC,2017
Penn,Ivy,2017
Penn St.,B10,2017
Pepperdine,WCC,2017
Pittsburgh,ACC,2017
Portland,WCC,2017
Portland St.,BSky,2017
Prairie View A&M,SWAC,2017
Presbyterian,BSth,2017
Princeton,Ivy,2017
Providence,BE,2017
Purdue,B10,2017
Quinnipiac,MAAC,2017
Radford,BSth,2017
Rhode Island,A10,2017
Rice,CUSA,2017
Richmond,A10,2017
Rider,MAAC,2017
Robert Morris,NEC,2017
Rutgers,B10,2017
SIU Edwardsville,OVC,2017
SMU,Amer,2017
Sacramento St.,BSky,2017
Sacred Heart,NEC,2017
Saint Joseph's,A10,2017
Saint Louis,A10,2017
Saint Mary's,WCC,2017
Saint Peter's,MAAC,2017
Sam Houston St.,Slnd,2017
Samford,SC,2017
San Diego,WCC,2017
San Diego St.,MWC,2017
San Francisco,WCC,2017
San Jose St.,MWC,2017
Santa Clara,WCC,2017
Savannah St.,MEAC,2017
Seattle,WAC,2017
Seton Hall,BE,2017
Siena,MAAC,2017
South Alabama,SB,2017
South Carolina,SEC,2017
South Carolina St.,MEAC,2017
South Dakota,Sum,2017
South Dakota St.,Sum,2017
South Florida,Amer,2017
Southeast Missouri St.,OVC,2017
Southeastern Louisiana,Slnd,2017
Southern,SWAC,2017
Southern Illinois,MVC,2017
Southern Miss,CUSA,2017
Southern Utah,BSky,2017
St. Bonaventure,A10,2017
St. Francis NY,NEC,2017
St. Francis PA,NEC,2017
St. John's,BE,2017
Stanford,P12,2017
Stephen F. Austin,Slnd,2017
Stetson,ASun,2017
Stony Brook,AE,2017
Syracuse,ACC,2017
TCU,B12,2017
Temple,Amer,2017
Tennessee,SEC,2017
Tennessee Martin,OVC,2017
Tennessee St.,OVC,2017
Tennessee Tech,OVC,2017
Texas,B12,2017
Texas A&M,SEC,2017
Texas A&M Corpus Chris,Slnd,2017
Texas Southern,SWAC,2017
Texas St.,SB,2017
Texas Tech,B12,2017
The Citadel,SC,2017
Toledo,MAC,2017
Towson,CAA,2017
Troy,SB,2017
Tulane,Amer,2017
Tulsa,Amer,2017
UAB,CUSA,2017
UC Davis,BW,2017
UC Irvine,BW,2017
UC Riverside,BW,2017
UC Santa Barbara,BW,2017
UCF,Amer,2017
UCLA,P12,2017
UMBC,AE,2017
UMKC,WAC,2017
UMass Lowell,AE,2017
UNC Asheville,BSth,2017
UNC Greensboro,SC,2017
UNC Wilmington,CAA,2017
UNLV,MWC,2017
USC,P12,2017
USC Upstate,ASun,2017
UT Arlington,SB,2017
UT Rio Grande Valley,WAC,2017
UTEP,CUSA,2017
UTSA,CUSA,2017
Utah,P12,2017
Utah St.,MWC,2017
Utah Valley,WAC,2017
VCU,A10,2017
VMI,SC,2017
Valparaiso,Horz,2017
Vanderbilt,SEC,2017
Vermont,AE,2017
Villanova,BE,2017
Virginia,ACC,2017
Virginia Tech,ACC,2017
Wagner,NEC,2017
Wake Forest,ACC,2017
Washington,P12,2017
Washington St.,P12,2017
Weber St.,BSky,2017
West Virginia,B12,2017
Western Carolina,SC,2017
Western Illinois,Sum,2017
Western Kentucky,CUSA,2017
Western Michigan,MAC,2017
Wichita St.,MVC,2017
William & Mary,CAA,2017
Winthrop,BSth,2017
Wisconsin,B10,2017
Wofford,SC,2017
Wright St.,Horz,2017
Wyoming,MWC,2017
Xavier,BE,2017
Yale,Ivy,2017
Youngstown St.,Horz,2017
Abilene Christian,Slnd,2016
Air Force,MWC,2016
Akron,MAC,2016
Alabama,SEC,2016
Alabama A&M,SWAC,2016
Alabama St.,SWAC,2016
Albany,AE,2016
Alcorn St.,SWAC,2016
American,Pat,2016
Appalachian St.,SB,2016
Arizona,P12,2016
Arizona St.,P12,2016
Arkansas,SEC,2016
Arkansas Little Rock,SB,2016
Arkansas Pine Bluff,SWAC,2016
Arkansas St.,SB,2016
Army,Pat,2016
Auburn,SEC,2016
Austin Peay,OVC,2016
BYU,WCC,2016
Ball St.,MAC,2016
Baylor,B12,2016
Belmont,OVC,2016
Bethune Cookman,MEAC,2016
Binghamton,AE,2016
Boise St.,MWC,2016
Boston College,ACC,2016
Boston University,Pat,2016
Bowling Green,MAC,2016
Bradley,MVC,2016
Brown,Ivy,2016
Bryant,NEC,2016
Bucknell,Pat,2016
Buffalo,MAC,2016
Butler,BE,2016
Cal Poly,BW,2016
Cal St. Bakersfield,WAC,2016
Cal St. Fullerton,BW,2016
Cal St. Northridge,BW,2016
California,P12,2016
Campbell,BSth,2016
Canisius,MAAC,2016
Central Arkansas,Slnd,2016
Central Connecticut,NEC,2016
Central Michigan,MAC,2016
Charleston Southern,BSth,2016
Charlotte,CUSA,2016
Chattanooga,SC,2016
Chicago St.,WAC,2016
Cincinnati,Amer,2016
Clemson,ACC,2016
Cleveland St.,Horz,2016
Coastal Carolina,BSth,2016
Colgate,Pat,2016
College of Charleston,CAA,2016
Colorado,P12,2016
Colorado St.,MWC,2016
Columbia,Ivy,2016
Connecticut,Amer,2016
Coppin St.,MEAC,2016
Cornell,Ivy,2016
Creighton,BE,2016
Dartmouth,Ivy,2016
Davidson,A10,2016
Dayton,A10,2016
DePaul,BE,2016
Delaware,CAA,2016
Delaware St.,MEAC,2016
Denver,Sum,2016
Detroit,Horz,2016
Drake,MVC,2016
Drexel,CAA,2016
Duke,ACC,2016
Duquesne,A10,2016
East Carolina,Amer,2016
East Tennessee St.,SC,2016
Eastern Illinois,OVC,2016
Eastern Kentucky,OVC,2016
Eastern Michigan,MAC,2016
Eastern Washington,BSky,2016
Elon,CAA,2016
Evansville,MVC,2016
FIU,CUSA,2016
Fairfield,MAAC,2016
Fairleigh Dickinson,NEC,2016
Florida,SEC,2016
Florida A&M,MEAC,2016
Florida Atlantic,CUSA,2016
Florida Gulf Coast,ASun,2016
Florida St.,ACC,2016
Fordham,A10,2016
Fresno St.,MWC,2016
Furman,SC,2016
Gardner Webb,BSth,2016
George Mason,A10,2016
George Washington,A10,2016
Georgetown,BE,2016
Georgia,SEC,2016
Georgia Southern,SB,2016
Georgia St.,SB,2016
Georgia Tech,ACC,2016
Gonzaga,WCC,2016
Grambling St.,SWAC,2016
Grand Canyon,WAC,2016
Green Bay,Horz,2016
Hampton,MEAC,2016
Hartford,AE,2016
Harvard,Ivy,2016
Hawaii,BW,2016
High Point,BSth,2016
Hofstra,CAA,2016
Holy Cross,Pat,2016
Houston,Amer,2016
Houston Baptist,Slnd,2016
Howard,MEAC,2016
IPFW,Sum,2016
IUPUI,Sum,2016
Idaho,BSky,2016
Idaho St.,BSky,2016
Illinois,B10,2016
Illinois Chicago,Horz,2016
Illinois St.,MVC,2016
Incarnate Word,Slnd,2016
Indiana,B10,2016
Indiana St.,MVC,2016
Iona,MAAC,2016
Iowa,B10,2016
Iowa St.,B12,2016
Jackson St.,SWAC,2016
Jacksonville,ASun,2016
Jacksonville St.,OVC,2016
James Madison,CAA,2016
Kansas,B12,2016
Kansas St.,B12,2016
Kennesaw St.,ASun,2016
Kent St.,MAC,2016
Kentucky,SEC,2016
LIU Brooklyn,NEC,2016
LSU,SEC,2016
La Salle,A10,2016
Lafayette,Pat,2016
Lamar,Slnd,2016
Lehigh,Pat,2016
Liberty,BSth,2016
Lipscomb,ASun,2016
Long Beach St.,BW,2016
Longwood,BSth,2016
Louisiana Lafayette,SB,2016
Louisiana Monroe,SB,2016
Louisiana Tech,CUSA,2016
Louisville,ACC,2016
Loyola Chicago,MVC,2016
Loyola MD,Pat,2016
Loyola Marymount,WCC,2016
Maine,AE,2016
Manhattan,MAAC,2016
Marist,MAAC,2016
Marquette,BE,2016
Marshall,CUSA,2016
Maryland,B10,2016
Maryland Eastern Shore,MEAC,2016
Massachusetts,A10,2016
McNeese St.,Slnd,2016
Memphis,Amer,2016
Mercer,SC,2016
Miami FL,ACC,2016
Miami OH,MAC,2016
Michigan,B10,2016
Michigan St.,B10,2016
Middle Tennessee,CUSA,2016
Milwaukee,Horz,2016
Minnesota,B10,2016
Mississippi,SEC,2016
Mississippi St.,SEC,2016
Mississippi Valley St.,SWAC,2016
Missouri,SEC,2016
Missouri St.,MVC,2016
Monmouth,MAAC,2016
Montana,BSky,2016
Montana St.,BSky,2016
Morehead St.,OVC,2016
Morgan St.,MEAC,2016
Mount St. Mary's,NEC,2016
Murray St.,OVC,2016
N.C. State,ACC,2016
NJIT,ASun,2016
Navy,Pat,2016
Nebraska,B10,2016
Nebraska Omaha,Sum,2016
Nevada,MWC,2016
New Hampshire,AE,2016
New Mexico,MWC,2016
New Mexico St.,WAC,2016
New Orleans,Slnd,2016
Niagara,MAAC,2016
Nicholls St.,Slnd,2016
Norfolk St.,MEAC,2016
North Carolina,ACC,2016
North Carolina A&T,MEAC,2016
North Carolina Central,MEAC,2016
North Dakota,BSky,2016
North Dakota St.,Sum,2016
North Florida,ASun,2016
North Texas,CUSA,2016
Northeastern,CAA,2016
Northern Arizona,BSky,2016
Northern Colorado,BSky,2016
Northern Illinois,MAC,2016
Northern Iowa,MVC,2016
Northern Kentucky,Horz,2016
Northwestern,B10,2016
Northwestern St.,Slnd,2016
Notre Dame,ACC,2016
Oakland,Horz,2016
Ohio,MAC,2016
Ohio St.,B10,2016
Oklahoma,B12,2016
Oklahoma St.,B12,2016
Old Dominion,CUSA,2016
Oral Roberts,Sum,2016
Oregon,P12,2016
Oregon St.,P12,2016
Pacific,WCC,2016
Penn,Ivy,2016
Penn St.,B10,2016
Pepperdine,WCC,2016
Pittsburgh,ACC,2016
Portland,WCC,2016
Portland St.,BSky,2016
Prairie View A&M,SWAC,2016
Presbyterian,BSth,2016
Princeton,Ivy,2016
Providence,BE,2016
Purdue,B10,2016
Quinnipiac,MAAC,2016
Radford,BSth,2016
Rhode Island,A10,2016
Rice,CUSA,2016
Richmond,A10,2016
Rider,MAAC,2016
Robert Morris,NEC,2016
Rutgers,B10,2016
SIU Edwardsville,OVC,2016
SMU,Amer,2016
Sacramento St.,BSky,2016
Sacred Heart,NEC,2016
Saint Joseph's,A10,2016
Saint Louis,A10,2016
Saint Mary's,WCC,2016
Saint Peter's,MAAC,2016
Sam Houston St.,Slnd,2016
Samford,SC,2016
San Diego,WCC,2016
San Diego St.,MWC,2016
San Francisco,WCC,2016
San Jose St.,MWC,2016
Santa Clara,WCC,2016
Savannah St.,MEAC,2016
Seattle,WAC,2016
Seton Hall,BE,2016
Siena,MAAC,2016
South Alabama,SB,2016
South Carolina,SEC,2016
South Carolina St.,MEAC,2016
South Dakota,Sum,2016
South Dakota St.,Sum,2016
South Florida,Amer,2016
Southeast Missouri St.,OVC,2016
Southeastern Louisiana,Slnd,2016
Southern,SWAC,2016
Southern Illinois,MVC,2016
Southern Miss,CUSA,2016
Southern Utah,BSky,2016
St. Bonaventure,A10,2016
St. Francis NY,NEC,2016
St. Francis PA,NEC,2016
St. John's,BE,2016
Stanford,P12,2016
Stephen F. Austin,Slnd,2016
Stetson,ASun,2016
Stony Brook,AE,2016
Syracuse,ACC,2016
TCU,B12,2016
Temple,Amer,2016
Tennessee,SEC,2016
Tennessee Martin,OVC,2016
Tennessee St.,OVC,2016
Tennessee Tech,OVC,2016
Texas,B12,2016
Texas A&M,SEC,2016
Texas A&M Corpus Chris,Slnd,2016
Texas Southern,SWAC,2016
Texas St.,SB,2016
Texas Tech,B12,2016
The Citadel,SC,2016
Toledo,MAC,2016
Towson,CAA,2016
Troy,SB,2016
Tulane,Amer,2016
Tulsa,Amer,2016
UAB,CUSA,2016
UC Davis,BW,2016
UC Irvine,BW,2016
UC Riverside,BW,2016
UC Santa Barbara,BW,2016
UCF,Amer,2016
UCLA,P12,2016
UMBC,AE,2016
UMKC,WAC,2016
UMass Lowell,AE,2016
UNC Asheville,BSth,2016
UNC Greensboro,SC,2016
UNC Wilmington,CAA,2016
UNLV,MWC,2016
USC,P12,2016
USC Upstate,ASun,2016
UT Arlington,SB,2016
UT Rio Grande Valley,WAC,2016
UTEP,CUSA,2016
UTSA,CUSA,2016
Utah,P12,2016
Utah St.,MWC,2016
Utah Valley,WAC,2016
VCU,A10,2016
VMI,SC,2016
Valparaiso,Horz,2016
Vanderbilt,SEC,2016
Vermont,AE,2016
Villanova,BE,2016
Virginia,ACC,2016
Virginia Tech,ACC,2016
Wagner,NEC,2016
Wake Forest,ACC,2016
Washington,P12,2016
Washington St.,P12,2016
Weber St.,BSky,2016
West Virginia,B12,2016
Western Carolina,SC,2016
Western Illinois,Sum,2016
Western Kentucky,CUSA,2016
Western Michigan,MAC,2016
Wichita St.,MVC,2016
William & Mary,CAA,2016
Winthrop,BSth,2016
Wisconsin,B10,2016
Wofford,SC,2016
Wright St.,Horz,2016
Wyoming,MWC,2016
Xavier,BE,2016
Yale,Ivy,2016
Youngstown St.,Horz,2016
Abilene Christian,Slnd,2015
Air Force,MWC,2015
Akron,MAC,2015
Alabama,SEC,2015
Alabama A&M,SWAC,2015
Alabama St.,SWAC,2015
Albany,AE,2015
Alcorn St.,SWAC,2015
American,Pat,2015
Appalachian St.,SB,2015
Arizona,P12,2015
Arizona St.,P12,2015
Arkansas,SEC,2015
Arkansas Little Rock,SB,2015
Arkansas Pine Bluff,SWAC,2015
Arkansas St.,SB,2015
Army,Pat,2015
Auburn,SEC,2015
Austin Peay,OVC,2015
BYU,WCC,2015
Ball St.,MAC,2015
Baylor,B12,2015
Belmont,OVC,2015
Bethune Cookman,MEAC,2015
Binghamton,AE,2015
Boise St.,MWC,2015
Boston College,ACC,2015
Boston University,Pat,2015
Bowling Green,MAC,2015
Bradley,MVC,2015
Brown,Ivy,2015
Bryant,NEC,2015
Bucknell,Pat,2015
Buffalo,MAC,2015
Butler,BE,2015
Cal Poly,BW,2015
Cal St. Bakersfield,WAC,2015
Cal St. Fullerton,BW,2015
Cal St. Northridge,BW,2015
California,P12,2015
Campbell,BSth,2015
Canisius,MAAC,2015
Central Arkansas,Slnd,2015
Central Connecticut,NEC,2015
Central Michigan,MAC,2015
Charleston Southern,BSth,2015
Charlotte,CUSA,2015
Chattanooga,SC,2015
Chicago St.,WAC,2015
Cincinnati,Amer,2015
Clemson,ACC,2015
Cleveland St.,Horz,2015
Coastal Carolina,BSth,2015
Colgate,Pat,2015
College of Charleston,CAA,2015
Colorado,P12,2015
Colorado St.,MWC,2015
Columbia,Ivy,2015
Connecticut,Amer,2015
Coppin St.,MEAC,2015
Cornell,Ivy,2015
Creighton,BE,2015
Dartmouth,Ivy,2015
Davidson,A10,2015
Dayton,A10,2015
DePaul,BE,2015
Delaware,CAA,2015
Delaware St.,MEAC,2015
Denver,Sum,2015
Detroit,Horz,2015
Drake,MVC,2015
Drexel,CAA,2015
Duke,ACC,2015
Duquesne,A10,2015
East Carolina,Amer,2015
East Tennessee St.,SC,2015
Eastern Illinois,OVC,2015
Eastern Kentucky,OVC,2015
Eastern Michigan,MAC,2015
Eastern Washington,BSky,2015
Elon,CAA,2015
Evansville,MVC,2015
FIU,CUSA,2015
Fairfield,MAAC,2015
Fairleigh Dickinson,NEC,2015
Florida,SEC,2015
Florida A&M,MEAC,2015
Florida Atlantic,CUSA,2015
Florida Gulf Coast,ASun,2015
Florida St.,ACC,2015
Fordham,A10,2015
Fresno St.,MWC,2015
Furman,SC,2015
Gardner Webb,BSth,2015
George Mason,A10,2015
George Washington,A10,2015
Georgetown,BE,2015
Georgia,SEC,2015
Georgia Southern,SB,2015
Georgia St.,SB,2015
Georgia Tech,ACC,2015
Gonzaga,WCC,2015
Grambling St.,SWAC,2015
Grand Canyon,WAC,2015
Green Bay,Horz,2015
Hampton,MEAC,2015
Hartford,AE,2015
Harvard,Ivy,2015
Hawaii,BW,2015
High Point,BSth,2015
Hofstra,CAA,2015
Holy Cross,Pat,2015
Houston,Amer,2015
Houston Baptist,Slnd,2015
Howard,MEAC,2015
IPFW,Sum,2015
IUPUI,Sum,2015
Idaho,BSky,2015
Idaho St.,BSky,2015
Illinois,B10,2015
Illinois Chicago,Horz,2015
Illinois St.,MVC,2015
Incarnate Word,Slnd,2015
Indiana,B10,2015
Indiana St.,MVC,2015
Iona,MAAC,2015
Iowa,B10,2015
Iowa St.,B12,2015
Jackson St.,SWAC,2015
Jacksonville,ASun,2015
Jacksonville St.,OVC,2015
James Madison,CAA,2015
Kansas,B12,2015
Kansas St.,B12,2015
Kennesaw St.,ASun,2015
Kent St.,MAC,2015
Kentucky,SEC,2015
LIU Brooklyn,NEC,2015
LSU,SEC,2015
La Salle,A10,2015
Lafayette,Pat,2015
Lamar,Slnd,2015
Lehigh,Pat,2015
Liberty,BSth,2015
Lipscomb,ASun,2015
Long Beach St.,BW,2015
Longwood,BSth,2015
Louisiana Lafayette,SB,2015
Louisiana Monroe,SB,2015
Louisiana Tech,CUSA,2015
Louisville,ACC,2015
Loyola Chicago,MVC,2015
Loyola MD,Pat,2015
Loyola Marymount,WCC,2015
Maine,AE,2015
Manhattan,MAAC,2015
Marist,MAAC,2015
Marquette,BE,2015
Marshall,CUSA,2015
Maryland,B10,2015
Maryland Eastern Shore,MEAC,2015
Massachusetts,A10,2015
McNeese St.,Slnd,2015
Memphis,Amer,2015
Mercer,SC,2015
Miami FL,ACC,2015
Miami OH,MAC,2015
Michigan,B10,2015
Michigan St.,B10,2015
Middle Tennessee,CUSA,2015
Milwaukee,Horz,2015
Minnesota,B10,2015
Mississippi,SEC,2015
Mississippi St.,SEC,2015
Mississippi Valley St.,SWAC,2015
Missouri,SEC,2015
Missouri St.,MVC,2015
Monmouth,MAAC,2015
Montana,BSky,2015
Montana St.,BSky,2015
Morehead St.,OVC,2015
Morgan St.,MEAC,2015
Mount St. Mary's,NEC,2015
Murray St.,OVC,2015
N.C. State,ACC,2015
NJIT,ind,2015
Navy,Pat,2015
Nebraska,B10,2015
Nebraska Omaha,Sum,2015
Nevada,MWC,2015
New Hampshire,AE,2015
New Mexico,MWC,2015
New Mexico St.,WAC,2015
New Orleans,Slnd,2015
Niagara,MAAC,2015
Nicholls St.,Slnd,2015
Norfolk St.,MEAC,2015
North Carolina,ACC,2015
North Carolina A&T,MEAC,2015
North Carolina Central,MEAC,2015
North Dakota,BSky,2015
North Dakota St.,Sum,2015
North Florida,ASun,2015
North Texas,CUSA,2015
Northeastern,CAA,2015
Northern Arizona,BSky,2015
Northern Colorado,BSky,2015
Northern Illinois,MAC,2015
Northern Iowa,MVC,2015
Northern Kentucky,ASun,2015
Northwestern,B10,2015
Northwestern St.,Slnd,2015
Notre Dame,ACC,2015
Oakland,Horz,2015
Ohio,MAC,2015
Ohio St.,B10,2015
Oklahoma,B12,2015
Oklahoma St.,B12,2015
Old Dominion,CUSA,2015
Oral Roberts,Sum,2015
Oregon,P12,2015
Oregon St.,P12,2015
Pacific,WCC,2015
Penn,Ivy,2015
Penn St.,B10,2015
Pepperdine,WCC,2015
Pittsburgh,ACC,2015
Portland,WCC,2015
Portland St.,BSky,2015
Prairie View A&M,SWAC,2015
Presbyterian,BSth,2015
Princeton,Ivy,2015
Providence,BE,2015
Purdue,B10,2015
Quinnipiac,MAAC,2015
Radford,BSth,2015
Rhode Island,A10,2015
Rice,CUSA,2015
Richmond,A10,2015
Rider,MAAC,2015
Robert Morris,NEC,2015
Rutgers,B10,2015
SIU Edwardsville,OVC,2015
SMU,Amer,2015
Sacramento St.,BSky,2015
Sacred Heart,NEC,2015
Saint Joseph's,A10,2015
Saint Louis,A10,2015
Saint Mary's,WCC,2015
Saint Peter's,MAAC,2015
Sam Houston St.,Slnd,2015
Samford,SC,2015
San Diego,WCC,2015
San Diego St.,MWC,2015
San Francisco,WCC,2015
San Jose St.,MWC,2015
Santa Clara,WCC,2015
Savannah St.,MEAC,2015
Seattle,WAC,2015
Seton Hall,BE,2015
Siena,MAAC,2015
South Alabama,SB,2015
South Carolina,SEC,2015
South Carolina St.,MEAC,2015
South Dakota,Sum,2015
South Dakota St.,Sum,2015
South Florida,Amer,2015
Southeast Missouri St.,OVC,2015
Southeastern Louisiana,Slnd,2015
Southern,SWAC,2015
Southern Illinois,MVC,2015
Southern Miss,CUSA,2015
Southern Utah,BSky,2015
St. Bonaventure,A10,2015
St. Francis NY,NEC,2015
St. Francis PA,NEC,2015
St. John's,BE,2015
Stanford,P12,2015
Stephen F. Austin,Slnd,2015
Stetson,ASun,2015
Stony Brook,AE,2015
Syracuse,ACC,2015
TCU,B12,2015
Temple,Amer,2015
Tennessee,SEC,2015
Tennessee Martin,OVC,2015
Tennessee St.,OVC,2015
Tennessee Tech,OVC,2015
Texas,B12,2015
Texas A&M,SEC,2015
Texas A&M Corpus Chris,Slnd,2015
Texas Pan American,WAC,2015
Texas Southern,SWAC,2015
Texas St.,SB,2015
Texas Tech,B12,2015
The Citadel,SC,2015
Toledo,MAC,2015
Towson,CAA,2015
Troy,SB,2015
Tulane,Amer,2015
Tulsa,Amer,2015
UAB,CUSA,2015
UC Davis,BW,2015
UC Irvine,BW,2015
UC Riverside,BW,2015
UC Santa Barbara,BW,2015
UCF,Amer,2015
UCLA,P12,2015
UMBC,AE,2015
UMKC,WAC,2015
UMass Lowell,AE,2015
UNC Asheville,BSth,2015
UNC Greensboro,SC,2015
UNC Wilmington,CAA,2015
UNLV,MWC,2015
USC,P12,2015
USC Upstate,ASun,2015
UT Arlington,SB,2015
UTEP,CUSA,2015
UTSA,CUSA,2015
Utah,P12,2015
Utah St.,MWC,2015
Utah Valley,WAC,2015
VCU,A10,2015
VMI,SC,2015
Valparaiso,Horz,2015
Vanderbilt,SEC,2015
Vermont,AE,2015
Villanova,BE,2015
Virginia,ACC,2015
Virginia Tech,ACC,2015
Wagner,NEC,2015
Wake Forest,ACC,2015
Washington,P12,2015
Washington St.,P12,2015
Weber St.,BSky,2015
West Virginia,B12,2015
Western Carolina,SC,2015
Western Illinois,Sum,2015
Western Kentucky,CUSA,2015
Western Michigan,MAC,2015
Wichita St.,MVC,2015
William & Mary,CAA,2015
Winthrop,BSth,2015
Wisconsin,B10,2015
Wofford,SC,2015
Wright St.,Horz,2015
Wyoming,MWC,2015
Xavier,BE,2015
Yale,Ivy,2015
Youngstown St.,Horz,2015
Abilene Christian,Slnd,2014
Air Force,MWC,2014
Akron,MAC,2014
Alabama,SEC,2014
Alabama A&M,SWAC,2014
Alabama St.,SWAC,2014
Albany,AE,2014
Alcorn St.,SWAC,2014
American,Pat,2014
Appalachian St.,SC,2014
Arizona,P12,2014
Arizona St.,P12,2014
Arkansas,SEC,2014
Arkansas Little Rock,SB,2014
Arkansas Pine Bluff,SWAC,2014
Arkansas St.,SB,2014
Army,Pat,2014
Auburn,SEC,2014
Austin Peay,OVC,2014
BYU,WCC,2014
Ball St.,MAC,2014
Baylor,B12,2014
Belmont,OVC,2014
Bethune Cookman,MEAC,2014
Binghamton,AE,2014
Boise St.,MWC,2014
Boston College,ACC,2014
Boston University,Pat,2014
Bowling Green,MAC,2014
Bradley,MVC,2014
Brown,Ivy,2014
Bryant,NEC,2014
Bucknell,Pat,2014
Buffalo,MAC,2014
Butler,BE,2014
Cal Poly,BW,2014
Cal St. Bakersfield,WAC,2014
Cal St. Fullerton,BW,2014
Cal St. Northridge,BW,2014
California,P12,2014
Campbell,BSth,2014
Canisius,MAAC,2014
Central Arkansas,Slnd,2014
Central Connecticut,NEC,2014
Central Michigan,MAC,2014
Charleston Southern,BSth,2014
Charlotte,CUSA,2014
Chattanooga,SC,2014
Chicago St.,WAC,2014
Cincinnati,Amer,2014
Clemson,ACC,2014
Cleveland St.,Horz,2014
Coastal Carolina,BSth,2014
Colgate,Pat,2014
College of Charleston,CAA,2014
Colorado,P12,2014
Colorado St.,MWC,2014
Columbia,Ivy,2014
Connecticut,Amer,2014
Coppin St.,MEAC,2014
Cornell,Ivy,2014
Creighton,BE,2014
Dartmouth,Ivy,2014
Davidson,SC,2014
Dayton,A10,2014
DePaul,BE,2014
Delaware,CAA,2014
Delaware St.,MEAC,2014
Denver,Sum,2014
Detroit,Horz,2014
Drake,MVC,2014
Drexel,CAA,2014
Duke,ACC,2014
Duquesne,A10,2014
East Carolina,CUSA,2014
East Tennessee St.,ASun,2014
Eastern Illinois,OVC,2014
Eastern Kentucky,OVC,2014
Eastern Michigan,MAC,2014
Eastern Washington,BSky,2014
Elon,SC,2014
Evansville,MVC,2014
FIU,CUSA,2014
Fairfield,MAAC,2014
Fairleigh Dickinson,NEC,2014
Florida,SEC,2014
Florida A&M,MEAC,2014
Florida Atlantic,CUSA,2014
Florida Gulf Coast,ASun,2014
Florida St.,ACC,2014
Fordham,A10,2014
Fresno St.,MWC,2014
Furman,SC,2014
Gardner Webb,BSth,2014
George Mason,A10,2014
George Washington,A10,2014
Georgetown,BE,2014
Georgia,SEC,2014
Georgia Southern,SC,2014
Georgia St.,SB,2014
Georgia Tech,ACC,2014
Gonzaga,WCC,2014
Grambling St.,SWAC,2014
Grand Canyon,WAC,2014
Green Bay,Horz,2014
Hampton,MEAC,2014
Hartford,AE,2014
Harvard,Ivy,2014
Hawaii,BW,2014
High Point,BSth,2014
Hofstra,CAA,2014
Holy Cross,Pat,2014
Houston,Amer,2014
Houston Baptist,Slnd,2014
Howard,MEAC,2014
IPFW,Sum,2014
IUPUI,Sum,2014
Idaho,WAC,2014
Idaho St.,BSky,2014
Illinois,B10,2014
Illinois Chicago,Horz,2014
Illinois St.,MVC,2014
Incarnate Word,Slnd,2014
Indiana,B10,2014
Indiana St.,MVC,2014
Iona,MAAC,2014
Iowa,B10,2014
Iowa St.,B12,2014
Jackson St.,SWAC,2014
Jacksonville,ASun,2014
Jacksonville St.,OVC,2014
James Madison,CAA,2014
Kansas,B12,2014
Kansas St.,B12,2014
Kennesaw St.,ASun,2014
Kent St.,MAC,2014
Kentucky,SEC,2014
LIU Brooklyn,NEC,2014
LSU,SEC,2014
La Salle,A10,2014
Lafayette,Pat,2014
Lamar,Slnd,2014
Lehigh,Pat,2014
Liberty,BSth,2014
Lipscomb,ASun,2014
Long Beach St.,BW,2014
Longwood,BSth,2014
Louisiana Lafayette,SB,2014
Louisiana Monroe,SB,2014
Louisiana Tech,CUSA,2014
Louisville,Amer,2014
Loyola Chicago,MVC,2014
Loyola MD,Pat,2014
Loyola Marymount,WCC,2014
Maine,AE,2014
Manhattan,MAAC,2014
Marist,MAAC,2014
Marquette,BE,2014
Marshall,CUSA,2014
Maryland,ACC,2014
Maryland Eastern Shore,MEAC,2014
Massachusetts,A10,2014
McNeese St.,Slnd,2014
Memphis,Amer,2014
Mercer,ASun,2014
Miami FL,ACC,2014
Miami OH,MAC,2014
Michigan,B10,2014
Michigan St.,B10,2014
Middle Tennessee,CUSA,2014
Milwaukee,Horz,2014
Minnesota,B10,2014
Mississippi,SEC,2014
Mississippi St.,SEC,2014
Mississippi Valley St.,SWAC,2014
Missouri,SEC,2014
Missouri St.,MVC,2014
Monmouth,MAAC,2014
Montana,BSky,2014
Montana St.,BSky,2014
Morehead St.,OVC,2014
Morgan St.,MEAC,2014
Mount St. Mary's,NEC,2014
Murray St.,OVC,2014
N.C. State,ACC,2014
NJIT,ind,2014
Navy,Pat,2014
Nebraska,B10,2014
Nebraska Omaha,Sum,2014
Nevada,MWC,2014
New Hampshire,AE,2014
New Mexico,MWC,2014
New Mexico St.,WAC,2014
New Orleans,Slnd,2014
Niagara,MAAC,2014
Nicholls St.,Slnd,2014
Norfolk St.,MEAC,2014
North Carolina,ACC,2014
North Carolina A&T,MEAC,2014
North Carolina Central,MEAC,2014
North Dakota,BSky,2014
North Dakota St.,Sum,2014
North Florida,ASun,2014
North Texas,CUSA,2014
Northeastern,CAA,2014
Northern Arizona,BSky,2014
Northern Colorado,BSky,2014
Northern Illinois,MAC,2014
Northern Iowa,MVC,2014
Northern Kentucky,ASun,2014
Northwestern,B10,2014
Northwestern St.,Slnd,2014
Notre Dame,ACC,2014
Oakland,Horz,2014
Ohio,MAC,2014
Ohio St.,B10,2014
Oklahoma,B12,2014
Oklahoma St.,B12,2014
Old Dominion,CUSA,2014
Oral Roberts,Slnd,2014
Oregon,P12,2014
Oregon St.,P12,2014
Pacific,WCC,2014
Penn,Ivy,2014
Penn St.,B10,2014
Pepperdine,WCC,2014
Pittsburgh,ACC,2014
Portland,WCC,2014
Portland St.,BSky,2014
Prairie View A&M,SWAC,2014
Presbyterian,BSth,2014
Princeton,Ivy,2014
Providence,BE,2014
Purdue,B10,2014
Quinnipiac,MAAC,2014
Radford,BSth,2014
Rhode Island,A10,2014
Rice,CUSA,2014
Richmond,A10,2014
Rider,MAAC,2014
Robert Morris,NEC,2014
Rutgers,Amer,2014
SIU Edwardsville,OVC,2014
SMU,Amer,2014
Sacramento St.,BSky,2014
Sacred Heart,NEC,2014
Saint Joseph's,A10,2014
Saint Louis,A10,2014
Saint Mary's,WCC,2014
Saint Peter's,MAAC,2014
Sam Houston St.,Slnd,2014
Samford,SC,2014
San Diego,WCC,2014
San Diego St.,MWC,2014
San Francisco,WCC,2014
San Jose St.,MWC,2014
Santa Clara,WCC,2014
Savannah St.,MEAC,2014
Seattle,WAC,2014
Seton Hall,BE,2014
Siena,MAAC,2014
South Alabama,SB,2014
South Carolina,SEC,2014
South Carolina St.,MEAC,2014
South Dakota,Sum,2014
South Dakota St.,Sum,2014
South Florida,Amer,2014
Southeast Missouri St.,OVC,2014
Southeastern Louisiana,Slnd,2014
Southern,SWAC,2014
Southern Illinois,MVC,2014
Southern Miss,CUSA,2014
Southern Utah,BSky,2014
St. Bonaventure,A10,2014
St. Francis NY,NEC,2014
St. Francis PA,NEC,2014
St. John's,BE,2014
Stanford,P12,2014
Stephen F. Austin,Slnd,2014
Stetson,ASun,2014
Stony Brook,AE,2014
Syracuse,ACC,2014
TCU,B12,2014
Temple,Amer,2014
Tennessee,SEC,2014
Tennessee Martin,OVC,2014
Tennessee St.,OVC,2014
Tennessee Tech,OVC,2014
Texas,B12,2014
Texas A&M,SEC,2014
Texas A&M Corpus Chris,Slnd,2014
Texas Pan American,WAC,2014
Texas Southern,SWAC,2014
Texas St.,SB,2014
Texas Tech,B12,2014
The Citadel,SC,2014
Toledo,MAC,2014
Towson,CAA,2014
Troy,SB,2014
Tulane,CUSA,2014
Tulsa,CUSA,2014
UAB,CUSA,2014
UC Davis,BW,2014
UC Irvine,BW,2014
UC Riverside,BW,2014
UC Santa Barbara,BW,2014
UCF,Amer,2014
UCLA,P12,2014
UMBC,AE,2014
UMKC,WAC,2014
UMass Lowell,AE,2014
UNC Asheville,BSth,2014
UNC Greensboro,SC,2014
UNC Wilmington,CAA,2014
UNLV,MWC,2014
USC,P12,2014
USC Upstate,ASun,2014
UT Arlington,SB,2014
UTEP,CUSA,2014
UTSA,CUSA,2014
Utah,P12,2014
Utah St.,MWC,2014
Utah Valley,WAC,2014
VCU,A10,2014
VMI,BSth,2014
Valparaiso,Horz,2014
Vanderbilt,SEC,2014
Vermont,AE,2014
Villanova,BE,2014
Virginia,ACC,2014
Virginia Tech,ACC,2014
Wagner,NEC,2014
Wake Forest,ACC,2014
Washington,P12,2014
Washington St.,P12,2014
Weber St.,BSky,2014
West Virginia,B12,2014
Western Carolina,SC,2014
Western Illinois,Sum,2014
Western Kentucky,SB,2014
Western Michigan,MAC,2014
Wichita St.,MVC,2014
William & Mary,CAA,2014
Winthrop,BSth,2014
Wisconsin,B10,2014
Wofford,SC,2014
Wright St.,Horz,2014
Wyoming,MWC,2014
Xavier,BE,2014
Yale,Ivy,2014
Youngstown St.,Horz,2014
Air Force,MWC,2013
Akron,MAC,2013
Alabama,SEC,2013
Alabama A&M,SWAC,2013
Alabama St.,SWAC,2013
Albany,AE,2013
Alcorn St.,SWAC,2013
American,Pat,2013
Appalachian St.,SC,2013
Arizona,P12,2013
Arizona St.,P12,2013
Arkansas,SEC,2013
Arkansas Little Rock,SB,2013
Arkansas Pine Bluff,SWAC,2013
Arkansas St.,SB,2013
Army,Pat,2013
Auburn,SEC,2013
Austin Peay,OVC,2013
BYU,WCC,2013
Ball St.,MAC,2013
Baylor,B12,2013
Belmont,OVC,2013
Bethune Cookman,MEAC,2013
Binghamton,AE,2013
Boise St.,MWC,2013
Boston College,ACC,2013
Boston University,AE,2013
Bowling Green,MAC,2013
Bradley,MVC,2013
Brown,Ivy,2013
Bryant,NEC,2013
Bucknell,Pat,2013
Buffalo,MAC,2013
Butler,A10,2013
Cal Poly,BW,2013
Cal St. Bakersfield,ind,2013
Cal St. Fullerton,BW,2013
Cal St. Northridge,BW,2013
California,P12,2013
Campbell,BSth,2013
Canisius,MAAC,2013
Central Arkansas,Slnd,2013
Central Connecticut,NEC,2013
Central Michigan,MAC,2013
Charleston Southern,BSth,2013
Charlotte,A10,2013
Chattanooga,SC,2013
Chicago St.,GWC,2013
Cincinnati,BE,2013
Clemson,ACC,2013
Cleveland St.,Horz,2013
Coastal Carolina,BSth,2013
Colgate,Pat,2013
College of Charleston,SC,2013
Colorado,P12,2013
Colorado St.,MWC,2013
Columbia,Ivy,2013
Connecticut,BE,2013
Coppin St.,MEAC,2013
Cornell,Ivy,2013
Creighton,MVC,2013
Dartmouth,Ivy,2013
Davidson,SC,2013
Dayton,A10,2013
DePaul,BE,2013
Delaware,CAA,2013
Delaware St.,MEAC,2013
Denver,WAC,2013
Detroit,Horz,2013
Drake,MVC,2013
Drexel,CAA,2013
Duke,ACC,2013
Duquesne,A10,2013
East Carolina,CUSA,2013
East Tennessee St.,ASun,2013
Eastern Illinois,OVC,2013
Eastern Kentucky,OVC,2013
Eastern Michigan,MAC,2013
Eastern Washington,BSky,2013
Elon,SC,2013
Evansville,MVC,2013
FIU,SB,2013
Fairfield,MAAC,2013
Fairleigh Dickinson,NEC,2013
Florida,SEC,2013
Florida A&M,MEAC,2013
Florida Atlantic,SB,2013
Florida Gulf Coast,ASun,2013
Florida St.,ACC,2013
Fordham,A10,2013
Fresno St.,MWC,2013
Furman,SC,2013
Gardner Webb,BSth,2013
George Mason,CAA,2013
George Washington,A10,2013
Georgetown,BE,2013
Georgia,SEC,2013
Georgia Southern,SC,2013
Georgia St.,CAA,2013
Georgia Tech,ACC,2013
Gonzaga,WCC,2013
Grambling St.,SWAC,2013
Green Bay,Horz,2013
Hampton,MEAC,2013
Hartford,AE,2013
Harvard,Ivy,2013
Hawaii,BW,2013
High Point,BSth,2013
Hofstra,CAA,2013
Holy Cross,Pat,2013
Houston,CUSA,2013
Houston Baptist,GWC,2013
Howard,MEAC,2013
IPFW,Sum,2013
IUPUI,Sum,2013
Idaho,WAC,2013
Idaho St.,BSky,2013
Illinois,B10,2013
Illinois Chicago,Horz,2013
Illinois St.,MVC,2013
Indiana,B10,2013
Indiana St.,MVC,2013
Iona,MAAC,2013
Iowa,B10,2013
Iowa St.,B12,2013
Jackson St.,SWAC,2013
Jacksonville,ASun,2013
Jacksonville St.,OVC,2013
James Madison,CAA,2013
Kansas,B12,2013
Kansas St.,B12,2013
Kennesaw St.,ASun,2013
Kent St.,MAC,2013
Kentucky,SEC,2013
LIU Brooklyn,NEC,2013
LSU,SEC,2013
La Salle,A10,2013
Lafayette,Pat,2013
Lamar,Slnd,2013
Lehigh,Pat,2013
Liberty,BSth,2013
Lipscomb,ASun,2013
Long Beach St.,BW,2013
Longwood,BSth,2013
Louisiana Lafayette,SB,2013
Louisiana Monroe,SB,2013
Louisiana Tech,WAC,2013
Louisville,BE,2013
Loyola Chicago,Horz,2013
Loyola MD,MAAC,2013
Loyola Marymount,WCC,2013
Maine,AE,2013
Manhattan,MAAC,2013
Marist,MAAC,2013
Marquette,BE,2013
Marshall,CUSA,2013
Maryland,ACC,2013
Maryland Eastern Shore,MEAC,2013
Massachusetts,A10,2013
McNeese St.,Slnd,2013
Memphis,CUSA,2013
Mercer,ASun,2013
Miami FL,ACC,2013
Miami OH,MAC,2013
Michigan,B10,2013
Michigan St.,B10,2013
Middle Tennessee,SB,2013
Milwaukee,Horz,2013
Minnesota,B10,2013
Mississippi,SEC,2013
Mississippi St.,SEC,2013
Mississippi Valley St.,SWAC,2013
Missouri,SEC,2013
Missouri St.,MVC,2013
Monmouth,NEC,2013
Montana,BSky,2013
Montana St.,BSky,2013
Morehead St.,OVC,2013
Morgan St.,MEAC,2013
Mount St. Mary's,NEC,2013
Murray St.,OVC,2013
N.C. State,ACC,2013
NJIT,GWC,2013
Navy,Pat,2013
Nebraska,B10,2013
Nebraska Omaha,Sum,2013
Nevada,MWC,2013
New Hampshire,AE,2013
New Mexico,MWC,2013
New Mexico St.,WAC,2013
New Orleans,ind,2013
Niagara,MAAC,2013
Nicholls St.,Slnd,2013
Norfolk St.,MEAC,2013
North Carolina,ACC,2013
North Carolina A&T,MEAC,2013
North Carolina Central,MEAC,2013
North Dakota,BSky,2013
North Dakota St.,Sum,2013
North Florida,ASun,2013
North Texas,SB,2013
Northeastern,CAA,2013
Northern Arizona,BSky,2013
Northern Colorado,BSky,2013
Northern Illinois,MAC,2013
Northern Iowa,MVC,2013
Northern Kentucky,ASun,2013
Northwestern,B10,2013
Northwestern St.,Slnd,2013
Notre Dame,BE,2013
Oakland,Sum,2013
Ohio,MAC,2013
Ohio St.,B10,2013
Oklahoma,B12,2013
Oklahoma St.,B12,2013
Old Dominion,CAA,2013
Oral Roberts,Slnd,2013
Oregon,P12,2013
Oregon St.,P12,2013
Pacific,BW,2013
Penn,Ivy,2013
Penn St.,B10,2013
Pepperdine,WCC,2013
Pittsburgh,BE,2013
Portland,WCC,2013
Portland St.,BSky,2013
Prairie View A&M,SWAC,2013
Presbyterian,BSth,2013
Princeton,Ivy,2013
Providence,BE,2013
Purdue,B10,2013
Quinnipiac,NEC,2013
Radford,BSth,2013
Rhode Island,A10,2013
Rice,CUSA,2013
Richmond,A10,2013
Rider,MAAC,2013
Robert Morris,NEC,2013
Rutgers,BE,2013
SIU Edwardsville,OVC,2013
SMU,CUSA,2013
Sacramento St.,BSky,2013
Sacred Heart,NEC,2013
Saint Joseph's,A10,2013
Saint Louis,A10,2013
Saint Mary's,WCC,2013
Saint Peter's,MAAC,2013
Sam Houston St.,Slnd,2013
Samford,SC,2013
San Diego,WCC,2013
San Diego St.,MWC,2013
San Francisco,WCC,2013
San Jose St.,WAC,2013
Santa Clara,WCC,2013
Savannah St.,MEAC,2013
Seattle,WAC,2013
Seton Hall,BE,2013
Siena,MAAC,2013
South Alabama,SB,2013
South Carolina,SEC,2013
South Carolina St.,MEAC,2013
South Dakota,Sum,2013
South Dakota St.,Sum,2013
South Florida,BE,2013
Southeast Missouri St.,OVC,2013
Southeastern Louisiana,Slnd,2013
Southern,SWAC,2013
Southern Illinois,MVC,2013
Southern Miss,CUSA,2013
Southern Utah,BSky,2013
St. Bonaventure,A10,2013
St. Francis NY,NEC,2013
St. Francis PA,NEC,2013
St. John's,BE,2013
Stanford,P12,2013
Stephen F. Austin,Slnd,2013
Stetson,ASun,2013
Stony Brook,AE,2013
Syracuse,BE,2013
TCU,B12,2013
Temple,A10,2013
Tennessee,SEC,2013
Tennessee Martin,OVC,2013
Tennessee St.,OVC,2013
Tennessee Tech,OVC,2013
Texas,B12,2013
Texas A&M,SEC,2013
Texas A&M Corpus Chris,Slnd,2013
Texas Pan American,GWC,2013
Texas Southern,SWAC,2013
Texas St.,WAC,2013
Texas Tech,B12,2013
The Citadel,SC,2013
Toledo,MAC,2013
Towson,CAA,2013
Troy,SB,2013
Tulane,CUSA,2013
Tulsa,CUSA,2013
UAB,CUSA,2013
UC Davis,BW,2013
UC Irvine,BW,2013
UC Riverside,BW,2013
UC Santa Barbara,BW,2013
UCF,CUSA,2013
UCLA,P12,2013
UMBC,AE,2013
UMKC,Sum,2013
UNC Asheville,BSth,2013
UNC Greensboro,SC,2013
UNC Wilmington,CAA,2013
UNLV,MWC,2013
USC,P12,2013
USC Upstate,ASun,2013
UT Arlington,WAC,2013
UTEP,CUSA,2013
UTSA,WAC,2013
Utah,P12,2013
Utah St.,WAC,2013
Utah Valley,GWC,2013
VCU,A10,2013
VMI,BSth,2013
Valparaiso,Horz,2013
Vanderbilt,SEC,2013
Vermont,AE,2013
Villanova,BE,2013
Virginia,ACC,2013
Virginia Tech,ACC,2013
Wagner,NEC,2013
Wake Forest,ACC,2013
Washington,P12,2013
Washington St.,P12,2013
Weber St.,BSky,2013
West Virginia,B12,2013
Western Carolina,SC,2013
Western Illinois,Sum,2013
Western Kentucky,SB,2013
Western Michigan,MAC,2013
Wichita St.,MVC,2013
William & Mary,CAA,2013
Winthrop,BSth,2013
Wisconsin,B10,2013
Wofford,SC,2013
Wright St.,Horz,2013
Wyoming,MWC,2013
Xavier,A10,2013
Yale,Ivy,2013
Youngstown St.,Horz,2013
Air Force,MWC,2012
Akron,MAC,2012
Alabama,SEC,2012
Alabama A&M,SWAC,2012
Alabama St.,SWAC,2012
Albany,AE,2012
Alcorn St.,SWAC,2012
American,Pat,2012
Appalachian St.,SC,2012
Arizona,P12,2012
Arizona St.,P12,2012
Arkansas,SEC,2012
Arkansas Little Rock,SB,2012
Arkansas Pine Bluff,SWAC,2012
Arkansas St.,SB,2012
Army,Pat,2012
Auburn,SEC,2012
Austin Peay,OVC,2012
BYU,WCC,2012
Ball St.,MAC,2012
Baylor,B12,2012
Belmont,ASun,2012
Bethune Cookman,MEAC,2012
Binghamton,AE,2012
Boise St.,MWC,2012
Boston College,ACC,2012
Boston University,AE,2012
Bowling Green,MAC,2012
Bradley,MVC,2012
Brown,Ivy,2012
Bryant,NEC,2012
Bucknell,Pat,2012
Buffalo,MAC,2012
Butler,Horz,2012
Cal Poly,BW,2012
Cal St. Bakersfield,ind,2012
Cal St. Fullerton,BW,2012
Cal St. Northridge,BW,2012
California,P12,2012
Campbell,BSth,2012
Canisius,MAAC,2012
Central Arkansas,Slnd,2012
Central Connecticut,NEC,2012
Central Michigan,MAC,2012
Charleston Southern,BSth,2012
Charlotte,A10,2012
Chattanooga,SC,2012
Chicago St.,GWC,2012
Cincinnati,BE,2012
Clemson,ACC,2012
Cleveland St.,Horz,2012
Coastal Carolina,BSth,2012
Colgate,Pat,2012
College of Charleston,SC,2012
Colorado,P12,2012
Colorado St.,MWC,2012
Columbia,Ivy,2012
Connecticut,BE,2012
Coppin St.,MEAC,2012
Cornell,Ivy,2012
Creighton,MVC,2012
Dartmouth,Ivy,2012
Davidson,SC,2012
Dayton,A10,2012
DePaul,BE,2012
Delaware,CAA,2012
Delaware St.,MEAC,2012
Denver,SB,2012
Detroit,Horz,2012
Drake,MVC,2012
Drexel,CAA,2012
Duke,ACC,2012
Duquesne,A10,2012
East Carolina,CUSA,2012
East Tennessee St.,ASun,2012
Eastern Illinois,OVC,2012
Eastern Kentucky,OVC,2012
Eastern Michigan,MAC,2012
Eastern Washington,BSky,2012
Elon,SC,2012
Evansville,MVC,2012
FIU,SB,2012
Fairfield,MAAC,2012
Fairleigh Dickinson,NEC,2012
Florida,SEC,2012
Florida A&M,MEAC,2012
Florida Atlantic,SB,2012
Florida Gulf Coast,ASun,2012
Florida St.,ACC,2012
Fordham,A10,2012
Fresno St.,WAC,2012
Furman,SC,2012
Gardner Webb,BSth,2012
George Mason,CAA,2012
George Washington,A10,2012
Georgetown,BE,2012
Georgia,SEC,2012
Georgia Southern,SC,2012
Georgia St.,CAA,2012
Georgia Tech,ACC,2012
Gonzaga,WCC,2012
Grambling St.,SWAC,2012
Green Bay,Horz,2012
Hampton,MEAC,2012
Hartford,AE,2012
Harvard,Ivy,2012
Hawaii,WAC,2012
High Point,BSth,2012
Hofstra,CAA,2012
Holy Cross,Pat,2012
Houston,CUSA,2012
Houston Baptist,GWC,2012
Howard,MEAC,2012
IPFW,Sum,2012
IUPUI,Sum,2012
Idaho,WAC,2012
Idaho St.,BSky,2012
Illinois,B10,2012
Illinois Chicago,Horz,2012
Illinois St.,MVC,2012
Indiana,B10,2012
Indiana St.,MVC,2012
Iona,MAAC,2012
Iowa,B10,2012
Iowa St.,B12,2012
Jackson St.,SWAC,2012
Jacksonville,ASun,2012
Jacksonville St.,OVC,2012
James Madison,CAA,2012
Kansas,B12,2012
Kansas St.,B12,2012
Kennesaw St.,ASun,2012
Kent St.,MAC,2012
Kentucky,SEC,2012
LIU Brooklyn,NEC,2012
LSU,SEC,2012
La Salle,A10,2012
Lafayette,Pat,2012
Lamar,Slnd,2012
Lehigh,Pat,2012
Liberty,BSth,2012
Lipscomb,ASun,2012
Long Beach St.,BW,2012
Longwood,ind,2012
Louisiana Lafayette,SB,2012
Louisiana Monroe,SB,2012
Louisiana Tech,WAC,2012
Louisville,BE,2012
Loyola Chicago,Horz,2012
Loyola MD,MAAC,2012
Loyola Marymount,WCC,2012
Maine,AE,2012
Manhattan,MAAC,2012
Marist,MAAC,2012
Marquette,BE,2012
Marshall,CUSA,2012
Maryland,ACC,2012
Maryland Eastern Shore,MEAC,2012
Massachusetts,A10,2012
McNeese St.,Slnd,2012
Memphis,CUSA,2012
Mercer,ASun,2012
Miami FL,ACC,2012
Miami OH,MAC,2012
Michigan,B10,2012
Michigan St.,B10,2012
Middle Tennessee,SB,2012
Milwaukee,Horz,2012
Minnesota,B10,2012
Mississippi,SEC,2012
Mississippi St.,SEC,2012
Mississippi Valley St.,SWAC,2012
Missouri,B12,2012
Missouri St.,MVC,2012
Monmouth,NEC,2012
Montana,BSky,2012
Montana St.,BSky,2012
Morehead St.,OVC,2012
Morgan St.,MEAC,2012
Mount St. Mary's,NEC,2012
Murray St.,OVC,2012
N.C. State,ACC,2012
NJIT,GWC,2012
Navy,Pat,2012
Nebraska,B10,2012
Nebraska Omaha,ind,2012
Nevada,WAC,2012
New Hampshire,AE,2012
New Mexico,MWC,2012
New Mexico St.,WAC,2012
Niagara,MAAC,2012
Nicholls St.,Slnd,2012
Norfolk St.,MEAC,2012
North Carolina,ACC,2012
North Carolina A&T,MEAC,2012
North Carolina Central,MEAC,2012
North Dakota,GWC,2012
North Dakota St.,Sum,2012
North Florida,ASun,2012
North Texas,SB,2012
Northeastern,CAA,2012
Northern Arizona,BSky,2012
Northern Colorado,BSky,2012
Northern Illinois,MAC,2012
Northern Iowa,MVC,2012
Northwestern,B10,2012
Northwestern St.,Slnd,2012
Notre Dame,BE,2012
Oakland,Sum,2012
Ohio,MAC,2012
Ohio St.,B10,2012
Oklahoma,B12,2012
Oklahoma St.,B12,2012
Old Dominion,CAA,2012
Oral Roberts,Sum,2012
Oregon,P12,2012
Oregon St.,P12,2012
Pacific,BW,2012
Penn,Ivy,2012
Penn St.,B10,2012
Pepperdine,WCC,2012
Pittsburgh,BE,2012
Portland,WCC,2012
Portland St.,BSky,2012
Prairie View A&M,SWAC,2012
Presbyterian,BSth,2012
Princeton,Ivy,2012
Providence,BE,2012
Purdue,B10,2012
Quinnipiac,NEC,2012
Radford,BSth,2012
Rhode Island,A10,2012
Rice,CUSA,2012
Richmond,A10,2012
Rider,MAAC,2012
Robert Morris,NEC,2012
Rutgers,BE,2012
SIU Edwardsville,OVC,2012
SMU,CUSA,2012
Sacramento St.,BSky,2012
Sacred Heart,NEC,2012
Saint Joseph's,A10,2012
Saint Louis,A10,2012
Saint Mary's,WCC,2012
Saint Peter's,MAAC,2012
Sam Houston St.,Slnd,2012
Samford,SC,2012
San Diego,WCC,2012
San Diego St.,MWC,2012
San Francisco,WCC,2012
San Jose St.,WAC,2012
Santa Clara,WCC,2012
Savannah St.,MEAC,2012
Seattle,ind,2012
Seton Hall,BE,2012
Siena,MAAC,2012
South Alabama,SB,2012
South Carolina,SEC,2012
South Carolina St.,MEAC,2012
South Dakota,Sum,2012
South Dakota St.,Sum,2012
South Florida,BE,2012
Southeast Missouri St.,OVC,2012
Southeastern Louisiana,Slnd,2012
Southern,SWAC,2012
Southern Illinois,MVC,2012
Southern Miss,CUSA,2012
Southern Utah,Sum,2012
St. Bonaventure,A10,2012
St. Francis NY,NEC,2012
St. Francis PA,NEC,2012
St. John's,BE,2012
Stanford,P12,2012
Stephen F. Austin,Slnd,2012
Stetson,ASun,2012
Stony Brook,AE,2012
Syracuse,BE,2012
TCU,MWC,2012
Temple,A10,2012
Tennessee,SEC,2012
Tennessee Martin,OVC,2012
Tennessee St.,OVC,2012
Tennessee Tech,OVC,2012
Texas,B12,2012
Texas A&M,B12,2012
Texas A&M Corpus Chris,Slnd,2012
Texas Pan American,GWC,2012
Texas Southern,SWAC,2012
Texas St.,Slnd,2012
Texas Tech,B12,2012
The Citadel,SC,2012
Toledo,MAC,2012
Towson,CAA,2012
Troy,SB,2012
Tulane,CUSA,2012
Tulsa,CUSA,2012
UAB,CUSA,2012
UC Davis,BW,2012
UC Irvine,BW,2012
UC Riverside,BW,2012
UC Santa Barbara,BW,2012
UCF,CUSA,2012
UCLA,P12,2012
UMBC,AE,2012
UMKC,Sum,2012
UNC Asheville,BSth,2012
UNC Greensboro,SC,2012
UNC Wilmington,CAA,2012
UNLV,MWC,2012
USC,P12,2012
USC Upstate,ASun,2012
UT Arlington,Slnd,2012
UTEP,CUSA,2012
UTSA,Slnd,2012
Utah,P12,2012
Utah St.,WAC,2012
Utah Valley,GWC,2012
VCU,CAA,2012
VMI,BSth,2012
Valparaiso,Horz,2012
Vanderbilt,SEC,2012
Vermont,AE,2012
Villanova,BE,2012
Virginia,ACC,2012
Virginia Tech,ACC,2012
Wagner,NEC,2012
Wake Forest,ACC,2012
Washington,P12,2012
Washington St.,P12,2012
Weber St.,BSky,2012
West Virginia,BE,2012
Western Carolina,SC,2012
Western Illinois,Sum,2012
Western Kentucky,SB,2012
Western Michigan,MAC,2012
Wichita St.,MVC,2012
William & Mary,CAA,2012
Winthrop,BSth,2012
Wisconsin,B10,2012
Wofford,SC,2012
Wright St.,Horz,2012
Wyoming,MWC,2012
Xavier,A10,2012
Yale,Ivy,2012
Youngstown St.,Horz,2012
Air Force,MWC,2011
Akron,MAC,2011
Alabama,SEC,2011
Alabama A&M,SWAC,2011
Alabama St.,SWAC,2011
Albany,AE,2011
Alcorn St.,SWAC,2011
American,Pat,2011
Appalachian St.,SC,2011
Arizona,P10,2011
Arizona St.,P10,2011
Arkansas,SEC,2011
Arkansas Little Rock,SB,2011
Arkansas Pine Bluff,SWAC,2011
Arkansas St.,SB,2011
Army,Pat,2011
Auburn,SEC,2011
Austin Peay,OVC,2011
BYU,MWC,2011
Ball St.,MAC,2011
Baylor,B12,2011
Belmont,ASun,2011
Bethune Cookman,MEAC,2011
Binghamton,AE,2011
Boise St.,WAC,2011
Boston College,ACC,2011
Boston University,AE,2011
Bowling Green,MAC,2011
Bradley,MVC,2011
Brown,Ivy,2011
Bryant,NEC,2011
Bucknell,Pat,2011
Buffalo,MAC,2011
Butler,Horz,2011
Cal Poly,BW,2011
Cal St. Bakersfield,ind,2011
Cal St. Fullerton,BW,2011
Cal St. Northridge,BW,2011
California,P10,2011
Campbell,ASun,2011
Canisius,MAAC,2011
Centenary,Sum,2011
Central Arkansas,Slnd,2011
Central Connecticut,NEC,2011
Central Michigan,MAC,2011
Charleston Southern,BSth,2011
Charlotte,A10,2011
Chattanooga,SC,2011
Chicago St.,GWC,2011
Cincinnati,BE,2011
Clemson,ACC,2011
Cleveland St.,Horz,2011
Coastal Carolina,BSth,2011
Colgate,Pat,2011
College of Charleston,SC,2011
Colorado,B12,2011
Colorado St.,MWC,2011
Columbia,Ivy,2011
Connecticut,BE,2011
Coppin St.,MEAC,2011
Cornell,Ivy,2011
Creighton,MVC,2011
Dartmouth,Ivy,2011
Davidson,SC,2011
Dayton,A10,2011
DePaul,BE,2011
Delaware,CAA,2011
Delaware St.,MEAC,2011
Denver,SB,2011
Detroit,Horz,2011
Drake,MVC,2011
Drexel,CAA,2011
Duke,ACC,2011
Duquesne,A10,2011
East Carolina,CUSA,2011
East Tennessee St.,ASun,2011
Eastern Illinois,OVC,2011
Eastern Kentucky,OVC,2011
Eastern Michigan,MAC,2011
Eastern Washington,BSky,2011
Elon,SC,2011
Evansville,MVC,2011
FIU,SB,2011
Fairfield,MAAC,2011
Fairleigh Dickinson,NEC,2011
Florida,SEC,2011
Florida A&M,MEAC,2011
Florida Atlantic,SB,2011
Florida Gulf Coast,ASun,2011
Florida St.,ACC,2011
Fordham,A10,2011
Fresno St.,WAC,2011
Furman,SC,2011
Gardner Webb,BSth,2011
George Mason,CAA,2011
George Washington,A10,2011
Georgetown,BE,2011
Georgia,SEC,2011
Georgia Southern,SC,2011
Georgia St.,CAA,2011
Georgia Tech,ACC,2011
Gonzaga,WCC,2011
Grambling St.,SWAC,2011
Green Bay,Horz,2011
Hampton,MEAC,2011
Hartford,AE,2011
Harvard,Ivy,2011
Hawaii,WAC,2011
High Point,BSth,2011
Hofstra,CAA,2011
Holy Cross,Pat,2011
Houston,CUSA,2011
Houston Baptist,GWC,2011
Howard,MEAC,2011
IPFW,Sum,2011
IUPUI,Sum,2011
Idaho,WAC,2011
Idaho St.,BSky,2011
Illinois,B10,2011
Illinois Chicago,Horz,2011
Illinois St.,MVC,2011
Indiana,B10,2011
Indiana St.,MVC,2011
Iona,MAAC,2011
Iowa,B10,2011
Iowa St.,B12,2011
Jackson St.,SWAC,2011
Jacksonville,ASun,2011
Jacksonville St.,OVC,2011
James Madison,CAA,2011
Kansas,B12,2011
Kansas St.,B12,2011
Kennesaw St.,ASun,2011
Kent St.,MAC,2011
Kentucky,SEC,2011
LIU Brooklyn,NEC,2011
LSU,SEC,2011
La Salle,A10,2011
Lafayette,Pat,2011
Lamar,Slnd,2011
Lehigh,Pat,2011
Liberty,BSth,2011
Lipscomb,ASun,2011
Long Beach St.,BW,2011
Longwood,ind,2011
Louisiana Lafayette,SB,2011
Louisiana Monroe,SB,2011
Louisiana Tech,WAC,2011
Louisville,BE,2011
Loyola Chicago,Horz,2011
Loyola MD,MAAC,2011
Loyola Marymount,WCC,2011
Maine,AE,2011
Manhattan,MAAC,2011
Marist,MAAC,2011
Marquette,BE,2011
Marshall,CUSA,2011
Maryland,ACC,2011
Maryland Eastern Shore,MEAC,2011
Massachusetts,A10,2011
McNeese St.,Slnd,2011
Memphis,CUSA,2011
Mercer,ASun,2011
Miami FL,ACC,2011
Miami OH,MAC,2011
Michigan,B10,2011
Michigan St.,B10,2011
Middle Tennessee,SB,2011
Milwaukee,Horz,2011
Minnesota,B10,2011
Mississippi,SEC,2011
Mississippi St.,SEC,2011
Mississippi Valley St.,SWAC,2011
Missouri,B12,2011
Missouri St.,MVC,2011
Monmouth,NEC,2011
Montana,BSky,2011
Montana St.,BSky,2011
Morehead St.,OVC,2011
Morgan St.,MEAC,2011
Mount St. Mary's,NEC,2011
Murray St.,OVC,2011
N.C. State,ACC,2011
NJIT,GWC,2011
Navy,Pat,2011
Nebraska,B12,2011
Nevada,WAC,2011
New Hampshire,AE,2011
New Mexico,MWC,2011
New Mexico St.,WAC,2011
Niagara,MAAC,2011
Nicholls St.,Slnd,2011
Norfolk St.,MEAC,2011
North Carolina,ACC,2011
North Carolina A&T,MEAC,2011
North Carolina Central,ind,2011
North Dakota,GWC,2011
North Dakota St.,Sum,2011
North Florida,ASun,2011
North Texas,SB,2011
Northeastern,CAA,2011
Northern Arizona,BSky,2011
Northern Colorado,BSky,2011
Northern Illinois,MAC,2011
Northern Iowa,MVC,2011
Northwestern,B10,2011
Northwestern St.,Slnd,2011
Notre Dame,BE,2011
Oakland,Sum,2011
Ohio,MAC,2011
Ohio St.,B10,2011
Oklahoma,B12,2011
Oklahoma St.,B12,2011
Old Dominion,CAA,2011
Oral Roberts,Sum,2011
Oregon,P10,2011
Oregon St.,P10,2011
Pacific,BW,2011
Penn,Ivy,2011
Penn St.,B10,2011
Pepperdine,WCC,2011
Pittsburgh,BE,2011
Portland,WCC,2011
Portland St.,BSky,2011
Prairie View A&M,SWAC,2011
Presbyterian,BSth,2011
Princeton,Ivy,2011
Providence,BE,2011
Purdue,B10,2011
Quinnipiac,NEC,2011
Radford,BSth,2011
Rhode Island,A10,2011
Rice,CUSA,2011
Richmond,A10,2011
Rider,MAAC,2011
Robert Morris,NEC,2011
Rutgers,BE,2011
SIU Edwardsville,ind,2011
SMU,CUSA,2011
Sacramento St.,BSky,2011
Sacred Heart,NEC,2011
Saint Joseph's,A10,2011
Saint Louis,A10,2011
Saint Mary's,WCC,2011
Saint Peter's,MAAC,2011
Sam Houston St.,Slnd,2011
Samford,SC,2011
San Diego,WCC,2011
San Diego St.,MWC,2011
San Francisco,WCC,2011
San Jose St.,WAC,2011
Santa Clara,WCC,2011
Savannah St.,ind,2011
Seattle,ind,2011
Seton Hall,BE,2011
Siena,MAAC,2011
South Alabama,SB,2011
South Carolina,SEC,2011
South Carolina St.,MEAC,2011
South Dakota,GWC,2011
South Dakota St.,Sum,2011
South Florida,BE,2011
Southeast Missouri St.,OVC,2011
Southeastern Louisiana,Slnd,2011
Southern,SWAC,2011
Southern Illinois,MVC,2011
Southern Miss,CUSA,2011
Southern Utah,Sum,2011
St. Bonaventure,A10,2011
St. Francis NY,NEC,2011
St. Francis PA,NEC,2011
St. John's,BE,2011
Stanford,P10,2011
Stephen F. Austin,Slnd,2011
Stetson,ASun,2011
Stony Brook,AE,2011
Syracuse,BE,2011
TCU,MWC,2011
Temple,A10,2011
Tennessee,SEC,2011
Tennessee Martin,OVC,2011
Tennessee St.,OVC,2011
Tennessee Tech,OVC,2011
Texas,B12,2011
Texas A&M,B12,2011
Texas A&M Corpus Chris,Slnd,2011
Texas Pan American,GWC,2011
Texas Southern,SWAC,2011
Texas St.,Slnd,2011
Texas Tech,B12,2011
The Citadel,SC,2011
Toledo,MAC,2011
Towson,CAA,2011
Troy,SB,2011
Tulane,CUSA,2011
Tulsa,CUSA,2011
UAB,CUSA,2011
UC Davis,BW,2011
UC Irvine,BW,2011
UC Riverside,BW,2011
UC Santa Barbara,BW,2011
UCF,CUSA,2011
UCLA,P10,2011
UMBC,AE,2011
UMKC,Sum,2011
UNC Asheville,BSth,2011
UNC Greensboro,SC,2011
UNC Wilmington,CAA,2011
UNLV,MWC,2011
USC,P10,2011
USC Upstate,ASun,2011
UT Arlington,Slnd,2011
UTEP,CUSA,2011
UTSA,Slnd,2011
Utah,MWC,2011
Utah St.,WAC,2011
Utah Valley,GWC,2011
VCU,CAA,2011
VMI,BSth,2011
Valparaiso,Horz,2011
Vanderbilt,SEC,2011
Vermont,AE,2011
Villanova,BE,2011
Virginia,ACC,2011
Virginia Tech,ACC,2011
Wagner,NEC,2011
Wake Forest,ACC,2011
Washington,P10,2011
Washington St.,P10,2011
Weber St.,BSky,2011
West Virginia,BE,2011
Western Carolina,SC,2011
Western Illinois,Sum,2011
Western Kentucky,SB,2011
Western Michigan,MAC,2011
Wichita St.,MVC,2011
William & Mary,CAA,2011
Winthrop,BSth,2011
Wisconsin,B10,2011
Wofford,SC,2011
Wright St.,Horz,2011
Wyoming,MWC,2011
Xavier,A10,2011
Yale,Ivy,2011
Youngstown St.,Horz,2011
Air Force,MWC,2010
Akron,MAC,2010
Alabama,SEC,2010
Alabama A&M,SWAC,2010
Alabama St.,SWAC,2010
Albany,AE,2010
Alcorn St.,SWAC,2010
American,Pat,2010
Appalachian St.,SC,2010
Arizona,P10,2010
Arizona St.,P10,2010
Arkansas,SEC,2010
Arkansas Little Rock,SB,2010
Arkansas Pine Bluff,SWAC,2010
Arkansas St.,SB,2010
Army,Pat,2010
Auburn,SEC,2010
Austin Peay,OVC,2010
BYU,MWC,2010
Ball St.,MAC,2010
Baylor,B12,2010
Belmont,ASun,2010
Bethune Cookman,MEAC,2010
Binghamton,AE,2010
Boise St.,WAC,2010
Boston College,ACC,2010
Boston University,AE,2010
Bowling Green,MAC,2010
Bradley,MVC,2010
Brown,Ivy,2010
Bryant,NEC,2010
Bucknell,Pat,2010
Buffalo,MAC,2010
Butler,Horz,2010
Cal Poly,BW,2010
Cal St. Bakersfield,ind,2010
Cal St. Fullerton,BW,2010
Cal St. Northridge,BW,2010
California,P10,2010
Campbell,ASun,2010
Canisius,MAAC,2010
Centenary,Sum,2010
Central Arkansas,Slnd,2010
Central Connecticut,NEC,2010
Central Michigan,MAC,2010
Charleston Southern,BSth,2010
Charlotte,A10,2010
Chattanooga,SC,2010
Chicago St.,GWC,2010
Cincinnati,BE,2010
Clemson,ACC,2010
Cleveland St.,Horz,2010
Coastal Carolina,BSth,2010
Colgate,Pat,2010
College of Charleston,SC,2010
Colorado,B12,2010
Colorado St.,MWC,2010
Columbia,Ivy,2010
Connecticut,BE,2010
Coppin St.,MEAC,2010
Cornell,Ivy,2010
Creighton,MVC,2010
Dartmouth,Ivy,2010
Davidson,SC,2010
Dayton,A10,2010
DePaul,BE,2010
Delaware,CAA,2010
Delaware St.,MEAC,2010
Denver,SB,2010
Detroit,Horz,2010
Drake,MVC,2010
Drexel,CAA,2010
Duke,ACC,2010
Duquesne,A10,2010
East Carolina,CUSA,2010
East Tennessee St.,ASun,2010
Eastern Illinois,OVC,2010
Eastern Kentucky,OVC,2010
Eastern Michigan,MAC,2010
Eastern Washington,BSky,2010
Elon,SC,2010
Evansville,MVC,2010
FIU,SB,2010
Fairfield,MAAC,2010
Fairleigh Dickinson,NEC,2010
Florida,SEC,2010
Florida A&M,MEAC,2010
Florida Atlantic,SB,2010
Florida Gulf Coast,ASun,2010
Florida St.,ACC,2010
Fordham,A10,2010
Fresno St.,WAC,2010
Furman,SC,2010
Gardner Webb,BSth,2010
George Mason,CAA,2010
George Washington,A10,2010
Georgetown,BE,2010
Georgia,SEC,2010
Georgia Southern,SC,2010
Georgia St.,CAA,2010
Georgia Tech,ACC,2010
Gonzaga,WCC,2010
Grambling St.,SWAC,2010
Green Bay,Horz,2010
Hampton,MEAC,2010
Hartford,AE,2010
Harvard,Ivy,2010
Hawaii,WAC,2010
High Point,BSth,2010
Hofstra,CAA,2010
Holy Cross,Pat,2010
Houston,CUSA,2010
Houston Baptist,GWC,2010
Howard,MEAC,2010
IPFW,Sum,2010
IUPUI,Sum,2010
Idaho,WAC,2010
Idaho St.,BSky,2010
Illinois,B10,2010
Illinois Chicago,Horz,2010
Illinois St.,MVC,2010
Indiana,B10,2010
Indiana St.,MVC,2010
Iona,MAAC,2010
Iowa,B10,2010
Iowa St.,B12,2010
Jackson St.,SWAC,2010
Jacksonville,ASun,2010
Jacksonville St.,OVC,2010
James Madison,CAA,2010
Kansas,B12,2010
Kansas St.,B12,2010
Kennesaw St.,ASun,2010
Kent St.,MAC,2010
Kentucky,SEC,2010
LIU Brooklyn,NEC,2010
LSU,SEC,2010
La Salle,A10,2010
Lafayette,Pat,2010
Lamar,Slnd,2010
Lehigh,Pat,2010
Liberty,BSth,2010
Lipscomb,ASun,2010
Long Beach St.,BW,2010
Longwood,ind,2010
Louisiana Lafayette,SB,2010
Louisiana Monroe,SB,2010
Louisiana Tech,WAC,2010
Louisville,BE,2010
Loyola Chicago,Horz,2010
Loyola MD,MAAC,2010
Loyola Marymount,WCC,2010
Maine,AE,2010
Manhattan,MAAC,2010
Marist,MAAC,2010
Marquette,BE,2010
Marshall,CUSA,2010
Maryland,ACC,2010
Maryland Eastern Shore,MEAC,2010
Massachusetts,A10,2010
McNeese St.,Slnd,2010
Memphis,CUSA,2010
Mercer,ASun,2010
Miami FL,ACC,2010
Miami OH,MAC,2010
Michigan,B10,2010
Michigan St.,B10,2010
Middle Tennessee,SB,2010
Milwaukee,Horz,2010
Minnesota,B10,2010
Mississippi,SEC,2010
Mississippi St.,SEC,2010
Mississippi Valley St.,SWAC,2010
Missouri,B12,2010
Missouri St.,MVC,2010
Monmouth,NEC,2010
Montana,BSky,2010
Montana St.,BSky,2010
Morehead St.,OVC,2010
Morgan St.,MEAC,2010
Mount St. Mary's,NEC,2010
Murray St.,OVC,2010
N.C. State,ACC,2010
NJIT,GWC,2010
Navy,Pat,2010
Nebraska,B12,2010
Nevada,WAC,2010
New Hampshire,AE,2010
New Mexico,MWC,2010
New Mexico St.,WAC,2010
New Orleans,SB,2010
Niagara,MAAC,2010
Nicholls St.,Slnd,2010
Norfolk St.,MEAC,2010
North Carolina,ACC,2010
North Carolina A&T,MEAC,2010
North Carolina Central,ind,2010
North Dakota,GWC,2010
North Dakota St.,Sum,2010
North Florida,ASun,2010
North Texas,SB,2010
Northeastern,CAA,2010
Northern Arizona,BSky,2010
Northern Colorado,BSky,2010
Northern Illinois,MAC,2010
Northern Iowa,MVC,2010
Northwestern,B10,2010
Northwestern St.,Slnd,2010
Notre Dame,BE,2010
Oakland,Sum,2010
Ohio,MAC,2010
Ohio St.,B10,2010
Oklahoma,B12,2010
Oklahoma St.,B12,2010
Old Dominion,CAA,2010
Oral Roberts,Sum,2010
Oregon,P10,2010
Oregon St.,P10,2010
Pacific,BW,2010
Penn,Ivy,2010
Penn St.,B10,2010
Pepperdine,WCC,2010
Pittsburgh,BE,2010
Portland,WCC,2010
Portland St.,BSky,2010
Prairie View A&M,SWAC,2010
Presbyterian,BSth,2010
Princeton,Ivy,2010
Providence,BE,2010
Purdue,B10,2010
Quinnipiac,NEC,2010
Radford,BSth,2010
Rhode Island,A10,2010
Rice,CUSA,2010
Richmond,A10,2010
Rider,MAAC,2010
Robert Morris,NEC,2010
Rutgers,BE,2010
SIU Edwardsville,ind,2010
SMU,CUSA,2010
Sacramento St.,BSky,2010
Sacred Heart,NEC,2010
Saint Joseph's,A10,2010
Saint Louis,A10,2010
Saint Mary's,WCC,2010
Saint Peter's,MAAC,2010
Sam Houston St.,Slnd,2010
Samford,SC,2010
San Diego,WCC,2010
San Diego St.,MWC,2010
San Francisco,WCC,2010
San Jose St.,WAC,2010
Santa Clara,WCC,2010
Savannah St.,ind,2010
Seattle,ind,2010
Seton Hall,BE,2010
Siena,MAAC,2010
South Alabama,SB,2010
South Carolina,SEC,2010
South Carolina St.,MEAC,2010
South Dakota,GWC,2010
South Dakota St.,Sum,2010
South Florida,BE,2010
Southeast Missouri St.,OVC,2010
Southeastern Louisiana,Slnd,2010
Southern,SWAC,2010
Southern Illinois,MVC,2010
Southern Miss,CUSA,2010
Southern Utah,Sum,2010
St. Bonaventure,A10,2010
St. Francis NY,NEC,2010
St. Francis PA,NEC,2010
St. John's,BE,2010
Stanford,P10,2010
Stephen F. Austin,Slnd,2010
Stetson,ASun,2010
Stony Brook,AE,2010
Syracuse,BE,2010
TCU,MWC,2010
Temple,A10,2010
Tennessee,SEC,2010
Tennessee Martin,OVC,2010
Tennessee St.,OVC,2010
Tennessee Tech,OVC,2010
Texas,B12,2010
Texas A&M,B12,2010
Texas A&M Corpus Chris,Slnd,2010
Texas Pan American,GWC,2010
Texas Southern,SWAC,2010
Texas St.,Slnd,2010
Texas Tech,B12,2010
The Citadel,SC,2010
Toledo,MAC,2010
Towson,CAA,2010
Troy,SB,2010
Tulane,CUSA,2010
Tulsa,CUSA,2010
UAB,CUSA,2010
UC Davis,BW,2010
UC Irvine,BW,2010
UC Riverside,BW,2010
UC Santa Barbara,BW,2010
UCF,CUSA,2010
UCLA,P10,2010
UMBC,AE,2010
UMKC,Sum,2010
UNC Asheville,BSth,2010
UNC Greensboro,SC,2010
UNC Wilmington,CAA,2010
UNLV,MWC,2010
USC,P10,2010
USC Upstate,ASun,2010
UT Arlington,Slnd,2010
UTEP,CUSA,2010
UTSA,Slnd,2010
Utah,MWC,2010
Utah St.,WAC,2010
Utah Valley,GWC,2010
VCU,CAA,2010
VMI,BSth,2010
Valparaiso,Horz,2010
Vanderbilt,SEC,2010
Vermont,AE,2010
Villanova,BE,2010
Virginia,ACC,2010
Virginia Tech,ACC,2010
Wagner,NEC,2010
Wake Forest,ACC,2010
Washington,P10,2010
Washington St.,P10,2010
Weber St.,BSky,2010
West Virginia,BE,2010
Western Carolina,SC,2010
Western Illinois,Sum,2010
Western Kentucky,SB,2010
Western Michigan,MAC,2010
Wichita St.,MVC,2010
William & Mary,CAA,2010
Winston Salem St.,ind,2010
Winthrop,BSth,2010
Wisconsin,B10,2010
Wofford,SC,2010
Wright St.,Horz,2010
Wyoming,MWC,2010
Xavier,A10,2010
Yale,Ivy,2010
Youngstown St.,Horz,2010
Air Force,MWC,2009
Akron,MAC,2009
Alabama,SEC,2009
Alabama A&M,SWAC,2009
Alabama St.,SWAC,2009
Albany,AE,2009
Alcorn St.,SWAC,2009
American,Pat,2009
Appalachian St.,SC,2009
Arizona,P10,2009
Arizona St.,P10,2009
Arkansas,SEC,2009
Arkansas Little Rock,SB,2009
Arkansas Pine Bluff,SWAC,2009
Arkansas St.,SB,2009
Army,Pat,2009
Auburn,SEC,2009
Austin Peay,OVC,2009
BYU,MWC,2009
Ball St.,MAC,2009
Baylor,B12,2009
Belmont,ASun,2009
Bethune Cookman,MEAC,2009
Binghamton,AE,2009
Boise St.,WAC,2009
Boston College,ACC,2009
Boston University,AE,2009
Bowling Green,MAC,2009
Bradley,MVC,2009
Brown,Ivy,2009
Bryant,ind,2009
Bucknell,Pat,2009
Buffalo,MAC,2009
Butler,Horz,2009
Cal Poly,BW,2009
Cal St. Bakersfield,ind,2009
Cal St. Fullerton,BW,2009
Cal St. Northridge,BW,2009
California,P10,2009
Campbell,ASun,2009
Canisius,MAAC,2009
Centenary,Sum,2009
Central Arkansas,Slnd,2009
Central Connecticut,NEC,2009
Central Michigan,MAC,2009
Charleston Southern,BSth,2009
Charlotte,A10,2009
Chattanooga,SC,2009
Chicago St.,ind,2009
Cincinnati,BE,2009
Clemson,ACC,2009
Cleveland St.,Horz,2009
Coastal Carolina,BSth,2009
Colgate,Pat,2009
College of Charleston,SC,2009
Colorado,B12,2009
Colorado St.,MWC,2009
Columbia,Ivy,2009
Connecticut,BE,2009
Coppin St.,MEAC,2009
Cornell,Ivy,2009
Creighton,MVC,2009
Dartmouth,Ivy,2009
Davidson,SC,2009
Dayton,A10,2009
DePaul,BE,2009
Delaware,CAA,2009
Delaware St.,MEAC,2009
Denver,SB,2009
Detroit,Horz,2009
Drake,MVC,2009
Drexel,CAA,2009
Duke,ACC,2009
Duquesne,A10,2009
East Carolina,CUSA,2009
East Tennessee St.,ASun,2009
Eastern Illinois,OVC,2009
Eastern Kentucky,OVC,2009
Eastern Michigan,MAC,2009
Eastern Washington,BSky,2009
Elon,SC,2009
Evansville,MVC,2009
FIU,SB,2009
Fairfield,MAAC,2009
Fairleigh Dickinson,NEC,2009
Florida,SEC,2009
Florida A&M,MEAC,2009
Florida Atlantic,SB,2009
Florida Gulf Coast,ASun,2009
Florida St.,ACC,2009
Fordham,A10,2009
Fresno St.,WAC,2009
Furman,SC,2009
Gardner Webb,BSth,2009
George Mason,CAA,2009
George Washington,A10,2009
Georgetown,BE,2009
Georgia,SEC,2009
Georgia Southern,SC,2009
Georgia St.,CAA,2009
Georgia Tech,ACC,2009
Gonzaga,WCC,2009
Grambling St.,SWAC,2009
Green Bay,Horz,2009
Hampton,MEAC,2009
Hartford,AE,2009
Harvard,Ivy,2009
Hawaii,WAC,2009
High Point,BSth,2009
Hofstra,CAA,2009
Holy Cross,Pat,2009
Houston,CUSA,2009
Houston Baptist,ind,2009
Howard,MEAC,2009
IPFW,Sum,2009
IUPUI,Sum,2009
Idaho,WAC,2009
Idaho St.,BSky,2009
Illinois,B10,2009
Illinois Chicago,Horz,2009
Illinois St.,MVC,2009
Indiana,B10,2009
Indiana St.,MVC,2009
Iona,MAAC,2009
Iowa,B10,2009
Iowa St.,B12,2009
Jackson St.,SWAC,2009
Jacksonville,ASun,2009
Jacksonville St.,OVC,2009
James Madison,CAA,2009
Kansas,B12,2009
Kansas St.,B12,2009
Kennesaw St.,ASun,2009
Kent St.,MAC,2009
Kentucky,SEC,2009
LIU Brooklyn,NEC,2009
LSU,SEC,2009
La Salle,A10,2009
Lafayette,Pat,2009
Lamar,Slnd,2009
Lehigh,Pat,2009
Liberty,BSth,2009
Lipscomb,ASun,2009
Long Beach St.,BW,2009
Longwood,ind,2009
Louisiana Lafayette,SB,2009
Louisiana Monroe,SB,2009
Louisiana Tech,WAC,2009
Louisville,BE,2009
Loyola Chicago,Horz,2009
Loyola MD,MAAC,2009
Loyola Marymount,WCC,2009
Maine,AE,2009
Manhattan,MAAC,2009
Marist,MAAC,2009
Marquette,BE,2009
Marshall,CUSA,2009
Maryland,ACC,2009
Maryland Eastern Shore,MEAC,2009
Massachusetts,A10,2009
McNeese St.,Slnd,2009
Memphis,CUSA,2009
Mercer,ASun,2009
Miami FL,ACC,2009
Miami OH,MAC,2009
Michigan,B10,2009
Michigan St.,B10,2009
Middle Tennessee,SB,2009
Milwaukee,Horz,2009
Minnesota,B10,2009
Mississippi,SEC,2009
Mississippi St.,SEC,2009
Mississippi Valley St.,SWAC,2009
Missouri,B12,2009
Missouri St.,MVC,2009
Monmouth,NEC,2009
Montana,BSky,2009
Montana St.,BSky,2009
Morehead St.,OVC,2009
Morgan St.,MEAC,2009
Mount St. Mary's,NEC,2009
Murray St.,OVC,2009
N.C. State,ACC,2009
NJIT,ind,2009
Navy,Pat,2009
Nebraska,B12,2009
Nevada,WAC,2009
New Hampshire,AE,2009
New Mexico,MWC,2009
New Mexico St.,WAC,2009
New Orleans,SB,2009
Niagara,MAAC,2009
Nicholls St.,Slnd,2009
Norfolk St.,MEAC,2009
North Carolina,ACC,2009
North Carolina A&T,MEAC,2009
North Carolina Central,ind,2009
North Dakota St.,Sum,2009
North Florida,ASun,2009
North Texas,SB,2009
Northeastern,CAA,2009
Northern Arizona,BSky,2009
Northern Colorado,BSky,2009
Northern Illinois,MAC,2009
Northern Iowa,MVC,2009
Northwestern,B10,2009
Northwestern St.,Slnd,2009
Notre Dame,BE,2009
Oakland,Sum,2009
Ohio,MAC,2009
Ohio St.,B10,2009
Oklahoma,B12,2009
Oklahoma St.,B12,2009
Old Dominion,CAA,2009
Oral Roberts,Sum,2009
Oregon,P10,2009
Oregon St.,P10,2009
Pacific,BW,2009
Penn,Ivy,2009
Penn St.,B10,2009
Pepperdine,WCC,2009
Pittsburgh,BE,2009
Portland,WCC,2009
Portland St.,BSky,2009
Prairie View A&M,SWAC,2009
Presbyterian,BSth,2009
Princeton,Ivy,2009
Providence,BE,2009
Purdue,B10,2009
Quinnipiac,NEC,2009
Radford,BSth,2009
Rhode Island,A10,2009
Rice,CUSA,2009
Richmond,A10,2009
Rider,MAAC,2009
Robert Morris,NEC,2009
Rutgers,BE,2009
SIU Edwardsville,ind,2009
SMU,CUSA,2009
Sacramento St.,BSky,2009
Sacred Heart,NEC,2009
Saint Joseph's,A10,2009
Saint Louis,A10,2009
Saint Mary's,WCC,2009
Saint Peter's,MAAC,2009
Sam Houston St.,Slnd,2009
Samford,SC,2009
San Diego,WCC,2009
San Diego St.,MWC,2009
San Francisco,WCC,2009
San Jose St.,WAC,2009
Santa Clara,WCC,2009
Savannah St.,ind,2009
Seton Hall,BE,2009
Siena,MAAC,2009
South Alabama,SB,2009
South Carolina,SEC,2009
South Carolina St.,MEAC,2009
South Dakota St.,Sum,2009
South Florida,BE,2009
Southeast Missouri St.,OVC,2009
Southeastern Louisiana,Slnd,2009
Southern,SWAC,2009
Southern Illinois,MVC,2009
Southern Miss,CUSA,2009
Southern Utah,Sum,2009
St. Bonaventure,A10,2009
St. Francis NY,NEC,2009
St. Francis PA,NEC,2009
St. John's,BE,2009
Stanford,P10,2009
Stephen F. Austin,Slnd,2009
Stetson,ASun,2009
Stony Brook,AE,2009
Syracuse,BE,2009
TCU,MWC,2009
Temple,A10,2009
Tennessee,SEC,2009
Tennessee Martin,OVC,2009
Tennessee St.,OVC,2009
Tennessee Tech,OVC,2009
Texas,B12,2009
Texas A&M,B12,2009
Texas A&M Corpus Chris,Slnd,2009
Texas Pan American,ind,2009
Texas Southern,SWAC,2009
Texas St.,Slnd,2009
Texas Tech,B12,2009
The Citadel,SC,2009
Toledo,MAC,2009
Towson,CAA,2009
Troy,SB,2009
Tulane,CUSA,2009
Tulsa,CUSA,2009
UAB,CUSA,2009
UC Davis,BW,2009
UC Irvine,BW,2009
UC Riverside,BW,2009
UC Santa Barbara,BW,2009
UCF,CUSA,2009
UCLA,P10,2009
UMBC,AE,2009
UMKC,Sum,2009
UNC Asheville,BSth,2009
UNC Greensboro,SC,2009
UNC Wilmington,CAA,2009
UNLV,MWC,2009
USC,P10,2009
USC Upstate,ASun,2009
UT Arlington,Slnd,2009
UTEP,CUSA,2009
UTSA,Slnd,2009
Utah,MWC,2009
Utah St.,WAC,2009
Utah Valley,ind,2009
VCU,CAA,2009
VMI,BSth,2009
Valparaiso,Horz,2009
Vanderbilt,SEC,2009
Vermont,AE,2009
Villanova,BE,2009
Virginia,ACC,2009
Virginia Tech,ACC,2009
Wagner,NEC,2009
Wake Forest,ACC,2009
Washington,P10,2009
Washington St.,P10,2009
Weber St.,BSky,2009
West Virginia,BE,2009
Western Carolina,SC,2009
Western Illinois,Sum,2009
Western Kentucky,SB,2009
Western Michigan,MAC,2009
Wichita St.,MVC,2009
William & Mary,CAA,2009
Winston Salem St.,ind,2009
Winthrop,BSth,2009
Wisconsin,B10,2009
Wofford,SC,2009
Wright St.,Horz,2009
Wyoming,MWC,2009
Xavier,A10,2009
Yale,Ivy,2009
Youngstown St.,Horz,2009
Air Force,MWC,2008
Akron,MAC,2008
Alabama,SEC,2008
Alabama A&M,SWAC,2008
Alabama St.,SWAC,2008
Albany,AE,2008
Alcorn St.,SWAC,2008
American,Pat,2008
Appalachian St.,SC,2008
Arizona,P10,2008
Arizona St.,P10,2008
Arkansas,SEC,2008
Arkansas Little Rock,SB,2008
Arkansas Pine Bluff,SWAC,2008
Arkansas St.,SB,2008
Army,Pat,2008
Auburn,SEC,2008
Austin Peay,OVC,2008
BYU,MWC,2008
Ball St.,MAC,2008
Baylor,B12,2008
Belmont,ASun,2008
Bethune Cookman,MEAC,2008
Binghamton,AE,2008
Boise St.,WAC,2008
Boston College,ACC,2008
Boston University,AE,2008
Bowling Green,MAC,2008
Bradley,MVC,2008
Brown,Ivy,2008
Bucknell,Pat,2008
Buffalo,MAC,2008
Butler,Horz,2008
Cal Poly,BW,2008
Cal St. Bakersfield,ind,2008
Cal St. Fullerton,BW,2008
Cal St. Northridge,BW,2008
California,P10,2008
Campbell,ASun,2008
Canisius,MAAC,2008
Centenary,Sum,2008
Central Arkansas,Slnd,2008
Central Connecticut,NEC,2008
Central Michigan,MAC,2008
Charleston Southern,BSth,2008
Charlotte,A10,2008
Chattanooga,SC,2008
Chicago St.,ind,2008
Cincinnati,BE,2008
Clemson,ACC,2008
Cleveland St.,Horz,2008
Coastal Carolina,BSth,2008
Colgate,Pat,2008
College of Charleston,SC,2008
Colorado,B12,2008
Colorado St.,MWC,2008
Columbia,Ivy,2008
Connecticut,BE,2008
Coppin St.,MEAC,2008
Cornell,Ivy,2008
Creighton,MVC,2008
Dartmouth,Ivy,2008
Davidson,SC,2008
Dayton,A10,2008
DePaul,BE,2008
Delaware,CAA,2008
Delaware St.,MEAC,2008
Denver,SB,2008
Detroit,Horz,2008
Drake,MVC,2008
Drexel,CAA,2008
Duke,ACC,2008
Duquesne,A10,2008
East Carolina,CUSA,2008
East Tennessee St.,ASun,2008
Eastern Illinois,OVC,2008
Eastern Kentucky,OVC,2008
Eastern Michigan,MAC,2008
Eastern Washington,BSky,2008
Elon,SC,2008
Evansville,MVC,2008
FIU,SB,2008
Fairfield,MAAC,2008
Fairleigh Dickinson,NEC,2008
Florida,SEC,2008
Florida A&M,MEAC,2008
Florida Atlantic,SB,2008
Florida Gulf Coast,ASun,2008
Florida St.,ACC,2008
Fordham,A10,2008
Fresno St.,WAC,2008
Furman,SC,2008
Gardner Webb,ASun,2008
George Mason,CAA,2008
George Washington,A10,2008
Georgetown,BE,2008
Georgia,SEC,2008
Georgia Southern,SC,2008
Georgia St.,CAA,2008
Georgia Tech,ACC,2008
Gonzaga,WCC,2008
Grambling St.,SWAC,2008
Green Bay,Horz,2008
Hampton,MEAC,2008
Hartford,AE,2008
Harvard,Ivy,2008
Hawaii,WAC,2008
High Point,BSth,2008
Hofstra,CAA,2008
Holy Cross,Pat,2008
Houston,CUSA,2008
Howard,MEAC,2008
IPFW,Sum,2008
IUPUI,Sum,2008
Idaho,WAC,2008
Idaho St.,BSky,2008
Illinois,B10,2008
Illinois Chicago,Horz,2008
Illinois St.,MVC,2008
Indiana,B10,2008
Indiana St.,MVC,2008
Iona,MAAC,2008
Iowa,B10,2008
Iowa St.,B12,2008
Jackson St.,SWAC,2008
Jacksonville,ASun,2008
Jacksonville St.,OVC,2008
James Madison,CAA,2008
Kansas,B12,2008
Kansas St.,B12,2008
Kennesaw St.,ASun,2008
Kent St.,MAC,2008
Kentucky,SEC,2008
LIU Brooklyn,NEC,2008
LSU,SEC,2008
La Salle,A10,2008
Lafayette,Pat,2008
Lamar,Slnd,2008
Lehigh,Pat,2008
Liberty,BSth,2008
Lipscomb,ASun,2008
Long Beach St.,BW,2008
Longwood,ind,2008
Louisiana Lafayette,SB,2008
Louisiana Monroe,SB,2008
Louisiana Tech,WAC,2008
Louisville,BE,2008
Loyola Chicago,Horz,2008
Loyola MD,MAAC,2008
Loyola Marymount,WCC,2008
Maine,AE,2008
Manhattan,MAAC,2008
Marist,MAAC,2008
Marquette,BE,2008
Marshall,CUSA,2008
Maryland,ACC,2008
Maryland Eastern Shore,MEAC,2008
Massachusetts,A10,2008
McNeese St.,Slnd,2008
Memphis,CUSA,2008
Mercer,ASun,2008
Miami FL,ACC,2008
Miami OH,MAC,2008
Michigan,B10,2008
Michigan St.,B10,2008
Middle Tennessee,SB,2008
Milwaukee,Horz,2008
Minnesota,B10,2008
Mississippi,SEC,2008
Mississippi St.,SEC,2008
Mississippi Valley St.,SWAC,2008
Missouri,B12,2008
Missouri St.,MVC,2008
Monmouth,NEC,2008
Montana,BSky,2008
Montana St.,BSky,2008
Morehead St.,OVC,2008
Morgan St.,MEAC,2008
Mount St. Mary's,NEC,2008
Murray St.,OVC,2008
N.C. State,ACC,2008
NJIT,ind,2008
Navy,Pat,2008
Nebraska,B12,2008
Nevada,WAC,2008
New Hampshire,AE,2008
New Mexico,MWC,2008
New Mexico St.,WAC,2008
New Orleans,SB,2008
Niagara,MAAC,2008
Nicholls St.,Slnd,2008
Norfolk St.,MEAC,2008
North Carolina,ACC,2008
North Carolina A&T,MEAC,2008
North Carolina Central,ind,2008
North Dakota St.,Sum,2008
North Florida,ASun,2008
North Texas,SB,2008
Northeastern,CAA,2008
Northern Arizona,BSky,2008
Northern Colorado,BSky,2008
Northern Illinois,MAC,2008
Northern Iowa,MVC,2008
Northwestern,B10,2008
Northwestern St.,Slnd,2008
Notre Dame,BE,2008
Oakland,Sum,2008
Ohio,MAC,2008
Ohio St.,B10,2008
Oklahoma,B12,2008
Oklahoma St.,B12,2008
Old Dominion,CAA,2008
Oral Roberts,Sum,2008
Oregon,P10,2008
Oregon St.,P10,2008
Pacific,BW,2008
Penn,Ivy,2008
Penn St.,B10,2008
Pepperdine,WCC,2008
Pittsburgh,BE,2008
Portland,WCC,2008
Portland St.,BSky,2008
Prairie View A&M,SWAC,2008
Presbyterian,ind,2008
Princeton,Ivy,2008
Providence,BE,2008
Purdue,B10,2008
Quinnipiac,NEC,2008
Radford,BSth,2008
Rhode Island,A10,2008
Rice,CUSA,2008
Richmond,A10,2008
Rider,MAAC,2008
Robert Morris,NEC,2008
Rutgers,BE,2008
SMU,CUSA,2008
Sacramento St.,BSky,2008
Sacred Heart,NEC,2008
Saint Joseph's,A10,2008
Saint Louis,A10,2008
Saint Mary's,WCC,2008
Saint Peter's,MAAC,2008
Sam Houston St.,Slnd,2008
Samford,OVC,2008
San Diego,WCC,2008
San Diego St.,MWC,2008
San Francisco,WCC,2008
San Jose St.,WAC,2008
Santa Clara,WCC,2008
Savannah St.,ind,2008
Seton Hall,BE,2008
Siena,MAAC,2008
South Alabama,SB,2008
South Carolina,SEC,2008
South Carolina St.,MEAC,2008
South Dakota St.,Sum,2008
South Florida,BE,2008
Southeast Missouri St.,OVC,2008
Southeastern Louisiana,Slnd,2008
Southern,SWAC,2008
Southern Illinois,MVC,2008
Southern Miss,CUSA,2008
Southern Utah,Sum,2008
St. Bonaventure,A10,2008
St. Francis NY,NEC,2008
St. Francis PA,NEC,2008
St. John's,BE,2008
Stanford,P10,2008
Stephen F. Austin,Slnd,2008
Stetson,ASun,2008
Stony Brook,AE,2008
Syracuse,BE,2008
TCU,MWC,2008
Temple,A10,2008
Tennessee,SEC,2008
Tennessee Martin,OVC,2008
Tennessee St.,OVC,2008
Tennessee Tech,OVC,2008
Texas,B12,2008
Texas A&M,B12,2008
Texas A&M Corpus Chris,Slnd,2008
Texas Pan American,ind,2008
Texas Southern,SWAC,2008
Texas St.,Slnd,2008
Texas Tech,B12,2008
The Citadel,SC,2008
Toledo,MAC,2008
Towson,CAA,2008
Troy,SB,2008
Tulane,CUSA,2008
Tulsa,CUSA,2008
UAB,CUSA,2008
UC Davis,BW,2008
UC Irvine,BW,2008
UC Riverside,BW,2008
UC Santa Barbara,BW,2008
UCF,CUSA,2008
UCLA,P10,2008
UMBC,AE,2008
UMKC,Sum,2008
UNC Asheville,BSth,2008
UNC Greensboro,SC,2008
UNC Wilmington,CAA,2008
UNLV,MWC,2008
USC,P10,2008
USC Upstate,ASun,2008
UT Arlington,Slnd,2008
UTEP,CUSA,2008
UTSA,Slnd,2008
Utah,MWC,2008
Utah St.,WAC,2008
Utah Valley St.,ind,2008
VCU,CAA,2008
VMI,BSth,2008
Valparaiso,Horz,2008
Vanderbilt,SEC,2008
Vermont,AE,2008
Villanova,BE,2008
Virginia,ACC,2008
Virginia Tech,ACC,2008
Wagner,NEC,2008
Wake Forest,ACC,2008
Washington,P10,2008
Washington St.,P10,2008
Weber St.,BSky,2008
West Virginia,BE,2008
Western Carolina,SC,2008
Western Illinois,Sum,2008
Western Kentucky,SB,2008
Western Michigan,MAC,2008
Wichita St.,MVC,2008
William & Mary,CAA,2008
Winston Salem St.,ind,2008
Winthrop,BSth,2008
Wisconsin,B10,2008
Wofford,SC,2008
Wright St.,Horz,2008
Wyoming,MWC,2008
Xavier,A10,2008
Yale,Ivy,2008
Youngstown St.,Horz,2008
Air Force,MWC,2007
Akron,MAC,2007
Alabama,SEC,2007
Alabama A&M,SWAC,2007
Alabama St.,SWAC,2007
Albany,AE,2007
Alcorn St.,SWAC,2007
American,Pat,2007
Appalachian St.,SC,2007
Arizona,P10,2007
Arizona St.,P10,2007
Arkansas,SEC,2007
Arkansas Little Rock,SB,2007
Arkansas Pine Bluff,SWAC,2007
Arkansas St.,SB,2007
Army,Pat,2007
Auburn,SEC,2007
Austin Peay,OVC,2007
BYU,MWC,2007
Ball St.,MAC,2007
Baylor,B12,2007
Belmont,ASun,2007
Bethune Cookman,MEAC,2007
Binghamton,AE,2007
Boise St.,WAC,2007
Boston College,ACC,2007
Boston University,AE,2007
Bowling Green,MAC,2007
Bradley,MVC,2007
Brown,Ivy,2007
Bucknell,Pat,2007
Buffalo,MAC,2007
Butler,Horz,2007
Cal Poly,BW,2007
Cal St. Fullerton,BW,2007
Cal St. Northridge,BW,2007
California,P10,2007
Campbell,ASun,2007
Canisius,MAAC,2007
Centenary,MCon,2007
Central Arkansas,Slnd,2007
Central Connecticut,NEC,2007
Central Michigan,MAC,2007
Charleston Southern,BSth,2007
Charlotte,A10,2007
Chattanooga,SC,2007
Chicago St.,ind,2007
Cincinnati,BE,2007
Clemson,ACC,2007
Cleveland St.,Horz,2007
Coastal Carolina,BSth,2007
Colgate,Pat,2007
College of Charleston,SC,2007
Colorado,B12,2007
Colorado St.,MWC,2007
Columbia,Ivy,2007
Connecticut,BE,2007
Coppin St.,MEAC,2007
Cornell,Ivy,2007
Creighton,MVC,2007
Dartmouth,Ivy,2007
Davidson,SC,2007
Dayton,A10,2007
DePaul,BE,2007
Delaware,CAA,2007
Delaware St.,MEAC,2007
Denver,SB,2007
Detroit,Horz,2007
Drake,MVC,2007
Drexel,CAA,2007
Duke,ACC,2007
Duquesne,A10,2007
East Carolina,CUSA,2007
East Tennessee St.,ASun,2007
Eastern Illinois,OVC,2007
Eastern Kentucky,OVC,2007
Eastern Michigan,MAC,2007
Eastern Washington,BSky,2007
Elon,SC,2007
Evansville,MVC,2007
FIU,SB,2007
Fairfield,MAAC,2007
Fairleigh Dickinson,NEC,2007
Florida,SEC,2007
Florida A&M,MEAC,2007
Florida Atlantic,SB,2007
Florida St.,ACC,2007
Fordham,A10,2007
Fresno St.,WAC,2007
Furman,SC,2007
Gardner Webb,ASun,2007
George Mason,CAA,2007
George Washington,A10,2007
Georgetown,BE,2007
Georgia,SEC,2007
Georgia Southern,SC,2007
Georgia St.,CAA,2007
Georgia Tech,ACC,2007
Gonzaga,WCC,2007
Grambling St.,SWAC,2007
Green Bay,Horz,2007
Hampton,MEAC,2007
Hartford,AE,2007
Harvard,Ivy,2007
Hawaii,WAC,2007
High Point,BSth,2007
Hofstra,CAA,2007
Holy Cross,Pat,2007
Houston,CUSA,2007
Howard,MEAC,2007
IPFW,ind,2007
IUPUI,MCon,2007
Idaho,WAC,2007
Idaho St.,BSky,2007
Illinois,B10,2007
Illinois Chicago,Horz,2007
Illinois St.,MVC,2007
Indiana,B10,2007
Indiana St.,MVC,2007
Iona,MAAC,2007
Iowa,B10,2007
Iowa St.,B12,2007
Jackson St.,SWAC,2007
Jacksonville,ASun,2007
Jacksonville St.,OVC,2007
James Madison,CAA,2007
Kansas,B12,2007
Kansas St.,B12,2007
Kennesaw St.,ASun,2007
Kent St.,MAC,2007
Kentucky,SEC,2007
LIU Brooklyn,NEC,2007
LSU,SEC,2007
La Salle,A10,2007
Lafayette,Pat,2007
Lamar,Slnd,2007
Lehigh,Pat,2007
Liberty,BSth,2007
Lipscomb,ASun,2007
Long Beach St.,BW,2007
Longwood,ind,2007
Louisiana Lafayette,SB,2007
Louisiana Monroe,SB,2007
Louisiana Tech,WAC,2007
Louisville,BE,2007
Loyola Chicago,Horz,2007
Loyola MD,MAAC,2007
Loyola Marymount,WCC,2007
Maine,AE,2007
Manhattan,MAAC,2007
Marist,MAAC,2007
Marquette,BE,2007
Marshall,CUSA,2007
Maryland,ACC,2007
Maryland Eastern Shore,MEAC,2007
Massachusetts,A10,2007
McNeese St.,Slnd,2007
Memphis,CUSA,2007
Mercer,ASun,2007
Miami FL,ACC,2007
Miami OH,MAC,2007
Michigan,B10,2007
Michigan St.,B10,2007
Middle Tennessee,SB,2007
Milwaukee,Horz,2007
Minnesota,B10,2007
Mississippi,SEC,2007
Mississippi St.,SEC,2007
Mississippi Valley St.,SWAC,2007
Missouri,B12,2007
Missouri St.,MVC,2007
Monmouth,NEC,2007
Montana,BSky,2007
Montana St.,BSky,2007
Morehead St.,OVC,2007
Morgan St.,MEAC,2007
Mount St. Mary's,NEC,2007
Murray St.,OVC,2007
N.C. State,ACC,2007
NJIT,ind,2007
Navy,Pat,2007
Nebraska,B12,2007
Nevada,WAC,2007
New Hampshire,AE,2007
New Mexico,MWC,2007
New Mexico St.,WAC,2007
New Orleans,SB,2007
Niagara,MAAC,2007
Nicholls St.,Slnd,2007
Norfolk St.,MEAC,2007
North Carolina,ACC,2007
North Carolina A&T,MEAC,2007
North Dakota St.,ind,2007
North Florida,ASun,2007
North Texas,SB,2007
Northeastern,CAA,2007
Northern Arizona,BSky,2007
Northern Colorado,BSky,2007
Northern Illinois,MAC,2007
Northern Iowa,MVC,2007
Northwestern,B10,2007
Northwestern St.,Slnd,2007
Notre Dame,BE,2007
Oakland,MCon,2007
Ohio,MAC,2007
Ohio St.,B10,2007
Oklahoma,B12,2007
Oklahoma St.,B12,2007
Old Dominion,CAA,2007
Oral Roberts,MCon,2007
Oregon,P10,2007
Oregon St.,P10,2007
Pacific,BW,2007
Penn,Ivy,2007
Penn St.,B10,2007
Pepperdine,WCC,2007
Pittsburgh,BE,2007
Portland,WCC,2007
Portland St.,BSky,2007
Prairie View A&M,SWAC,2007
Princeton,Ivy,2007
Providence,BE,2007
Purdue,B10,2007
Quinnipiac,NEC,2007
Radford,BSth,2007
Rhode Island,A10,2007
Rice,CUSA,2007
Richmond,A10,2007
Rider,MAAC,2007
Robert Morris,NEC,2007
Rutgers,BE,2007
SMU,CUSA,2007
Sacramento St.,BSky,2007
Sacred Heart,NEC,2007
Saint Joseph's,A10,2007
Saint Louis,A10,2007
Saint Mary's,WCC,2007
Saint Peter's,MAAC,2007
Sam Houston St.,Slnd,2007
Samford,OVC,2007
San Diego,WCC,2007
San Diego St.,MWC,2007
San Francisco,WCC,2007
San Jose St.,WAC,2007
Santa Clara,WCC,2007
Savannah St.,ind,2007
Seton Hall,BE,2007
Siena,MAAC,2007
South Alabama,SB,2007
South Carolina,SEC,2007
South Carolina St.,MEAC,2007
South Dakota St.,ind,2007
South Florida,BE,2007
Southeast Missouri St.,OVC,2007
Southeastern Louisiana,Slnd,2007
Southern,SWAC,2007
Southern Illinois,MVC,2007
Southern Miss,CUSA,2007
Southern Utah,MCon,2007
St. Bonaventure,A10,2007
St. Francis NY,NEC,2007
St. Francis PA,NEC,2007
St. John's,BE,2007
Stanford,P10,2007
Stephen F. Austin,Slnd,2007
Stetson,ASun,2007
Stony Brook,AE,2007
Syracuse,BE,2007
TCU,MWC,2007
Temple,A10,2007
Tennessee,SEC,2007
Tennessee Martin,OVC,2007
Tennessee St.,OVC,2007
Tennessee Tech,OVC,2007
Texas,B12,2007
Texas A&M,B12,2007
Texas A&M Corpus Chris,Slnd,2007
Texas Pan American,ind,2007
Texas Southern,SWAC,2007
Texas St.,Slnd,2007
Texas Tech,B12,2007
The Citadel,SC,2007
Toledo,MAC,2007
Towson,CAA,2007
Troy,SB,2007
Tulane,CUSA,2007
Tulsa,CUSA,2007
UAB,CUSA,2007
UC Davis,ind,2007
UC Irvine,BW,2007
UC Riverside,BW,2007
UC Santa Barbara,BW,2007
UCF,CUSA,2007
UCLA,P10,2007
UMBC,AE,2007
UMKC,MCon,2007
UNC Asheville,BSth,2007
UNC Greensboro,SC,2007
UNC Wilmington,CAA,2007
UNLV,MWC,2007
USC,P10,2007
UT Arlington,Slnd,2007
UTEP,CUSA,2007
UTSA,Slnd,2007
Utah,MWC,2007
Utah St.,WAC,2007
Utah Valley St.,ind,2007
VCU,CAA,2007
VMI,BSth,2007
Valparaiso,MCon,2007
Vanderbilt,SEC,2007
Vermont,AE,2007
Villanova,BE,2007
Virginia,ACC,2007
Virginia Tech,ACC,2007
Wagner,NEC,2007
Wake Forest,ACC,2007
Washington,P10,2007
Washington St.,P10,2007
Weber St.,BSky,2007
West Virginia,BE,2007
Western Carolina,SC,2007
Western Illinois,MCon,2007
Western Kentucky,SB,2007
Western Michigan,MAC,2007
Wichita St.,MVC,2007
William & Mary,CAA,2007
Winston Salem St.,ind,2007
Winthrop,BSth,2007
Wisconsin,B10,2007
Wofford,SC,2007
Wright St.,Horz,2007
Wyoming,MWC,2007
Xavier,A10,2007
Yale,Ivy,2007
Youngstown St.,Horz,2007
Air Force,MWC,2006
Akron,MAC,2006
Alabama,SEC,2006
Alabama A&M,SWAC,2006
Alabama St.,SWAC,2006
Albany,AE,2006
Alcorn St.,SWAC,2006
American,Pat,2006
Appalachian St.,SC,2006
Arizona,P10,2006
Arizona St.,P10,2006
Arkansas,SEC,2006
Arkansas Little Rock,SB,2006
Arkansas Pine Bluff,SWAC,2006
Arkansas St.,SB,2006
Army,Pat,2006
Auburn,SEC,2006
Austin Peay,OVC,2006
BYU,MWC,2006
Ball St.,MAC,2006
Baylor,B12,2006
Belmont,ASun,2006
Bethune Cookman,MEAC,2006
Binghamton,AE,2006
Birmingham Southern,BSth,2006
Boise St.,WAC,2006
Boston College,ACC,2006
Boston University,AE,2006
Bowling Green,MAC,2006
Bradley,MVC,2006
Brown,Ivy,2006
Bucknell,Pat,2006
Buffalo,MAC,2006
Butler,Horz,2006
Cal Poly,BW,2006
Cal St. Fullerton,BW,2006
Cal St. Northridge,BW,2006
California,P10,2006
Campbell,ASun,2006
Canisius,MAAC,2006
Centenary,MCon,2006
Central Connecticut,NEC,2006
Central Michigan,MAC,2006
Charleston Southern,BSth,2006
Charlotte,A10,2006
Chattanooga,SC,2006
Chicago St.,MCon,2006
Cincinnati,BE,2006
Clemson,ACC,2006
Cleveland St.,Horz,2006
Coastal Carolina,BSth,2006
Colgate,Pat,2006
College of Charleston,SC,2006
Colorado,B12,2006
Colorado St.,MWC,2006
Columbia,Ivy,2006
Connecticut,BE,2006
Coppin St.,MEAC,2006
Cornell,Ivy,2006
Creighton,MVC,2006
Dartmouth,Ivy,2006
Davidson,SC,2006
Dayton,A10,2006
DePaul,BE,2006
Delaware,CAA,2006
Delaware St.,MEAC,2006
Denver,SB,2006
Detroit,Horz,2006
Drake,MVC,2006
Drexel,CAA,2006
Duke,ACC,2006
Duquesne,A10,2006
East Carolina,CUSA,2006
East Tennessee St.,ASun,2006
Eastern Illinois,OVC,2006
Eastern Kentucky,OVC,2006
Eastern Michigan,MAC,2006
Eastern Washington,BSky,2006
Elon,SC,2006
Evansville,MVC,2006
FIU,SB,2006
Fairfield,MAAC,2006
Fairleigh Dickinson,NEC,2006
Florida,SEC,2006
Florida A&M,MEAC,2006
Florida Atlantic,ASun,2006
Florida St.,ACC,2006
Fordham,A10,2006
Fresno St.,WAC,2006
Furman,SC,2006
Gardner Webb,ASun,2006
George Mason,CAA,2006
George Washington,A10,2006
Georgetown,BE,2006
Georgia,SEC,2006
Georgia Southern,SC,2006
Georgia St.,CAA,2006
Georgia Tech,ACC,2006
Gonzaga,WCC,2006
Grambling St.,SWAC,2006
Green Bay,Horz,2006
Hampton,MEAC,2006
Hartford,AE,2006
Harvard,Ivy,2006
Hawaii,WAC,2006
High Point,BSth,2006
Hofstra,CAA,2006
Holy Cross,Pat,2006
Houston,CUSA,2006
Howard,MEAC,2006
IPFW,ind,2006
IUPUI,MCon,2006
Idaho,WAC,2006
Idaho St.,BSky,2006
Illinois,B10,2006
Illinois Chicago,Horz,2006
Illinois St.,MVC,2006
Indiana,B10,2006
Indiana St.,MVC,2006
Iona,MAAC,2006
Iowa,B10,2006
Iowa St.,B12,2006
Jackson St.,SWAC,2006
Jacksonville,ASun,2006
Jacksonville St.,OVC,2006
James Madison,CAA,2006
Kansas,B12,2006
Kansas St.,B12,2006
Kennesaw St.,ASun,2006
Kent St.,MAC,2006
Kentucky,SEC,2006
LIU Brooklyn,NEC,2006
LSU,SEC,2006
La Salle,A10,2006
Lafayette,Pat,2006
Lamar,Slnd,2006
Lehigh,Pat,2006
Liberty,BSth,2006
Lipscomb,ASun,2006
Long Beach St.,BW,2006
Longwood,ind,2006
Louisiana Lafayette,SB,2006
Louisiana Monroe,Slnd,2006
Louisiana Tech,WAC,2006
Louisville,BE,2006
Loyola Chicago,Horz,2006
Loyola MD,MAAC,2006
Loyola Marymount,WCC,2006
Maine,AE,2006
Manhattan,MAAC,2006
Marist,MAAC,2006
Marquette,BE,2006
Marshall,CUSA,2006
Maryland,ACC,2006
Maryland Eastern Shore,MEAC,2006
Massachusetts,A10,2006
McNeese St.,Slnd,2006
Memphis,CUSA,2006
Mercer,ASun,2006
Miami FL,ACC,2006
Miami OH,MAC,2006
Michigan,B10,2006
Michigan St.,B10,2006
Middle Tennessee,SB,2006
Milwaukee,Horz,2006
Minnesota,B10,2006
Mississippi,SEC,2006
Mississippi St.,SEC,2006
Mississippi Valley St.,SWAC,2006
Missouri,B12,2006
Missouri St.,MVC,2006
Monmouth,NEC,2006
Montana,BSky,2006
Montana St.,BSky,2006
Morehead St.,OVC,2006
Morgan St.,MEAC,2006
Mount St. Mary's,NEC,2006
Murray St.,OVC,2006
N.C. State,ACC,2006
Navy,Pat,2006
Nebraska,B12,2006
Nevada,WAC,2006
New Hampshire,AE,2006
New Mexico,MWC,2006
New Mexico St.,WAC,2006
New Orleans,SB,2006
Niagara,MAAC,2006
Nicholls St.,Slnd,2006
Norfolk St.,MEAC,2006
North Carolina,ACC,2006
North Carolina A&T,MEAC,2006
North Dakota St.,ind,2006
North Florida,ASun,2006
North Texas,SB,2006
Northeastern,CAA,2006
Northern Arizona,BSky,2006
Northern Colorado,ind,2006
Northern Illinois,MAC,2006
Northern Iowa,MVC,2006
Northwestern,B10,2006
Northwestern St.,Slnd,2006
Notre Dame,BE,2006
Oakland,MCon,2006
Ohio,MAC,2006
Ohio St.,B10,2006
Oklahoma,B12,2006
Oklahoma St.,B12,2006
Old Dominion,CAA,2006
Oral Roberts,MCon,2006
Oregon,P10,2006
Oregon St.,P10,2006
Pacific,BW,2006
Penn,Ivy,2006
Penn St.,B10,2006
Pepperdine,WCC,2006
Pittsburgh,BE,2006
Portland,WCC,2006
Portland St.,BSky,2006
Prairie View A&M,SWAC,2006
Princeton,Ivy,2006
Providence,BE,2006
Purdue,B10,2006
Quinnipiac,NEC,2006
Radford,BSth,2006
Rhode Island,A10,2006
Rice,CUSA,2006
Richmond,A10,2006
Rider,MAAC,2006
Robert Morris,NEC,2006
Rutgers,BE,2006
SMU,CUSA,2006
Sacramento St.,BSky,2006
Sacred Heart,NEC,2006
Saint Joseph's,A10,2006
Saint Louis,A10,2006
Saint Mary's,WCC,2006
Saint Peter's,MAAC,2006
Sam Houston St.,Slnd,2006
Samford,OVC,2006
San Diego,WCC,2006
San Diego St.,MWC,2006
San Francisco,WCC,2006
San Jose St.,WAC,2006
Santa Clara,WCC,2006
Savannah St.,ind,2006
Seton Hall,BE,2006
Siena,MAAC,2006
South Alabama,SB,2006
South Carolina,SEC,2006
South Carolina St.,MEAC,2006
South Dakota St.,ind,2006
South Florida,BE,2006
Southeast Missouri St.,OVC,2006
Southeastern Louisiana,Slnd,2006
Southern,SWAC,2006
Southern Illinois,MVC,2006
Southern Miss,CUSA,2006
Southern Utah,MCon,2006
St. Bonaventure,A10,2006
St. Francis NY,NEC,2006
St. Francis PA,NEC,2006
St. John's,BE,2006
Stanford,P10,2006
Stephen F. Austin,Slnd,2006
Stetson,ASun,2006
Stony Brook,AE,2006
Syracuse,BE,2006
TCU,MWC,2006
Temple,A10,2006
Tennessee,SEC,2006
Tennessee Martin,OVC,2006
Tennessee St.,OVC,2006
Tennessee Tech,OVC,2006
Texas,B12,2006
Texas A&M,B12,2006
Texas A&M Corpus Chris,ind,2006
Texas Pan American,ind,2006
Texas Southern,SWAC,2006
Texas St.,Slnd,2006
Texas Tech,B12,2006
The Citadel,SC,2006
Toledo,MAC,2006
Towson,CAA,2006
Troy,SB,2006
Tulane,CUSA,2006
Tulsa,CUSA,2006
UAB,CUSA,2006
UC Davis,ind,2006
UC Irvine,BW,2006
UC Riverside,BW,2006
UC Santa Barbara,BW,2006
UCF,CUSA,2006
UCLA,P10,2006
UMBC,AE,2006
UMKC,MCon,2006
UNC Asheville,BSth,2006
UNC Greensboro,SC,2006
UNC Wilmington,CAA,2006
UNLV,MWC,2006
USC,P10,2006
UT Arlington,Slnd,2006
UTEP,CUSA,2006
UTSA,Slnd,2006
Utah,MWC,2006
Utah St.,WAC,2006
Utah Valley St.,ind,2006
VCU,CAA,2006
VMI,BSth,2006
Valparaiso,MCon,2006
Vanderbilt,SEC,2006
Vermont,AE,2006
Villanova,BE,2006
Virginia,ACC,2006
Virginia Tech,ACC,2006
Wagner,NEC,2006
Wake Forest,ACC,2006
Washington,P10,2006
Washington St.,P10,2006
Weber St.,BSky,2006
West Virginia,BE,2006
Western Carolina,SC,2006
Western Illinois,MCon,2006
Western Kentucky,SB,2006
Western Michigan,MAC,2006
Wichita St.,MVC,2006
William & Mary,CAA,2006
Winthrop,BSth,2006
Wisconsin,B10,2006
Wofford,SC,2006
Wright St.,Horz,2006
Wyoming,MWC,2006
Xavier,A10,2006
Yale,Ivy,2006
Youngstown St.,Horz,2006
Air Force,MWC,2005
Akron,MAC,2005
Alabama,SEC,2005
Alabama A&M,SWAC,2005
Alabama St.,SWAC,2005
Albany,AE,2005
Alcorn St.,SWAC,2005
American,Pat,2005
Appalachian St.,SC,2005
Arizona,P10,2005
Arizona St.,P10,2005
Arkansas,SEC,2005
Arkansas Little Rock,SB,2005
Arkansas Pine Bluff,SWAC,2005
Arkansas St.,SB,2005
Army,Pat,2005
Auburn,SEC,2005
Austin Peay,OVC,2005
BYU,MWC,2005
Ball St.,MAC,2005
Baylor,B12,2005
Belmont,ASun,2005
Bethune Cookman,MEAC,2005
Binghamton,AE,2005
Birmingham Southern,BSth,2005
Boise St.,WAC,2005
Boston College,BE,2005
Boston University,AE,2005
Bowling Green,MAC,2005
Bradley,MVC,2005
Brown,Ivy,2005
Bucknell,Pat,2005
Buffalo,MAC,2005
Butler,Horz,2005
Cal Poly,BW,2005
Cal St. Fullerton,BW,2005
Cal St. Northridge,BW,2005
California,P10,2005
Campbell,ASun,2005
Canisius,MAAC,2005
Centenary,MCon,2005
Central Connecticut,NEC,2005
Central Michigan,MAC,2005
Charleston Southern,BSth,2005
Charlotte,CUSA,2005
Chattanooga,SC,2005
Chicago St.,MCon,2005
Cincinnati,CUSA,2005
Clemson,ACC,2005
Cleveland St.,Horz,2005
Coastal Carolina,BSth,2005
Colgate,Pat,2005
College of Charleston,SC,2005
Colorado,B12,2005
Colorado St.,MWC,2005
Columbia,Ivy,2005
Connecticut,BE,2005
Coppin St.,MEAC,2005
Cornell,Ivy,2005
Creighton,MVC,2005
Dartmouth,Ivy,2005
Davidson,SC,2005
Dayton,A10,2005
DePaul,CUSA,2005
Delaware,CAA,2005
Delaware St.,MEAC,2005
Denver,SB,2005
Detroit,Horz,2005
Drake,MVC,2005
Drexel,CAA,2005
Duke,ACC,2005
Duquesne,A10,2005
East Carolina,CUSA,2005
East Tennessee St.,SC,2005
Eastern Illinois,OVC,2005
Eastern Kentucky,OVC,2005
Eastern Michigan,MAC,2005
Eastern Washington,BSky,2005
Elon,SC,2005
Evansville,MVC,2005
FIU,SB,2005
Fairfield,MAAC,2005
Fairleigh Dickinson,NEC,2005
Florida,SEC,2005
Florida A&M,MEAC,2005
Florida Atlantic,ASun,2005
Florida St.,ACC,2005
Fordham,A10,2005
Fresno St.,WAC,2005
Furman,SC,2005
Gardner Webb,ASun,2005
George Mason,CAA,2005
George Washington,A10,2005
Georgetown,BE,2005
Georgia,SEC,2005
Georgia Southern,SC,2005
Georgia St.,ASun,2005
Georgia Tech,ACC,2005
Gonzaga,WCC,2005
Grambling St.,SWAC,2005
Green Bay,Horz,2005
Hampton,MEAC,2005
Hartford,AE,2005
Harvard,Ivy,2005
Hawaii,WAC,2005
High Point,BSth,2005
Hofstra,CAA,2005
Holy Cross,Pat,2005
Houston,CUSA,2005
Howard,MEAC,2005
IPFW,ind,2005
IUPUI,MCon,2005
Idaho,BW,2005
Idaho St.,BSky,2005
Illinois,B10,2005
Illinois Chicago,Horz,2005
Illinois St.,MVC,2005
Indiana,B10,2005
Indiana St.,MVC,2005
Iona,MAAC,2005
Iowa,B10,2005
Iowa St.,B12,2005
Jackson St.,SWAC,2005
Jacksonville,ASun,2005
Jacksonville St.,OVC,2005
James Madison,CAA,2005
Kansas,B12,2005
Kansas St.,B12,2005
Kent St.,MAC,2005
Kentucky,SEC,2005
LIU Brooklyn,NEC,2005
LSU,SEC,2005
La Salle,A10,2005
Lafayette,Pat,2005
Lamar,Slnd,2005
Lehigh,Pat,2005
Liberty,BSth,2005
Lipscomb,ASun,2005
Long Beach St.,BW,2005
Longwood,ind,2005
Louisiana Lafayette,SB,2005
Louisiana Monroe,Slnd,2005
Louisiana Tech,WAC,2005
Louisville,CUSA,2005
Loyola Chicago,Horz,2005
Loyola MD,MAAC,2005
Loyola Marymount,WCC,2005
Maine,AE,2005
Manhattan,MAAC,2005
Marist,MAAC,2005
Marquette,CUSA,2005
Marshall,MAC,2005
Maryland,ACC,2005
Maryland Eastern Shore,MEAC,2005
Massachusetts,A10,2005
McNeese St.,Slnd,2005
Memphis,CUSA,2005
Mercer,ASun,2005
Miami FL,ACC,2005
Miami OH,MAC,2005
Michigan,B10,2005
Michigan St.,B10,2005
Middle Tennessee,SB,2005
Milwaukee,Horz,2005
Minnesota,B10,2005
Mississippi,SEC,2005
Mississippi St.,SEC,2005
Mississippi Valley St.,SWAC,2005
Missouri,B12,2005
Monmouth,NEC,2005
Montana,BSky,2005
Montana St.,BSky,2005
Morehead St.,OVC,2005
Morgan St.,MEAC,2005
Mount St. Mary's,NEC,2005
Murray St.,OVC,2005
N.C. State,ACC,2005
Navy,Pat,2005
Nebraska,B12,2005
Nevada,WAC,2005
New Hampshire,AE,2005
New Mexico,MWC,2005
New Mexico St.,SB,2005
New Orleans,SB,2005
Niagara,MAAC,2005
Nicholls St.,Slnd,2005
Norfolk St.,MEAC,2005
North Carolina,ACC,2005
North Carolina A&T,MEAC,2005
North Texas,SB,2005
Northeastern,AE,2005
Northern Arizona,BSky,2005
Northern Colorado,ind,2005
Northern Illinois,MAC,2005
Northern Iowa,MVC,2005
Northwestern,B10,2005
Northwestern St.,Slnd,2005
Notre Dame,BE,2005
Oakland,MCon,2005
Ohio,MAC,2005
Ohio St.,B10,2005
Oklahoma,B12,2005
Oklahoma St.,B12,2005
Old Dominion,CAA,2005
Oral Roberts,MCon,2005
Oregon,P10,2005
Oregon St.,P10,2005
Pacific,BW,2005
Penn,Ivy,2005
Penn St.,B10,2005
Pepperdine,WCC,2005
Pittsburgh,BE,2005
Portland,WCC,2005
Portland St.,BSky,2005
Prairie View A&M,SWAC,2005
Princeton,Ivy,2005
Providence,BE,2005
Purdue,B10,2005
Quinnipiac,NEC,2005
Radford,BSth,2005
Rhode Island,A10,2005
Rice,WAC,2005
Richmond,A10,2005
Rider,MAAC,2005
Robert Morris,NEC,2005
Rutgers,BE,2005
SMU,WAC,2005
Sacramento St.,BSky,2005
Sacred Heart,NEC,2005
Saint Joseph's,A10,2005
Saint Louis,CUSA,2005
Saint Mary's,WCC,2005
Saint Peter's,MAAC,2005
Sam Houston St.,Slnd,2005
Samford,OVC,2005
San Diego,WCC,2005
San Diego St.,MWC,2005
San Francisco,WCC,2005
San Jose St.,WAC,2005
Santa Clara,WCC,2005
Savannah St.,ind,2005
Seton Hall,BE,2005
Siena,MAAC,2005
South Alabama,SB,2005
South Carolina,SEC,2005
South Carolina St.,MEAC,2005
South Florida,CUSA,2005
Southeast Missouri St.,OVC,2005
Southeastern Louisiana,Slnd,2005
Southern,SWAC,2005
Southern Illinois,MVC,2005
Southern Miss,CUSA,2005
Southern Utah,MCon,2005
Southwest Missouri St.,MVC,2005
St. Bonaventure,A10,2005
St. Francis NY,NEC,2005
St. Francis PA,NEC,2005
St. John's,BE,2005
Stanford,P10,2005
Stephen F. Austin,Slnd,2005
Stetson,ASun,2005
Stony Brook,AE,2005
Syracuse,BE,2005
TCU,CUSA,2005
Temple,A10,2005
Tennessee,SEC,2005
Tennessee Martin,OVC,2005
Tennessee St.,OVC,2005
Tennessee Tech,OVC,2005
Texas,B12,2005
Texas A&M,B12,2005
Texas A&M Corpus Chris,ind,2005
Texas Pan American,ind,2005
Texas Southern,SWAC,2005
Texas St.,Slnd,2005
Texas Tech,B12,2005
The Citadel,SC,2005
Toledo,MAC,2005
Towson,CAA,2005
Troy,ASun,2005
Tulane,CUSA,2005
Tulsa,WAC,2005
UAB,CUSA,2005
UC Davis,ind,2005
UC Irvine,BW,2005
UC Riverside,BW,2005
UC Santa Barbara,BW,2005
UCF,ASun,2005
UCLA,P10,2005
UMBC,AE,2005
UMKC,MCon,2005
UNC Asheville,BSth,2005
UNC Greensboro,SC,2005
UNC Wilmington,CAA,2005
UNLV,MWC,2005
USC,P10,2005
UT Arlington,Slnd,2005
UTEP,WAC,2005
UTSA,Slnd,2005
Utah,MWC,2005
Utah St.,BW,2005
Utah Valley St.,ind,2005
VCU,CAA,2005
VMI,BSth,2005
Valparaiso,MCon,2005
Vanderbilt,SEC,2005
Vermont,AE,2005
Villanova,BE,2005
Virginia,ACC,2005
Virginia Tech,ACC,2005
Wagner,NEC,2005
Wake Forest,ACC,2005
Washington,P10,2005
Washington St.,P10,2005
Weber St.,BSky,2005
West Virginia,BE,2005
Western Carolina,SC,2005
Western Illinois,MCon,2005
Western Kentucky,SB,2005
Western Michigan,MAC,2005
Wichita St.,MVC,2005
William & Mary,CAA,2005
Winthrop,BSth,2005
Wisconsin,B10,2005
Wofford,SC,2005
Wright St.,Horz,2005
Wyoming,MWC,2005
Xavier,A10,2005
Yale,Ivy,2005
Youngstown St.,Horz,2005
Air Force,MWC,2004
Akron,MAC,2004
Alabama,SEC,2004
Alabama A&M,SWAC,2004
Alabama St.,SWAC,2004
Albany,AE,2004
Alcorn St.,SWAC,2004
American,Pat,2004
Appalachian St.,SC,2004
Arizona,P10,2004
Arizona St.,P10,2004
Arkansas,SEC,2004
Arkansas Little Rock,SB,2004
Arkansas Pine Bluff,SWAC,2004
Arkansas St.,SB,2004
Army,Pat,2004
Auburn,SEC,2004
Austin Peay,OVC,2004
BYU,MWC,2004
Ball St.,MAC,2004
Baylor,B12,2004
Belmont,ASun,2004
Bethune Cookman,MEAC,2004
Binghamton,AE,2004
Birmingham Southern,BSth,2004
Boise St.,WAC,2004
Boston College,BE,2004
Boston University,AE,2004
Bowling Green,MAC,2004
Bradley,MVC,2004
Brown,Ivy,2004
Bucknell,Pat,2004
Buffalo,MAC,2004
Butler,Horz,2004
Cal Poly,BW,2004
Cal St. Fullerton,BW,2004
Cal St. Northridge,BW,2004
California,P10,2004
Campbell,ASun,2004
Canisius,MAAC,2004
Centenary,MCon,2004
Central Connecticut,NEC,2004
Central Michigan,MAC,2004
Charleston Southern,BSth,2004
Charlotte,CUSA,2004
Chattanooga,SC,2004
Chicago St.,MCon,2004
Cincinnati,CUSA,2004
Clemson,ACC,2004
Cleveland St.,Horz,2004
Coastal Carolina,BSth,2004
Colgate,Pat,2004
College of Charleston,SC,2004
Colorado,B12,2004
Colorado St.,MWC,2004
Columbia,Ivy,2004
Connecticut,BE,2004
Coppin St.,MEAC,2004
Cornell,Ivy,2004
Creighton,MVC,2004
Dartmouth,Ivy,2004
Davidson,SC,2004
Dayton,A10,2004
DePaul,CUSA,2004
Delaware,CAA,2004
Delaware St.,MEAC,2004
Denver,SB,2004
Detroit,Horz,2004
Drake,MVC,2004
Drexel,CAA,2004
Duke,ACC,2004
Duquesne,A10,2004
East Carolina,CUSA,2004
East Tennessee St.,SC,2004
Eastern Illinois,OVC,2004
Eastern Kentucky,OVC,2004
Eastern Michigan,MAC,2004
Eastern Washington,BSky,2004
Elon,SC,2004
Evansville,MVC,2004
FIU,SB,2004
Fairfield,MAAC,2004
Fairleigh Dickinson,NEC,2004
Florida,SEC,2004
Florida A&M,MEAC,2004
Florida Atlantic,ASun,2004
Florida St.,ACC,2004
Fordham,A10,2004
Fresno St.,WAC,2004
Furman,SC,2004
Gardner Webb,ASun,2004
George Mason,CAA,2004
George Washington,A10,2004
Georgetown,BE,2004
Georgia,SEC,2004
Georgia Southern,SC,2004
Georgia St.,ASun,2004
Georgia Tech,ACC,2004
Gonzaga,WCC,2004
Grambling St.,SWAC,2004
Green Bay,Horz,2004
Hampton,MEAC,2004
Hartford,AE,2004
Harvard,Ivy,2004
Hawaii,WAC,2004
High Point,BSth,2004
Hofstra,CAA,2004
Holy Cross,Pat,2004
Houston,CUSA,2004
Howard,MEAC,2004
IPFW,ind,2004
IUPUI,MCon,2004
Idaho,BW,2004
Idaho St.,BSky,2004
Illinois,B10,2004
Illinois Chicago,Horz,2004
Illinois St.,MVC,2004
Indiana,B10,2004
Indiana St.,MVC,2004
Iona,MAAC,2004
Iowa,B10,2004
Iowa St.,B12,2004
Jackson St.,SWAC,2004
Jacksonville,ASun,2004
Jacksonville St.,OVC,2004
James Madison,CAA,2004
Kansas,B12,2004
Kansas St.,B12,2004
Kent St.,MAC,2004
Kentucky,SEC,2004
LIU Brooklyn,NEC,2004
LSU,SEC,2004
La Salle,A10,2004
Lafayette,Pat,2004
Lamar,Slnd,2004
Lehigh,Pat,2004
Liberty,BSth,2004
Lipscomb,ASun,2004
Long Beach St.,BW,2004
Louisiana Lafayette,SB,2004
Louisiana Monroe,Slnd,2004
Louisiana Tech,WAC,2004
Louisville,CUSA,2004
Loyola Chicago,Horz,2004
Loyola MD,MAAC,2004
Loyola Marymount,WCC,2004
Maine,AE,2004
Manhattan,MAAC,2004
Marist,MAAC,2004
Marquette,CUSA,2004
Marshall,MAC,2004
Maryland,ACC,2004
Maryland Eastern Shore,MEAC,2004
Massachusetts,A10,2004
McNeese St.,Slnd,2004
Memphis,CUSA,2004
Mercer,ASun,2004
Miami FL,BE,2004
Miami OH,MAC,2004
Michigan,B10,2004
Michigan St.,B10,2004
Middle Tennessee,SB,2004
Milwaukee,Horz,2004
Minnesota,B10,2004
Mississippi,SEC,2004
Mississippi St.,SEC,2004
Mississippi Valley St.,SWAC,2004
Missouri,B12,2004
Monmouth,NEC,2004
Montana,BSky,2004
Montana St.,BSky,2004
Morehead St.,OVC,2004
Morgan St.,MEAC,2004
Mount St. Mary's,NEC,2004
Murray St.,OVC,2004
N.C. State,ACC,2004
Navy,Pat,2004
Nebraska,B12,2004
Nevada,WAC,2004
New Hampshire,AE,2004
New Mexico,MWC,2004
New Mexico St.,SB,2004
New Orleans,SB,2004
Niagara,MAAC,2004
Nicholls St.,Slnd,2004
Norfolk St.,MEAC,2004
North Carolina,ACC,2004
North Carolina A&T,MEAC,2004
North Texas,SB,2004
Northeastern,AE,2004
Northern Arizona,BSky,2004
Northern Illinois,MAC,2004
Northern Iowa,MVC,2004
Northwestern,B10,2004
Northwestern St.,Slnd,2004
Notre Dame,BE,2004
Oakland,MCon,2004
Ohio,MAC,2004
Ohio St.,B10,2004
Oklahoma,B12,2004
Oklahoma St.,B12,2004
Old Dominion,CAA,2004
Oral Roberts,MCon,2004
Oregon,P10,2004
Oregon St.,P10,2004
Pacific,BW,2004
Penn,Ivy,2004
Penn St.,B10,2004
Pepperdine,WCC,2004
Pittsburgh,BE,2004
Portland,WCC,2004
Portland St.,BSky,2004
Prairie View A&M,SWAC,2004
Princeton,Ivy,2004
Providence,BE,2004
Purdue,B10,2004
Quinnipiac,NEC,2004
Radford,BSth,2004
Rhode Island,A10,2004
Rice,WAC,2004
Richmond,A10,2004
Rider,MAAC,2004
Robert Morris,NEC,2004
Rutgers,BE,2004
SMU,WAC,2004
Sacramento St.,BSky,2004
Sacred Heart,NEC,2004
Saint Joseph's,A10,2004
Saint Louis,CUSA,2004
Saint Mary's,WCC,2004
Saint Peter's,MAAC,2004
Sam Houston St.,Slnd,2004
Samford,OVC,2004
San Diego,WCC,2004
San Diego St.,MWC,2004
San Francisco,WCC,2004
San Jose St.,WAC,2004
Santa Clara,WCC,2004
Savannah St.,ind,2004
Seton Hall,BE,2004
Siena,MAAC,2004
South Alabama,SB,2004
South Carolina,SEC,2004
South Carolina St.,MEAC,2004
South Florida,CUSA,2004
Southeast Missouri St.,OVC,2004
Southeastern Louisiana,Slnd,2004
Southern,SWAC,2004
Southern Illinois,MVC,2004
Southern Miss,CUSA,2004
Southern Utah,MCon,2004
Southwest Missouri St.,MVC,2004
St. Bonaventure,A10,2004
St. Francis NY,NEC,2004
St. Francis PA,NEC,2004
St. John's,BE,2004
Stanford,P10,2004
Stephen F. Austin,Slnd,2004
Stetson,ASun,2004
Stony Brook,AE,2004
Syracuse,BE,2004
TCU,CUSA,2004
Temple,A10,2004
Tennessee,SEC,2004
Tennessee Martin,OVC,2004
Tennessee St.,OVC,2004
Tennessee Tech,OVC,2004
Texas,B12,2004
Texas A&M,B12,2004
Texas A&M Corpus Chris,ind,2004
Texas Pan American,ind,2004
Texas Southern,SWAC,2004
Texas St.,Slnd,2004
Texas Tech,B12,2004
The Citadel,SC,2004
Toledo,MAC,2004
Towson,CAA,2004
Troy St.,ASun,2004
Tulane,CUSA,2004
Tulsa,WAC,2004
UAB,CUSA,2004
UC Irvine,BW,2004
UC Riverside,BW,2004
UC Santa Barbara,BW,2004
UCF,ASun,2004
UCLA,P10,2004
UMBC,AE,2004
UMKC,MCon,2004
UNC Asheville,BSth,2004
UNC Greensboro,SC,2004
UNC Wilmington,CAA,2004
UNLV,MWC,2004
USC,P10,2004
UT Arlington,Slnd,2004
UTEP,WAC,2004
UTSA,Slnd,2004
Utah,MWC,2004
Utah St.,BW,2004
VCU,CAA,2004
VMI,BSth,2004
Valparaiso,MCon,2004
Vanderbilt,SEC,2004
Vermont,AE,2004
Villanova,BE,2004
Virginia,ACC,2004
Virginia Tech,BE,2004
Wagner,NEC,2004
Wake Forest,ACC,2004
Washington,P10,2004
Washington St.,P10,2004
Weber St.,BSky,2004
West Virginia,BE,2004
Western Carolina,SC,2004
Western Illinois,MCon,2004
Western Kentucky,SB,2004
Western Michigan,MAC,2004
Wichita St.,MVC,2004
William & Mary,CAA,2004
Winthrop,BSth,2004
Wisconsin,B10,2004
Wofford,SC,2004
Wright St.,Horz,2004
Wyoming,MWC,2004
Xavier,A10,2004
Yale,Ivy,2004
Youngstown St.,Horz,2004
Air Force,MWC,2003
Akron,MAC,2003
Alabama,SEC,2003
Alabama A&M,SWAC,2003
Alabama St.,SWAC,2003
Albany,AE,2003
Alcorn St.,SWAC,2003
American,Pat,2003
Appalachian St.,SC,2003
Arizona,P10,2003
Arizona St.,P10,2003
Arkansas,SEC,2003
Arkansas Little Rock,SB,2003
Arkansas Pine Bluff,SWAC,2003
Arkansas St.,SB,2003
Army,Pat,2003
Auburn,SEC,2003
Austin Peay,OVC,2003
BYU,MWC,2003
Ball St.,MAC,2003
Baylor,B12,2003
Belmont,ASun,2003
Bethune Cookman,MEAC,2003
Binghamton,AE,2003
Birmingham Southern,BSth,2003
Boise St.,WAC,2003
Boston College,BE,2003
Boston University,AE,2003
Bowling Green,MAC,2003
Bradley,MVC,2003
Brown,Ivy,2003
Bucknell,Pat,2003
Buffalo,MAC,2003
Butler,Horz,2003
Cal Poly,BW,2003
Cal St. Fullerton,BW,2003
Cal St. Northridge,BW,2003
California,P10,2003
Campbell,ASun,2003
Canisius,MAAC,2003
Centenary,ind,2003
Central Connecticut,NEC,2003
Central Michigan,MAC,2003
Charleston Southern,BSth,2003
Charlotte,CUSA,2003
Chattanooga,SC,2003
Chicago St.,MCon,2003
Cincinnati,CUSA,2003
Clemson,ACC,2003
Cleveland St.,Horz,2003
Coastal Carolina,BSth,2003
Colgate,Pat,2003
College of Charleston,SC,2003
Colorado,B12,2003
Colorado St.,MWC,2003
Columbia,Ivy,2003
Connecticut,BE,2003
Coppin St.,MEAC,2003
Cornell,Ivy,2003
Creighton,MVC,2003
Dartmouth,Ivy,2003
Davidson,SC,2003
Dayton,A10,2003
DePaul,CUSA,2003
Delaware,CAA,2003
Delaware St.,MEAC,2003
Denver,SB,2003
Detroit,Horz,2003
Drake,MVC,2003
Drexel,CAA,2003
Duke,ACC,2003
Duquesne,A10,2003
East Carolina,CUSA,2003
East Tennessee St.,SC,2003
Eastern Illinois,OVC,2003
Eastern Kentucky,OVC,2003
Eastern Michigan,MAC,2003
Eastern Washington,BSky,2003
Elon,BSth,2003
Evansville,MVC,2003
FIU,SB,2003
Fairfield,MAAC,2003
Fairleigh Dickinson,NEC,2003
Florida,SEC,2003
Florida A&M,MEAC,2003
Florida Atlantic,ASun,2003
Florida St.,ACC,2003
Fordham,A10,2003
Fresno St.,WAC,2003
Furman,SC,2003
Gardner Webb,ASun,2003
George Mason,CAA,2003
George Washington,A10,2003
Georgetown,BE,2003
Georgia,SEC,2003
Georgia Southern,SC,2003
Georgia St.,ASun,2003
Georgia Tech,ACC,2003
Gonzaga,WCC,2003
Grambling St.,SWAC,2003
Green Bay,Horz,2003
Hampton,MEAC,2003
Hartford,AE,2003
Harvard,Ivy,2003
Hawaii,WAC,2003
High Point,BSth,2003
Hofstra,CAA,2003
Holy Cross,Pat,2003
Houston,CUSA,2003
Howard,MEAC,2003
IPFW,ind,2003
IUPUI,MCon,2003
Idaho,BW,2003
Idaho St.,BSky,2003
Illinois,B10,2003
Illinois Chicago,Horz,2003
Illinois St.,MVC,2003
Indiana,B10,2003
Indiana St.,MVC,2003
Iona,MAAC,2003
Iowa,B10,2003
Iowa St.,B12,2003
Jackson St.,SWAC,2003
Jacksonville,ASun,2003
Jacksonville St.,ASun,2003
James Madison,CAA,2003
Kansas,B12,2003
Kansas St.,B12,2003
Kent St.,MAC,2003
Kentucky,SEC,2003
LIU Brooklyn,NEC,2003
LSU,SEC,2003
La Salle,A10,2003
Lafayette,Pat,2003
Lamar,Slnd,2003
Lehigh,Pat,2003
Liberty,BSth,2003
Lipscomb,ind,2003
Long Beach St.,BW,2003
Louisiana Lafayette,SB,2003
Louisiana Monroe,Slnd,2003
Louisiana Tech,WAC,2003
Louisville,CUSA,2003
Loyola Chicago,Horz,2003
Loyola MD,MAAC,2003
Loyola Marymount,WCC,2003
Maine,AE,2003
Manhattan,MAAC,2003
Marist,MAAC,2003
Marquette,CUSA,2003
Marshall,MAC,2003
Maryland,ACC,2003
Maryland Eastern Shore,MEAC,2003
Massachusetts,A10,2003
McNeese St.,Slnd,2003
Memphis,CUSA,2003
Mercer,ASun,2003
Miami FL,BE,2003
Miami OH,MAC,2003
Michigan,B10,2003
Michigan St.,B10,2003
Middle Tennessee St.,SB,2003
Milwaukee,Horz,2003
Minnesota,B10,2003
Mississippi,SEC,2003
Mississippi St.,SEC,2003
Mississippi Valley St.,SWAC,2003
Missouri,B12,2003
Monmouth,NEC,2003
Montana,BSky,2003
Montana St.,BSky,2003
Morehead St.,OVC,2003
Morgan St.,MEAC,2003
Morris Brown,ind,2003
Mount St. Mary's,NEC,2003
Murray St.,OVC,2003
N.C. State,ACC,2003
Navy,Pat,2003
Nebraska,B12,2003
Nevada,WAC,2003
New Hampshire,AE,2003
New Mexico,MWC,2003
New Mexico St.,SB,2003
New Orleans,SB,2003
Niagara,MAAC,2003
Nicholls St.,Slnd,2003
Norfolk St.,MEAC,2003
North Carolina,ACC,2003
North Carolina A&T,MEAC,2003
North Texas,SB,2003
Northeastern,AE,2003
Northern Arizona,BSky,2003
Northern Illinois,MAC,2003
Northern Iowa,MVC,2003
Northwestern,B10,2003
Northwestern St.,Slnd,2003
Notre Dame,BE,2003
Oakland,MCon,2003
Ohio,MAC,2003
Ohio St.,B10,2003
Oklahoma,B12,2003
Oklahoma St.,B12,2003
Old Dominion,CAA,2003
Oral Roberts,MCon,2003
Oregon,P10,2003
Oregon St.,P10,2003
Pacific,BW,2003
Penn,Ivy,2003
Penn St.,B10,2003
Pepperdine,WCC,2003
Pittsburgh,BE,2003
Portland,WCC,2003
Portland St.,BSky,2003
Prairie View A&M,SWAC,2003
Princeton,Ivy,2003
Providence,BE,2003
Purdue,B10,2003
Quinnipiac,NEC,2003
Radford,BSth,2003
Rhode Island,A10,2003
Rice,WAC,2003
Richmond,A10,2003
Rider,MAAC,2003
Robert Morris,NEC,2003
Rutgers,BE,2003
SMU,WAC,2003
Sacramento St.,BSky,2003
Sacred Heart,NEC,2003
Saint Joseph's,A10,2003
Saint Louis,CUSA,2003
Saint Mary's,WCC,2003
Saint Peter's,MAAC,2003
Sam Houston St.,Slnd,2003
Samford,ASun,2003
San Diego,WCC,2003
San Diego St.,MWC,2003
San Francisco,WCC,2003
San Jose St.,WAC,2003
Santa Clara,WCC,2003
Savannah St.,ind,2003
Seton Hall,BE,2003
Siena,MAAC,2003
South Alabama,SB,2003
South Carolina,SEC,2003
South Carolina St.,MEAC,2003
South Florida,CUSA,2003
Southeast Missouri St.,OVC,2003
Southeastern Louisiana,Slnd,2003
Southern,SWAC,2003
Southern Illinois,MVC,2003
Southern Miss,CUSA,2003
Southern Utah,MCon,2003
Southwest Missouri St.,MVC,2003
Southwest Texas St.,Slnd,2003
St. Bonaventure,A10,2003
St. Francis NY,NEC,2003
St. Francis PA,NEC,2003
St. John's,BE,2003
Stanford,P10,2003
Stephen F. Austin,Slnd,2003
Stetson,ASun,2003
Stony Brook,AE,2003
Syracuse,BE,2003
TCU,CUSA,2003
Temple,A10,2003
Tennessee,SEC,2003
Tennessee Martin,OVC,2003
Tennessee St.,OVC,2003
Tennessee Tech,OVC,2003
Texas,B12,2003
Texas A&M,B12,2003
Texas A&M Corpus Chris,ind,2003
Texas Pan American,ind,2003
Texas Southern,SWAC,2003
Texas Tech,B12,2003
The Citadel,SC,2003
Toledo,MAC,2003
Towson,CAA,2003
Troy St.,ASun,2003
Tulane,CUSA,2003
Tulsa,WAC,2003
UAB,CUSA,2003
UC Irvine,BW,2003
UC Riverside,BW,2003
UC Santa Barbara,BW,2003
UCF,ASun,2003
UCLA,P10,2003
UMBC,NEC,2003
UMKC,MCon,2003
UNC Asheville,BSth,2003
UNC Greensboro,SC,2003
UNC Wilmington,CAA,2003
UNLV,MWC,2003
USC,P10,2003
UT Arlington,Slnd,2003
UTEP,WAC,2003
UTSA,Slnd,2003
Utah,MWC,2003
Utah St.,BW,2003
VCU,CAA,2003
VMI,SC,2003
Valparaiso,MCon,2003
Vanderbilt,SEC,2003
Vermont,AE,2003
Villanova,BE,2003
Virginia,ACC,2003
Virginia Tech,BE,2003
Wagner,NEC,2003
Wake Forest,ACC,2003
Washington,P10,2003
Washington St.,P10,2003
Weber St.,BSky,2003
West Virginia,BE,2003
Western Carolina,SC,2003
Western Illinois,MCon,2003
Western Kentucky,SB,2003
Western Michigan,MAC,2003
Wichita St.,MVC,2003
William & Mary,CAA,2003
Winthrop,BSth,2003
Wisconsin,B10,2003
Wofford,SC,2003
Wright St.,Horz,2003
Wyoming,MWC,2003
Xavier,A10,2003
Yale,Ivy,2003
Youngstown St.,Horz,2003
Air Force,MWC,2002
Akron,MAC,2002
Alabama,SEC,2002
Alabama A&M,SWAC,2002
Alabama St.,SWAC,2002
Albany,AE,2002
Alcorn St.,SWAC,2002
American,Pat,2002
Appalachian St.,SC,2002
Arizona,P10,2002
Arizona St.,P10,2002
Arkansas,SEC,2002
Arkansas Little Rock,SB,2002
Arkansas Pine Bluff,SWAC,2002
Arkansas St.,SB,2002
Army,Pat,2002
Auburn,SEC,2002
Austin Peay,OVC,2002
BYU,MWC,2002
Ball St.,MAC,2002
Baylor,B12,2002
Belmont,ASun,2002
Bethune Cookman,MEAC,2002
Binghamton,AE,2002
Birmingham Southern,BSth,2002
Boise St.,WAC,2002
Boston College,BE,2002
Boston University,AE,2002
Bowling Green,MAC,2002
Bradley,MVC,2002
Brown,Ivy,2002
Bucknell,Pat,2002
Buffalo,MAC,2002
Butler,Horz,2002
Cal Poly,BW,2002
Cal St. Fullerton,BW,2002
Cal St. Northridge,BW,2002
California,P10,2002
Campbell,ASun,2002
Canisius,MAAC,2002
Centenary,ind,2002
Central Connecticut,NEC,2002
Central Michigan,MAC,2002
Charleston Southern,BSth,2002
Charlotte,CUSA,2002
Chattanooga,SC,2002
Chicago St.,MCon,2002
Cincinnati,CUSA,2002
Clemson,ACC,2002
Cleveland St.,Horz,2002
Coastal Carolina,BSth,2002
Colgate,Pat,2002
College of Charleston,SC,2002
Colorado,B12,2002
Colorado St.,MWC,2002
Columbia,Ivy,2002
Connecticut,BE,2002
Coppin St.,MEAC,2002
Cornell,Ivy,2002
Creighton,MVC,2002
Dartmouth,Ivy,2002
Davidson,SC,2002
Dayton,A10,2002
DePaul,CUSA,2002
Delaware,CAA,2002
Delaware St.,MEAC,2002
Denver,SB,2002
Detroit,Horz,2002
Drake,MVC,2002
Drexel,CAA,2002
Duke,ACC,2002
Duquesne,A10,2002
East Carolina,CUSA,2002
East Tennessee St.,SC,2002
Eastern Illinois,OVC,2002
Eastern Kentucky,OVC,2002
Eastern Michigan,MAC,2002
Eastern Washington,BSky,2002
Elon,BSth,2002
Evansville,MVC,2002
FIU,SB,2002
Fairfield,MAAC,2002
Fairleigh Dickinson,NEC,2002
Florida,SEC,2002
Florida A&M,MEAC,2002
Florida Atlantic,ASun,2002
Florida St.,ACC,2002
Fordham,A10,2002
Fresno St.,WAC,2002
Furman,SC,2002
Gardner Webb,ind,2002
George Mason,CAA,2002
George Washington,A10,2002
Georgetown,BE,2002
Georgia,SEC,2002
Georgia Southern,SC,2002
Georgia St.,ASun,2002
Georgia Tech,ACC,2002
Gonzaga,WCC,2002
Grambling St.,SWAC,2002
Green Bay,Horz,2002
Hampton,MEAC,2002
Hartford,AE,2002
Harvard,Ivy,2002
Hawaii,WAC,2002
High Point,BSth,2002
Hofstra,CAA,2002
Holy Cross,Pat,2002
Houston,CUSA,2002
Howard,MEAC,2002
IPFW,ind,2002
IUPUI,MCon,2002
Idaho,BW,2002
Idaho St.,BSky,2002
Illinois,B10,2002
Illinois Chicago,Horz,2002
Illinois St.,MVC,2002
Indiana,B10,2002
Indiana St.,MVC,2002
Iona,MAAC,2002
Iowa,B10,2002
Iowa St.,B12,2002
Jackson St.,SWAC,2002
Jacksonville,ASun,2002
Jacksonville St.,ASun,2002
James Madison,CAA,2002
Kansas,B12,2002
Kansas St.,B12,2002
Kent St.,MAC,2002
Kentucky,SEC,2002
LIU Brooklyn,NEC,2002
LSU,SEC,2002
La Salle,A10,2002
Lafayette,Pat,2002
Lamar,Slnd,2002
Lehigh,Pat,2002
Liberty,BSth,2002
Lipscomb,ind,2002
Long Beach St.,BW,2002
Louisiana Lafayette,SB,2002
Louisiana Monroe,Slnd,2002
Louisiana Tech,WAC,2002
Louisville,CUSA,2002
Loyola Chicago,Horz,2002
Loyola MD,MAAC,2002
Loyola Marymount,WCC,2002
Maine,AE,2002
Manhattan,MAAC,2002
Marist,MAAC,2002
Marquette,CUSA,2002
Marshall,MAC,2002
Maryland,ACC,2002
Maryland Eastern Shore,MEAC,2002
Massachusetts,A10,2002
McNeese St.,Slnd,2002
Memphis,CUSA,2002
Mercer,ASun,2002
Miami FL,BE,2002
Miami OH,MAC,2002
Michigan,B10,2002
Michigan St.,B10,2002
Middle Tennessee,SB,2002
Milwaukee,Horz,2002
Minnesota,B10,2002
Mississippi,SEC,2002
Mississippi St.,SEC,2002
Mississippi Valley St.,SWAC,2002
Missouri,B12,2002
Monmouth,NEC,2002
Montana,BSky,2002
Montana St.,BSky,2002
Morehead St.,OVC,2002
Morgan St.,MEAC,2002
Morris Brown,ind,2002
Mount St. Mary's,NEC,2002
Murray St.,OVC,2002
N.C. State,ACC,2002
Navy,Pat,2002
Nebraska,B12,2002
Nevada,WAC,2002
New Hampshire,AE,2002
New Mexico,MWC,2002
New Mexico St.,SB,2002
New Orleans,SB,2002
Niagara,MAAC,2002
Nicholls St.,Slnd,2002
Norfolk St.,MEAC,2002
North Carolina,ACC,2002
North Carolina A&T,MEAC,2002
North Texas,SB,2002
Northeastern,AE,2002
Northern Arizona,BSky,2002
Northern Illinois,MAC,2002
Northern Iowa,MVC,2002
Northwestern,B10,2002
Northwestern St.,Slnd,2002
Notre Dame,BE,2002
Oakland,MCon,2002
Ohio,MAC,2002
Ohio St.,B10,2002
Oklahoma,B12,2002
Oklahoma St.,B12,2002
Old Dominion,CAA,2002
Oral Roberts,MCon,2002
Oregon,P10,2002
Oregon St.,P10,2002
Pacific,BW,2002
Penn,Ivy,2002
Penn St.,B10,2002
Pepperdine,WCC,2002
Pittsburgh,BE,2002
Portland,WCC,2002
Portland St.,BSky,2002
Prairie View A&M,SWAC,2002
Princeton,Ivy,2002
Providence,BE,2002
Purdue,B10,2002
Quinnipiac,NEC,2002
Radford,BSth,2002
Rhode Island,A10,2002
Rice,WAC,2002
Richmond,A10,2002
Rider,MAAC,2002
Robert Morris,NEC,2002
Rutgers,BE,2002
SMU,WAC,2002
Sacramento St.,BSky,2002
Sacred Heart,NEC,2002
Saint Joseph's,A10,2002
Saint Louis,CUSA,2002
Saint Mary's,WCC,2002
Saint Peter's,MAAC,2002
Sam Houston St.,Slnd,2002
Samford,ASun,2002
San Diego,WCC,2002
San Diego St.,MWC,2002
San Francisco,WCC,2002
San Jose St.,WAC,2002
Santa Clara,WCC,2002
Savannah St.,ind,2002
Seton Hall,BE,2002
Siena,MAAC,2002
South Alabama,SB,2002
South Carolina,SEC,2002
South Carolina St.,MEAC,2002
South Florida,CUSA,2002
Southeast Missouri St.,OVC,2002
Southeastern Louisiana,Slnd,2002
Southern,SWAC,2002
Southern Illinois,MVC,2002
Southern Miss,CUSA,2002
Southern Utah,MCon,2002
Southwest Missouri St.,MVC,2002
Southwest Texas St.,Slnd,2002
St. Bonaventure,A10,2002
St. Francis NY,NEC,2002
St. Francis PA,NEC,2002
St. John's,BE,2002
Stanford,P10,2002
Stephen F. Austin,Slnd,2002
Stetson,ASun,2002
Stony Brook,AE,2002
Syracuse,BE,2002
TCU,CUSA,2002
Temple,A10,2002
Tennessee,SEC,2002
Tennessee Martin,OVC,2002
Tennessee St.,OVC,2002
Tennessee Tech,OVC,2002
Texas,B12,2002
Texas A&M,B12,2002
Texas A&M Corpus Chris,ind,2002
Texas Pan American,ind,2002
Texas Southern,SWAC,2002
Texas Tech,B12,2002
The Citadel,SC,2002
Toledo,MAC,2002
Towson,CAA,2002
Troy St.,ASun,2002
Tulane,CUSA,2002
Tulsa,WAC,2002
UAB,CUSA,2002
UC Irvine,BW,2002
UC Riverside,BW,2002
UC Santa Barbara,BW,2002
UCF,ASun,2002
UCLA,P10,2002
UMBC,NEC,2002
UMKC,MCon,2002
UNC Asheville,BSth,2002
UNC Greensboro,SC,2002
UNC Wilmington,CAA,2002
UNLV,MWC,2002
USC,P10,2002
UT Arlington,Slnd,2002
UTEP,WAC,2002
UTSA,Slnd,2002
Utah,MWC,2002
Utah St.,BW,2002
VCU,CAA,2002
VMI,SC,2002
Valparaiso,MCon,2002
Vanderbilt,SEC,2002
Vermont,AE,2002
Villanova,BE,2002
Virginia,ACC,2002
Virginia Tech,BE,2002
Wagner,NEC,2002
Wake Forest,ACC,2002
Washington,P10,2002
Washington St.,P10,2002
Weber St.,BSky,2002
West Virginia,BE,2002
Western Carolina,SC,2002
Western Illinois,MCon,2002
Western Kentucky,SB,2002
Western Michigan,MAC,2002
Wichita St.,MVC,2002
William & Mary,CAA,2002
Winthrop,BSth,2002
Wisconsin,B10,2002
Wofford,SC,2002
Wright St.,Horz,2002
Wyoming,MWC,2002
Xavier,A10,2002
Yale,Ivy,2002
Youngstown St.,Horz,2002
