season,ncaa_team_id,ncaa_team,ncaa_conference,espn_team_id,espn_display_name,espn_location,espn_mascot,espn_abbreviation,espn_conference_name,espn_conference_id,match_method
2009-10,51431,A&M-Corpus Christi,Southland,357,Texas A&M-Corpus Christi Islanders,Texas A&M-Corpus Christi,Islanders,AMCC,Southland Conference,25,dict
2009-10,51381,Air Force,MWC,2005,Air Force Falcons,Air Force,Falcons,AF,Mountain West Conference,44,exact
2009-10,51088,Akron,MAC,2006,Akron Zips,Akron,Zips,AKR,Mid-American Conference,14,exact
2009-10,51091,Alabama,SEC,333,Alabama Crimson Tide,Alabama,Crimson Tide,ALA,Southeastern Conference,23,exact
2009-10,51089,Alabama A&M,SWAC,2010,Alabama A&M Bulldogs,Alabama A&M,Bulldogs,AAMU,Southwestern Athletic Conference,26,exact
2009-10,51090,Alabama St.,SWAC,2011,Alabama State Hornets,Alabama State,Hornets,ALST,Southwestern Athletic Conference,26,exact
2009-10,51094,Alcorn,SWAC,2016,Alcorn State Braves,Alcorn State,Braves,ALCN,Southwestern Athletic Conference,26,dict
2009-10,51095,American,Patriot,44,American University Eagles,American University,Eagles,AMER,Patriot League,22,exact
2009-10,51096,App State,Sun Belt,2026,App State Mountaineers,App State,Mountaineers,APP,Sun Belt Conference,27,exact
2009-10,51098,Arizona,Pac-12,12,Arizona Wildcats,Arizona,Wildcats,ARIZ,Pac-12 Conference,21,exact
2009-10,51097,Arizona St.,Pac-12,9,Arizona State Sun Devils,Arizona State,Sun Devils,ASU,Pac-12 Conference,21,exact
2009-10,51423,Ark.-Pine Bluff,SWAC,2029,Arkansas-Pine Bluff Golden Lions,Arkansas-Pine Bluff,Golden Lions,UAPB,Southwestern Athletic Conference,26,dict
2009-10,51100,Arkansas,SEC,8,Arkansas Razorbacks,Arkansas,Razorbacks,ARK,Southeastern Conference,23,exact
2009-10,51099,Arkansas St.,Sun Belt,2032,Arkansas State Red Wolves,Arkansas State,Red Wolves,ARST,Sun Belt Conference,27,exact
2009-10,51382,Army West Point,Patriot,349,Army Black Knights,Army,Black Knights,ARMY,Patriot League,22,dict
2009-10,51102,Auburn,SEC,2,Auburn Tigers,Auburn,Tigers,AUB,Southeastern Conference,23,exact
2009-10,51103,Austin Peay,OVC,2046,Austin Peay Governors,Austin Peay,Governors,APSU,ASUN Conference,46,exact
2009-10,51114,BYU,WCC,252,BYU Cougars,BYU,Cougars,BYU,West Coast Conference,29,exact
2009-10,51104,Ball St.,MAC,2050,Ball State Cardinals,Ball State,Cardinals,BALL,Mid-American Conference,14,exact
2009-10,51106,Baylor,Big 12,239,Baylor Bears,Baylor,Bears,BAY,Big 12 Conference,8,exact
2009-10,51429,Belmont,OVC,2057,Belmont Bruins,Belmont,Bruins,BEL,Missouri Valley Conference,18,exact
2009-10,51107,Bethune-Cookman,MEAC,2065,Bethune-Cookman Wildcats,Bethune-Cookman,Wildcats,BCU,Southwestern Athletic Conference,26,exact
2009-10,51108,Binghamton,America East,2066,Binghamton Bearcats,Binghamton,Bearcats,BING,America East Conference,1,exact
2009-10,51109,Boise St.,MWC,68,Boise State Broncos,Boise State,Broncos,BOIS,Mountain West Conference,44,exact
2009-10,51110,Boston College,ACC,103,Boston College Eagles,Boston College,Eagles,BC,Atlantic Coast Conference,2,exact
2009-10,51111,Boston U.,Patriot,104,Boston University Terriers,Boston University,Terriers,BU,Patriot League,22,exact
2009-10,51112,Bowling Green,MAC,189,Bowling Green Falcons,Bowling Green,Falcons,BGSU,Mid-American Conference,14,exact
2009-10,51113,Bradley,MVC,71,Bradley Braves,Bradley,Braves,BRAD,Missouri Valley Conference,18,exact
2009-10,51115,Brown,Ivy League,225,Brown Bears,Brown,Bears,BRWN,Ivy League,12,exact
2009-10,51116,Bryant,NEC,2803,Bryant Bulldogs,Bryant,Bulldogs,BRY,America East Conference,1,exact
2009-10,51117,Bucknell,Patriot,2083,Bucknell Bison,Bucknell,Bison,BUCK,Patriot League,22,exact
2009-10,51118,Buffalo,MAC,2084,Buffalo Bulls,Buffalo,Bulls,BUF,Mid-American Conference,14,exact
2009-10,51119,Butler,Big East,2086,Butler Bulldogs,Butler,Bulldogs,BTLR,Big East Conference,4,exact
2009-10,51121,CSU Bakersfield,WAC,2934,Cal State Bakersfield Roadrunners,Cal State Bakersfield,Roadrunners,CSUB,Big West Conference,9,alias
2009-10,51125,CSUN,Big West,2463,Cal State Northridge Matadors,Cal State Northridge,Matadors,CSUN,Big West Conference,9,exact
2009-10,51120,Cal Poly,Big West,13,Cal Poly Mustangs,Cal Poly,Mustangs,CP,Big West Conference,9,exact
2009-10,51123,Cal St. Fullerton,Big West,2239,Cal State Fullerton Titans,Cal State Fullerton,Titans,CSUF,Big West Conference,9,exact
2009-10,51128,California,Pac-12,25,California Golden Bears,California,Golden Bears,CAL,Pac-12 Conference,21,exact
2009-10,51133,Campbell,Big South,2097,Campbell Fighting Camels,Campbell,Fighting Camels,CAM,Big South Conference,6,exact
2009-10,51134,Canisius,MAAC,2099,Canisius Golden Griffins,Canisius,Golden Griffins,CAN,Metro Atlantic Athletic Conference,13,exact
2009-10,51416,Central Ark.,Southland,2110,Central Arkansas Bears,Central Arkansas,Bears,CARK,ASUN Conference,46,exact
2009-10,51136,Central Conn. St.,NEC,2115,Central Connecticut Blue Devils,Central Connecticut,Blue Devils,CCSU,Northeast Conference,19,dict
2009-10,51138,Central Mich.,MAC,2117,Central Michigan Chippewas,Central Michigan,Chippewas,CMU,Mid-American Conference,14,exact
2009-10,51105,Charleston So.,Big South,2127,Charleston Southern Buccaneers,Charleston Southern,Buccaneers,CHSO,Big South Conference,6,exact
2009-10,51262,Charlotte,C-USA,2429,Charlotte 49ers,Charlotte,49ers,CLT,Conference USA,11,exact
2009-10,51365,Chattanooga,SoCon,236,Chattanooga Mocs,Chattanooga,Mocs,UTC,Southern Conference,24,exact
2009-10,51139,Chicago St.,WAC,2130,Chicago State Cougars,Chicago State,Cougars,CHST,Division I Independents,43,exact
2009-10,51140,Cincinnati,AAC,2132,Cincinnati Bearcats,Cincinnati,Bearcats,CIN,American Athletic Conference,62,exact
2009-10,51142,Clemson,ACC,228,Clemson Tigers,Clemson,Tigers,CLEM,Atlantic Coast Conference,2,exact
2009-10,51143,Cleveland St.,Horizon,325,Cleveland State Vikings,Cleveland State,Vikings,CLE,Horizon League,45,exact
2009-10,51144,Coastal Carolina,Sun Belt,324,Coastal Carolina Chanticleers,Coastal Carolina,Chanticleers,CCU,Sun Belt Conference,27,exact
2009-10,51417,Col. of Charleston,CAA,232,Charleston Cougars,Charleston,Cougars,COFC,Colonial Athletic Association,10,dict
2009-10,51145,Colgate,Patriot,2142,Colgate Raiders,Colgate,Raiders,COLG,Patriot League,22,exact
2009-10,51147,Colorado,Pac-12,38,Colorado Buffaloes,Colorado,Buffaloes,COLO,Pac-12 Conference,21,exact
2009-10,51146,Colorado St.,MWC,36,Colorado State Rams,Colorado State,Rams,CSU,Mountain West Conference,44,exact
2009-10,51148,Columbia,Ivy League,171,Columbia Lions,Columbia,Lions,COLU,Ivy League,12,exact
2009-10,51150,Coppin St.,MEAC,2154,Coppin State Eagles,Coppin State,Eagles,COPP,Mid-Eastern Athletic Conference,16,exact
2009-10,51151,Cornell,Ivy League,172,Cornell Big Red,Cornell,Big Red,COR,Ivy League,12,exact
2009-10,51152,Creighton,Big East,156,Creighton Bluejays,Creighton,Bluejays,CREI,Big East Conference,4,exact
2009-10,51153,Dartmouth,Ivy League,159,Dartmouth Big Green,Dartmouth,Big Green,DART,Ivy League,12,exact
2009-10,51154,Davidson,Atlantic 10,2166,Davidson Wildcats,Davidson,Wildcats,DAV,Atlantic 10 Conference,3,exact
2009-10,51155,Dayton,Atlantic 10,2168,Dayton Flyers,Dayton,Flyers,DAY,Atlantic 10 Conference,3,exact
2009-10,51156,DePaul,Big East,305,DePaul Blue Demons,DePaul,Blue Demons,DEP,Big East Conference,4,exact
2009-10,51158,Delaware,CAA,48,Delaware Blue Hens,Delaware,Blue Hens,DEL,Colonial Athletic Association,10,exact
2009-10,51157,Delaware St.,MEAC,2169,Delaware State Hornets,Delaware State,Hornets,DSU,Mid-Eastern Athletic Conference,16,exact
2009-10,51159,Denver,Summit League,2172,Denver Pioneers,Denver,Pioneers,DEN,Summit League,49,exact
2009-10,51160,Detroit Mercy,Horizon,2174,Detroit Mercy Titans,Detroit Mercy,Titans,DETM,Horizon League,45,exact
2009-10,51161,Drake,MVC,2181,Drake Bulldogs,Drake,Bulldogs,DRKE,Missouri Valley Conference,18,exact
2009-10,51162,Drexel,CAA,2182,Drexel Dragons,Drexel,Dragons,DREX,Colonial Athletic Association,10,exact
2009-10,51163,Duke,ACC,150,Duke Blue Devils,Duke,Blue Devils,DUKE,Atlantic Coast Conference,2,exact
2009-10,51164,Duquesne,Atlantic 10,2184,Duquesne Dukes,Duquesne,Dukes,DUQ,Atlantic 10 Conference,3,exact
2009-10,51166,ETSU,SoCon,2193,East Tennessee State Buccaneers,East Tennessee State,Buccaneers,ETSU,Southern Conference,24,exact
2009-10,51165,East Carolina,AAC,151,East Carolina Pirates,East Carolina,Pirates,ECU,American Athletic Conference,62,exact
2009-10,51167,Eastern Ill.,OVC,2197,Eastern Illinois Panthers,Eastern Illinois,Panthers,EIU,Ohio Valley Conference,20,exact
2009-10,51168,Eastern Ky.,OVC,2198,Eastern Kentucky Colonels,Eastern Kentucky,Colonels,EKU,ASUN Conference,46,exact
2009-10,51169,Eastern Mich.,MAC,2199,Eastern Michigan Eagles,Eastern Michigan,Eagles,EMU,Mid-American Conference,14,exact
2009-10,51170,Eastern Wash.,Big Sky,331,Eastern Washington Eagles,Eastern Washington,Eagles,EWU,Big Sky Conference,5,exact
2009-10,51418,Elon,CAA,2210,Elon Phoenix,Elon,Phoenix,ELON,Colonial Athletic Association,10,exact
2009-10,51171,Evansville,MVC,339,Evansville Purple Aces,Evansville,Purple Aces,EVAN,Missouri Valley Conference,18,exact
2009-10,51433,FGCU,ASUN,526,Florida Gulf Coast Eagles,Florida Gulf Coast,Eagles,FGCU,ASUN Conference,46,exact
2009-10,51176,FIU,C-USA,2229,Florida International Panthers,Florida International,Panthers,FIU,Conference USA,11,exact
2009-10,51172,Fairfield,MAAC,2217,Fairfield Stags,Fairfield,Stags,FAIR,Metro Atlantic Athletic Conference,13,exact
2009-10,51173,Fairleigh Dickinson,NEC,161,Fairleigh Dickinson Knights,Fairleigh Dickinson,Knights,FDU,Northeast Conference,19,exact
2009-10,51175,Fla. Atlantic,C-USA,2226,Florida Atlantic Owls,Florida Atlantic,Owls,FAU,Conference USA,11,exact
2009-10,51178,Florida,SEC,57,Florida Gators,Florida,Gators,FLA,Southeastern Conference,23,exact
2009-10,51174,Florida A&M,MEAC,50,Florida A&M Rattlers,Florida A&M,Rattlers,FAMU,Southwestern Athletic Conference,26,exact
2009-10,51177,Florida St.,ACC,52,Florida State Seminoles,Florida State,Seminoles,FSU,Atlantic Coast Conference,2,exact
2009-10,51179,Fordham,Atlantic 10,2230,Fordham Rams,Fordham,Rams,FOR,Atlantic 10 Conference,3,exact
2009-10,51122,Fresno St.,MWC,278,Fresno State Bulldogs,Fresno State,Bulldogs,FRES,Mountain West Conference,44,exact
2009-10,51180,Furman,SoCon,231,Furman Paladins,Furman,Paladins,FUR,Southern Conference,24,exact
2009-10,51184,Ga. Southern,Sun Belt,290,Georgia Southern Eagles,Georgia Southern,Eagles,GASO,Sun Belt Conference,27,exact
2009-10,51419,Gardner-Webb,Big South,2241,Gardner-Webb Runnin' Bulldogs,Gardner-Webb,Runnin' Bulldogs,GWEB,Big South Conference,6,exact
2009-10,51181,George Mason,Atlantic 10,2244,George Mason Patriots,George Mason,Patriots,GMU,Atlantic 10 Conference,3,exact
2009-10,51182,George Washington,Atlantic 10,45,George Washington Revolutionaries,George Washington,Revolutionaries,GW,Atlantic 10 Conference,3,exact
2009-10,51183,Georgetown,Big East,46,Georgetown Hoyas,Georgetown,Hoyas,GTWN,Big East Conference,4,exact
2009-10,51187,Georgia,SEC,61,Georgia Bulldogs,Georgia,Bulldogs,UGA,Southeastern Conference,23,exact
2009-10,51185,Georgia St.,Sun Belt,2247,Georgia State Panthers,Georgia State,Panthers,GAST,Sun Belt Conference,27,exact
2009-10,51186,Georgia Tech,ACC,59,Georgia Tech Yellow Jackets,Georgia Tech,Yellow Jackets,GT,Atlantic Coast Conference,2,exact
2009-10,51188,Gonzaga,WCC,2250,Gonzaga Bulldogs,Gonzaga,Bulldogs,GONZ,West Coast Conference,29,exact
2009-10,51189,Grambling,SWAC,2755,Grambling Tigers,Grambling,Tigers,GRAM,Southwestern Athletic Conference,26,exact
2009-10,51408,Green Bay,Horizon,2739,Green Bay Phoenix,Green Bay,Phoenix,GB,Horizon League,45,exact
2009-10,51190,Hampton,Big South,2261,Hampton Pirates,Hampton,Pirates,HAMP,Colonial Athletic Association,10,exact
2009-10,51191,Hartford,America East,42,Hartford Hawks,Hartford,Hawks,HART,Division I Independents,43,exact
2009-10,51192,Harvard,Ivy League,108,Harvard Crimson,Harvard,Crimson,HARV,Ivy League,12,exact
2009-10,51193,Hawaii,Big West,62,Hawai'i Rainbow Warriors,Hawai'i,Rainbow Warriors,HAW,Big West Conference,9,dict
2009-10,51430,High Point,Big South,2272,High Point Panthers,High Point,Panthers,HPU,Big South Conference,6,exact
2009-10,51194,Hofstra,CAA,2275,Hofstra Pride,Hofstra,Pride,HOF,Colonial Athletic Association,10,exact
2009-10,51195,Holy Cross,Patriot,107,Holy Cross Crusaders,Holy Cross,Crusaders,HC,Patriot League,22,exact
2009-10,51197,Houston,AAC,248,Houston Cougars,Houston,Cougars,HOU,American Athletic Conference,62,exact
2009-10,51196,Houston Christian,Southland,2277,Houston Christian Huskies,Houston Christian,Huskies,HCU,Southland Conference,25,exact
2009-10,51198,Howard,MEAC,47,Howard Bison,Howard,Bison,HOW,Mid-Eastern Athletic Conference,16,exact
2009-10,51424,IUPUI,Horizon,85,IU Indianapolis Jaguars,IU Indianapolis,Jaguars,IUIN,Horizon League,45,alias
2009-10,51200,Idaho,Big Sky,70,Idaho Vandals,Idaho,Vandals,IDHO,Big Sky Conference,5,exact
2009-10,51199,Idaho St.,Big Sky,304,Idaho State Bengals,Idaho State,Bengals,IDST,Big Sky Conference,5,exact
2009-10,51202,Illinois,Big Ten,356,Illinois Fighting Illini,Illinois,Fighting Illini,ILL,Big Ten Conference,7,exact
2009-10,51201,Illinois St.,MVC,2287,Illinois State Redbirds,Illinois State,Redbirds,ILST,Missouri Valley Conference,18,exact
2009-10,51205,Indiana,Big Ten,84,Indiana Hoosiers,Indiana,Hoosiers,IU,Big Ten Conference,7,exact
2009-10,51204,Indiana St.,MVC,282,Indiana State Sycamores,Indiana State,Sycamores,INST,Missouri Valley Conference,18,exact
2009-10,51207,Iona,MAAC,314,Iona Gaels,Iona,Gaels,IONA,Metro Atlantic Athletic Conference,13,exact
2009-10,51209,Iowa,Big Ten,2294,Iowa Hawkeyes,Iowa,Hawkeyes,IOWA,Big Ten Conference,7,exact
2009-10,51208,Iowa St.,Big 12,66,Iowa State Cyclones,Iowa State,Cyclones,ISU,Big 12 Conference,8,exact
2009-10,51210,Jackson St.,SWAC,2296,Jackson State Tigers,Jackson State,Tigers,JKST,Southwestern Athletic Conference,26,exact
2009-10,51212,Jacksonville,ASUN,294,Jacksonville Dolphins,Jacksonville,Dolphins,JAX,ASUN Conference,46,exact
2009-10,51211,Jacksonville St.,OVC,55,Jacksonville State Gamecocks,Jacksonville State,Gamecocks,JXST,ASUN Conference,46,exact
2009-10,51213,James Madison,CAA,256,James Madison Dukes,James Madison,Dukes,JMU,Sun Belt Conference,27,exact
2009-10,51215,Kansas,Big 12,2305,Kansas Jayhawks,Kansas,Jayhawks,KU,Big 12 Conference,8,exact
2009-10,51425,Kansas City,WAC,140,Kansas City Roos,Kansas City,Roos,KC,Summit League,49,exact
2009-10,51214,Kansas St.,Big 12,2306,Kansas State Wildcats,Kansas State,Wildcats,KSU,Big 12 Conference,8,exact
2009-10,51420,Kennesaw St.,ASUN,338,Kennesaw State Owls,Kennesaw State,Owls,KENN,ASUN Conference,46,exact
2009-10,51216,Kent St.,MAC,2309,Kent State Golden Flashes,Kent State,Golden Flashes,KENT,Mid-American Conference,14,exact
2009-10,51217,Kentucky,SEC,96,Kentucky Wildcats,Kentucky,Wildcats,UK,Southeastern Conference,23,exact
2009-10,51223,LIU,NEC,112358,Long Island University Sharks,Long Island University,Sharks,LIU,Northeast Conference,19,exact
2009-10,51229,LMU (CA),WCC,2351,Loyola Marymount Lions,Loyola Marymount,Lions,LMU,West Coast Conference,29,dict
2009-10,51225,LSU,SEC,99,LSU Tigers,LSU,Tigers,LSU,Southeastern Conference,23,exact
2009-10,51218,La Salle,Atlantic 10,2325,La Salle Explorers,La Salle,Explorers,LAS,Atlantic 10 Conference,3,exact
2009-10,51219,Lafayette,Patriot,322,Lafayette Leopards,Lafayette,Leopards,LAF,Patriot League,22,exact
2009-10,51220,Lamar University,Southland,2320,Lamar Cardinals,Lamar,Cardinals,LAM,Southland Conference,25,dict
2009-10,51221,Lehigh,Patriot,2329,Lehigh Mountain Hawks,Lehigh,Mountain Hawks,LEH,Patriot League,22,exact
2009-10,51222,Liberty,ASUN,2335,Liberty Flames,Liberty,Flames,LIB,ASUN Conference,46,exact
2009-10,51432,Lipscomb,ASUN,288,Lipscomb Bisons,Lipscomb,Bisons,LIP,ASUN Conference,46,exact
2009-10,51101,Little Rock,Sun Belt,2031,Little Rock Trojans,Little Rock,Trojans,LR,Ohio Valley Conference,20,exact
2009-10,51124,Long Beach St.,Big West,299,Long Beach State Beach,Long Beach State,Beach,LBSU,Big West Conference,9,exact
2009-10,51224,Longwood,Big South,2344,Longwood Lancers,Longwood,Lancers,LONG,Big South Conference,6,exact
2009-10,51356,Louisiana,Sun Belt,309,Louisiana Ragin' Cajuns,Louisiana,Ragin' Cajuns,UL,Sun Belt Conference,27,exact
2009-10,51226,Louisiana Tech,C-USA,2348,Louisiana Tech Bulldogs,Louisiana Tech,Bulldogs,LT,Conference USA,11,exact
2009-10,51227,Louisville,ACC,97,Louisville Cardinals,Louisville,Cardinals,LOU,Atlantic Coast Conference,2,exact
2009-10,51230,Loyola Chicago,MVC,2350,Loyola Chicago Ramblers,Loyola Chicago,Ramblers,LUC,Atlantic 10 Conference,3,exact
2009-10,51228,Loyola Maryland,Patriot,2352,Loyola Maryland Greyhounds,Loyola Maryland,Greyhounds,L-MD,Patriot League,22,exact
2009-10,51231,Maine,America East,311,Maine Black Bears,Maine,Black Bears,ME,America East Conference,1,exact
2009-10,51232,Manhattan,MAAC,2363,Manhattan Jaspers,Manhattan,Jaspers,MAN,Metro Atlantic Athletic Conference,13,exact
2009-10,51233,Marist,MAAC,2368,Marist Red Foxes,Marist,Red Foxes,MRST,Metro Atlantic Athletic Conference,13,exact
2009-10,51234,Marquette,Big East,269,Marquette Golden Eagles,Marquette,Golden Eagles,MARQ,Big East Conference,4,exact
2009-10,51235,Marshall,C-USA,276,Marshall Thundering Herd,Marshall,Thundering Herd,MRSH,Sun Belt Conference,27,exact
2009-10,51237,Maryland,Big Ten,120,Maryland Terrapins,Maryland,Terrapins,MD,Big Ten Conference,7,exact
2009-10,51239,Massachusetts,Atlantic 10,113,Massachusetts Minutemen,Massachusetts,Minutemen,MASS,Atlantic 10 Conference,3,exact
2009-10,51240,McNeese,Southland,2377,McNeese Cowboys,McNeese,Cowboys,MCN,Southland Conference,25,exact
2009-10,51241,Memphis,AAC,235,Memphis Tigers,Memphis,Tigers,MEM,American Athletic Conference,62,exact
2009-10,51242,Mercer,SoCon,2382,Mercer Bears,Mercer,Bears,MER,Southern Conference,24,exact
2009-10,51244,Miami (FL),ACC,2390,Miami Hurricanes,Miami,Hurricanes,MIA,Atlantic Coast Conference,2,dict
2009-10,51243,Miami (OH),MAC,193,Miami (OH) RedHawks,Miami (OH),RedHawks,M-OH,Mid-American Conference,14,exact
2009-10,51246,Michigan,Big Ten,130,Michigan Wolverines,Michigan,Wolverines,MICH,Big Ten Conference,7,exact
2009-10,51245,Michigan St.,Big Ten,127,Michigan State Spartans,Michigan State,Spartans,MSU,Big Ten Conference,7,exact
2009-10,51247,Middle Tenn.,C-USA,2393,Middle Tennessee Blue Raiders,Middle Tennessee,Blue Raiders,MTSU,Conference USA,11,exact
2009-10,51410,Milwaukee,Horizon,270,Milwaukee Panthers,Milwaukee,Panthers,MILW,Horizon League,45,exact
2009-10,51248,Minnesota,Big Ten,135,Minnesota Golden Gophers,Minnesota,Golden Gophers,MINN,Big Ten Conference,7,exact
2009-10,51249,Mississippi St.,SEC,344,Mississippi State Bulldogs,Mississippi State,Bulldogs,MSST,Southeastern Conference,23,exact
2009-10,51250,Mississippi Val.,SWAC,2400,Mississippi Valley State Delta Devils,Mississippi Valley State,Delta Devils,MVSU,Southwestern Athletic Conference,26,dict
2009-10,51252,Missouri,SEC,142,Missouri Tigers,Missouri,Tigers,MIZ,Southeastern Conference,23,exact
2009-10,51354,Missouri St.,MVC,2623,Missouri State Bears,Missouri State,Bears,MOST,Missouri Valley Conference,18,exact
2009-10,51253,Monmouth,MAAC,2405,Monmouth Hawks,Monmouth,Hawks,MONM,Colonial Athletic Association,10,exact
2009-10,51255,Montana,Big Sky,149,Montana Grizzlies,Montana,Grizzlies,MONT,Big Sky Conference,5,exact
2009-10,51254,Montana St.,Big Sky,147,Montana State Bobcats,Montana State,Bobcats,MTST,Big Sky Conference,5,exact
2009-10,51256,Morehead St.,OVC,2413,Morehead State Eagles,Morehead State,Eagles,MORE,Ohio Valley Conference,20,exact
2009-10,51257,Morgan St.,MEAC,2415,Morgan State Bears,Morgan State,Bears,MORG,Mid-Eastern Athletic Conference,16,exact
2009-10,51258,Mount St. Mary's,NEC,116,Mount St. Mary's Mountaineers,Mount St. Mary's,Mountaineers,MSM,Metro Atlantic Athletic Conference,13,exact
2009-10,51259,Murray St.,OVC,93,Murray State Racers,Murray State,Racers,MUR,Missouri Valley Conference,18,exact
2009-10,51276,N.C. A&T,MEAC,2448,North Carolina A&T Aggies,North Carolina A&T,Aggies,NCAT,Colonial Athletic Association,10,exact
2009-10,51277,N.C. Central,MEAC,2428,North Carolina Central Eagles,North Carolina Central,Eagles,NCCU,Mid-Eastern Athletic Conference,16,exact
2009-10,51278,NC State,ACC,152,NC State Wolfpack,NC State,Wolfpack,NCSU,Atlantic Coast Conference,2,exact
2009-10,51286,NIU,MAC,2459,Northern Illinois Huskies,Northern Illinois,Huskies,NIU,Mid-American Conference,14,exact
2009-10,51269,NJIT,ASUN,2885,NJIT Highlanders,NJIT,Highlanders,NJIT,America East Conference,1,exact
2009-10,51383,Navy,Patriot,2426,Navy Midshipmen,Navy,Midshipmen,NAVY,Patriot League,22,exact
2009-10,51265,Nebraska,Big Ten,158,Nebraska Cornhuskers,Nebraska,Cornhuskers,NEB,Big Ten Conference,7,exact
2009-10,51267,Nevada,MWC,2440,Nevada Wolf Pack,Nevada,Wolf Pack,NEV,Mountain West Conference,44,exact
2009-10,51268,New Hampshire,America East,160,New Hampshire Wildcats,New Hampshire,Wildcats,UNH,America East Conference,1,exact
2009-10,51271,New Mexico,MWC,167,New Mexico Lobos,New Mexico,Lobos,UNM,Mountain West Conference,44,exact
2009-10,51270,New Mexico St.,WAC,166,New Mexico State Aggies,New Mexico State,Aggies,NMSU,Western Athletic Conference,30,exact
2009-10,51272,New Orleans,Southland,2443,LSU New Orleans Privateers,LSU New Orleans,Privateers,NOLA,Southland Conference,25,exact
2009-10,51273,Niagara,MAAC,315,Niagara Purple Eagles,Niagara,Purple Eagles,NIA,Metro Atlantic Athletic Conference,13,exact
2009-10,51274,Nicholls,Southland,2447,Nicholls Colonels,Nicholls,Colonels,NICH,Southland Conference,25,exact
2009-10,51275,Norfolk St.,MEAC,2450,Norfolk State Spartans,Norfolk State,Spartans,NORF,Mid-Eastern Athletic Conference,16,exact
2009-10,51261,North Carolina,ACC,153,North Carolina Tar Heels,North Carolina,Tar Heels,UNC,Atlantic Coast Conference,2,exact
2009-10,51280,North Dakota,Summit League,155,North Dakota Fighting Hawks,North Dakota,Fighting Hawks,UND,Summit League,49,exact
2009-10,51279,North Dakota St.,Summit League,2449,North Dakota State Bison,North Dakota State,Bison,NDSU,Summit League,49,exact
2009-10,51426,North Florida,ASUN,2454,North Florida Ospreys,North Florida,Ospreys,UNF,ASUN Conference,46,exact
2009-10,51281,North Texas,C-USA,249,North Texas Mean Green,North Texas,Mean Green,UNT,Conference USA,11,exact
2009-10,51283,Northeastern,CAA,111,Northeastern Huskies,Northeastern,Huskies,NE,Colonial Athletic Association,10,exact
2009-10,51284,Northern Ariz.,Big Sky,2464,Northern Arizona Lumberjacks,Northern Arizona,Lumberjacks,NAU,Big Sky Conference,5,exact
2009-10,51285,Northern Colo.,Big Sky,2458,Northern Colorado Bears,Northern Colorado,Bears,UNCO,Big Sky Conference,5,exact
2009-10,51289,Northwestern,Big Ten,77,Northwestern Wildcats,Northwestern,Wildcats,NU,Big Ten Conference,7,exact
2009-10,51288,Northwestern St.,Southland,2466,Northwestern State Demons,Northwestern State,Demons,NWST,Southland Conference,25,exact
2009-10,51290,Notre Dame,ACC,87,Notre Dame Fighting Irish,Notre Dame,Fighting Irish,ND,Atlantic Coast Conference,2,exact
2009-10,51291,Oakland,Horizon,2473,Oakland Golden Grizzlies,Oakland,Golden Grizzlies,OAK,Horizon League,45,exact
2009-10,51293,Ohio,MAC,195,Ohio Bobcats,Ohio,Bobcats,OHIO,Mid-American Conference,14,exact
2009-10,51292,Ohio St.,Big Ten,194,Ohio State Buckeyes,Ohio State,Buckeyes,OSU,Big Ten Conference,7,exact
2009-10,51295,Oklahoma,Big 12,201,Oklahoma Sooners,Oklahoma,Sooners,OU,Big 12 Conference,8,exact
2009-10,51294,Oklahoma St.,Big 12,197,Oklahoma State Cowboys,Oklahoma State,Cowboys,OKST,Big 12 Conference,8,exact
2009-10,51296,Old Dominion,C-USA,295,Old Dominion Monarchs,Old Dominion,Monarchs,ODU,Sun Belt Conference,27,exact
2009-10,51251,Ole Miss,SEC,145,Ole Miss Rebels,Ole Miss,Rebels,MISS,Southeastern Conference,23,exact
2009-10,51297,Oral Roberts,Summit League,198,Oral Roberts Golden Eagles,Oral Roberts,Golden Eagles,ORU,Summit League,49,exact
2009-10,51299,Oregon,Pac-12,2483,Oregon Ducks,Oregon,Ducks,ORE,Pac-12 Conference,21,exact
2009-10,51298,Oregon St.,Pac-12,204,Oregon State Beavers,Oregon State,Beavers,ORST,Pac-12 Conference,21,exact
2009-10,51300,Pacific,WCC,279,Pacific Tigers,Pacific,Tigers,PAC,West Coast Conference,29,exact
2009-10,51303,Penn,Ivy League,219,Pennsylvania Quakers,Pennsylvania,Quakers,PENN,Ivy League,12,exact
2009-10,51302,Penn St.,Big Ten,213,Penn State Nittany Lions,Penn State,Nittany Lions,PSU,Big Ten Conference,7,exact
2009-10,51304,Pepperdine,WCC,2492,Pepperdine Waves,Pepperdine,Waves,PEPP,West Coast Conference,29,exact
2009-10,51305,Pittsburgh,ACC,221,Pittsburgh Panthers,Pittsburgh,Panthers,PITT,Atlantic Coast Conference,2,exact
2009-10,51307,Portland,WCC,2501,Portland Pilots,Portland,Pilots,PORT,West Coast Conference,29,exact
2009-10,51306,Portland St.,Big Sky,2502,Portland State Vikings,Portland State,Vikings,PRST,Big Sky Conference,5,exact
2009-10,51308,Prairie View,SWAC,2504,Prairie View A&M Panthers,Prairie View A&M,Panthers,PV,Southwestern Athletic Conference,26,exact
2009-10,51421,Presbyterian,Big South,2506,Presbyterian Blue Hose,Presbyterian,Blue Hose,PRES,Big South Conference,6,exact
2009-10,51309,Princeton,Ivy League,163,Princeton Tigers,Princeton,Tigers,PRIN,Ivy League,12,exact
2009-10,51310,Providence,Big East,2507,Providence Friars,Providence,Friars,PROV,Big East Conference,4,exact
2009-10,51311,Purdue,Big Ten,2509,Purdue Boilermakers,Purdue,Boilermakers,PUR,Big Ten Conference,7,exact
2009-10,51206,Purdue Fort Wayne,Summit League,2870,Purdue Fort Wayne Mastodons,Purdue Fort Wayne,Mastodons,PFW,Horizon League,45,exact
2009-10,51312,Quinnipiac,MAAC,2514,Quinnipiac Bobcats,Quinnipiac,Bobcats,QUIN,Metro Atlantic Athletic Conference,13,exact
2009-10,51313,Radford,Big South,2515,Radford Highlanders,Radford,Highlanders,RAD,Big South Conference,6,exact
2009-10,51314,Rhode Island,Atlantic 10,227,Rhode Island Rams,Rhode Island,Rams,URI,Atlantic 10 Conference,3,exact
2009-10,51315,Rice,C-USA,242,Rice Owls,Rice,Owls,RICE,Conference USA,11,exact
2009-10,51316,Richmond,Atlantic 10,257,Richmond Spiders,Richmond,Spiders,RICH,Atlantic 10 Conference,3,exact
2009-10,51317,Rider,MAAC,2520,Rider Broncs,Rider,Broncs,RID,Metro Atlantic Athletic Conference,13,exact
2009-10,51318,Robert Morris,NEC,2523,Robert Morris Colonials,Robert Morris,Colonials,RMU,Horizon League,45,exact
2009-10,51319,Rutgers,Big Ten,164,Rutgers Scarlet Knights,Rutgers,Scarlet Knights,RUTG,Big Ten Conference,7,exact
2009-10,51358,SFA,Southland,2617,Stephen F. Austin Lumberjacks,Stephen F. Austin,Lumberjacks,SFA,Western Athletic Conference,30,exact
2009-10,51349,SIUE,OVC,2565,SIU Edwardsville Cougars,SIU Edwardsville,Cougars,SIUE,Ohio Valley Conference,20,exact
2009-10,51350,SMU,AAC,2567,SMU Mustangs,SMU,Mustangs,SMU,American Athletic Conference,62,exact
2009-10,51126,Sacramento St.,Big Sky,16,Sacramento State Hornets,Sacramento State,Hornets,SAC,Big Sky Conference,5,exact
2009-10,51320,Sacred Heart,NEC,2529,Sacred Heart Pioneers,Sacred Heart,Pioneers,SHU,Northeast Conference,19,exact
2009-10,51323,Saint Francis (PA),NEC,2598,St. Francis (PA) Red Flash,St. Francis (PA),Red Flash,SFPA,Northeast Conference,19,exact
2009-10,51325,Saint Joseph's,Atlantic 10,2603,Saint Joseph's Hawks,Saint Joseph's,Hawks,JOES,Atlantic 10 Conference,3,exact
2009-10,51326,Saint Louis,Atlantic 10,139,Saint Louis Billikens,Saint Louis,Billikens,SLU,Atlantic 10 Conference,3,exact
2009-10,51327,Saint Mary's (CA),WCC,2608,Saint Mary's Gaels,Saint Mary's,Gaels,SMC,West Coast Conference,29,dict
2009-10,51328,Saint Peter's,MAAC,2612,Saint Peter's Peacocks,Saint Peter's,Peacocks,SPU,Metro Atlantic Athletic Conference,13,exact
2009-10,51329,Sam Houston,Southland,2534,Sam Houston Bearkats,Sam Houston,Bearkats,SHSU,Western Athletic Conference,30,exact
2009-10,51330,Samford,SoCon,2535,Samford Bulldogs,Samford,Bulldogs,SAM,Southern Conference,24,exact
2009-10,51332,San Diego,WCC,301,San Diego Toreros,San Diego,Toreros,USD,West Coast Conference,29,exact
2009-10,51331,San Diego St.,MWC,21,San Diego State Aztecs,San Diego State,Aztecs,SDSU,Mountain West Conference,44,exact
2009-10,51333,San Francisco,WCC,2539,San Francisco Dons,San Francisco,Dons,SF,West Coast Conference,29,exact
2009-10,51334,San Jose St.,MWC,23,San José State Spartans,San José State,Spartans,SJSU,Mountain West Conference,44,dict
2009-10,51335,Santa Clara,WCC,2541,Santa Clara Broncos,Santa Clara,Broncos,SCU,West Coast Conference,29,exact
2009-10,51336,Savannah St.,MEAC,2542,Savannah State Tigers,Savannah State,Tigers,SAV,,,alias
2009-10,51422,Seattle U,WAC,2547,Seattle U Redhawks,Seattle U,Redhawks,SEA,Western Athletic Conference,30,exact
2009-10,51337,Seton Hall,Big East,2550,Seton Hall Pirates,Seton Hall,Pirates,HALL,Big East Conference,4,exact
2009-10,51338,Siena,MAAC,2561,Siena Saints,Siena,Saints,SIE,Metro Atlantic Athletic Conference,13,exact
2009-10,51339,South Alabama,Sun Belt,6,South Alabama Jaguars,South Alabama,Jaguars,USA,Sun Belt Conference,27,exact
2009-10,51341,South Carolina,SEC,2579,South Carolina Gamecocks,South Carolina,Gamecocks,SC,Southeastern Conference,23,exact
2009-10,51340,South Carolina St.,MEAC,2569,South Carolina State Bulldogs,South Carolina State,Bulldogs,SCST,Mid-Eastern Athletic Conference,16,exact
2009-10,51343,South Dakota,Summit League,233,South Dakota Coyotes,South Dakota,Coyotes,SDAK,Summit League,49,exact
2009-10,51342,South Dakota St.,Summit League,2571,South Dakota State Jackrabbits,South Dakota State,Jackrabbits,SDST,Summit League,49,exact
2009-10,51344,South Fla.,AAC,58,South Florida Bulls,South Florida,Bulls,USF,American Athletic Conference,62,exact
2009-10,51345,Southeast Mo. St.,OVC,2546,Southeast Missouri State Redhawks,Southeast Missouri State,Redhawks,SEMO,Ohio Valley Conference,20,exact
2009-10,51346,Southeastern La.,Southland,2545,SE Louisiana Lions,SE Louisiana,Lions,SELA,Southland Conference,25,dict
2009-10,51347,Southern California,Pac-12,30,USC Trojans,USC,Trojans,USC,Pac-12 Conference,21,dict
2009-10,51348,Southern Ill.,MVC,79,Southern Illinois Salukis,Southern Illinois,Salukis,SIU,Missouri Valley Conference,18,exact
2009-10,51351,Southern Miss.,C-USA,2572,Southern Miss Golden Eagles,Southern Miss,Golden Eagles,USM,Sun Belt Conference,27,dict
2009-10,51352,Southern U.,SWAC,2582,Southern Jaguars,Southern,Jaguars,SOU,Southwestern Athletic Conference,26,dict
2009-10,51353,Southern Utah,Big Sky,253,Southern Utah Thunderbirds,Southern Utah,Thunderbirds,SUU,Western Athletic Conference,30,exact
2009-10,51321,St. Bonaventure,Atlantic 10,179,St. Bonaventure Bonnies,St. Bonaventure,Bonnies,SBU,Atlantic 10 Conference,3,exact
2009-10,51322,St. Francis Brooklyn,NEC,2597,St. Francis Brooklyn Terriers,St. Francis Brooklyn,Terriers,SFNY,Northeast Conference,19,exact
2009-10,51324,St. John's (NY),Big East,2599,St. John's Red Storm,St. John's,Red Storm,SJU,Big East Conference,4,dict
2009-10,51357,Stanford,Pac-12,24,Stanford Cardinal,Stanford,Cardinal,STAN,Pac-12 Conference,21,exact
2009-10,51359,Stetson,ASUN,56,Stetson Hatters,Stetson,Hatters,STET,ASUN Conference,46,exact
2009-10,51360,Stony Brook,America East,2619,Stony Brook Seawolves,Stony Brook,Seawolves,STBK,Colonial Athletic Association,10,exact
2009-10,51361,Syracuse,ACC,183,Syracuse Orange,Syracuse,Orange,SYR,Atlantic Coast Conference,2,exact
2009-10,51369,TCU,Big 12,2628,TCU Horned Frogs,TCU,Horned Frogs,TCU,Big 12 Conference,8,exact
2009-10,51362,Temple,AAC,218,Temple Owls,Temple,Owls,TEM,American Athletic Conference,62,exact
2009-10,51366,Tennessee,SEC,2633,Tennessee Volunteers,Tennessee,Volunteers,TENN,Southeastern Conference,23,exact
2009-10,51363,Tennessee St.,OVC,2634,Tennessee State Tigers,Tennessee State,Tigers,TNST,Ohio Valley Conference,20,exact
2009-10,51364,Tennessee Tech,OVC,2635,Tennessee Tech Golden Eagles,Tennessee Tech,Golden Eagles,TNTC,Ohio Valley Conference,20,exact
2009-10,51373,Texas,Big 12,251,Texas Longhorns,Texas,Longhorns,TEX,Big 12 Conference,8,exact
2009-10,51368,Texas A&M,SEC,245,Texas A&M Aggies,Texas A&M,Aggies,TA&M,Southeastern Conference,23,exact
2009-10,51370,Texas Southern,SWAC,2640,Texas Southern Tigers,Texas Southern,Tigers,TXSO,Southwestern Athletic Conference,26,exact
2009-10,51355,Texas St.,Sun Belt,326,Texas State Bobcats,Texas State,Bobcats,TXST,Sun Belt Conference,27,exact
2009-10,51371,Texas Tech,Big 12,2641,Texas Tech Red Raiders,Texas Tech,Red Raiders,TTU,Big 12 Conference,8,exact
2009-10,51141,The Citadel,SoCon,2643,The Citadel Bulldogs,The Citadel,Bulldogs,CIT,Southern Conference,24,exact
2009-10,51376,Toledo,MAC,2649,Toledo Rockets,Toledo,Rockets,TOL,Mid-American Conference,14,exact
2009-10,51377,Towson,CAA,119,Towson Tigers,Towson,Tigers,TOW,Colonial Athletic Association,10,exact
2009-10,51378,Troy,Sun Belt,2653,Troy Trojans,Troy,Trojans,TROY,Sun Belt Conference,27,exact
2009-10,51379,Tulane,AAC,2655,Tulane Green Wave,Tulane,Green Wave,TULN,American Athletic Conference,62,exact
2009-10,51380,Tulsa,AAC,202,Tulsa Golden Hurricane,Tulsa,Golden Hurricane,TLSA,American Athletic Conference,62,exact
2009-10,51092,UAB,C-USA,5,UAB Blazers,UAB,Blazers,UAB,Conference USA,11,exact
2009-10,51093,UAlbany,America East,399,UAlbany Great Danes,UAlbany,Great Danes,UALB,America East Conference,1,exact
2009-10,51129,UC Davis,Big West,302,UC Davis Aggies,UC Davis,Aggies,UCD,Big West Conference,9,exact
2009-10,51130,UC Irvine,Big West,300,UC Irvine Anteaters,UC Irvine,Anteaters,UCI,Big West Conference,9,exact
2009-10,51132,UC Riverside,Big West,27,UC Riverside Highlanders,UC Riverside,Highlanders,UCR,Big West Conference,9,exact
2009-10,51127,UC Santa Barbara,Big West,2540,UC Santa Barbara Gauchos,UC Santa Barbara,Gauchos,UCSB,Big West Conference,9,exact
2009-10,51137,UCF,AAC,2116,UCF Knights,UCF,Knights,UCF,American Athletic Conference,62,exact
2009-10,51131,UCLA,Pac-12,26,UCLA Bruins,UCLA,Bruins,UCLA,Pac-12 Conference,21,exact
2009-10,51149,UConn,AAC,41,UConn Huskies,UConn,Huskies,CONN,Big East Conference,4,exact
2009-10,51203,UIC,Horizon,82,UIC Flames,UIC,Flames,UIC,Missouri Valley Conference,18,exact
2009-10,51282,ULM,Sun Belt,2433,UL Monroe Warhawks,UL Monroe,Warhawks,ULM,Sun Belt Conference,27,exact
2009-10,51236,UMBC,America East,2378,UMBC Retrievers,UMBC,Retrievers,UMBC,America East Conference,1,exact
2009-10,51238,UMES,MEAC,2379,Maryland Eastern Shore Hawks,Maryland Eastern Shore,Hawks,UMES,Mid-Eastern Athletic Conference,16,exact
2009-10,51260,UNC Asheville,Big South,2427,UNC Asheville Bulldogs,UNC Asheville,Bulldogs,UNCA,Big South Conference,6,exact
2009-10,51263,UNC Greensboro,SoCon,2430,UNC Greensboro Spartans,UNC Greensboro,Spartans,UNCG,Southern Conference,24,exact
2009-10,51264,UNCW,CAA,350,UNC Wilmington Seahawks,UNC Wilmington,Seahawks,UNCW,Colonial Athletic Association,10,exact
2009-10,51287,UNI,MVC,2460,Northern Iowa Panthers,Northern Iowa,Panthers,UNI,Missouri Valley Conference,18,exact
2009-10,51266,UNLV,MWC,2439,UNLV Rebels,UNLV,Rebels,UNLV,Mountain West Conference,44,exact
2009-10,51428,USC Upstate,Big South,2908,South Carolina Upstate Spartans,South Carolina Upstate,Spartans,UPST,Big South Conference,6,dict
2009-10,51372,UT Arlington,Sun Belt,250,UT Arlington Mavericks,UT Arlington,Mavericks,UTA,Western Athletic Conference,30,exact
2009-10,51367,UT Martin,OVC,2630,UT Martin Skyhawks,UT Martin,Skyhawks,UTM,Ohio Valley Conference,20,exact
2009-10,51374,UTEP,C-USA,2638,UTEP Miners,UTEP,Miners,UTEP,Conference USA,11,exact
2009-10,51301,UTRGV,WAC,292,UT Rio Grande Valley Vaqueros,UT Rio Grande Valley,Vaqueros,RGV,Western Athletic Conference,30,dict
2009-10,51375,UTSA,C-USA,2636,UTSA Roadrunners,UTSA,Roadrunners,UTSA,Conference USA,11,exact
2009-10,51385,Utah,Pac-12,254,Utah Utes,Utah,Utes,UTAH,Pac-12 Conference,21,exact
2009-10,51384,Utah St.,MWC,328,Utah State Aggies,Utah State,Aggies,USU,Mountain West Conference,44,exact
2009-10,51434,Utah Valley,WAC,3084,Utah Valley Wolverines,Utah Valley,Wolverines,UVU,Western Athletic Conference,30,exact
2009-10,51390,VCU,Atlantic 10,2670,VCU Rams,VCU,Rams,VCU,Atlantic 10 Conference,3,exact
2009-10,51391,VMI,SoCon,2678,VMI Keydets,VMI,Keydets,VMI,Southern Conference,24,exact
2009-10,51386,Valparaiso,MVC,2674,Valparaiso Beacons,Valparaiso,Beacons,VAL,Missouri Valley Conference,18,exact
2009-10,51387,Vanderbilt,SEC,238,Vanderbilt Commodores,Vanderbilt,Commodores,VAN,Southeastern Conference,23,exact
2009-10,51388,Vermont,America East,261,Vermont Catamounts,Vermont,Catamounts,UVM,America East Conference,1,exact
2009-10,51389,Villanova,Big East,222,Villanova Wildcats,Villanova,Wildcats,VILL,Big East Conference,4,exact
2009-10,51393,Virginia,ACC,258,Virginia Cavaliers,Virginia,Cavaliers,UVA,Atlantic Coast Conference,2,exact
2009-10,51392,Virginia Tech,ACC,259,Virginia Tech Hokies,Virginia Tech,Hokies,VT,Atlantic Coast Conference,2,exact
2009-10,51394,Wagner,NEC,2681,Wagner Seahawks,Wagner,Seahawks,WAG,Northeast Conference,19,exact
2009-10,51395,Wake Forest,ACC,154,Wake Forest Demon Deacons,Wake Forest,Demon Deacons,WAKE,Atlantic Coast Conference,2,exact
2009-10,51397,Washington,Pac-12,264,Washington Huskies,Washington,Huskies,WASH,Pac-12 Conference,21,exact
2009-10,51396,Washington St.,Pac-12,265,Washington State Cougars,Washington State,Cougars,WSU,Pac-12 Conference,21,exact
2009-10,51398,Weber St.,Big Sky,2692,Weber State Wildcats,Weber State,Wildcats,WEB,Big Sky Conference,5,exact
2009-10,51399,West Virginia,Big 12,277,West Virginia Mountaineers,West Virginia,Mountaineers,WVU,Big 12 Conference,8,exact
2009-10,51400,Western Caro.,SoCon,2717,Western Carolina Catamounts,Western Carolina,Catamounts,WCU,Southern Conference,24,exact
2009-10,51401,Western Ill.,Summit League,2710,Western Illinois Leathernecks,Western Illinois,Leathernecks,WIU,Summit League,49,exact
2009-10,51402,Western Ky.,C-USA,98,Western Kentucky Hilltoppers,Western Kentucky,Hilltoppers,WKU,Conference USA,11,exact
2009-10,51403,Western Mich.,MAC,2711,Western Michigan Broncos,Western Michigan,Broncos,WMU,Mid-American Conference,14,exact
2009-10,51404,Wichita St.,AAC,2724,Wichita State Shockers,Wichita State,Shockers,WICH,American Athletic Conference,62,exact
2009-10,51405,William & Mary,CAA,2729,William & Mary Tribe,William & Mary,Tribe,W&M,Colonial Athletic Association,10,exact
2009-10,51407,Winthrop,Big South,2737,Winthrop Eagles,Winthrop,Eagles,WIN,Big South Conference,6,exact
2009-10,51409,Wisconsin,Big Ten,275,Wisconsin Badgers,Wisconsin,Badgers,WIS,Big Ten Conference,7,exact
2009-10,51427,Wofford,SoCon,2747,Wofford Terriers,Wofford,Terriers,WOF,Southern Conference,24,exact
2009-10,51411,Wright St.,Horizon,2750,Wright State Raiders,Wright State,Raiders,WRST,Horizon League,45,exact
2009-10,51412,Wyoming,MWC,2751,Wyoming Cowboys,Wyoming,Cowboys,WYO,Mountain West Conference,44,exact
2009-10,51413,Xavier,Big East,2752,Xavier Musketeers,Xavier,Musketeers,XAV,Big East Conference,4,exact
2009-10,51414,Yale,Ivy League,43,Yale Bulldogs,Yale,Bulldogs,YALE,Ivy League,12,exact
2009-10,51415,Youngstown St.,Horizon,2754,Youngstown State Penguins,Youngstown State,Penguins,YSU,Horizon League,45,exact
2010-11,28588,A&M-Corpus Christi,Southland,357,Texas A&M-Corpus Christi Islanders,Texas A&M-Corpus Christi,Islanders,AMCC,Southland Conference,25,dict
2010-11,28539,Air Force,MWC,2005,Air Force Falcons,Air Force,Falcons,AF,Mountain West Conference,44,exact
2010-11,28246,Akron,MAC,2006,Akron Zips,Akron,Zips,AKR,Mid-American Conference,14,exact
2010-11,28249,Alabama,SEC,333,Alabama Crimson Tide,Alabama,Crimson Tide,ALA,Southeastern Conference,23,exact
2010-11,28247,Alabama A&M,SWAC,2010,Alabama A&M Bulldogs,Alabama A&M,Bulldogs,AAMU,Southwestern Athletic Conference,26,exact
2010-11,28248,Alabama St.,SWAC,2011,Alabama State Hornets,Alabama State,Hornets,ALST,Southwestern Athletic Conference,26,exact
2010-11,28252,Alcorn,SWAC,2016,Alcorn State Braves,Alcorn State,Braves,ALCN,Southwestern Athletic Conference,26,dict
2010-11,28253,American,Patriot,44,American University Eagles,American University,Eagles,AMER,Patriot League,22,exact
2010-11,28254,App State,Sun Belt,2026,App State Mountaineers,App State,Mountaineers,APP,Sun Belt Conference,27,exact
2010-11,28256,Arizona,Pac-12,12,Arizona Wildcats,Arizona,Wildcats,ARIZ,Pac-12 Conference,21,exact
2010-11,28255,Arizona St.,Pac-12,9,Arizona State Sun Devils,Arizona State,Sun Devils,ASU,Pac-12 Conference,21,exact
2010-11,28580,Ark.-Pine Bluff,SWAC,2029,Arkansas-Pine Bluff Golden Lions,Arkansas-Pine Bluff,Golden Lions,UAPB,Southwestern Athletic Conference,26,dict
2010-11,28258,Arkansas,SEC,8,Arkansas Razorbacks,Arkansas,Razorbacks,ARK,Southeastern Conference,23,exact
2010-11,28257,Arkansas St.,Sun Belt,2032,Arkansas State Red Wolves,Arkansas State,Red Wolves,ARST,Sun Belt Conference,27,exact
2010-11,28540,Army West Point,Patriot,349,Army Black Knights,Army,Black Knights,ARMY,Patriot League,22,dict
2010-11,28260,Auburn,SEC,2,Auburn Tigers,Auburn,Tigers,AUB,Southeastern Conference,23,exact
2010-11,28261,Austin Peay,OVC,2046,Austin Peay Governors,Austin Peay,Governors,APSU,ASUN Conference,46,exact
2010-11,28272,BYU,WCC,252,BYU Cougars,BYU,Cougars,BYU,West Coast Conference,29,exact
2010-11,28262,Ball St.,MAC,2050,Ball State Cardinals,Ball State,Cardinals,BALL,Mid-American Conference,14,exact
2010-11,28264,Baylor,Big 12,239,Baylor Bears,Baylor,Bears,BAY,Big 12 Conference,8,exact
2010-11,28586,Belmont,OVC,2057,Belmont Bruins,Belmont,Bruins,BEL,Missouri Valley Conference,18,exact
2010-11,28265,Bethune-Cookman,MEAC,2065,Bethune-Cookman Wildcats,Bethune-Cookman,Wildcats,BCU,Southwestern Athletic Conference,26,exact
2010-11,28266,Binghamton,America East,2066,Binghamton Bearcats,Binghamton,Bearcats,BING,America East Conference,1,exact
2010-11,28267,Boise St.,MWC,68,Boise State Broncos,Boise State,Broncos,BOIS,Mountain West Conference,44,exact
2010-11,28268,Boston College,ACC,103,Boston College Eagles,Boston College,Eagles,BC,Atlantic Coast Conference,2,exact
2010-11,28269,Boston U.,Patriot,104,Boston University Terriers,Boston University,Terriers,BU,Patriot League,22,exact
2010-11,28270,Bowling Green,MAC,189,Bowling Green Falcons,Bowling Green,Falcons,BGSU,Mid-American Conference,14,exact
2010-11,28271,Bradley,MVC,71,Bradley Braves,Bradley,Braves,BRAD,Missouri Valley Conference,18,exact
2010-11,28273,Brown,Ivy League,225,Brown Bears,Brown,Bears,BRWN,Ivy League,12,exact
2010-11,28274,Bryant,NEC,2803,Bryant Bulldogs,Bryant,Bulldogs,BRY,America East Conference,1,exact
2010-11,28275,Bucknell,Patriot,2083,Bucknell Bison,Bucknell,Bison,BUCK,Patriot League,22,exact
2010-11,28276,Buffalo,MAC,2084,Buffalo Bulls,Buffalo,Bulls,BUF,Mid-American Conference,14,exact
2010-11,28277,Butler,Big East,2086,Butler Bulldogs,Butler,Bulldogs,BTLR,Big East Conference,4,exact
2010-11,28279,CSU Bakersfield,WAC,2934,Cal State Bakersfield Roadrunners,Cal State Bakersfield,Roadrunners,CSUB,Big West Conference,9,alias
2010-11,28283,CSUN,Big West,2463,Cal State Northridge Matadors,Cal State Northridge,Matadors,CSUN,Big West Conference,9,exact
2010-11,28278,Cal Poly,Big West,13,Cal Poly Mustangs,Cal Poly,Mustangs,CP,Big West Conference,9,exact
2010-11,28281,Cal St. Fullerton,Big West,2239,Cal State Fullerton Titans,Cal State Fullerton,Titans,CSUF,Big West Conference,9,exact
2010-11,28286,California,Pac-12,25,California Golden Bears,California,Golden Bears,CAL,Pac-12 Conference,21,exact
2010-11,28291,Campbell,Big South,2097,Campbell Fighting Camels,Campbell,Fighting Camels,CAM,Big South Conference,6,exact
2010-11,28292,Canisius,MAAC,2099,Canisius Golden Griffins,Canisius,Golden Griffins,CAN,Metro Atlantic Athletic Conference,13,exact
2010-11,28573,Central Ark.,Southland,2110,Central Arkansas Bears,Central Arkansas,Bears,CARK,ASUN Conference,46,exact
2010-11,28294,Central Conn. St.,NEC,2115,Central Connecticut Blue Devils,Central Connecticut,Blue Devils,CCSU,Northeast Conference,19,dict
2010-11,28296,Central Mich.,MAC,2117,Central Michigan Chippewas,Central Michigan,Chippewas,CMU,Mid-American Conference,14,exact
2010-11,28263,Charleston So.,Big South,2127,Charleston Southern Buccaneers,Charleston Southern,Buccaneers,CHSO,Big South Conference,6,exact
2010-11,28420,Charlotte,C-USA,2429,Charlotte 49ers,Charlotte,49ers,CLT,Conference USA,11,exact
2010-11,28523,Chattanooga,SoCon,236,Chattanooga Mocs,Chattanooga,Mocs,UTC,Southern Conference,24,exact
2010-11,28297,Chicago St.,WAC,2130,Chicago State Cougars,Chicago State,Cougars,CHST,Division I Independents,43,exact
2010-11,28298,Cincinnati,AAC,2132,Cincinnati Bearcats,Cincinnati,Bearcats,CIN,American Athletic Conference,62,exact
2010-11,28300,Clemson,ACC,228,Clemson Tigers,Clemson,Tigers,CLEM,Atlantic Coast Conference,2,exact
2010-11,28301,Cleveland St.,Horizon,325,Cleveland State Vikings,Cleveland State,Vikings,CLE,Horizon League,45,exact
2010-11,28302,Coastal Carolina,Sun Belt,324,Coastal Carolina Chanticleers,Coastal Carolina,Chanticleers,CCU,Sun Belt Conference,27,exact
2010-11,28574,Col. of Charleston,CAA,232,Charleston Cougars,Charleston,Cougars,COFC,Colonial Athletic Association,10,dict
2010-11,28303,Colgate,Patriot,2142,Colgate Raiders,Colgate,Raiders,COLG,Patriot League,22,exact
2010-11,28305,Colorado,Pac-12,38,Colorado Buffaloes,Colorado,Buffaloes,COLO,Pac-12 Conference,21,exact
2010-11,28304,Colorado St.,MWC,36,Colorado State Rams,Colorado State,Rams,CSU,Mountain West Conference,44,exact
2010-11,28306,Columbia,Ivy League,171,Columbia Lions,Columbia,Lions,COLU,Ivy League,12,exact
2010-11,28308,Coppin St.,MEAC,2154,Coppin State Eagles,Coppin State,Eagles,COPP,Mid-Eastern Athletic Conference,16,exact
2010-11,28309,Cornell,Ivy League,172,Cornell Big Red,Cornell,Big Red,COR,Ivy League,12,exact
2010-11,28310,Creighton,Big East,156,Creighton Bluejays,Creighton,Bluejays,CREI,Big East Conference,4,exact
2010-11,28311,Dartmouth,Ivy League,159,Dartmouth Big Green,Dartmouth,Big Green,DART,Ivy League,12,exact
2010-11,28312,Davidson,Atlantic 10,2166,Davidson Wildcats,Davidson,Wildcats,DAV,Atlantic 10 Conference,3,exact
2010-11,28313,Dayton,Atlantic 10,2168,Dayton Flyers,Dayton,Flyers,DAY,Atlantic 10 Conference,3,exact
2010-11,28314,DePaul,Big East,305,DePaul Blue Demons,DePaul,Blue Demons,DEP,Big East Conference,4,exact
2010-11,28316,Delaware,CAA,48,Delaware Blue Hens,Delaware,Blue Hens,DEL,Colonial Athletic Association,10,exact
2010-11,28315,Delaware St.,MEAC,2169,Delaware State Hornets,Delaware State,Hornets,DSU,Mid-Eastern Athletic Conference,16,exact
2010-11,28317,Denver,Summit League,2172,Denver Pioneers,Denver,Pioneers,DEN,Summit League,49,exact
2010-11,28318,Detroit Mercy,Horizon,2174,Detroit Mercy Titans,Detroit Mercy,Titans,DETM,Horizon League,45,exact
2010-11,28319,Drake,MVC,2181,Drake Bulldogs,Drake,Bulldogs,DRKE,Missouri Valley Conference,18,exact
2010-11,28320,Drexel,CAA,2182,Drexel Dragons,Drexel,Dragons,DREX,Colonial Athletic Association,10,exact
2010-11,28321,Duke,ACC,150,Duke Blue Devils,Duke,Blue Devils,DUKE,Atlantic Coast Conference,2,exact
2010-11,28322,Duquesne,Atlantic 10,2184,Duquesne Dukes,Duquesne,Dukes,DUQ,Atlantic 10 Conference,3,exact
2010-11,28324,ETSU,SoCon,2193,East Tennessee State Buccaneers,East Tennessee State,Buccaneers,ETSU,Southern Conference,24,exact
2010-11,28323,East Carolina,AAC,151,East Carolina Pirates,East Carolina,Pirates,ECU,American Athletic Conference,62,exact
2010-11,28325,Eastern Ill.,OVC,2197,Eastern Illinois Panthers,Eastern Illinois,Panthers,EIU,Ohio Valley Conference,20,exact
2010-11,28326,Eastern Ky.,OVC,2198,Eastern Kentucky Colonels,Eastern Kentucky,Colonels,EKU,ASUN Conference,46,exact
2010-11,28327,Eastern Mich.,MAC,2199,Eastern Michigan Eagles,Eastern Michigan,Eagles,EMU,Mid-American Conference,14,exact
2010-11,28328,Eastern Wash.,Big Sky,331,Eastern Washington Eagles,Eastern Washington,Eagles,EWU,Big Sky Conference,5,exact
2010-11,28575,Elon,CAA,2210,Elon Phoenix,Elon,Phoenix,ELON,Colonial Athletic Association,10,exact
2010-11,28329,Evansville,MVC,339,Evansville Purple Aces,Evansville,Purple Aces,EVAN,Missouri Valley Conference,18,exact
2010-11,28590,FGCU,ASUN,526,Florida Gulf Coast Eagles,Florida Gulf Coast,Eagles,FGCU,ASUN Conference,46,exact
2010-11,28334,FIU,C-USA,2229,Florida International Panthers,Florida International,Panthers,FIU,Conference USA,11,exact
2010-11,28330,Fairfield,MAAC,2217,Fairfield Stags,Fairfield,Stags,FAIR,Metro Atlantic Athletic Conference,13,exact
2010-11,28331,Fairleigh Dickinson,NEC,161,Fairleigh Dickinson Knights,Fairleigh Dickinson,Knights,FDU,Northeast Conference,19,exact
2010-11,28333,Fla. Atlantic,C-USA,2226,Florida Atlantic Owls,Florida Atlantic,Owls,FAU,Conference USA,11,exact
2010-11,28336,Florida,SEC,57,Florida Gators,Florida,Gators,FLA,Southeastern Conference,23,exact
2010-11,28332,Florida A&M,MEAC,50,Florida A&M Rattlers,Florida A&M,Rattlers,FAMU,Southwestern Athletic Conference,26,exact
2010-11,28335,Florida St.,ACC,52,Florida State Seminoles,Florida State,Seminoles,FSU,Atlantic Coast Conference,2,exact
2010-11,28337,Fordham,Atlantic 10,2230,Fordham Rams,Fordham,Rams,FOR,Atlantic 10 Conference,3,exact
2010-11,28280,Fresno St.,MWC,278,Fresno State Bulldogs,Fresno State,Bulldogs,FRES,Mountain West Conference,44,exact
2010-11,28338,Furman,SoCon,231,Furman Paladins,Furman,Paladins,FUR,Southern Conference,24,exact
2010-11,28342,Ga. Southern,Sun Belt,290,Georgia Southern Eagles,Georgia Southern,Eagles,GASO,Sun Belt Conference,27,exact
2010-11,28576,Gardner-Webb,Big South,2241,Gardner-Webb Runnin' Bulldogs,Gardner-Webb,Runnin' Bulldogs,GWEB,Big South Conference,6,exact
2010-11,28339,George Mason,Atlantic 10,2244,George Mason Patriots,George Mason,Patriots,GMU,Atlantic 10 Conference,3,exact
2010-11,28340,George Washington,Atlantic 10,45,George Washington Revolutionaries,George Washington,Revolutionaries,GW,Atlantic 10 Conference,3,exact
2010-11,28341,Georgetown,Big East,46,Georgetown Hoyas,Georgetown,Hoyas,GTWN,Big East Conference,4,exact
2010-11,28345,Georgia,SEC,61,Georgia Bulldogs,Georgia,Bulldogs,UGA,Southeastern Conference,23,exact
2010-11,28343,Georgia St.,Sun Belt,2247,Georgia State Panthers,Georgia State,Panthers,GAST,Sun Belt Conference,27,exact
2010-11,28344,Georgia Tech,ACC,59,Georgia Tech Yellow Jackets,Georgia Tech,Yellow Jackets,GT,Atlantic Coast Conference,2,exact
2010-11,28346,Gonzaga,WCC,2250,Gonzaga Bulldogs,Gonzaga,Bulldogs,GONZ,West Coast Conference,29,exact
2010-11,28347,Grambling,SWAC,2755,Grambling Tigers,Grambling,Tigers,GRAM,Southwestern Athletic Conference,26,exact
2010-11,28565,Green Bay,Horizon,2739,Green Bay Phoenix,Green Bay,Phoenix,GB,Horizon League,45,exact
2010-11,28348,Hampton,Big South,2261,Hampton Pirates,Hampton,Pirates,HAMP,Colonial Athletic Association,10,exact
2010-11,28349,Hartford,America East,42,Hartford Hawks,Hartford,Hawks,HART,Division I Independents,43,exact
2010-11,28350,Harvard,Ivy League,108,Harvard Crimson,Harvard,Crimson,HARV,Ivy League,12,exact
2010-11,28351,Hawaii,Big West,62,Hawai'i Rainbow Warriors,Hawai'i,Rainbow Warriors,HAW,Big West Conference,9,dict
2010-11,28587,High Point,Big South,2272,High Point Panthers,High Point,Panthers,HPU,Big South Conference,6,exact
2010-11,28352,Hofstra,CAA,2275,Hofstra Pride,Hofstra,Pride,HOF,Colonial Athletic Association,10,exact
2010-11,28353,Holy Cross,Patriot,107,Holy Cross Crusaders,Holy Cross,Crusaders,HC,Patriot League,22,exact
2010-11,28355,Houston,AAC,248,Houston Cougars,Houston,Cougars,HOU,American Athletic Conference,62,exact
2010-11,28354,Houston Christian,Southland,2277,Houston Christian Huskies,Houston Christian,Huskies,HCU,Southland Conference,25,exact
2010-11,28356,Howard,MEAC,47,Howard Bison,Howard,Bison,HOW,Mid-Eastern Athletic Conference,16,exact
2010-11,28581,IUPUI,Horizon,85,IU Indianapolis Jaguars,IU Indianapolis,Jaguars,IUIN,Horizon League,45,alias
2010-11,28358,Idaho,Big Sky,70,Idaho Vandals,Idaho,Vandals,IDHO,Big Sky Conference,5,exact
2010-11,28357,Idaho St.,Big Sky,304,Idaho State Bengals,Idaho State,Bengals,IDST,Big Sky Conference,5,exact
2010-11,28360,Illinois,Big Ten,356,Illinois Fighting Illini,Illinois,Fighting Illini,ILL,Big Ten Conference,7,exact
2010-11,28359,Illinois St.,MVC,2287,Illinois State Redbirds,Illinois State,Redbirds,ILST,Missouri Valley Conference,18,exact
2010-11,28363,Indiana,Big Ten,84,Indiana Hoosiers,Indiana,Hoosiers,IU,Big Ten Conference,7,exact
2010-11,28362,Indiana St.,MVC,282,Indiana State Sycamores,Indiana State,Sycamores,INST,Missouri Valley Conference,18,exact
2010-11,28365,Iona,MAAC,314,Iona Gaels,Iona,Gaels,IONA,Metro Atlantic Athletic Conference,13,exact
2010-11,28367,Iowa,Big Ten,2294,Iowa Hawkeyes,Iowa,Hawkeyes,IOWA,Big Ten Conference,7,exact
2010-11,28366,Iowa St.,Big 12,66,Iowa State Cyclones,Iowa State,Cyclones,ISU,Big 12 Conference,8,exact
2010-11,28368,Jackson St.,SWAC,2296,Jackson State Tigers,Jackson State,Tigers,JKST,Southwestern Athletic Conference,26,exact
2010-11,28370,Jacksonville,ASUN,294,Jacksonville Dolphins,Jacksonville,Dolphins,JAX,ASUN Conference,46,exact
2010-11,28369,Jacksonville St.,OVC,55,Jacksonville State Gamecocks,Jacksonville State,Gamecocks,JXST,ASUN Conference,46,exact
2010-11,28371,James Madison,CAA,256,James Madison Dukes,James Madison,Dukes,JMU,Sun Belt Conference,27,exact
2010-11,28373,Kansas,Big 12,2305,Kansas Jayhawks,Kansas,Jayhawks,KU,Big 12 Conference,8,exact
2010-11,28582,Kansas City,WAC,140,Kansas City Roos,Kansas City,Roos,KC,Summit League,49,exact
2010-11,28372,Kansas St.,Big 12,2306,Kansas State Wildcats,Kansas State,Wildcats,KSU,Big 12 Conference,8,exact
2010-11,28577,Kennesaw St.,ASUN,338,Kennesaw State Owls,Kennesaw State,Owls,KENN,ASUN Conference,46,exact
2010-11,28374,Kent St.,MAC,2309,Kent State Golden Flashes,Kent State,Golden Flashes,KENT,Mid-American Conference,14,exact
2010-11,28375,Kentucky,SEC,96,Kentucky Wildcats,Kentucky,Wildcats,UK,Southeastern Conference,23,exact
2010-11,28381,LIU,NEC,112358,Long Island University Sharks,Long Island University,Sharks,LIU,Northeast Conference,19,exact
2010-11,28387,LMU (CA),WCC,2351,Loyola Marymount Lions,Loyola Marymount,Lions,LMU,West Coast Conference,29,dict
2010-11,28383,LSU,SEC,99,LSU Tigers,LSU,Tigers,LSU,Southeastern Conference,23,exact
2010-11,28376,La Salle,Atlantic 10,2325,La Salle Explorers,La Salle,Explorers,LAS,Atlantic 10 Conference,3,exact
2010-11,28377,Lafayette,Patriot,322,Lafayette Leopards,Lafayette,Leopards,LAF,Patriot League,22,exact
2010-11,28378,Lamar University,Southland,2320,Lamar Cardinals,Lamar,Cardinals,LAM,Southland Conference,25,dict
2010-11,28379,Lehigh,Patriot,2329,Lehigh Mountain Hawks,Lehigh,Mountain Hawks,LEH,Patriot League,22,exact
2010-11,28380,Liberty,ASUN,2335,Liberty Flames,Liberty,Flames,LIB,ASUN Conference,46,exact
2010-11,28589,Lipscomb,ASUN,288,Lipscomb Bisons,Lipscomb,Bisons,LIP,ASUN Conference,46,exact
2010-11,28259,Little Rock,Sun Belt,2031,Little Rock Trojans,Little Rock,Trojans,LR,Ohio Valley Conference,20,exact
2010-11,28282,Long Beach St.,Big West,299,Long Beach State Beach,Long Beach State,Beach,LBSU,Big West Conference,9,exact
2010-11,28382,Longwood,Big South,2344,Longwood Lancers,Longwood,Lancers,LONG,Big South Conference,6,exact
2010-11,28514,Louisiana,Sun Belt,309,Louisiana Ragin' Cajuns,Louisiana,Ragin' Cajuns,UL,Sun Belt Conference,27,exact
2010-11,28384,Louisiana Tech,C-USA,2348,Louisiana Tech Bulldogs,Louisiana Tech,Bulldogs,LT,Conference USA,11,exact
2010-11,28385,Louisville,ACC,97,Louisville Cardinals,Louisville,Cardinals,LOU,Atlantic Coast Conference,2,exact
2010-11,28388,Loyola Chicago,MVC,2350,Loyola Chicago Ramblers,Loyola Chicago,Ramblers,LUC,Atlantic 10 Conference,3,exact
2010-11,28386,Loyola Maryland,Patriot,2352,Loyola Maryland Greyhounds,Loyola Maryland,Greyhounds,L-MD,Patriot League,22,exact
2010-11,28389,Maine,America East,311,Maine Black Bears,Maine,Black Bears,ME,America East Conference,1,exact
2010-11,28390,Manhattan,MAAC,2363,Manhattan Jaspers,Manhattan,Jaspers,MAN,Metro Atlantic Athletic Conference,13,exact
2010-11,28391,Marist,MAAC,2368,Marist Red Foxes,Marist,Red Foxes,MRST,Metro Atlantic Athletic Conference,13,exact
2010-11,28392,Marquette,Big East,269,Marquette Golden Eagles,Marquette,Golden Eagles,MARQ,Big East Conference,4,exact
2010-11,28393,Marshall,C-USA,276,Marshall Thundering Herd,Marshall,Thundering Herd,MRSH,Sun Belt Conference,27,exact
2010-11,28395,Maryland,Big Ten,120,Maryland Terrapins,Maryland,Terrapins,MD,Big Ten Conference,7,exact
2010-11,28397,Massachusetts,Atlantic 10,113,Massachusetts Minutemen,Massachusetts,Minutemen,MASS,Atlantic 10 Conference,3,exact
2010-11,28398,McNeese,Southland,2377,McNeese Cowboys,McNeese,Cowboys,MCN,Southland Conference,25,exact
2010-11,28399,Memphis,AAC,235,Memphis Tigers,Memphis,Tigers,MEM,American Athletic Conference,62,exact
2010-11,28400,Mercer,SoCon,2382,Mercer Bears,Mercer,Bears,MER,Southern Conference,24,exact
2010-11,28402,Miami (FL),ACC,2390,Miami Hurricanes,Miami,Hurricanes,MIA,Atlantic Coast Conference,2,dict
2010-11,28401,Miami (OH),MAC,193,Miami (OH) RedHawks,Miami (OH),RedHawks,M-OH,Mid-American Conference,14,exact
2010-11,28404,Michigan,Big Ten,130,Michigan Wolverines,Michigan,Wolverines,MICH,Big Ten Conference,7,exact
2010-11,28403,Michigan St.,Big Ten,127,Michigan State Spartans,Michigan State,Spartans,MSU,Big Ten Conference,7,exact
2010-11,28405,Middle Tenn.,C-USA,2393,Middle Tennessee Blue Raiders,Middle Tennessee,Blue Raiders,MTSU,Conference USA,11,exact
2010-11,28567,Milwaukee,Horizon,270,Milwaukee Panthers,Milwaukee,Panthers,MILW,Horizon League,45,exact
2010-11,28406,Minnesota,Big Ten,135,Minnesota Golden Gophers,Minnesota,Golden Gophers,MINN,Big Ten Conference,7,exact
2010-11,28407,Mississippi St.,SEC,344,Mississippi State Bulldogs,Mississippi State,Bulldogs,MSST,Southeastern Conference,23,exact
2010-11,28408,Mississippi Val.,SWAC,2400,Mississippi Valley State Delta Devils,Mississippi Valley State,Delta Devils,MVSU,Southwestern Athletic Conference,26,dict
2010-11,28410,Missouri,SEC,142,Missouri Tigers,Missouri,Tigers,MIZ,Southeastern Conference,23,exact
2010-11,28512,Missouri St.,MVC,2623,Missouri State Bears,Missouri State,Bears,MOST,Missouri Valley Conference,18,exact
2010-11,28411,Monmouth,MAAC,2405,Monmouth Hawks,Monmouth,Hawks,MONM,Colonial Athletic Association,10,exact
2010-11,28413,Montana,Big Sky,149,Montana Grizzlies,Montana,Grizzlies,MONT,Big Sky Conference,5,exact
2010-11,28412,Montana St.,Big Sky,147,Montana State Bobcats,Montana State,Bobcats,MTST,Big Sky Conference,5,exact
2010-11,28414,Morehead St.,OVC,2413,Morehead State Eagles,Morehead State,Eagles,MORE,Ohio Valley Conference,20,exact
2010-11,28415,Morgan St.,MEAC,2415,Morgan State Bears,Morgan State,Bears,MORG,Mid-Eastern Athletic Conference,16,exact
2010-11,28416,Mount St. Mary's,NEC,116,Mount St. Mary's Mountaineers,Mount St. Mary's,Mountaineers,MSM,Metro Atlantic Athletic Conference,13,exact
2010-11,28417,Murray St.,OVC,93,Murray State Racers,Murray State,Racers,MUR,Missouri Valley Conference,18,exact
2010-11,28434,N.C. A&T,MEAC,2448,North Carolina A&T Aggies,North Carolina A&T,Aggies,NCAT,Colonial Athletic Association,10,exact
2010-11,28435,N.C. Central,MEAC,2428,North Carolina Central Eagles,North Carolina Central,Eagles,NCCU,Mid-Eastern Athletic Conference,16,exact
2010-11,28436,NC State,ACC,152,NC State Wolfpack,NC State,Wolfpack,NCSU,Atlantic Coast Conference,2,exact
2010-11,28444,NIU,MAC,2459,Northern Illinois Huskies,Northern Illinois,Huskies,NIU,Mid-American Conference,14,exact
2010-11,28427,NJIT,ASUN,2885,NJIT Highlanders,NJIT,Highlanders,NJIT,America East Conference,1,exact
2010-11,28541,Navy,Patriot,2426,Navy Midshipmen,Navy,Midshipmen,NAVY,Patriot League,22,exact
2010-11,28423,Nebraska,Big Ten,158,Nebraska Cornhuskers,Nebraska,Cornhuskers,NEB,Big Ten Conference,7,exact
2010-11,28425,Nevada,MWC,2440,Nevada Wolf Pack,Nevada,Wolf Pack,NEV,Mountain West Conference,44,exact
2010-11,28426,New Hampshire,America East,160,New Hampshire Wildcats,New Hampshire,Wildcats,UNH,America East Conference,1,exact
2010-11,28429,New Mexico,MWC,167,New Mexico Lobos,New Mexico,Lobos,UNM,Mountain West Conference,44,exact
2010-11,28428,New Mexico St.,WAC,166,New Mexico State Aggies,New Mexico State,Aggies,NMSU,Western Athletic Conference,30,exact
2010-11,28431,Niagara,MAAC,315,Niagara Purple Eagles,Niagara,Purple Eagles,NIA,Metro Atlantic Athletic Conference,13,exact
2010-11,28432,Nicholls,Southland,2447,Nicholls Colonels,Nicholls,Colonels,NICH,Southland Conference,25,exact
2010-11,28433,Norfolk St.,MEAC,2450,Norfolk State Spartans,Norfolk State,Spartans,NORF,Mid-Eastern Athletic Conference,16,exact
2010-11,28419,North Carolina,ACC,153,North Carolina Tar Heels,North Carolina,Tar Heels,UNC,Atlantic Coast Conference,2,exact
2010-11,28438,North Dakota,Summit League,155,North Dakota Fighting Hawks,North Dakota,Fighting Hawks,UND,Summit League,49,exact
2010-11,28437,North Dakota St.,Summit League,2449,North Dakota State Bison,North Dakota State,Bison,NDSU,Summit League,49,exact
2010-11,28583,North Florida,ASUN,2454,North Florida Ospreys,North Florida,Ospreys,UNF,ASUN Conference,46,exact
2010-11,28439,North Texas,C-USA,249,North Texas Mean Green,North Texas,Mean Green,UNT,Conference USA,11,exact
2010-11,28441,Northeastern,CAA,111,Northeastern Huskies,Northeastern,Huskies,NE,Colonial Athletic Association,10,exact
2010-11,28442,Northern Ariz.,Big Sky,2464,Northern Arizona Lumberjacks,Northern Arizona,Lumberjacks,NAU,Big Sky Conference,5,exact
2010-11,28443,Northern Colo.,Big Sky,2458,Northern Colorado Bears,Northern Colorado,Bears,UNCO,Big Sky Conference,5,exact
2010-11,28447,Northwestern,Big Ten,77,Northwestern Wildcats,Northwestern,Wildcats,NU,Big Ten Conference,7,exact
2010-11,28446,Northwestern St.,Southland,2466,Northwestern State Demons,Northwestern State,Demons,NWST,Southland Conference,25,exact
2010-11,28448,Notre Dame,ACC,87,Notre Dame Fighting Irish,Notre Dame,Fighting Irish,ND,Atlantic Coast Conference,2,exact
2010-11,28449,Oakland,Horizon,2473,Oakland Golden Grizzlies,Oakland,Golden Grizzlies,OAK,Horizon League,45,exact
2010-11,28451,Ohio,MAC,195,Ohio Bobcats,Ohio,Bobcats,OHIO,Mid-American Conference,14,exact
2010-11,28450,Ohio St.,Big Ten,194,Ohio State Buckeyes,Ohio State,Buckeyes,OSU,Big Ten Conference,7,exact
2010-11,28453,Oklahoma,Big 12,201,Oklahoma Sooners,Oklahoma,Sooners,OU,Big 12 Conference,8,exact
2010-11,28452,Oklahoma St.,Big 12,197,Oklahoma State Cowboys,Oklahoma State,Cowboys,OKST,Big 12 Conference,8,exact
2010-11,28454,Old Dominion,C-USA,295,Old Dominion Monarchs,Old Dominion,Monarchs,ODU,Sun Belt Conference,27,exact
2010-11,28409,Ole Miss,SEC,145,Ole Miss Rebels,Ole Miss,Rebels,MISS,Southeastern Conference,23,exact
2010-11,28455,Oral Roberts,Summit League,198,Oral Roberts Golden Eagles,Oral Roberts,Golden Eagles,ORU,Summit League,49,exact
2010-11,28457,Oregon,Pac-12,2483,Oregon Ducks,Oregon,Ducks,ORE,Pac-12 Conference,21,exact
2010-11,28456,Oregon St.,Pac-12,204,Oregon State Beavers,Oregon State,Beavers,ORST,Pac-12 Conference,21,exact
2010-11,28458,Pacific,WCC,279,Pacific Tigers,Pacific,Tigers,PAC,West Coast Conference,29,exact
2010-11,28461,Penn,Ivy League,219,Pennsylvania Quakers,Pennsylvania,Quakers,PENN,Ivy League,12,exact
2010-11,28460,Penn St.,Big Ten,213,Penn State Nittany Lions,Penn State,Nittany Lions,PSU,Big Ten Conference,7,exact
2010-11,28462,Pepperdine,WCC,2492,Pepperdine Waves,Pepperdine,Waves,PEPP,West Coast Conference,29,exact
2010-11,28463,Pittsburgh,ACC,221,Pittsburgh Panthers,Pittsburgh,Panthers,PITT,Atlantic Coast Conference,2,exact
2010-11,28465,Portland,WCC,2501,Portland Pilots,Portland,Pilots,PORT,West Coast Conference,29,exact
2010-11,28464,Portland St.,Big Sky,2502,Portland State Vikings,Portland State,Vikings,PRST,Big Sky Conference,5,exact
2010-11,28466,Prairie View,SWAC,2504,Prairie View A&M Panthers,Prairie View A&M,Panthers,PV,Southwestern Athletic Conference,26,exact
2010-11,28578,Presbyterian,Big South,2506,Presbyterian Blue Hose,Presbyterian,Blue Hose,PRES,Big South Conference,6,exact
2010-11,28467,Princeton,Ivy League,163,Princeton Tigers,Princeton,Tigers,PRIN,Ivy League,12,exact
2010-11,28468,Providence,Big East,2507,Providence Friars,Providence,Friars,PROV,Big East Conference,4,exact
2010-11,28469,Purdue,Big Ten,2509,Purdue Boilermakers,Purdue,Boilermakers,PUR,Big Ten Conference,7,exact
2010-11,28364,Purdue Fort Wayne,Summit League,2870,Purdue Fort Wayne Mastodons,Purdue Fort Wayne,Mastodons,PFW,Horizon League,45,exact
2010-11,28470,Quinnipiac,MAAC,2514,Quinnipiac Bobcats,Quinnipiac,Bobcats,QUIN,Metro Atlantic Athletic Conference,13,exact
2010-11,28471,Radford,Big South,2515,Radford Highlanders,Radford,Highlanders,RAD,Big South Conference,6,exact
2010-11,28472,Rhode Island,Atlantic 10,227,Rhode Island Rams,Rhode Island,Rams,URI,Atlantic 10 Conference,3,exact
2010-11,28473,Rice,C-USA,242,Rice Owls,Rice,Owls,RICE,Conference USA,11,exact
2010-11,28474,Richmond,Atlantic 10,257,Richmond Spiders,Richmond,Spiders,RICH,Atlantic 10 Conference,3,exact
2010-11,28475,Rider,MAAC,2520,Rider Broncs,Rider,Broncs,RID,Metro Atlantic Athletic Conference,13,exact
2010-11,28476,Robert Morris,NEC,2523,Robert Morris Colonials,Robert Morris,Colonials,RMU,Horizon League,45,exact
2010-11,28477,Rutgers,Big Ten,164,Rutgers Scarlet Knights,Rutgers,Scarlet Knights,RUTG,Big Ten Conference,7,exact
2010-11,28516,SFA,Southland,2617,Stephen F. Austin Lumberjacks,Stephen F. Austin,Lumberjacks,SFA,Western Athletic Conference,30,exact
2010-11,28507,SIUE,OVC,2565,SIU Edwardsville Cougars,SIU Edwardsville,Cougars,SIUE,Ohio Valley Conference,20,exact
2010-11,28508,SMU,AAC,2567,SMU Mustangs,SMU,Mustangs,SMU,American Athletic Conference,62,exact
2010-11,28284,Sacramento St.,Big Sky,16,Sacramento State Hornets,Sacramento State,Hornets,SAC,Big Sky Conference,5,exact
2010-11,28478,Sacred Heart,NEC,2529,Sacred Heart Pioneers,Sacred Heart,Pioneers,SHU,Northeast Conference,19,exact
2010-11,28481,Saint Francis (PA),NEC,2598,St. Francis (PA) Red Flash,St. Francis (PA),Red Flash,SFPA,Northeast Conference,19,exact
2010-11,28483,Saint Joseph's,Atlantic 10,2603,Saint Joseph's Hawks,Saint Joseph's,Hawks,JOES,Atlantic 10 Conference,3,exact
2010-11,28484,Saint Louis,Atlantic 10,139,Saint Louis Billikens,Saint Louis,Billikens,SLU,Atlantic 10 Conference,3,exact
2010-11,28485,Saint Mary's (CA),WCC,2608,Saint Mary's Gaels,Saint Mary's,Gaels,SMC,West Coast Conference,29,dict
2010-11,28486,Saint Peter's,MAAC,2612,Saint Peter's Peacocks,Saint Peter's,Peacocks,SPU,Metro Atlantic Athletic Conference,13,exact
2010-11,28487,Sam Houston,Southland,2534,Sam Houston Bearkats,Sam Houston,Bearkats,SHSU,Western Athletic Conference,30,exact
2010-11,28488,Samford,SoCon,2535,Samford Bulldogs,Samford,Bulldogs,SAM,Southern Conference,24,exact
2010-11,28490,San Diego,WCC,301,San Diego Toreros,San Diego,Toreros,USD,West Coast Conference,29,exact
2010-11,28489,San Diego St.,MWC,21,San Diego State Aztecs,San Diego State,Aztecs,SDSU,Mountain West Conference,44,exact
2010-11,28491,San Francisco,WCC,2539,San Francisco Dons,San Francisco,Dons,SF,West Coast Conference,29,exact
2010-11,28492,San Jose St.,MWC,23,San José State Spartans,San José State,Spartans,SJSU,Mountain West Conference,44,dict
2010-11,28493,Santa Clara,WCC,2541,Santa Clara Broncos,Santa Clara,Broncos,SCU,West Coast Conference,29,exact
2010-11,28494,Savannah St.,MEAC,2542,Savannah State Tigers,Savannah State,Tigers,SAV,,,alias
2010-11,28579,Seattle U,WAC,2547,Seattle U Redhawks,Seattle U,Redhawks,SEA,Western Athletic Conference,30,exact
2010-11,28495,Seton Hall,Big East,2550,Seton Hall Pirates,Seton Hall,Pirates,HALL,Big East Conference,4,exact
2010-11,28496,Siena,MAAC,2561,Siena Saints,Siena,Saints,SIE,Metro Atlantic Athletic Conference,13,exact
2010-11,28497,South Alabama,Sun Belt,6,South Alabama Jaguars,South Alabama,Jaguars,USA,Sun Belt Conference,27,exact
2010-11,28499,South Carolina,SEC,2579,South Carolina Gamecocks,South Carolina,Gamecocks,SC,Southeastern Conference,23,exact
2010-11,28498,South Carolina St.,MEAC,2569,South Carolina State Bulldogs,South Carolina State,Bulldogs,SCST,Mid-Eastern Athletic Conference,16,exact
2010-11,28501,South Dakota,Summit League,233,South Dakota Coyotes,South Dakota,Coyotes,SDAK,Summit League,49,exact
2010-11,28500,South Dakota St.,Summit League,2571,South Dakota State Jackrabbits,South Dakota State,Jackrabbits,SDST,Summit League,49,exact
2010-11,28502,South Fla.,AAC,58,South Florida Bulls,South Florida,Bulls,USF,American Athletic Conference,62,exact
2010-11,28503,Southeast Mo. St.,OVC,2546,Southeast Missouri State Redhawks,Southeast Missouri State,Redhawks,SEMO,Ohio Valley Conference,20,exact
2010-11,28504,Southeastern La.,Southland,2545,SE Louisiana Lions,SE Louisiana,Lions,SELA,Southland Conference,25,dict
2010-11,28505,Southern California,Pac-12,30,USC Trojans,USC,Trojans,USC,Pac-12 Conference,21,dict
2010-11,28506,Southern Ill.,MVC,79,Southern Illinois Salukis,Southern Illinois,Salukis,SIU,Missouri Valley Conference,18,exact
2010-11,28509,Southern Miss.,C-USA,2572,Southern Miss Golden Eagles,Southern Miss,Golden Eagles,USM,Sun Belt Conference,27,dict
2010-11,28510,Southern U.,SWAC,2582,Southern Jaguars,Southern,Jaguars,SOU,Southwestern Athletic Conference,26,dict
2010-11,28511,Southern Utah,Big Sky,253,Southern Utah Thunderbirds,Southern Utah,Thunderbirds,SUU,Western Athletic Conference,30,exact
2010-11,28479,St. Bonaventure,Atlantic 10,179,St. Bonaventure Bonnies,St. Bonaventure,Bonnies,SBU,Atlantic 10 Conference,3,exact
2010-11,28480,St. Francis Brooklyn,NEC,2597,St. Francis Brooklyn Terriers,St. Francis Brooklyn,Terriers,SFNY,Northeast Conference,19,exact
2010-11,28482,St. John's (NY),Big East,2599,St. John's Red Storm,St. John's,Red Storm,SJU,Big East Conference,4,dict
2010-11,28515,Stanford,Pac-12,24,Stanford Cardinal,Stanford,Cardinal,STAN,Pac-12 Conference,21,exact
2010-11,28517,Stetson,ASUN,56,Stetson Hatters,Stetson,Hatters,STET,ASUN Conference,46,exact
2010-11,28518,Stony Brook,America East,2619,Stony Brook Seawolves,Stony Brook,Seawolves,STBK,Colonial Athletic Association,10,exact
2010-11,28519,Syracuse,ACC,183,Syracuse Orange,Syracuse,Orange,SYR,Atlantic Coast Conference,2,exact
2010-11,28527,TCU,Big 12,2628,TCU Horned Frogs,TCU,Horned Frogs,TCU,Big 12 Conference,8,exact
2010-11,28520,Temple,AAC,218,Temple Owls,Temple,Owls,TEM,American Athletic Conference,62,exact
2010-11,28524,Tennessee,SEC,2633,Tennessee Volunteers,Tennessee,Volunteers,TENN,Southeastern Conference,23,exact
2010-11,28521,Tennessee St.,OVC,2634,Tennessee State Tigers,Tennessee State,Tigers,TNST,Ohio Valley Conference,20,exact
2010-11,28522,Tennessee Tech,OVC,2635,Tennessee Tech Golden Eagles,Tennessee Tech,Golden Eagles,TNTC,Ohio Valley Conference,20,exact
2010-11,28531,Texas,Big 12,251,Texas Longhorns,Texas,Longhorns,TEX,Big 12 Conference,8,exact
2010-11,28526,Texas A&M,SEC,245,Texas A&M Aggies,Texas A&M,Aggies,TA&M,Southeastern Conference,23,exact
2010-11,28528,Texas Southern,SWAC,2640,Texas Southern Tigers,Texas Southern,Tigers,TXSO,Southwestern Athletic Conference,26,exact
2010-11,28513,Texas St.,Sun Belt,326,Texas State Bobcats,Texas State,Bobcats,TXST,Sun Belt Conference,27,exact
2010-11,28529,Texas Tech,Big 12,2641,Texas Tech Red Raiders,Texas Tech,Red Raiders,TTU,Big 12 Conference,8,exact
2010-11,28299,The Citadel,SoCon,2643,The Citadel Bulldogs,The Citadel,Bulldogs,CIT,Southern Conference,24,exact
2010-11,28534,Toledo,MAC,2649,Toledo Rockets,Toledo,Rockets,TOL,Mid-American Conference,14,exact
2010-11,28535,Towson,CAA,119,Towson Tigers,Towson,Tigers,TOW,Colonial Athletic Association,10,exact
2010-11,28536,Troy,Sun Belt,2653,Troy Trojans,Troy,Trojans,TROY,Sun Belt Conference,27,exact
2010-11,28537,Tulane,AAC,2655,Tulane Green Wave,Tulane,Green Wave,TULN,American Athletic Conference,62,exact
2010-11,28538,Tulsa,AAC,202,Tulsa Golden Hurricane,Tulsa,Golden Hurricane,TLSA,American Athletic Conference,62,exact
2010-11,28250,UAB,C-USA,5,UAB Blazers,UAB,Blazers,UAB,Conference USA,11,exact
2010-11,28251,UAlbany,America East,399,UAlbany Great Danes,UAlbany,Great Danes,UALB,America East Conference,1,exact
2010-11,28287,UC Davis,Big West,302,UC Davis Aggies,UC Davis,Aggies,UCD,Big West Conference,9,exact
2010-11,28288,UC Irvine,Big West,300,UC Irvine Anteaters,UC Irvine,Anteaters,UCI,Big West Conference,9,exact
2010-11,28290,UC Riverside,Big West,27,UC Riverside Highlanders,UC Riverside,Highlanders,UCR,Big West Conference,9,exact
2010-11,28285,UC Santa Barbara,Big West,2540,UC Santa Barbara Gauchos,UC Santa Barbara,Gauchos,UCSB,Big West Conference,9,exact
2010-11,28295,UCF,AAC,2116,UCF Knights,UCF,Knights,UCF,American Athletic Conference,62,exact
2010-11,28289,UCLA,Pac-12,26,UCLA Bruins,UCLA,Bruins,UCLA,Pac-12 Conference,21,exact
2010-11,28307,UConn,AAC,41,UConn Huskies,UConn,Huskies,CONN,Big East Conference,4,exact
2010-11,28361,UIC,Horizon,82,UIC Flames,UIC,Flames,UIC,Missouri Valley Conference,18,exact
2010-11,28440,ULM,Sun Belt,2433,UL Monroe Warhawks,UL Monroe,Warhawks,ULM,Sun Belt Conference,27,exact
2010-11,28394,UMBC,America East,2378,UMBC Retrievers,UMBC,Retrievers,UMBC,America East Conference,1,exact
2010-11,28396,UMES,MEAC,2379,Maryland Eastern Shore Hawks,Maryland Eastern Shore,Hawks,UMES,Mid-Eastern Athletic Conference,16,exact
2010-11,28418,UNC Asheville,Big South,2427,UNC Asheville Bulldogs,UNC Asheville,Bulldogs,UNCA,Big South Conference,6,exact
2010-11,28421,UNC Greensboro,SoCon,2430,UNC Greensboro Spartans,UNC Greensboro,Spartans,UNCG,Southern Conference,24,exact
2010-11,28422,UNCW,CAA,350,UNC Wilmington Seahawks,UNC Wilmington,Seahawks,UNCW,Colonial Athletic Association,10,exact
2010-11,28445,UNI,MVC,2460,Northern Iowa Panthers,Northern Iowa,Panthers,UNI,Missouri Valley Conference,18,exact
2010-11,28424,UNLV,MWC,2439,UNLV Rebels,UNLV,Rebels,UNLV,Mountain West Conference,44,exact
2010-11,28585,USC Upstate,Big South,2908,South Carolina Upstate Spartans,South Carolina Upstate,Spartans,UPST,Big South Conference,6,dict
2010-11,28530,UT Arlington,Sun Belt,250,UT Arlington Mavericks,UT Arlington,Mavericks,UTA,Western Athletic Conference,30,exact
2010-11,28525,UT Martin,OVC,2630,UT Martin Skyhawks,UT Martin,Skyhawks,UTM,Ohio Valley Conference,20,exact
2010-11,28532,UTEP,C-USA,2638,UTEP Miners,UTEP,Miners,UTEP,Conference USA,11,exact
2010-11,28459,UTRGV,WAC,292,UT Rio Grande Valley Vaqueros,UT Rio Grande Valley,Vaqueros,RGV,Western Athletic Conference,30,dict
2010-11,28533,UTSA,C-USA,2636,UTSA Roadrunners,UTSA,Roadrunners,UTSA,Conference USA,11,exact
2010-11,28543,Utah,Pac-12,254,Utah Utes,Utah,Utes,UTAH,Pac-12 Conference,21,exact
2010-11,28542,Utah St.,MWC,328,Utah State Aggies,Utah State,Aggies,USU,Mountain West Conference,44,exact
2010-11,28591,Utah Valley,WAC,3084,Utah Valley Wolverines,Utah Valley,Wolverines,UVU,Western Athletic Conference,30,exact
2010-11,28548,VCU,Atlantic 10,2670,VCU Rams,VCU,Rams,VCU,Atlantic 10 Conference,3,exact
2010-11,28549,VMI,SoCon,2678,VMI Keydets,VMI,Keydets,VMI,Southern Conference,24,exact
2010-11,28544,Valparaiso,MVC,2674,Valparaiso Beacons,Valparaiso,Beacons,VAL,Missouri Valley Conference,18,exact
2010-11,28545,Vanderbilt,SEC,238,Vanderbilt Commodores,Vanderbilt,Commodores,VAN,Southeastern Conference,23,exact
2010-11,28546,Vermont,America East,261,Vermont Catamounts,Vermont,Catamounts,UVM,America East Conference,1,exact
2010-11,28547,Villanova,Big East,222,Villanova Wildcats,Villanova,Wildcats,VILL,Big East Conference,4,exact
2010-11,28551,Virginia,ACC,258,Virginia Cavaliers,Virginia,Cavaliers,UVA,Atlantic Coast Conference,2,exact
2010-11,28550,Virginia Tech,ACC,259,Virginia Tech Hokies,Virginia Tech,Hokies,VT,Atlantic Coast Conference,2,exact
2010-11,28552,Wagner,NEC,2681,Wagner Seahawks,Wagner,Seahawks,WAG,Northeast Conference,19,exact
2010-11,28553,Wake Forest,ACC,154,Wake Forest Demon Deacons,Wake Forest,Demon Deacons,WAKE,Atlantic Coast Conference,2,exact
2010-11,28555,Washington,Pac-12,264,Washington Huskies,Washington,Huskies,WASH,Pac-12 Conference,21,exact
2010-11,28554,Washington St.,Pac-12,265,Washington State Cougars,Washington State,Cougars,WSU,Pac-12 Conference,21,exact
2010-11,28556,Weber St.,Big Sky,2692,Weber State Wildcats,Weber State,Wildcats,WEB,Big Sky Conference,5,exact
2010-11,28557,West Virginia,Big 12,277,West Virginia Mountaineers,West Virginia,Mountaineers,WVU,Big 12 Conference,8,exact
2010-11,28558,Western Caro.,SoCon,2717,Western Carolina Catamounts,Western Carolina,Catamounts,WCU,Southern Conference,24,exact
2010-11,28559,Western Ill.,Summit League,2710,Western Illinois Leathernecks,Western Illinois,Leathernecks,WIU,Summit League,49,exact
2010-11,28560,Western Ky.,C-USA,98,Western Kentucky Hilltoppers,Western Kentucky,Hilltoppers,WKU,Conference USA,11,exact
2010-11,28561,Western Mich.,MAC,2711,Western Michigan Broncos,Western Michigan,Broncos,WMU,Mid-American Conference,14,exact
2010-11,28562,Wichita St.,AAC,2724,Wichita State Shockers,Wichita State,Shockers,WICH,American Athletic Conference,62,exact
2010-11,28563,William & Mary,CAA,2729,William & Mary Tribe,William & Mary,Tribe,W&M,Colonial Athletic Association,10,exact
2010-11,28564,Winthrop,Big South,2737,Winthrop Eagles,Winthrop,Eagles,WIN,Big South Conference,6,exact
2010-11,28566,Wisconsin,Big Ten,275,Wisconsin Badgers,Wisconsin,Badgers,WIS,Big Ten Conference,7,exact
2010-11,28584,Wofford,SoCon,2747,Wofford Terriers,Wofford,Terriers,WOF,Southern Conference,24,exact
2010-11,28568,Wright St.,Horizon,2750,Wright State Raiders,Wright State,Raiders,WRST,Horizon League,45,exact
2010-11,28569,Wyoming,MWC,2751,Wyoming Cowboys,Wyoming,Cowboys,WYO,Mountain West Conference,44,exact
2010-11,28570,Xavier,Big East,2752,Xavier Musketeers,Xavier,Musketeers,XAV,Big East Conference,4,exact
2010-11,28571,Yale,Ivy League,43,Yale Bulldogs,Yale,Bulldogs,YALE,Ivy League,12,exact
2010-11,28572,Youngstown St.,Horizon,2754,Youngstown State Penguins,Youngstown State,Penguins,YSU,Horizon League,45,exact
2011-12,57342,A&M-Corpus Christi,Southland,357,Texas A&M-Corpus Christi Islanders,Texas A&M-Corpus Christi,Islanders,AMCC,Southland Conference,25,dict
2011-12,57293,Air Force,MWC,2005,Air Force Falcons,Air Force,Falcons,AF,Mountain West Conference,44,exact
2011-12,57001,Akron,MAC,2006,Akron Zips,Akron,Zips,AKR,Mid-American Conference,14,exact
2011-12,57004,Alabama,SEC,333,Alabama Crimson Tide,Alabama,Crimson Tide,ALA,Southeastern Conference,23,exact
2011-12,57002,Alabama A&M,SWAC,2010,Alabama A&M Bulldogs,Alabama A&M,Bulldogs,AAMU,Southwestern Athletic Conference,26,exact
2011-12,57003,Alabama St.,SWAC,2011,Alabama State Hornets,Alabama State,Hornets,ALST,Southwestern Athletic Conference,26,exact
2011-12,57007,Alcorn,SWAC,2016,Alcorn State Braves,Alcorn State,Braves,ALCN,Southwestern Athletic Conference,26,dict
2011-12,57008,American,Patriot,44,American University Eagles,American University,Eagles,AMER,Patriot League,22,exact
2011-12,57009,App State,Sun Belt,2026,App State Mountaineers,App State,Mountaineers,APP,Sun Belt Conference,27,exact
2011-12,57011,Arizona,Pac-12,12,Arizona Wildcats,Arizona,Wildcats,ARIZ,Pac-12 Conference,21,exact
2011-12,57010,Arizona St.,Pac-12,9,Arizona State Sun Devils,Arizona State,Sun Devils,ASU,Pac-12 Conference,21,exact
2011-12,57334,Ark.-Pine Bluff,SWAC,2029,Arkansas-Pine Bluff Golden Lions,Arkansas-Pine Bluff,Golden Lions,UAPB,Southwestern Athletic Conference,26,dict
2011-12,57013,Arkansas,SEC,8,Arkansas Razorbacks,Arkansas,Razorbacks,ARK,Southeastern Conference,23,exact
2011-12,57012,Arkansas St.,Sun Belt,2032,Arkansas State Red Wolves,Arkansas State,Red Wolves,ARST,Sun Belt Conference,27,exact
2011-12,57294,Army West Point,Patriot,349,Army Black Knights,Army,Black Knights,ARMY,Patriot League,22,dict
2011-12,57015,Auburn,SEC,2,Auburn Tigers,Auburn,Tigers,AUB,Southeastern Conference,23,exact
2011-12,57016,Austin Peay,OVC,2046,Austin Peay Governors,Austin Peay,Governors,APSU,ASUN Conference,46,exact
2011-12,57027,BYU,WCC,252,BYU Cougars,BYU,Cougars,BYU,West Coast Conference,29,exact
2011-12,57017,Ball St.,MAC,2050,Ball State Cardinals,Ball State,Cardinals,BALL,Mid-American Conference,14,exact
2011-12,57019,Baylor,Big 12,239,Baylor Bears,Baylor,Bears,BAY,Big 12 Conference,8,exact
2011-12,57340,Belmont,OVC,2057,Belmont Bruins,Belmont,Bruins,BEL,Missouri Valley Conference,18,exact
2011-12,57020,Bethune-Cookman,MEAC,2065,Bethune-Cookman Wildcats,Bethune-Cookman,Wildcats,BCU,Southwestern Athletic Conference,26,exact
2011-12,57021,Binghamton,America East,2066,Binghamton Bearcats,Binghamton,Bearcats,BING,America East Conference,1,exact
2011-12,57022,Boise St.,MWC,68,Boise State Broncos,Boise State,Broncos,BOIS,Mountain West Conference,44,exact
2011-12,57023,Boston College,ACC,103,Boston College Eagles,Boston College,Eagles,BC,Atlantic Coast Conference,2,exact
2011-12,57024,Boston U.,Patriot,104,Boston University Terriers,Boston University,Terriers,BU,Patriot League,22,exact
2011-12,57025,Bowling Green,MAC,189,Bowling Green Falcons,Bowling Green,Falcons,BGSU,Mid-American Conference,14,exact
2011-12,57026,Bradley,MVC,71,Bradley Braves,Bradley,Braves,BRAD,Missouri Valley Conference,18,exact
2011-12,57028,Brown,Ivy League,225,Brown Bears,Brown,Bears,BRWN,Ivy League,12,exact
2011-12,57029,Bryant,NEC,2803,Bryant Bulldogs,Bryant,Bulldogs,BRY,America East Conference,1,exact
2011-12,57030,Bucknell,Patriot,2083,Bucknell Bison,Bucknell,Bison,BUCK,Patriot League,22,exact
2011-12,57031,Buffalo,MAC,2084,Buffalo Bulls,Buffalo,Bulls,BUF,Mid-American Conference,14,exact
2011-12,57032,Butler,Big East,2086,Butler Bulldogs,Butler,Bulldogs,BTLR,Big East Conference,4,exact
2011-12,57034,CSU Bakersfield,WAC,2934,Cal State Bakersfield Roadrunners,Cal State Bakersfield,Roadrunners,CSUB,Big West Conference,9,alias
2011-12,57038,CSUN,Big West,2463,Cal State Northridge Matadors,Cal State Northridge,Matadors,CSUN,Big West Conference,9,exact
2011-12,57033,Cal Poly,Big West,13,Cal Poly Mustangs,Cal Poly,Mustangs,CP,Big West Conference,9,exact
2011-12,57036,Cal St. Fullerton,Big West,2239,Cal State Fullerton Titans,Cal State Fullerton,Titans,CSUF,Big West Conference,9,exact
2011-12,57041,California,Pac-12,25,California Golden Bears,California,Golden Bears,CAL,Pac-12 Conference,21,exact
2011-12,57046,Campbell,Big South,2097,Campbell Fighting Camels,Campbell,Fighting Camels,CAM,Big South Conference,6,exact
2011-12,57047,Canisius,MAAC,2099,Canisius Golden Griffins,Canisius,Golden Griffins,CAN,Metro Atlantic Athletic Conference,13,exact
2011-12,57327,Central Ark.,Southland,2110,Central Arkansas Bears,Central Arkansas,Bears,CARK,ASUN Conference,46,exact
2011-12,57048,Central Conn. St.,NEC,2115,Central Connecticut Blue Devils,Central Connecticut,Blue Devils,CCSU,Northeast Conference,19,dict
2011-12,57050,Central Mich.,MAC,2117,Central Michigan Chippewas,Central Michigan,Chippewas,CMU,Mid-American Conference,14,exact
2011-12,57018,Charleston So.,Big South,2127,Charleston Southern Buccaneers,Charleston Southern,Buccaneers,CHSO,Big South Conference,6,exact
2011-12,57174,Charlotte,C-USA,2429,Charlotte 49ers,Charlotte,49ers,CLT,Conference USA,11,exact
2011-12,57277,Chattanooga,SoCon,236,Chattanooga Mocs,Chattanooga,Mocs,UTC,Southern Conference,24,exact
2011-12,57051,Chicago St.,WAC,2130,Chicago State Cougars,Chicago State,Cougars,CHST,Division I Independents,43,exact
2011-12,57052,Cincinnati,AAC,2132,Cincinnati Bearcats,Cincinnati,Bearcats,CIN,American Athletic Conference,62,exact
2011-12,57054,Clemson,ACC,228,Clemson Tigers,Clemson,Tigers,CLEM,Atlantic Coast Conference,2,exact
2011-12,57055,Cleveland St.,Horizon,325,Cleveland State Vikings,Cleveland State,Vikings,CLE,Horizon League,45,exact
2011-12,57056,Coastal Carolina,Sun Belt,324,Coastal Carolina Chanticleers,Coastal Carolina,Chanticleers,CCU,Sun Belt Conference,27,exact
2011-12,57328,Col. of Charleston,CAA,232,Charleston Cougars,Charleston,Cougars,COFC,Colonial Athletic Association,10,dict
2011-12,57057,Colgate,Patriot,2142,Colgate Raiders,Colgate,Raiders,COLG,Patriot League,22,exact
2011-12,57059,Colorado,Pac-12,38,Colorado Buffaloes,Colorado,Buffaloes,COLO,Pac-12 Conference,21,exact
2011-12,57058,Colorado St.,MWC,36,Colorado State Rams,Colorado State,Rams,CSU,Mountain West Conference,44,exact
2011-12,57060,Columbia,Ivy League,171,Columbia Lions,Columbia,Lions,COLU,Ivy League,12,exact
2011-12,57062,Coppin St.,MEAC,2154,Coppin State Eagles,Coppin State,Eagles,COPP,Mid-Eastern Athletic Conference,16,exact
2011-12,57063,Cornell,Ivy League,172,Cornell Big Red,Cornell,Big Red,COR,Ivy League,12,exact
2011-12,57064,Creighton,Big East,156,Creighton Bluejays,Creighton,Bluejays,CREI,Big East Conference,4,exact
2011-12,57065,Dartmouth,Ivy League,159,Dartmouth Big Green,Dartmouth,Big Green,DART,Ivy League,12,exact
2011-12,57066,Davidson,Atlantic 10,2166,Davidson Wildcats,Davidson,Wildcats,DAV,Atlantic 10 Conference,3,exact
2011-12,57067,Dayton,Atlantic 10,2168,Dayton Flyers,Dayton,Flyers,DAY,Atlantic 10 Conference,3,exact
2011-12,57068,DePaul,Big East,305,DePaul Blue Demons,DePaul,Blue Demons,DEP,Big East Conference,4,exact
2011-12,57070,Delaware,CAA,48,Delaware Blue Hens,Delaware,Blue Hens,DEL,Colonial Athletic Association,10,exact
2011-12,57069,Delaware St.,MEAC,2169,Delaware State Hornets,Delaware State,Hornets,DSU,Mid-Eastern Athletic Conference,16,exact
2011-12,57071,Denver,Summit League,2172,Denver Pioneers,Denver,Pioneers,DEN,Summit League,49,exact
2011-12,57072,Detroit Mercy,Horizon,2174,Detroit Mercy Titans,Detroit Mercy,Titans,DETM,Horizon League,45,exact
2011-12,57073,Drake,MVC,2181,Drake Bulldogs,Drake,Bulldogs,DRKE,Missouri Valley Conference,18,exact
2011-12,57074,Drexel,CAA,2182,Drexel Dragons,Drexel,Dragons,DREX,Colonial Athletic Association,10,exact
2011-12,57075,Duke,ACC,150,Duke Blue Devils,Duke,Blue Devils,DUKE,Atlantic Coast Conference,2,exact
2011-12,57076,Duquesne,Atlantic 10,2184,Duquesne Dukes,Duquesne,Dukes,DUQ,Atlantic 10 Conference,3,exact
2011-12,57078,ETSU,SoCon,2193,East Tennessee State Buccaneers,East Tennessee State,Buccaneers,ETSU,Southern Conference,24,exact
2011-12,57077,East Carolina,AAC,151,East Carolina Pirates,East Carolina,Pirates,ECU,American Athletic Conference,62,exact
2011-12,57079,Eastern Ill.,OVC,2197,Eastern Illinois Panthers,Eastern Illinois,Panthers,EIU,Ohio Valley Conference,20,exact
2011-12,57080,Eastern Ky.,OVC,2198,Eastern Kentucky Colonels,Eastern Kentucky,Colonels,EKU,ASUN Conference,46,exact
2011-12,57081,Eastern Mich.,MAC,2199,Eastern Michigan Eagles,Eastern Michigan,Eagles,EMU,Mid-American Conference,14,exact
2011-12,57082,Eastern Wash.,Big Sky,331,Eastern Washington Eagles,Eastern Washington,Eagles,EWU,Big Sky Conference,5,exact
2011-12,57329,Elon,CAA,2210,Elon Phoenix,Elon,Phoenix,ELON,Colonial Athletic Association,10,exact
2011-12,57083,Evansville,MVC,339,Evansville Purple Aces,Evansville,Purple Aces,EVAN,Missouri Valley Conference,18,exact
2011-12,57344,FGCU,ASUN,526,Florida Gulf Coast Eagles,Florida Gulf Coast,Eagles,FGCU,ASUN Conference,46,exact
2011-12,57088,FIU,C-USA,2229,Florida International Panthers,Florida International,Panthers,FIU,Conference USA,11,exact
2011-12,57084,Fairfield,MAAC,2217,Fairfield Stags,Fairfield,Stags,FAIR,Metro Atlantic Athletic Conference,13,exact
2011-12,57085,Fairleigh Dickinson,NEC,161,Fairleigh Dickinson Knights,Fairleigh Dickinson,Knights,FDU,Northeast Conference,19,exact
2011-12,57087,Fla. Atlantic,C-USA,2226,Florida Atlantic Owls,Florida Atlantic,Owls,FAU,Conference USA,11,exact
2011-12,57090,Florida,SEC,57,Florida Gators,Florida,Gators,FLA,Southeastern Conference,23,exact
2011-12,57086,Florida A&M,MEAC,50,Florida A&M Rattlers,Florida A&M,Rattlers,FAMU,Southwestern Athletic Conference,26,exact
2011-12,57089,Florida St.,ACC,52,Florida State Seminoles,Florida State,Seminoles,FSU,Atlantic Coast Conference,2,exact
2011-12,57091,Fordham,Atlantic 10,2230,Fordham Rams,Fordham,Rams,FOR,Atlantic 10 Conference,3,exact
2011-12,57035,Fresno St.,MWC,278,Fresno State Bulldogs,Fresno State,Bulldogs,FRES,Mountain West Conference,44,exact
2011-12,57092,Furman,SoCon,231,Furman Paladins,Furman,Paladins,FUR,Southern Conference,24,exact
2011-12,57096,Ga. Southern,Sun Belt,290,Georgia Southern Eagles,Georgia Southern,Eagles,GASO,Sun Belt Conference,27,exact
2011-12,57330,Gardner-Webb,Big South,2241,Gardner-Webb Runnin' Bulldogs,Gardner-Webb,Runnin' Bulldogs,GWEB,Big South Conference,6,exact
2011-12,57093,George Mason,Atlantic 10,2244,George Mason Patriots,George Mason,Patriots,GMU,Atlantic 10 Conference,3,exact
2011-12,57094,George Washington,Atlantic 10,45,George Washington Revolutionaries,George Washington,Revolutionaries,GW,Atlantic 10 Conference,3,exact
2011-12,57095,Georgetown,Big East,46,Georgetown Hoyas,Georgetown,Hoyas,GTWN,Big East Conference,4,exact
2011-12,57099,Georgia,SEC,61,Georgia Bulldogs,Georgia,Bulldogs,UGA,Southeastern Conference,23,exact
2011-12,57097,Georgia St.,Sun Belt,2247,Georgia State Panthers,Georgia State,Panthers,GAST,Sun Belt Conference,27,exact
2011-12,57098,Georgia Tech,ACC,59,Georgia Tech Yellow Jackets,Georgia Tech,Yellow Jackets,GT,Atlantic Coast Conference,2,exact
2011-12,57100,Gonzaga,WCC,2250,Gonzaga Bulldogs,Gonzaga,Bulldogs,GONZ,West Coast Conference,29,exact
2011-12,57101,Grambling,SWAC,2755,Grambling Tigers,Grambling,Tigers,GRAM,Southwestern Athletic Conference,26,exact
2011-12,57319,Green Bay,Horizon,2739,Green Bay Phoenix,Green Bay,Phoenix,GB,Horizon League,45,exact
2011-12,57102,Hampton,Big South,2261,Hampton Pirates,Hampton,Pirates,HAMP,Colonial Athletic Association,10,exact
2011-12,57103,Hartford,America East,42,Hartford Hawks,Hartford,Hawks,HART,Division I Independents,43,exact
2011-12,57104,Harvard,Ivy League,108,Harvard Crimson,Harvard,Crimson,HARV,Ivy League,12,exact
2011-12,57105,Hawaii,Big West,62,Hawai'i Rainbow Warriors,Hawai'i,Rainbow Warriors,HAW,Big West Conference,9,dict
2011-12,57341,High Point,Big South,2272,High Point Panthers,High Point,Panthers,HPU,Big South Conference,6,exact
2011-12,57106,Hofstra,CAA,2275,Hofstra Pride,Hofstra,Pride,HOF,Colonial Athletic Association,10,exact
2011-12,57107,Holy Cross,Patriot,107,Holy Cross Crusaders,Holy Cross,Crusaders,HC,Patriot League,22,exact
2011-12,57109,Houston,AAC,248,Houston Cougars,Houston,Cougars,HOU,American Athletic Conference,62,exact
2011-12,57108,Houston Christian,Southland,2277,Houston Christian Huskies,Houston Christian,Huskies,HCU,Southland Conference,25,exact
2011-12,57110,Howard,MEAC,47,Howard Bison,Howard,Bison,HOW,Mid-Eastern Athletic Conference,16,exact
2011-12,57335,IUPUI,Horizon,85,IU Indianapolis Jaguars,IU Indianapolis,Jaguars,IUIN,Horizon League,45,alias
2011-12,57112,Idaho,Big Sky,70,Idaho Vandals,Idaho,Vandals,IDHO,Big Sky Conference,5,exact
2011-12,57111,Idaho St.,Big Sky,304,Idaho State Bengals,Idaho State,Bengals,IDST,Big Sky Conference,5,exact
2011-12,57114,Illinois,Big Ten,356,Illinois Fighting Illini,Illinois,Fighting Illini,ILL,Big Ten Conference,7,exact
2011-12,57113,Illinois St.,MVC,2287,Illinois State Redbirds,Illinois State,Redbirds,ILST,Missouri Valley Conference,18,exact
2011-12,57117,Indiana,Big Ten,84,Indiana Hoosiers,Indiana,Hoosiers,IU,Big Ten Conference,7,exact
2011-12,57116,Indiana St.,MVC,282,Indiana State Sycamores,Indiana State,Sycamores,INST,Missouri Valley Conference,18,exact
2011-12,57119,Iona,MAAC,314,Iona Gaels,Iona,Gaels,IONA,Metro Atlantic Athletic Conference,13,exact
2011-12,57121,Iowa,Big Ten,2294,Iowa Hawkeyes,Iowa,Hawkeyes,IOWA,Big Ten Conference,7,exact
2011-12,57120,Iowa St.,Big 12,66,Iowa State Cyclones,Iowa State,Cyclones,ISU,Big 12 Conference,8,exact
2011-12,57122,Jackson St.,SWAC,2296,Jackson State Tigers,Jackson State,Tigers,JKST,Southwestern Athletic Conference,26,exact
2011-12,57124,Jacksonville,ASUN,294,Jacksonville Dolphins,Jacksonville,Dolphins,JAX,ASUN Conference,46,exact
2011-12,57123,Jacksonville St.,OVC,55,Jacksonville State Gamecocks,Jacksonville State,Gamecocks,JXST,ASUN Conference,46,exact
2011-12,57125,James Madison,CAA,256,James Madison Dukes,James Madison,Dukes,JMU,Sun Belt Conference,27,exact
2011-12,57127,Kansas,Big 12,2305,Kansas Jayhawks,Kansas,Jayhawks,KU,Big 12 Conference,8,exact
2011-12,57336,Kansas City,WAC,140,Kansas City Roos,Kansas City,Roos,KC,Summit League,49,exact
2011-12,57126,Kansas St.,Big 12,2306,Kansas State Wildcats,Kansas State,Wildcats,KSU,Big 12 Conference,8,exact
2011-12,57331,Kennesaw St.,ASUN,338,Kennesaw State Owls,Kennesaw State,Owls,KENN,ASUN Conference,46,exact
2011-12,57128,Kent St.,MAC,2309,Kent State Golden Flashes,Kent State,Golden Flashes,KENT,Mid-American Conference,14,exact
2011-12,57129,Kentucky,SEC,96,Kentucky Wildcats,Kentucky,Wildcats,UK,Southeastern Conference,23,exact
2011-12,57135,LIU,NEC,112358,Long Island University Sharks,Long Island University,Sharks,LIU,Northeast Conference,19,exact
2011-12,57141,LMU (CA),WCC,2351,Loyola Marymount Lions,Loyola Marymount,Lions,LMU,West Coast Conference,29,dict
2011-12,57137,LSU,SEC,99,LSU Tigers,LSU,Tigers,LSU,Southeastern Conference,23,exact
2011-12,57130,La Salle,Atlantic 10,2325,La Salle Explorers,La Salle,Explorers,LAS,Atlantic 10 Conference,3,exact
2011-12,57131,Lafayette,Patriot,322,Lafayette Leopards,Lafayette,Leopards,LAF,Patriot League,22,exact
2011-12,57132,Lamar University,Southland,2320,Lamar Cardinals,Lamar,Cardinals,LAM,Southland Conference,25,dict
2011-12,57133,Lehigh,Patriot,2329,Lehigh Mountain Hawks,Lehigh,Mountain Hawks,LEH,Patriot League,22,exact
2011-12,57134,Liberty,ASUN,2335,Liberty Flames,Liberty,Flames,LIB,ASUN Conference,46,exact
2011-12,57343,Lipscomb,ASUN,288,Lipscomb Bisons,Lipscomb,Bisons,LIP,ASUN Conference,46,exact
2011-12,57014,Little Rock,Sun Belt,2031,Little Rock Trojans,Little Rock,Trojans,LR,Ohio Valley Conference,20,exact
2011-12,57037,Long Beach St.,Big West,299,Long Beach State Beach,Long Beach State,Beach,LBSU,Big West Conference,9,exact
2011-12,57136,Longwood,Big South,2344,Longwood Lancers,Longwood,Lancers,LONG,Big South Conference,6,exact
2011-12,57268,Louisiana,Sun Belt,309,Louisiana Ragin' Cajuns,Louisiana,Ragin' Cajuns,UL,Sun Belt Conference,27,exact
2011-12,57138,Louisiana Tech,C-USA,2348,Louisiana Tech Bulldogs,Louisiana Tech,Bulldogs,LT,Conference USA,11,exact
2011-12,57139,Louisville,ACC,97,Louisville Cardinals,Louisville,Cardinals,LOU,Atlantic Coast Conference,2,exact
2011-12,57142,Loyola Chicago,MVC,2350,Loyola Chicago Ramblers,Loyola Chicago,Ramblers,LUC,Atlantic 10 Conference,3,exact
2011-12,57140,Loyola Maryland,Patriot,2352,Loyola Maryland Greyhounds,Loyola Maryland,Greyhounds,L-MD,Patriot League,22,exact
2011-12,57143,Maine,America East,311,Maine Black Bears,Maine,Black Bears,ME,America East Conference,1,exact
2011-12,57144,Manhattan,MAAC,2363,Manhattan Jaspers,Manhattan,Jaspers,MAN,Metro Atlantic Athletic Conference,13,exact
2011-12,57145,Marist,MAAC,2368,Marist Red Foxes,Marist,Red Foxes,MRST,Metro Atlantic Athletic Conference,13,exact
2011-12,57146,Marquette,Big East,269,Marquette Golden Eagles,Marquette,Golden Eagles,MARQ,Big East Conference,4,exact
2011-12,57147,Marshall,C-USA,276,Marshall Thundering Herd,Marshall,Thundering Herd,MRSH,Sun Belt Conference,27,exact
2011-12,57149,Maryland,Big Ten,120,Maryland Terrapins,Maryland,Terrapins,MD,Big Ten Conference,7,exact
2011-12,57151,Massachusetts,Atlantic 10,113,Massachusetts Minutemen,Massachusetts,Minutemen,MASS,Atlantic 10 Conference,3,exact
2011-12,57152,McNeese,Southland,2377,McNeese Cowboys,McNeese,Cowboys,MCN,Southland Conference,25,exact
2011-12,57153,Memphis,AAC,235,Memphis Tigers,Memphis,Tigers,MEM,American Athletic Conference,62,exact
2011-12,57154,Mercer,SoCon,2382,Mercer Bears,Mercer,Bears,MER,Southern Conference,24,exact
2011-12,57156,Miami (FL),ACC,2390,Miami Hurricanes,Miami,Hurricanes,MIA,Atlantic Coast Conference,2,dict
2011-12,57155,Miami (OH),MAC,193,Miami (OH) RedHawks,Miami (OH),RedHawks,M-OH,Mid-American Conference,14,exact
2011-12,57158,Michigan,Big Ten,130,Michigan Wolverines,Michigan,Wolverines,MICH,Big Ten Conference,7,exact
2011-12,57157,Michigan St.,Big Ten,127,Michigan State Spartans,Michigan State,Spartans,MSU,Big Ten Conference,7,exact
2011-12,57159,Middle Tenn.,C-USA,2393,Middle Tennessee Blue Raiders,Middle Tennessee,Blue Raiders,MTSU,Conference USA,11,exact
2011-12,57321,Milwaukee,Horizon,270,Milwaukee Panthers,Milwaukee,Panthers,MILW,Horizon League,45,exact
2011-12,57160,Minnesota,Big Ten,135,Minnesota Golden Gophers,Minnesota,Golden Gophers,MINN,Big Ten Conference,7,exact
2011-12,57161,Mississippi St.,SEC,344,Mississippi State Bulldogs,Mississippi State,Bulldogs,MSST,Southeastern Conference,23,exact
2011-12,57162,Mississippi Val.,SWAC,2400,Mississippi Valley State Delta Devils,Mississippi Valley State,Delta Devils,MVSU,Southwestern Athletic Conference,26,dict
2011-12,57164,Missouri,SEC,142,Missouri Tigers,Missouri,Tigers,MIZ,Southeastern Conference,23,exact
2011-12,57266,Missouri St.,MVC,2623,Missouri State Bears,Missouri State,Bears,MOST,Missouri Valley Conference,18,exact
2011-12,57165,Monmouth,MAAC,2405,Monmouth Hawks,Monmouth,Hawks,MONM,Colonial Athletic Association,10,exact
2011-12,57167,Montana,Big Sky,149,Montana Grizzlies,Montana,Grizzlies,MONT,Big Sky Conference,5,exact
2011-12,57166,Montana St.,Big Sky,147,Montana State Bobcats,Montana State,Bobcats,MTST,Big Sky Conference,5,exact
2011-12,57168,Morehead St.,OVC,2413,Morehead State Eagles,Morehead State,Eagles,MORE,Ohio Valley Conference,20,exact
2011-12,57169,Morgan St.,MEAC,2415,Morgan State Bears,Morgan State,Bears,MORG,Mid-Eastern Athletic Conference,16,exact
2011-12,57170,Mount St. Mary's,NEC,116,Mount St. Mary's Mountaineers,Mount St. Mary's,Mountaineers,MSM,Metro Atlantic Athletic Conference,13,exact
2011-12,57171,Murray St.,OVC,93,Murray State Racers,Murray State,Racers,MUR,Missouri Valley Conference,18,exact
2011-12,57188,N.C. A&T,MEAC,2448,North Carolina A&T Aggies,North Carolina A&T,Aggies,NCAT,Colonial Athletic Association,10,exact
2011-12,57189,N.C. Central,MEAC,2428,North Carolina Central Eagles,North Carolina Central,Eagles,NCCU,Mid-Eastern Athletic Conference,16,exact
2011-12,57190,NC State,ACC,152,NC State Wolfpack,NC State,Wolfpack,NCSU,Atlantic Coast Conference,2,exact
2011-12,57198,NIU,MAC,2459,Northern Illinois Huskies,Northern Illinois,Huskies,NIU,Mid-American Conference,14,exact
2011-12,57182,NJIT,ASUN,2885,NJIT Highlanders,NJIT,Highlanders,NJIT,America East Conference,1,exact
2011-12,57295,Navy,Patriot,2426,Navy Midshipmen,Navy,Midshipmen,NAVY,Patriot League,22,exact
2011-12,57177,Nebraska,Big Ten,158,Nebraska Cornhuskers,Nebraska,Cornhuskers,NEB,Big Ten Conference,7,exact
2011-12,57180,Nevada,MWC,2440,Nevada Wolf Pack,Nevada,Wolf Pack,NEV,Mountain West Conference,44,exact
2011-12,57181,New Hampshire,America East,160,New Hampshire Wildcats,New Hampshire,Wildcats,UNH,America East Conference,1,exact
2011-12,57184,New Mexico,MWC,167,New Mexico Lobos,New Mexico,Lobos,UNM,Mountain West Conference,44,exact
2011-12,57183,New Mexico St.,WAC,166,New Mexico State Aggies,New Mexico State,Aggies,NMSU,Western Athletic Conference,30,exact
2011-12,57185,Niagara,MAAC,315,Niagara Purple Eagles,Niagara,Purple Eagles,NIA,Metro Atlantic Athletic Conference,13,exact
2011-12,57186,Nicholls,Southland,2447,Nicholls Colonels,Nicholls,Colonels,NICH,Southland Conference,25,exact
2011-12,57187,Norfolk St.,MEAC,2450,Norfolk State Spartans,Norfolk State,Spartans,NORF,Mid-Eastern Athletic Conference,16,exact
2011-12,57173,North Carolina,ACC,153,North Carolina Tar Heels,North Carolina,Tar Heels,UNC,Atlantic Coast Conference,2,exact
2011-12,57192,North Dakota,Summit League,155,North Dakota Fighting Hawks,North Dakota,Fighting Hawks,UND,Summit League,49,exact
2011-12,57191,North Dakota St.,Summit League,2449,North Dakota State Bison,North Dakota State,Bison,NDSU,Summit League,49,exact
2011-12,57337,North Florida,ASUN,2454,North Florida Ospreys,North Florida,Ospreys,UNF,ASUN Conference,46,exact
2011-12,57193,North Texas,C-USA,249,North Texas Mean Green,North Texas,Mean Green,UNT,Conference USA,11,exact
2011-12,57195,Northeastern,CAA,111,Northeastern Huskies,Northeastern,Huskies,NE,Colonial Athletic Association,10,exact
2011-12,57196,Northern Ariz.,Big Sky,2464,Northern Arizona Lumberjacks,Northern Arizona,Lumberjacks,NAU,Big Sky Conference,5,exact
2011-12,57197,Northern Colo.,Big Sky,2458,Northern Colorado Bears,Northern Colorado,Bears,UNCO,Big Sky Conference,5,exact
2011-12,57201,Northwestern,Big Ten,77,Northwestern Wildcats,Northwestern,Wildcats,NU,Big Ten Conference,7,exact
2011-12,57200,Northwestern St.,Southland,2466,Northwestern State Demons,Northwestern State,Demons,NWST,Southland Conference,25,exact
2011-12,57202,Notre Dame,ACC,87,Notre Dame Fighting Irish,Notre Dame,Fighting Irish,ND,Atlantic Coast Conference,2,exact
2011-12,57203,Oakland,Horizon,2473,Oakland Golden Grizzlies,Oakland,Golden Grizzlies,OAK,Horizon League,45,exact
2011-12,57205,Ohio,MAC,195,Ohio Bobcats,Ohio,Bobcats,OHIO,Mid-American Conference,14,exact
2011-12,57204,Ohio St.,Big Ten,194,Ohio State Buckeyes,Ohio State,Buckeyes,OSU,Big Ten Conference,7,exact
2011-12,57207,Oklahoma,Big 12,201,Oklahoma Sooners,Oklahoma,Sooners,OU,Big 12 Conference,8,exact
2011-12,57206,Oklahoma St.,Big 12,197,Oklahoma State Cowboys,Oklahoma State,Cowboys,OKST,Big 12 Conference,8,exact
2011-12,57208,Old Dominion,C-USA,295,Old Dominion Monarchs,Old Dominion,Monarchs,ODU,Sun Belt Conference,27,exact
2011-12,57163,Ole Miss,SEC,145,Ole Miss Rebels,Ole Miss,Rebels,MISS,Southeastern Conference,23,exact
2011-12,57178,Omaha,Summit League,2437,Omaha Mavericks,Omaha,Mavericks,OMA,Summit League,49,exact
2011-12,57209,Oral Roberts,Summit League,198,Oral Roberts Golden Eagles,Oral Roberts,Golden Eagles,ORU,Summit League,49,exact
2011-12,57211,Oregon,Pac-12,2483,Oregon Ducks,Oregon,Ducks,ORE,Pac-12 Conference,21,exact
2011-12,57210,Oregon St.,Pac-12,204,Oregon State Beavers,Oregon State,Beavers,ORST,Pac-12 Conference,21,exact
2011-12,57212,Pacific,WCC,279,Pacific Tigers,Pacific,Tigers,PAC,West Coast Conference,29,exact
2011-12,57215,Penn,Ivy League,219,Pennsylvania Quakers,Pennsylvania,Quakers,PENN,Ivy League,12,exact
2011-12,57214,Penn St.,Big Ten,213,Penn State Nittany Lions,Penn State,Nittany Lions,PSU,Big Ten Conference,7,exact
2011-12,57216,Pepperdine,WCC,2492,Pepperdine Waves,Pepperdine,Waves,PEPP,West Coast Conference,29,exact
2011-12,57217,Pittsburgh,ACC,221,Pittsburgh Panthers,Pittsburgh,Panthers,PITT,Atlantic Coast Conference,2,exact
2011-12,57219,Portland,WCC,2501,Portland Pilots,Portland,Pilots,PORT,West Coast Conference,29,exact
2011-12,57218,Portland St.,Big Sky,2502,Portland State Vikings,Portland State,Vikings,PRST,Big Sky Conference,5,exact
2011-12,57220,Prairie View,SWAC,2504,Prairie View A&M Panthers,Prairie View A&M,Panthers,PV,Southwestern Athletic Conference,26,exact
2011-12,57332,Presbyterian,Big South,2506,Presbyterian Blue Hose,Presbyterian,Blue Hose,PRES,Big South Conference,6,exact
2011-12,57221,Princeton,Ivy League,163,Princeton Tigers,Princeton,Tigers,PRIN,Ivy League,12,exact
2011-12,57222,Providence,Big East,2507,Providence Friars,Providence,Friars,PROV,Big East Conference,4,exact
2011-12,57223,Purdue,Big Ten,2509,Purdue Boilermakers,Purdue,Boilermakers,PUR,Big Ten Conference,7,exact
2011-12,57118,Purdue Fort Wayne,Summit League,2870,Purdue Fort Wayne Mastodons,Purdue Fort Wayne,Mastodons,PFW,Horizon League,45,exact
2011-12,57224,Quinnipiac,MAAC,2514,Quinnipiac Bobcats,Quinnipiac,Bobcats,QUIN,Metro Atlantic Athletic Conference,13,exact
2011-12,57225,Radford,Big South,2515,Radford Highlanders,Radford,Highlanders,RAD,Big South Conference,6,exact
2011-12,57226,Rhode Island,Atlantic 10,227,Rhode Island Rams,Rhode Island,Rams,URI,Atlantic 10 Conference,3,exact
2011-12,57227,Rice,C-USA,242,Rice Owls,Rice,Owls,RICE,Conference USA,11,exact
2011-12,57228,Richmond,Atlantic 10,257,Richmond Spiders,Richmond,Spiders,RICH,Atlantic 10 Conference,3,exact
2011-12,57229,Rider,MAAC,2520,Rider Broncs,Rider,Broncs,RID,Metro Atlantic Athletic Conference,13,exact
2011-12,57230,Robert Morris,NEC,2523,Robert Morris Colonials,Robert Morris,Colonials,RMU,Horizon League,45,exact
2011-12,57231,Rutgers,Big Ten,164,Rutgers Scarlet Knights,Rutgers,Scarlet Knights,RUTG,Big Ten Conference,7,exact
2011-12,57270,SFA,Southland,2617,Stephen F. Austin Lumberjacks,Stephen F. Austin,Lumberjacks,SFA,Western Athletic Conference,30,exact
2011-12,57261,SIUE,OVC,2565,SIU Edwardsville Cougars,SIU Edwardsville,Cougars,SIUE,Ohio Valley Conference,20,exact
2011-12,57262,SMU,AAC,2567,SMU Mustangs,SMU,Mustangs,SMU,American Athletic Conference,62,exact
2011-12,57039,Sacramento St.,Big Sky,16,Sacramento State Hornets,Sacramento State,Hornets,SAC,Big Sky Conference,5,exact
2011-12,57232,Sacred Heart,NEC,2529,Sacred Heart Pioneers,Sacred Heart,Pioneers,SHU,Northeast Conference,19,exact
2011-12,57235,Saint Francis (PA),NEC,2598,St. Francis (PA) Red Flash,St. Francis (PA),Red Flash,SFPA,Northeast Conference,19,exact
2011-12,57237,Saint Joseph's,Atlantic 10,2603,Saint Joseph's Hawks,Saint Joseph's,Hawks,JOES,Atlantic 10 Conference,3,exact
2011-12,57238,Saint Louis,Atlantic 10,139,Saint Louis Billikens,Saint Louis,Billikens,SLU,Atlantic 10 Conference,3,exact
2011-12,57239,Saint Mary's (CA),WCC,2608,Saint Mary's Gaels,Saint Mary's,Gaels,SMC,West Coast Conference,29,dict
2011-12,57240,Saint Peter's,MAAC,2612,Saint Peter's Peacocks,Saint Peter's,Peacocks,SPU,Metro Atlantic Athletic Conference,13,exact
2011-12,57241,Sam Houston,Southland,2534,Sam Houston Bearkats,Sam Houston,Bearkats,SHSU,Western Athletic Conference,30,exact
2011-12,57242,Samford,SoCon,2535,Samford Bulldogs,Samford,Bulldogs,SAM,Southern Conference,24,exact
2011-12,57244,San Diego,WCC,301,San Diego Toreros,San Diego,Toreros,USD,West Coast Conference,29,exact
2011-12,57243,San Diego St.,MWC,21,San Diego State Aztecs,San Diego State,Aztecs,SDSU,Mountain West Conference,44,exact
2011-12,57245,San Francisco,WCC,2539,San Francisco Dons,San Francisco,Dons,SF,West Coast Conference,29,exact
2011-12,57246,San Jose St.,MWC,23,San José State Spartans,San José State,Spartans,SJSU,Mountain West Conference,44,dict
2011-12,57247,Santa Clara,WCC,2541,Santa Clara Broncos,Santa Clara,Broncos,SCU,West Coast Conference,29,exact
2011-12,57248,Savannah St.,MEAC,2542,Savannah State Tigers,Savannah State,Tigers,SAV,,,alias
2011-12,57333,Seattle U,WAC,2547,Seattle U Redhawks,Seattle U,Redhawks,SEA,Western Athletic Conference,30,exact
2011-12,57249,Seton Hall,Big East,2550,Seton Hall Pirates,Seton Hall,Pirates,HALL,Big East Conference,4,exact
2011-12,57250,Siena,MAAC,2561,Siena Saints,Siena,Saints,SIE,Metro Atlantic Athletic Conference,13,exact
2011-12,57251,South Alabama,Sun Belt,6,South Alabama Jaguars,South Alabama,Jaguars,USA,Sun Belt Conference,27,exact
2011-12,57253,South Carolina,SEC,2579,South Carolina Gamecocks,South Carolina,Gamecocks,SC,Southeastern Conference,23,exact
2011-12,57252,South Carolina St.,MEAC,2569,South Carolina State Bulldogs,South Carolina State,Bulldogs,SCST,Mid-Eastern Athletic Conference,16,exact
2011-12,57255,South Dakota,Summit League,233,South Dakota Coyotes,South Dakota,Coyotes,SDAK,Summit League,49,exact
2011-12,57254,South Dakota St.,Summit League,2571,South Dakota State Jackrabbits,South Dakota State,Jackrabbits,SDST,Summit League,49,exact
2011-12,57256,South Fla.,AAC,58,South Florida Bulls,South Florida,Bulls,USF,American Athletic Conference,62,exact
2011-12,57257,Southeast Mo. St.,OVC,2546,Southeast Missouri State Redhawks,Southeast Missouri State,Redhawks,SEMO,Ohio Valley Conference,20,exact
2011-12,57258,Southeastern La.,Southland,2545,SE Louisiana Lions,SE Louisiana,Lions,SELA,Southland Conference,25,dict
2011-12,57259,Southern California,Pac-12,30,USC Trojans,USC,Trojans,USC,Pac-12 Conference,21,dict
2011-12,57260,Southern Ill.,MVC,79,Southern Illinois Salukis,Southern Illinois,Salukis,SIU,Missouri Valley Conference,18,exact
2011-12,57263,Southern Miss.,C-USA,2572,Southern Miss Golden Eagles,Southern Miss,Golden Eagles,USM,Sun Belt Conference,27,dict
2011-12,57264,Southern U.,SWAC,2582,Southern Jaguars,Southern,Jaguars,SOU,Southwestern Athletic Conference,26,dict
2011-12,57265,Southern Utah,Big Sky,253,Southern Utah Thunderbirds,Southern Utah,Thunderbirds,SUU,Western Athletic Conference,30,exact
2011-12,57233,St. Bonaventure,Atlantic 10,179,St. Bonaventure Bonnies,St. Bonaventure,Bonnies,SBU,Atlantic 10 Conference,3,exact
2011-12,57234,St. Francis Brooklyn,NEC,2597,St. Francis Brooklyn Terriers,St. Francis Brooklyn,Terriers,SFNY,Northeast Conference,19,exact
2011-12,57236,St. John's (NY),Big East,2599,St. John's Red Storm,St. John's,Red Storm,SJU,Big East Conference,4,dict
2011-12,57269,Stanford,Pac-12,24,Stanford Cardinal,Stanford,Cardinal,STAN,Pac-12 Conference,21,exact
2011-12,57271,Stetson,ASUN,56,Stetson Hatters,Stetson,Hatters,STET,ASUN Conference,46,exact
2011-12,57272,Stony Brook,America East,2619,Stony Brook Seawolves,Stony Brook,Seawolves,STBK,Colonial Athletic Association,10,exact
2011-12,57273,Syracuse,ACC,183,Syracuse Orange,Syracuse,Orange,SYR,Atlantic Coast Conference,2,exact
2011-12,57281,TCU,Big 12,2628,TCU Horned Frogs,TCU,Horned Frogs,TCU,Big 12 Conference,8,exact
2011-12,57274,Temple,AAC,218,Temple Owls,Temple,Owls,TEM,American Athletic Conference,62,exact
2011-12,57278,Tennessee,SEC,2633,Tennessee Volunteers,Tennessee,Volunteers,TENN,Southeastern Conference,23,exact
2011-12,57275,Tennessee St.,OVC,2634,Tennessee State Tigers,Tennessee State,Tigers,TNST,Ohio Valley Conference,20,exact
2011-12,57276,Tennessee Tech,OVC,2635,Tennessee Tech Golden Eagles,Tennessee Tech,Golden Eagles,TNTC,Ohio Valley Conference,20,exact
2011-12,57285,Texas,Big 12,251,Texas Longhorns,Texas,Longhorns,TEX,Big 12 Conference,8,exact
2011-12,57280,Texas A&M,SEC,245,Texas A&M Aggies,Texas A&M,Aggies,TA&M,Southeastern Conference,23,exact
2011-12,57282,Texas Southern,SWAC,2640,Texas Southern Tigers,Texas Southern,Tigers,TXSO,Southwestern Athletic Conference,26,exact
2011-12,57267,Texas St.,Sun Belt,326,Texas State Bobcats,Texas State,Bobcats,TXST,Sun Belt Conference,27,exact
2011-12,57283,Texas Tech,Big 12,2641,Texas Tech Red Raiders,Texas Tech,Red Raiders,TTU,Big 12 Conference,8,exact
2011-12,57053,The Citadel,SoCon,2643,The Citadel Bulldogs,The Citadel,Bulldogs,CIT,Southern Conference,24,exact
2011-12,57288,Toledo,MAC,2649,Toledo Rockets,Toledo,Rockets,TOL,Mid-American Conference,14,exact
2011-12,57289,Towson,CAA,119,Towson Tigers,Towson,Tigers,TOW,Colonial Athletic Association,10,exact
2011-12,57290,Troy,Sun Belt,2653,Troy Trojans,Troy,Trojans,TROY,Sun Belt Conference,27,exact
2011-12,57291,Tulane,AAC,2655,Tulane Green Wave,Tulane,Green Wave,TULN,American Athletic Conference,62,exact
2011-12,57292,Tulsa,AAC,202,Tulsa Golden Hurricane,Tulsa,Golden Hurricane,TLSA,American Athletic Conference,62,exact
2011-12,57005,UAB,C-USA,5,UAB Blazers,UAB,Blazers,UAB,Conference USA,11,exact
2011-12,57006,UAlbany,America East,399,UAlbany Great Danes,UAlbany,Great Danes,UALB,America East Conference,1,exact
2011-12,57042,UC Davis,Big West,302,UC Davis Aggies,UC Davis,Aggies,UCD,Big West Conference,9,exact
2011-12,57043,UC Irvine,Big West,300,UC Irvine Anteaters,UC Irvine,Anteaters,UCI,Big West Conference,9,exact
2011-12,57045,UC Riverside,Big West,27,UC Riverside Highlanders,UC Riverside,Highlanders,UCR,Big West Conference,9,exact
2011-12,57040,UC Santa Barbara,Big West,2540,UC Santa Barbara Gauchos,UC Santa Barbara,Gauchos,UCSB,Big West Conference,9,exact
2011-12,57049,UCF,AAC,2116,UCF Knights,UCF,Knights,UCF,American Athletic Conference,62,exact
2011-12,57044,UCLA,Pac-12,26,UCLA Bruins,UCLA,Bruins,UCLA,Pac-12 Conference,21,exact
2011-12,57061,UConn,AAC,41,UConn Huskies,UConn,Huskies,CONN,Big East Conference,4,exact
2011-12,57115,UIC,Horizon,82,UIC Flames,UIC,Flames,UIC,Missouri Valley Conference,18,exact
2011-12,57194,ULM,Sun Belt,2433,UL Monroe Warhawks,UL Monroe,Warhawks,ULM,Sun Belt Conference,27,exact
2011-12,57148,UMBC,America East,2378,UMBC Retrievers,UMBC,Retrievers,UMBC,America East Conference,1,exact
2011-12,57150,UMES,MEAC,2379,Maryland Eastern Shore Hawks,Maryland Eastern Shore,Hawks,UMES,Mid-Eastern Athletic Conference,16,exact
2011-12,57172,UNC Asheville,Big South,2427,UNC Asheville Bulldogs,UNC Asheville,Bulldogs,UNCA,Big South Conference,6,exact
2011-12,57175,UNC Greensboro,SoCon,2430,UNC Greensboro Spartans,UNC Greensboro,Spartans,UNCG,Southern Conference,24,exact
2011-12,57176,UNCW,CAA,350,UNC Wilmington Seahawks,UNC Wilmington,Seahawks,UNCW,Colonial Athletic Association,10,exact
2011-12,57199,UNI,MVC,2460,Northern Iowa Panthers,Northern Iowa,Panthers,UNI,Missouri Valley Conference,18,exact
2011-12,57179,UNLV,MWC,2439,UNLV Rebels,UNLV,Rebels,UNLV,Mountain West Conference,44,exact
2011-12,57339,USC Upstate,Big South,2908,South Carolina Upstate Spartans,South Carolina Upstate,Spartans,UPST,Big South Conference,6,dict
2011-12,57284,UT Arlington,Sun Belt,250,UT Arlington Mavericks,UT Arlington,Mavericks,UTA,Western Athletic Conference,30,exact
2011-12,57279,UT Martin,OVC,2630,UT Martin Skyhawks,UT Martin,Skyhawks,UTM,Ohio Valley Conference,20,exact
2011-12,57286,UTEP,C-USA,2638,UTEP Miners,UTEP,Miners,UTEP,Conference USA,11,exact
2011-12,57213,UTRGV,WAC,292,UT Rio Grande Valley Vaqueros,UT Rio Grande Valley,Vaqueros,RGV,Western Athletic Conference,30,dict
2011-12,57287,UTSA,C-USA,2636,UTSA Roadrunners,UTSA,Roadrunners,UTSA,Conference USA,11,exact
2011-12,57297,Utah,Pac-12,254,Utah Utes,Utah,Utes,UTAH,Pac-12 Conference,21,exact
2011-12,57296,Utah St.,MWC,328,Utah State Aggies,Utah State,Aggies,USU,Mountain West Conference,44,exact
2011-12,57345,Utah Valley,WAC,3084,Utah Valley Wolverines,Utah Valley,Wolverines,UVU,Western Athletic Conference,30,exact
2011-12,57302,VCU,Atlantic 10,2670,VCU Rams,VCU,Rams,VCU,Atlantic 10 Conference,3,exact
2011-12,57303,VMI,SoCon,2678,VMI Keydets,VMI,Keydets,VMI,Southern Conference,24,exact
2011-12,57298,Valparaiso,MVC,2674,Valparaiso Beacons,Valparaiso,Beacons,VAL,Missouri Valley Conference,18,exact
2011-12,57299,Vanderbilt,SEC,238,Vanderbilt Commodores,Vanderbilt,Commodores,VAN,Southeastern Conference,23,exact
2011-12,57300,Vermont,America East,261,Vermont Catamounts,Vermont,Catamounts,UVM,America East Conference,1,exact
2011-12,57301,Villanova,Big East,222,Villanova Wildcats,Villanova,Wildcats,VILL,Big East Conference,4,exact
2011-12,57305,Virginia,ACC,258,Virginia Cavaliers,Virginia,Cavaliers,UVA,Atlantic Coast Conference,2,exact
2011-12,57304,Virginia Tech,ACC,259,Virginia Tech Hokies,Virginia Tech,Hokies,VT,Atlantic Coast Conference,2,exact
2011-12,57306,Wagner,NEC,2681,Wagner Seahawks,Wagner,Seahawks,WAG,Northeast Conference,19,exact
2011-12,57307,Wake Forest,ACC,154,Wake Forest Demon Deacons,Wake Forest,Demon Deacons,WAKE,Atlantic Coast Conference,2,exact
2011-12,57309,Washington,Pac-12,264,Washington Huskies,Washington,Huskies,WASH,Pac-12 Conference,21,exact
2011-12,57308,Washington St.,Pac-12,265,Washington State Cougars,Washington State,Cougars,WSU,Pac-12 Conference,21,exact
2011-12,57310,Weber St.,Big Sky,2692,Weber State Wildcats,Weber State,Wildcats,WEB,Big Sky Conference,5,exact
2011-12,57311,West Virginia,Big 12,277,West Virginia Mountaineers,West Virginia,Mountaineers,WVU,Big 12 Conference,8,exact
2011-12,57312,Western Caro.,SoCon,2717,Western Carolina Catamounts,Western Carolina,Catamounts,WCU,Southern Conference,24,exact
2011-12,57313,Western Ill.,Summit League,2710,Western Illinois Leathernecks,Western Illinois,Leathernecks,WIU,Summit League,49,exact
2011-12,57314,Western Ky.,C-USA,98,Western Kentucky Hilltoppers,Western Kentucky,Hilltoppers,WKU,Conference USA,11,exact
2011-12,57315,Western Mich.,MAC,2711,Western Michigan Broncos,Western Michigan,Broncos,WMU,Mid-American Conference,14,exact
2011-12,57316,Wichita St.,AAC,2724,Wichita State Shockers,Wichita State,Shockers,WICH,American Athletic Conference,62,exact
2011-12,57317,William & Mary,CAA,2729,William & Mary Tribe,William & Mary,Tribe,W&M,Colonial Athletic Association,10,exact
2011-12,57318,Winthrop,Big South,2737,Winthrop Eagles,Winthrop,Eagles,WIN,Big South Conference,6,exact
2011-12,57320,Wisconsin,Big Ten,275,Wisconsin Badgers,Wisconsin,Badgers,WIS,Big Ten Conference,7,exact
2011-12,57338,Wofford,SoCon,2747,Wofford Terriers,Wofford,Terriers,WOF,Southern Conference,24,exact
2011-12,57322,Wright St.,Horizon,2750,Wright State Raiders,Wright State,Raiders,WRST,Horizon League,45,exact
2011-12,57323,Wyoming,MWC,2751,Wyoming Cowboys,Wyoming,Cowboys,WYO,Mountain West Conference,44,exact
2011-12,57324,Xavier,Big East,2752,Xavier Musketeers,Xavier,Musketeers,XAV,Big East Conference,4,exact
2011-12,57325,Yale,Ivy League,43,Yale Bulldogs,Yale,Bulldogs,YALE,Ivy League,12,exact
2011-12,57326,Youngstown St.,Horizon,2754,Youngstown State Penguins,Youngstown State,Penguins,YSU,Horizon League,45,exact
2012-13,14820,A&M-Corpus Christi,Southland,357,Texas A&M-Corpus Christi Islanders,Texas A&M-Corpus Christi,Islanders,AMCC,Southland Conference,25,dict
2012-13,14771,Air Force,MWC,2005,Air Force Falcons,Air Force,Falcons,AF,Mountain West Conference,44,exact
2012-13,14477,Akron,MAC,2006,Akron Zips,Akron,Zips,AKR,Mid-American Conference,14,exact
2012-13,14480,Alabama,SEC,333,Alabama Crimson Tide,Alabama,Crimson Tide,ALA,Southeastern Conference,23,exact
2012-13,14478,Alabama A&M,SWAC,2010,Alabama A&M Bulldogs,Alabama A&M,Bulldogs,AAMU,Southwestern Athletic Conference,26,exact
2012-13,14479,Alabama St.,SWAC,2011,Alabama State Hornets,Alabama State,Hornets,ALST,Southwestern Athletic Conference,26,exact
2012-13,14483,Alcorn,SWAC,2016,Alcorn State Braves,Alcorn State,Braves,ALCN,Southwestern Athletic Conference,26,dict
2012-13,14484,American,Patriot,44,American University Eagles,American University,Eagles,AMER,Patriot League,22,exact
2012-13,14485,App State,Sun Belt,2026,App State Mountaineers,App State,Mountaineers,APP,Sun Belt Conference,27,exact
2012-13,14487,Arizona,Pac-12,12,Arizona Wildcats,Arizona,Wildcats,ARIZ,Pac-12 Conference,21,exact
2012-13,14486,Arizona St.,Pac-12,9,Arizona State Sun Devils,Arizona State,Sun Devils,ASU,Pac-12 Conference,21,exact
2012-13,14812,Ark.-Pine Bluff,SWAC,2029,Arkansas-Pine Bluff Golden Lions,Arkansas-Pine Bluff,Golden Lions,UAPB,Southwestern Athletic Conference,26,dict
2012-13,14489,Arkansas,SEC,8,Arkansas Razorbacks,Arkansas,Razorbacks,ARK,Southeastern Conference,23,exact
2012-13,14488,Arkansas St.,Sun Belt,2032,Arkansas State Red Wolves,Arkansas State,Red Wolves,ARST,Sun Belt Conference,27,exact
2012-13,14772,Army West Point,Patriot,349,Army Black Knights,Army,Black Knights,ARMY,Patriot League,22,dict
2012-13,14491,Auburn,SEC,2,Auburn Tigers,Auburn,Tigers,AUB,Southeastern Conference,23,exact
2012-13,14492,Austin Peay,OVC,2046,Austin Peay Governors,Austin Peay,Governors,APSU,ASUN Conference,46,exact
2012-13,14503,BYU,WCC,252,BYU Cougars,BYU,Cougars,BYU,West Coast Conference,29,exact
2012-13,14493,Ball St.,MAC,2050,Ball State Cardinals,Ball State,Cardinals,BALL,Mid-American Conference,14,exact
2012-13,14495,Baylor,Big 12,239,Baylor Bears,Baylor,Bears,BAY,Big 12 Conference,8,exact
2012-13,14818,Belmont,OVC,2057,Belmont Bruins,Belmont,Bruins,BEL,Missouri Valley Conference,18,exact
2012-13,14496,Bethune-Cookman,MEAC,2065,Bethune-Cookman Wildcats,Bethune-Cookman,Wildcats,BCU,Southwestern Athletic Conference,26,exact
2012-13,14497,Binghamton,America East,2066,Binghamton Bearcats,Binghamton,Bearcats,BING,America East Conference,1,exact
2012-13,14498,Boise St.,MWC,68,Boise State Broncos,Boise State,Broncos,BOIS,Mountain West Conference,44,exact
2012-13,14499,Boston College,ACC,103,Boston College Eagles,Boston College,Eagles,BC,Atlantic Coast Conference,2,exact
2012-13,14500,Boston U.,Patriot,104,Boston University Terriers,Boston University,Terriers,BU,Patriot League,22,exact
2012-13,14501,Bowling Green,MAC,189,Bowling Green Falcons,Bowling Green,Falcons,BGSU,Mid-American Conference,14,exact
2012-13,14502,Bradley,MVC,71,Bradley Braves,Bradley,Braves,BRAD,Missouri Valley Conference,18,exact
2012-13,14504,Brown,Ivy League,225,Brown Bears,Brown,Bears,BRWN,Ivy League,12,exact
2012-13,14505,Bryant,NEC,2803,Bryant Bulldogs,Bryant,Bulldogs,BRY,America East Conference,1,exact
2012-13,14506,Bucknell,Patriot,2083,Bucknell Bison,Bucknell,Bison,BUCK,Patriot League,22,exact
2012-13,14507,Buffalo,MAC,2084,Buffalo Bulls,Buffalo,Bulls,BUF,Mid-American Conference,14,exact
2012-13,14508,Butler,Big East,2086,Butler Bulldogs,Butler,Bulldogs,BTLR,Big East Conference,4,exact
2012-13,14510,CSU Bakersfield,WAC,2934,Cal State Bakersfield Roadrunners,Cal State Bakersfield,Roadrunners,CSUB,Big West Conference,9,alias
2012-13,14514,CSUN,Big West,2463,Cal State Northridge Matadors,Cal State Northridge,Matadors,CSUN,Big West Conference,9,exact
2012-13,14509,Cal Poly,Big West,13,Cal Poly Mustangs,Cal Poly,Mustangs,CP,Big West Conference,9,exact
2012-13,14512,Cal St. Fullerton,Big West,2239,Cal State Fullerton Titans,Cal State Fullerton,Titans,CSUF,Big West Conference,9,exact
2012-13,14517,California,Pac-12,25,California Golden Bears,California,Golden Bears,CAL,Pac-12 Conference,21,exact
2012-13,14522,Campbell,Big South,2097,Campbell Fighting Camels,Campbell,Fighting Camels,CAM,Big South Conference,6,exact
2012-13,14523,Canisius,MAAC,2099,Canisius Golden Griffins,Canisius,Golden Griffins,CAN,Metro Atlantic Athletic Conference,13,exact
2012-13,14805,Central Ark.,Southland,2110,Central Arkansas Bears,Central Arkansas,Bears,CARK,ASUN Conference,46,exact
2012-13,14524,Central Conn. St.,NEC,2115,Central Connecticut Blue Devils,Central Connecticut,Blue Devils,CCSU,Northeast Conference,19,dict
2012-13,14526,Central Mich.,MAC,2117,Central Michigan Chippewas,Central Michigan,Chippewas,CMU,Mid-American Conference,14,exact
2012-13,14494,Charleston So.,Big South,2127,Charleston Southern Buccaneers,Charleston Southern,Buccaneers,CHSO,Big South Conference,6,exact
2012-13,14650,Charlotte,C-USA,2429,Charlotte 49ers,Charlotte,49ers,CLT,Conference USA,11,exact
2012-13,14755,Chattanooga,SoCon,236,Chattanooga Mocs,Chattanooga,Mocs,UTC,Southern Conference,24,exact
2012-13,14527,Chicago St.,WAC,2130,Chicago State Cougars,Chicago State,Cougars,CHST,Division I Independents,43,exact
2012-13,14528,Cincinnati,AAC,2132,Cincinnati Bearcats,Cincinnati,Bearcats,CIN,American Athletic Conference,62,exact
2012-13,14530,Clemson,ACC,228,Clemson Tigers,Clemson,Tigers,CLEM,Atlantic Coast Conference,2,exact
2012-13,14531,Cleveland St.,Horizon,325,Cleveland State Vikings,Cleveland State,Vikings,CLE,Horizon League,45,exact
2012-13,14532,Coastal Carolina,Sun Belt,324,Coastal Carolina Chanticleers,Coastal Carolina,Chanticleers,CCU,Sun Belt Conference,27,exact
2012-13,14806,Col. of Charleston,CAA,232,Charleston Cougars,Charleston,Cougars,COFC,Colonial Athletic Association,10,dict
2012-13,14533,Colgate,Patriot,2142,Colgate Raiders,Colgate,Raiders,COLG,Patriot League,22,exact
2012-13,14535,Colorado,Pac-12,38,Colorado Buffaloes,Colorado,Buffaloes,COLO,Pac-12 Conference,21,exact
2012-13,14534,Colorado St.,MWC,36,Colorado State Rams,Colorado State,Rams,CSU,Mountain West Conference,44,exact
2012-13,14536,Columbia,Ivy League,171,Columbia Lions,Columbia,Lions,COLU,Ivy League,12,exact
2012-13,14538,Coppin St.,MEAC,2154,Coppin State Eagles,Coppin State,Eagles,COPP,Mid-Eastern Athletic Conference,16,exact
2012-13,14539,Cornell,Ivy League,172,Cornell Big Red,Cornell,Big Red,COR,Ivy League,12,exact
2012-13,14540,Creighton,Big East,156,Creighton Bluejays,Creighton,Bluejays,CREI,Big East Conference,4,exact
2012-13,14541,Dartmouth,Ivy League,159,Dartmouth Big Green,Dartmouth,Big Green,DART,Ivy League,12,exact
2012-13,14542,Davidson,Atlantic 10,2166,Davidson Wildcats,Davidson,Wildcats,DAV,Atlantic 10 Conference,3,exact
2012-13,14543,Dayton,Atlantic 10,2168,Dayton Flyers,Dayton,Flyers,DAY,Atlantic 10 Conference,3,exact
2012-13,14544,DePaul,Big East,305,DePaul Blue Demons,DePaul,Blue Demons,DEP,Big East Conference,4,exact
2012-13,14546,Delaware,CAA,48,Delaware Blue Hens,Delaware,Blue Hens,DEL,Colonial Athletic Association,10,exact
2012-13,14545,Delaware St.,MEAC,2169,Delaware State Hornets,Delaware State,Hornets,DSU,Mid-Eastern Athletic Conference,16,exact
2012-13,14547,Denver,Summit League,2172,Denver Pioneers,Denver,Pioneers,DEN,Summit League,49,exact
2012-13,14548,Detroit Mercy,Horizon,2174,Detroit Mercy Titans,Detroit Mercy,Titans,DETM,Horizon League,45,exact
2012-13,14549,Drake,MVC,2181,Drake Bulldogs,Drake,Bulldogs,DRKE,Missouri Valley Conference,18,exact
2012-13,14550,Drexel,CAA,2182,Drexel Dragons,Drexel,Dragons,DREX,Colonial Athletic Association,10,exact
2012-13,14551,Duke,ACC,150,Duke Blue Devils,Duke,Blue Devils,DUKE,Atlantic Coast Conference,2,exact
2012-13,14552,Duquesne,Atlantic 10,2184,Duquesne Dukes,Duquesne,Dukes,DUQ,Atlantic 10 Conference,3,exact
2012-13,14554,ETSU,SoCon,2193,East Tennessee State Buccaneers,East Tennessee State,Buccaneers,ETSU,Southern Conference,24,exact
2012-13,14553,East Carolina,AAC,151,East Carolina Pirates,East Carolina,Pirates,ECU,American Athletic Conference,62,exact
2012-13,14555,Eastern Ill.,OVC,2197,Eastern Illinois Panthers,Eastern Illinois,Panthers,EIU,Ohio Valley Conference,20,exact
2012-13,14556,Eastern Ky.,OVC,2198,Eastern Kentucky Colonels,Eastern Kentucky,Colonels,EKU,ASUN Conference,46,exact
2012-13,14557,Eastern Mich.,MAC,2199,Eastern Michigan Eagles,Eastern Michigan,Eagles,EMU,Mid-American Conference,14,exact
2012-13,14558,Eastern Wash.,Big Sky,331,Eastern Washington Eagles,Eastern Washington,Eagles,EWU,Big Sky Conference,5,exact
2012-13,14807,Elon,CAA,2210,Elon Phoenix,Elon,Phoenix,ELON,Colonial Athletic Association,10,exact
2012-13,14559,Evansville,MVC,339,Evansville Purple Aces,Evansville,Purple Aces,EVAN,Missouri Valley Conference,18,exact
2012-13,14822,FGCU,ASUN,526,Florida Gulf Coast Eagles,Florida Gulf Coast,Eagles,FGCU,ASUN Conference,46,exact
2012-13,14564,FIU,C-USA,2229,Florida International Panthers,Florida International,Panthers,FIU,Conference USA,11,exact
2012-13,14560,Fairfield,MAAC,2217,Fairfield Stags,Fairfield,Stags,FAIR,Metro Atlantic Athletic Conference,13,exact
2012-13,14561,Fairleigh Dickinson,NEC,161,Fairleigh Dickinson Knights,Fairleigh Dickinson,Knights,FDU,Northeast Conference,19,exact
2012-13,14563,Fla. Atlantic,C-USA,2226,Florida Atlantic Owls,Florida Atlantic,Owls,FAU,Conference USA,11,exact
2012-13,14566,Florida,SEC,57,Florida Gators,Florida,Gators,FLA,Southeastern Conference,23,exact
2012-13,14562,Florida A&M,MEAC,50,Florida A&M Rattlers,Florida A&M,Rattlers,FAMU,Southwestern Athletic Conference,26,exact
2012-13,14565,Florida St.,ACC,52,Florida State Seminoles,Florida State,Seminoles,FSU,Atlantic Coast Conference,2,exact
2012-13,14567,Fordham,Atlantic 10,2230,Fordham Rams,Fordham,Rams,FOR,Atlantic 10 Conference,3,exact
2012-13,14511,Fresno St.,MWC,278,Fresno State Bulldogs,Fresno State,Bulldogs,FRES,Mountain West Conference,44,exact
2012-13,14568,Furman,SoCon,231,Furman Paladins,Furman,Paladins,FUR,Southern Conference,24,exact
2012-13,14572,Ga. Southern,Sun Belt,290,Georgia Southern Eagles,Georgia Southern,Eagles,GASO,Sun Belt Conference,27,exact
2012-13,14808,Gardner-Webb,Big South,2241,Gardner-Webb Runnin' Bulldogs,Gardner-Webb,Runnin' Bulldogs,GWEB,Big South Conference,6,exact
2012-13,14569,George Mason,Atlantic 10,2244,George Mason Patriots,George Mason,Patriots,GMU,Atlantic 10 Conference,3,exact
2012-13,14570,George Washington,Atlantic 10,45,George Washington Revolutionaries,George Washington,Revolutionaries,GW,Atlantic 10 Conference,3,exact
2012-13,14571,Georgetown,Big East,46,Georgetown Hoyas,Georgetown,Hoyas,GTWN,Big East Conference,4,exact
2012-13,14575,Georgia,SEC,61,Georgia Bulldogs,Georgia,Bulldogs,UGA,Southeastern Conference,23,exact
2012-13,14573,Georgia St.,Sun Belt,2247,Georgia State Panthers,Georgia State,Panthers,GAST,Sun Belt Conference,27,exact
2012-13,14574,Georgia Tech,ACC,59,Georgia Tech Yellow Jackets,Georgia Tech,Yellow Jackets,GT,Atlantic Coast Conference,2,exact
2012-13,14576,Gonzaga,WCC,2250,Gonzaga Bulldogs,Gonzaga,Bulldogs,GONZ,West Coast Conference,29,exact
2012-13,14577,Grambling,SWAC,2755,Grambling Tigers,Grambling,Tigers,GRAM,Southwestern Athletic Conference,26,exact
2012-13,14797,Green Bay,Horizon,2739,Green Bay Phoenix,Green Bay,Phoenix,GB,Horizon League,45,exact
2012-13,14578,Hampton,Big South,2261,Hampton Pirates,Hampton,Pirates,HAMP,Colonial Athletic Association,10,exact
2012-13,14579,Hartford,America East,42,Hartford Hawks,Hartford,Hawks,HART,Division I Independents,43,exact
2012-13,14580,Harvard,Ivy League,108,Harvard Crimson,Harvard,Crimson,HARV,Ivy League,12,exact
2012-13,14581,Hawaii,Big West,62,Hawai'i Rainbow Warriors,Hawai'i,Rainbow Warriors,HAW,Big West Conference,9,dict
2012-13,14819,High Point,Big South,2272,High Point Panthers,High Point,Panthers,HPU,Big South Conference,6,exact
2012-13,14582,Hofstra,CAA,2275,Hofstra Pride,Hofstra,Pride,HOF,Colonial Athletic Association,10,exact
2012-13,14583,Holy Cross,Patriot,107,Holy Cross Crusaders,Holy Cross,Crusaders,HC,Patriot League,22,exact
2012-13,14585,Houston,AAC,248,Houston Cougars,Houston,Cougars,HOU,American Athletic Conference,62,exact
2012-13,14584,Houston Christian,Southland,2277,Houston Christian Huskies,Houston Christian,Huskies,HCU,Southland Conference,25,exact
2012-13,14586,Howard,MEAC,47,Howard Bison,Howard,Bison,HOW,Mid-Eastern Athletic Conference,16,exact
2012-13,14813,IUPUI,Horizon,85,IU Indianapolis Jaguars,IU Indianapolis,Jaguars,IUIN,Horizon League,45,alias
2012-13,14588,Idaho,Big Sky,70,Idaho Vandals,Idaho,Vandals,IDHO,Big Sky Conference,5,exact
2012-13,14587,Idaho St.,Big Sky,304,Idaho State Bengals,Idaho State,Bengals,IDST,Big Sky Conference,5,exact
2012-13,14590,Illinois,Big Ten,356,Illinois Fighting Illini,Illinois,Fighting Illini,ILL,Big Ten Conference,7,exact
2012-13,14589,Illinois St.,MVC,2287,Illinois State Redbirds,Illinois State,Redbirds,ILST,Missouri Valley Conference,18,exact
2012-13,14593,Indiana,Big Ten,84,Indiana Hoosiers,Indiana,Hoosiers,IU,Big Ten Conference,7,exact
2012-13,14592,Indiana St.,MVC,282,Indiana State Sycamores,Indiana State,Sycamores,INST,Missouri Valley Conference,18,exact
2012-13,14595,Iona,MAAC,314,Iona Gaels,Iona,Gaels,IONA,Metro Atlantic Athletic Conference,13,exact
2012-13,14597,Iowa,Big Ten,2294,Iowa Hawkeyes,Iowa,Hawkeyes,IOWA,Big Ten Conference,7,exact
2012-13,14596,Iowa St.,Big 12,66,Iowa State Cyclones,Iowa State,Cyclones,ISU,Big 12 Conference,8,exact
2012-13,14598,Jackson St.,SWAC,2296,Jackson State Tigers,Jackson State,Tigers,JKST,Southwestern Athletic Conference,26,exact
2012-13,14600,Jacksonville,ASUN,294,Jacksonville Dolphins,Jacksonville,Dolphins,JAX,ASUN Conference,46,exact
2012-13,14599,Jacksonville St.,OVC,55,Jacksonville State Gamecocks,Jacksonville State,Gamecocks,JXST,ASUN Conference,46,exact
2012-13,14601,James Madison,CAA,256,James Madison Dukes,James Madison,Dukes,JMU,Sun Belt Conference,27,exact
2012-13,14603,Kansas,Big 12,2305,Kansas Jayhawks,Kansas,Jayhawks,KU,Big 12 Conference,8,exact
2012-13,14814,Kansas City,WAC,140,Kansas City Roos,Kansas City,Roos,KC,Summit League,49,exact
2012-13,14602,Kansas St.,Big 12,2306,Kansas State Wildcats,Kansas State,Wildcats,KSU,Big 12 Conference,8,exact
2012-13,14809,Kennesaw St.,ASUN,338,Kennesaw State Owls,Kennesaw State,Owls,KENN,ASUN Conference,46,exact
2012-13,14604,Kent St.,MAC,2309,Kent State Golden Flashes,Kent State,Golden Flashes,KENT,Mid-American Conference,14,exact
2012-13,14605,Kentucky,SEC,96,Kentucky Wildcats,Kentucky,Wildcats,UK,Southeastern Conference,23,exact
2012-13,14611,LIU,NEC,112358,Long Island University Sharks,Long Island University,Sharks,LIU,Northeast Conference,19,exact
2012-13,14617,LMU (CA),WCC,2351,Loyola Marymount Lions,Loyola Marymount,Lions,LMU,West Coast Conference,29,dict
2012-13,14613,LSU,SEC,99,LSU Tigers,LSU,Tigers,LSU,Southeastern Conference,23,exact
2012-13,14606,La Salle,Atlantic 10,2325,La Salle Explorers,La Salle,Explorers,LAS,Atlantic 10 Conference,3,exact
2012-13,14607,Lafayette,Patriot,322,Lafayette Leopards,Lafayette,Leopards,LAF,Patriot League,22,exact
2012-13,14608,Lamar University,Southland,2320,Lamar Cardinals,Lamar,Cardinals,LAM,Southland Conference,25,dict
2012-13,14609,Lehigh,Patriot,2329,Lehigh Mountain Hawks,Lehigh,Mountain Hawks,LEH,Patriot League,22,exact
2012-13,14610,Liberty,ASUN,2335,Liberty Flames,Liberty,Flames,LIB,ASUN Conference,46,exact
2012-13,14821,Lipscomb,ASUN,288,Lipscomb Bisons,Lipscomb,Bisons,LIP,ASUN Conference,46,exact
2012-13,14490,Little Rock,Sun Belt,2031,Little Rock Trojans,Little Rock,Trojans,LR,Ohio Valley Conference,20,exact
2012-13,14513,Long Beach St.,Big West,299,Long Beach State Beach,Long Beach State,Beach,LBSU,Big West Conference,9,exact
2012-13,14612,Longwood,Big South,2344,Longwood Lancers,Longwood,Lancers,LONG,Big South Conference,6,exact
2012-13,14746,Louisiana,Sun Belt,309,Louisiana Ragin' Cajuns,Louisiana,Ragin' Cajuns,UL,Sun Belt Conference,27,exact
2012-13,14614,Louisiana Tech,C-USA,2348,Louisiana Tech Bulldogs,Louisiana Tech,Bulldogs,LT,Conference USA,11,exact
2012-13,14615,Louisville,ACC,97,Louisville Cardinals,Louisville,Cardinals,LOU,Atlantic Coast Conference,2,exact
2012-13,14618,Loyola Chicago,MVC,2350,Loyola Chicago Ramblers,Loyola Chicago,Ramblers,LUC,Atlantic 10 Conference,3,exact
2012-13,14616,Loyola Maryland,Patriot,2352,Loyola Maryland Greyhounds,Loyola Maryland,Greyhounds,L-MD,Patriot League,22,exact
2012-13,14619,Maine,America East,311,Maine Black Bears,Maine,Black Bears,ME,America East Conference,1,exact
2012-13,14620,Manhattan,MAAC,2363,Manhattan Jaspers,Manhattan,Jaspers,MAN,Metro Atlantic Athletic Conference,13,exact
2012-13,14621,Marist,MAAC,2368,Marist Red Foxes,Marist,Red Foxes,MRST,Metro Atlantic Athletic Conference,13,exact
2012-13,14622,Marquette,Big East,269,Marquette Golden Eagles,Marquette,Golden Eagles,MARQ,Big East Conference,4,exact
2012-13,14623,Marshall,C-USA,276,Marshall Thundering Herd,Marshall,Thundering Herd,MRSH,Sun Belt Conference,27,exact
2012-13,14625,Maryland,Big Ten,120,Maryland Terrapins,Maryland,Terrapins,MD,Big Ten Conference,7,exact
2012-13,14627,Massachusetts,Atlantic 10,113,Massachusetts Minutemen,Massachusetts,Minutemen,MASS,Atlantic 10 Conference,3,exact
2012-13,14628,McNeese,Southland,2377,McNeese Cowboys,McNeese,Cowboys,MCN,Southland Conference,25,exact
2012-13,14629,Memphis,AAC,235,Memphis Tigers,Memphis,Tigers,MEM,American Athletic Conference,62,exact
2012-13,14630,Mercer,SoCon,2382,Mercer Bears,Mercer,Bears,MER,Southern Conference,24,exact
2012-13,14632,Miami (FL),ACC,2390,Miami Hurricanes,Miami,Hurricanes,MIA,Atlantic Coast Conference,2,dict
2012-13,14631,Miami (OH),MAC,193,Miami (OH) RedHawks,Miami (OH),RedHawks,M-OH,Mid-American Conference,14,exact
2012-13,14634,Michigan,Big Ten,130,Michigan Wolverines,Michigan,Wolverines,MICH,Big Ten Conference,7,exact
2012-13,14633,Michigan St.,Big Ten,127,Michigan State Spartans,Michigan State,Spartans,MSU,Big Ten Conference,7,exact
2012-13,14635,Middle Tenn.,C-USA,2393,Middle Tennessee Blue Raiders,Middle Tennessee,Blue Raiders,MTSU,Conference USA,11,exact
2012-13,14799,Milwaukee,Horizon,270,Milwaukee Panthers,Milwaukee,Panthers,MILW,Horizon League,45,exact
2012-13,14636,Minnesota,Big Ten,135,Minnesota Golden Gophers,Minnesota,Golden Gophers,MINN,Big Ten Conference,7,exact
2012-13,14637,Mississippi St.,SEC,344,Mississippi State Bulldogs,Mississippi State,Bulldogs,MSST,Southeastern Conference,23,exact
2012-13,14638,Mississippi Val.,SWAC,2400,Mississippi Valley State Delta Devils,Mississippi Valley State,Delta Devils,MVSU,Southwestern Athletic Conference,26,dict
2012-13,14640,Missouri,SEC,142,Missouri Tigers,Missouri,Tigers,MIZ,Southeastern Conference,23,exact
2012-13,14744,Missouri St.,MVC,2623,Missouri State Bears,Missouri State,Bears,MOST,Missouri Valley Conference,18,exact
2012-13,14641,Monmouth,MAAC,2405,Monmouth Hawks,Monmouth,Hawks,MONM,Colonial Athletic Association,10,exact
2012-13,14643,Montana,Big Sky,149,Montana Grizzlies,Montana,Grizzlies,MONT,Big Sky Conference,5,exact
2012-13,14642,Montana St.,Big Sky,147,Montana State Bobcats,Montana State,Bobcats,MTST,Big Sky Conference,5,exact
2012-13,14644,Morehead St.,OVC,2413,Morehead State Eagles,Morehead State,Eagles,MORE,Ohio Valley Conference,20,exact
2012-13,14645,Morgan St.,MEAC,2415,Morgan State Bears,Morgan State,Bears,MORG,Mid-Eastern Athletic Conference,16,exact
2012-13,14646,Mount St. Mary's,NEC,116,Mount St. Mary's Mountaineers,Mount St. Mary's,Mountaineers,MSM,Metro Atlantic Athletic Conference,13,exact
2012-13,14647,Murray St.,OVC,93,Murray State Racers,Murray State,Racers,MUR,Missouri Valley Conference,18,exact
2012-13,14665,N.C. A&T,MEAC,2448,North Carolina A&T Aggies,North Carolina A&T,Aggies,NCAT,Colonial Athletic Association,10,exact
2012-13,14666,N.C. Central,MEAC,2428,North Carolina Central Eagles,North Carolina Central,Eagles,NCCU,Mid-Eastern Athletic Conference,16,exact
2012-13,14667,NC State,ACC,152,NC State Wolfpack,NC State,Wolfpack,NCSU,Atlantic Coast Conference,2,exact
2012-13,14675,NIU,MAC,2459,Northern Illinois Huskies,Northern Illinois,Huskies,NIU,Mid-American Conference,14,exact
2012-13,14658,NJIT,ASUN,2885,NJIT Highlanders,NJIT,Highlanders,NJIT,America East Conference,1,exact
2012-13,14773,Navy,Patriot,2426,Navy Midshipmen,Navy,Midshipmen,NAVY,Patriot League,22,exact
2012-13,14653,Nebraska,Big Ten,158,Nebraska Cornhuskers,Nebraska,Cornhuskers,NEB,Big Ten Conference,7,exact
2012-13,14656,Nevada,MWC,2440,Nevada Wolf Pack,Nevada,Wolf Pack,NEV,Mountain West Conference,44,exact
2012-13,14657,New Hampshire,America East,160,New Hampshire Wildcats,New Hampshire,Wildcats,UNH,America East Conference,1,exact
2012-13,14660,New Mexico,MWC,167,New Mexico Lobos,New Mexico,Lobos,UNM,Mountain West Conference,44,exact
2012-13,14659,New Mexico St.,WAC,166,New Mexico State Aggies,New Mexico State,Aggies,NMSU,Western Athletic Conference,30,exact
2012-13,14661,New Orleans,Southland,2443,LSU New Orleans Privateers,LSU New Orleans,Privateers,NOLA,Southland Conference,25,exact
2012-13,14662,Niagara,MAAC,315,Niagara Purple Eagles,Niagara,Purple Eagles,NIA,Metro Atlantic Athletic Conference,13,exact
2012-13,14663,Nicholls,Southland,2447,Nicholls Colonels,Nicholls,Colonels,NICH,Southland Conference,25,exact
2012-13,14664,Norfolk St.,MEAC,2450,Norfolk State Spartans,Norfolk State,Spartans,NORF,Mid-Eastern Athletic Conference,16,exact
2012-13,14649,North Carolina,ACC,153,North Carolina Tar Heels,North Carolina,Tar Heels,UNC,Atlantic Coast Conference,2,exact
2012-13,14669,North Dakota,Summit League,155,North Dakota Fighting Hawks,North Dakota,Fighting Hawks,UND,Summit League,49,exact
2012-13,14668,North Dakota St.,Summit League,2449,North Dakota State Bison,North Dakota State,Bison,NDSU,Summit League,49,exact
2012-13,14815,North Florida,ASUN,2454,North Florida Ospreys,North Florida,Ospreys,UNF,ASUN Conference,46,exact
2012-13,14670,North Texas,C-USA,249,North Texas Mean Green,North Texas,Mean Green,UNT,Conference USA,11,exact
2012-13,14672,Northeastern,CAA,111,Northeastern Huskies,Northeastern,Huskies,NE,Colonial Athletic Association,10,exact
2012-13,14673,Northern Ariz.,Big Sky,2464,Northern Arizona Lumberjacks,Northern Arizona,Lumberjacks,NAU,Big Sky Conference,5,exact
2012-13,14674,Northern Colo.,Big Sky,2458,Northern Colorado Bears,Northern Colorado,Bears,UNCO,Big Sky Conference,5,exact
2012-13,14677,Northern Ky.,Horizon,94,Northern Kentucky Norse,Northern Kentucky,Norse,NKU,Horizon League,45,exact
2012-13,14679,Northwestern,Big Ten,77,Northwestern Wildcats,Northwestern,Wildcats,NU,Big Ten Conference,7,exact
2012-13,14678,Northwestern St.,Southland,2466,Northwestern State Demons,Northwestern State,Demons,NWST,Southland Conference,25,exact
2012-13,14680,Notre Dame,ACC,87,Notre Dame Fighting Irish,Notre Dame,Fighting Irish,ND,Atlantic Coast Conference,2,exact
2012-13,14681,Oakland,Horizon,2473,Oakland Golden Grizzlies,Oakland,Golden Grizzlies,OAK,Horizon League,45,exact
2012-13,14683,Ohio,MAC,195,Ohio Bobcats,Ohio,Bobcats,OHIO,Mid-American Conference,14,exact
2012-13,14682,Ohio St.,Big Ten,194,Ohio State Buckeyes,Ohio State,Buckeyes,OSU,Big Ten Conference,7,exact
2012-13,14685,Oklahoma,Big 12,201,Oklahoma Sooners,Oklahoma,Sooners,OU,Big 12 Conference,8,exact
2012-13,14684,Oklahoma St.,Big 12,197,Oklahoma State Cowboys,Oklahoma State,Cowboys,OKST,Big 12 Conference,8,exact
2012-13,14686,Old Dominion,C-USA,295,Old Dominion Monarchs,Old Dominion,Monarchs,ODU,Sun Belt Conference,27,exact
2012-13,14639,Ole Miss,SEC,145,Ole Miss Rebels,Ole Miss,Rebels,MISS,Southeastern Conference,23,exact
2012-13,14654,Omaha,Summit League,2437,Omaha Mavericks,Omaha,Mavericks,OMA,Summit League,49,exact
2012-13,14687,Oral Roberts,Summit League,198,Oral Roberts Golden Eagles,Oral Roberts,Golden Eagles,ORU,Summit League,49,exact
2012-13,14689,Oregon,Pac-12,2483,Oregon Ducks,Oregon,Ducks,ORE,Pac-12 Conference,21,exact
2012-13,14688,Oregon St.,Pac-12,204,Oregon State Beavers,Oregon State,Beavers,ORST,Pac-12 Conference,21,exact
2012-13,14690,Pacific,WCC,279,Pacific Tigers,Pacific,Tigers,PAC,West Coast Conference,29,exact
2012-13,14693,Penn,Ivy League,219,Pennsylvania Quakers,Pennsylvania,Quakers,PENN,Ivy League,12,exact
2012-13,14692,Penn St.,Big Ten,213,Penn State Nittany Lions,Penn State,Nittany Lions,PSU,Big Ten Conference,7,exact
2012-13,14694,Pepperdine,WCC,2492,Pepperdine Waves,Pepperdine,Waves,PEPP,West Coast Conference,29,exact
2012-13,14695,Pittsburgh,ACC,221,Pittsburgh Panthers,Pittsburgh,Panthers,PITT,Atlantic Coast Conference,2,exact
2012-13,14697,Portland,WCC,2501,Portland Pilots,Portland,Pilots,PORT,West Coast Conference,29,exact
2012-13,14696,Portland St.,Big Sky,2502,Portland State Vikings,Portland State,Vikings,PRST,Big Sky Conference,5,exact
2012-13,14698,Prairie View,SWAC,2504,Prairie View A&M Panthers,Prairie View A&M,Panthers,PV,Southwestern Athletic Conference,26,exact
2012-13,14810,Presbyterian,Big South,2506,Presbyterian Blue Hose,Presbyterian,Blue Hose,PRES,Big South Conference,6,exact
2012-13,14699,Princeton,Ivy League,163,Princeton Tigers,Princeton,Tigers,PRIN,Ivy League,12,exact
2012-13,14700,Providence,Big East,2507,Providence Friars,Providence,Friars,PROV,Big East Conference,4,exact
2012-13,14701,Purdue,Big Ten,2509,Purdue Boilermakers,Purdue,Boilermakers,PUR,Big Ten Conference,7,exact
2012-13,14594,Purdue Fort Wayne,Summit League,2870,Purdue Fort Wayne Mastodons,Purdue Fort Wayne,Mastodons,PFW,Horizon League,45,exact
2012-13,14702,Quinnipiac,MAAC,2514,Quinnipiac Bobcats,Quinnipiac,Bobcats,QUIN,Metro Atlantic Athletic Conference,13,exact
2012-13,14703,Radford,Big South,2515,Radford Highlanders,Radford,Highlanders,RAD,Big South Conference,6,exact
2012-13,14704,Rhode Island,Atlantic 10,227,Rhode Island Rams,Rhode Island,Rams,URI,Atlantic 10 Conference,3,exact
2012-13,14705,Rice,C-USA,242,Rice Owls,Rice,Owls,RICE,Conference USA,11,exact
2012-13,14706,Richmond,Atlantic 10,257,Richmond Spiders,Richmond,Spiders,RICH,Atlantic 10 Conference,3,exact
2012-13,14707,Rider,MAAC,2520,Rider Broncs,Rider,Broncs,RID,Metro Atlantic Athletic Conference,13,exact
2012-13,14708,Robert Morris,NEC,2523,Robert Morris Colonials,Robert Morris,Colonials,RMU,Horizon League,45,exact
2012-13,14709,Rutgers,Big Ten,164,Rutgers Scarlet Knights,Rutgers,Scarlet Knights,RUTG,Big Ten Conference,7,exact
2012-13,14748,SFA,Southland,2617,Stephen F. Austin Lumberjacks,Stephen F. Austin,Lumberjacks,SFA,Western Athletic Conference,30,exact
2012-13,14739,SIUE,OVC,2565,SIU Edwardsville Cougars,SIU Edwardsville,Cougars,SIUE,Ohio Valley Conference,20,exact
2012-13,14740,SMU,AAC,2567,SMU Mustangs,SMU,Mustangs,SMU,American Athletic Conference,62,exact
2012-13,14515,Sacramento St.,Big Sky,16,Sacramento State Hornets,Sacramento State,Hornets,SAC,Big Sky Conference,5,exact
2012-13,14710,Sacred Heart,NEC,2529,Sacred Heart Pioneers,Sacred Heart,Pioneers,SHU,Northeast Conference,19,exact
2012-13,14713,Saint Francis (PA),NEC,2598,St. Francis (PA) Red Flash,St. Francis (PA),Red Flash,SFPA,Northeast Conference,19,exact
2012-13,14715,Saint Joseph's,Atlantic 10,2603,Saint Joseph's Hawks,Saint Joseph's,Hawks,JOES,Atlantic 10 Conference,3,exact
2012-13,14716,Saint Louis,Atlantic 10,139,Saint Louis Billikens,Saint Louis,Billikens,SLU,Atlantic 10 Conference,3,exact
2012-13,14717,Saint Mary's (CA),WCC,2608,Saint Mary's Gaels,Saint Mary's,Gaels,SMC,West Coast Conference,29,dict
2012-13,14718,Saint Peter's,MAAC,2612,Saint Peter's Peacocks,Saint Peter's,Peacocks,SPU,Metro Atlantic Athletic Conference,13,exact
2012-13,14719,Sam Houston,Southland,2534,Sam Houston Bearkats,Sam Houston,Bearkats,SHSU,Western Athletic Conference,30,exact
2012-13,14720,Samford,SoCon,2535,Samford Bulldogs,Samford,Bulldogs,SAM,Southern Conference,24,exact
2012-13,14722,San Diego,WCC,301,San Diego Toreros,San Diego,Toreros,USD,West Coast Conference,29,exact
2012-13,14721,San Diego St.,MWC,21,San Diego State Aztecs,San Diego State,Aztecs,SDSU,Mountain West Conference,44,exact
2012-13,14723,San Francisco,WCC,2539,San Francisco Dons,San Francisco,Dons,SF,West Coast Conference,29,exact
2012-13,14724,San Jose St.,MWC,23,San José State Spartans,San José State,Spartans,SJSU,Mountain West Conference,44,dict
2012-13,14725,Santa Clara,WCC,2541,Santa Clara Broncos,Santa Clara,Broncos,SCU,West Coast Conference,29,exact
2012-13,14726,Savannah St.,MEAC,2542,Savannah State Tigers,Savannah State,Tigers,SAV,,,alias
2012-13,14811,Seattle U,WAC,2547,Seattle U Redhawks,Seattle U,Redhawks,SEA,Western Athletic Conference,30,exact
2012-13,14727,Seton Hall,Big East,2550,Seton Hall Pirates,Seton Hall,Pirates,HALL,Big East Conference,4,exact
2012-13,14728,Siena,MAAC,2561,Siena Saints,Siena,Saints,SIE,Metro Atlantic Athletic Conference,13,exact
2012-13,14729,South Alabama,Sun Belt,6,South Alabama Jaguars,South Alabama,Jaguars,USA,Sun Belt Conference,27,exact
2012-13,14731,South Carolina,SEC,2579,South Carolina Gamecocks,South Carolina,Gamecocks,SC,Southeastern Conference,23,exact
2012-13,14730,South Carolina St.,MEAC,2569,South Carolina State Bulldogs,South Carolina State,Bulldogs,SCST,Mid-Eastern Athletic Conference,16,exact
2012-13,14733,South Dakota,Summit League,233,South Dakota Coyotes,South Dakota,Coyotes,SDAK,Summit League,49,exact
2012-13,14732,South Dakota St.,Summit League,2571,South Dakota State Jackrabbits,South Dakota State,Jackrabbits,SDST,Summit League,49,exact
2012-13,14734,South Fla.,AAC,58,South Florida Bulls,South Florida,Bulls,USF,American Athletic Conference,62,exact
2012-13,14735,Southeast Mo. St.,OVC,2546,Southeast Missouri State Redhawks,Southeast Missouri State,Redhawks,SEMO,Ohio Valley Conference,20,exact
2012-13,14736,Southeastern La.,Southland,2545,SE Louisiana Lions,SE Louisiana,Lions,SELA,Southland Conference,25,dict
2012-13,14737,Southern California,Pac-12,30,USC Trojans,USC,Trojans,USC,Pac-12 Conference,21,dict
2012-13,14738,Southern Ill.,MVC,79,Southern Illinois Salukis,Southern Illinois,Salukis,SIU,Missouri Valley Conference,18,exact
2012-13,14741,Southern Miss.,C-USA,2572,Southern Miss Golden Eagles,Southern Miss,Golden Eagles,USM,Sun Belt Conference,27,dict
2012-13,14742,Southern U.,SWAC,2582,Southern Jaguars,Southern,Jaguars,SOU,Southwestern Athletic Conference,26,dict
2012-13,14743,Southern Utah,Big Sky,253,Southern Utah Thunderbirds,Southern Utah,Thunderbirds,SUU,Western Athletic Conference,30,exact
2012-13,14711,St. Bonaventure,Atlantic 10,179,St. Bonaventure Bonnies,St. Bonaventure,Bonnies,SBU,Atlantic 10 Conference,3,exact
2012-13,14712,St. Francis Brooklyn,NEC,2597,St. Francis Brooklyn Terriers,St. Francis Brooklyn,Terriers,SFNY,Northeast Conference,19,exact
2012-13,14714,St. John's (NY),Big East,2599,St. John's Red Storm,St. John's,Red Storm,SJU,Big East Conference,4,dict
2012-13,14747,Stanford,Pac-12,24,Stanford Cardinal,Stanford,Cardinal,STAN,Pac-12 Conference,21,exact
2012-13,14749,Stetson,ASUN,56,Stetson Hatters,Stetson,Hatters,STET,ASUN Conference,46,exact
2012-13,14750,Stony Brook,America East,2619,Stony Brook Seawolves,Stony Brook,Seawolves,STBK,Colonial Athletic Association,10,exact
2012-13,14751,Syracuse,ACC,183,Syracuse Orange,Syracuse,Orange,SYR,Atlantic Coast Conference,2,exact
2012-13,14759,TCU,Big 12,2628,TCU Horned Frogs,TCU,Horned Frogs,TCU,Big 12 Conference,8,exact
2012-13,14752,Temple,AAC,218,Temple Owls,Temple,Owls,TEM,American Athletic Conference,62,exact
2012-13,14756,Tennessee,SEC,2633,Tennessee Volunteers,Tennessee,Volunteers,TENN,Southeastern Conference,23,exact
2012-13,14753,Tennessee St.,OVC,2634,Tennessee State Tigers,Tennessee State,Tigers,TNST,Ohio Valley Conference,20,exact
2012-13,14754,Tennessee Tech,OVC,2635,Tennessee Tech Golden Eagles,Tennessee Tech,Golden Eagles,TNTC,Ohio Valley Conference,20,exact
2012-13,14763,Texas,Big 12,251,Texas Longhorns,Texas,Longhorns,TEX,Big 12 Conference,8,exact
2012-13,14758,Texas A&M,SEC,245,Texas A&M Aggies,Texas A&M,Aggies,TA&M,Southeastern Conference,23,exact
2012-13,14760,Texas Southern,SWAC,2640,Texas Southern Tigers,Texas Southern,Tigers,TXSO,Southwestern Athletic Conference,26,exact
2012-13,14745,Texas St.,Sun Belt,326,Texas State Bobcats,Texas State,Bobcats,TXST,Sun Belt Conference,27,exact
2012-13,14761,Texas Tech,Big 12,2641,Texas Tech Red Raiders,Texas Tech,Red Raiders,TTU,Big 12 Conference,8,exact
2012-13,14529,The Citadel,SoCon,2643,The Citadel Bulldogs,The Citadel,Bulldogs,CIT,Southern Conference,24,exact
2012-13,14766,Toledo,MAC,2649,Toledo Rockets,Toledo,Rockets,TOL,Mid-American Conference,14,exact
2012-13,14767,Towson,CAA,119,Towson Tigers,Towson,Tigers,TOW,Colonial Athletic Association,10,exact
2012-13,14768,Troy,Sun Belt,2653,Troy Trojans,Troy,Trojans,TROY,Sun Belt Conference,27,exact
2012-13,14769,Tulane,AAC,2655,Tulane Green Wave,Tulane,Green Wave,TULN,American Athletic Conference,62,exact
2012-13,14770,Tulsa,AAC,202,Tulsa Golden Hurricane,Tulsa,Golden Hurricane,TLSA,American Athletic Conference,62,exact
2012-13,14481,UAB,C-USA,5,UAB Blazers,UAB,Blazers,UAB,Conference USA,11,exact
2012-13,14482,UAlbany,America East,399,UAlbany Great Danes,UAlbany,Great Danes,UALB,America East Conference,1,exact
2012-13,14518,UC Davis,Big West,302,UC Davis Aggies,UC Davis,Aggies,UCD,Big West Conference,9,exact
2012-13,14519,UC Irvine,Big West,300,UC Irvine Anteaters,UC Irvine,Anteaters,UCI,Big West Conference,9,exact
2012-13,14521,UC Riverside,Big West,27,UC Riverside Highlanders,UC Riverside,Highlanders,UCR,Big West Conference,9,exact
2012-13,14516,UC Santa Barbara,Big West,2540,UC Santa Barbara Gauchos,UC Santa Barbara,Gauchos,UCSB,Big West Conference,9,exact
2012-13,14525,UCF,AAC,2116,UCF Knights,UCF,Knights,UCF,American Athletic Conference,62,exact
2012-13,14520,UCLA,Pac-12,26,UCLA Bruins,UCLA,Bruins,UCLA,Pac-12 Conference,21,exact
2012-13,14537,UConn,AAC,41,UConn Huskies,UConn,Huskies,CONN,Big East Conference,4,exact
2012-13,14591,UIC,Horizon,82,UIC Flames,UIC,Flames,UIC,Missouri Valley Conference,18,exact
2012-13,14671,ULM,Sun Belt,2433,UL Monroe Warhawks,UL Monroe,Warhawks,ULM,Sun Belt Conference,27,exact
2012-13,14624,UMBC,America East,2378,UMBC Retrievers,UMBC,Retrievers,UMBC,America East Conference,1,exact
2012-13,14626,UMES,MEAC,2379,Maryland Eastern Shore Hawks,Maryland Eastern Shore,Hawks,UMES,Mid-Eastern Athletic Conference,16,exact
2012-13,14648,UNC Asheville,Big South,2427,UNC Asheville Bulldogs,UNC Asheville,Bulldogs,UNCA,Big South Conference,6,exact
2012-13,14651,UNC Greensboro,SoCon,2430,UNC Greensboro Spartans,UNC Greensboro,Spartans,UNCG,Southern Conference,24,exact
2012-13,14652,UNCW,CAA,350,UNC Wilmington Seahawks,UNC Wilmington,Seahawks,UNCW,Colonial Athletic Association,10,exact
2012-13,14676,UNI,MVC,2460,Northern Iowa Panthers,Northern Iowa,Panthers,UNI,Missouri Valley Conference,18,exact
2012-13,14655,UNLV,MWC,2439,UNLV Rebels,UNLV,Rebels,UNLV,Mountain West Conference,44,exact
2012-13,14817,USC Upstate,Big South,2908,South Carolina Upstate Spartans,South Carolina Upstate,Spartans,UPST,Big South Conference,6,dict
2012-13,14762,UT Arlington,Sun Belt,250,UT Arlington Mavericks,UT Arlington,Mavericks,UTA,Western Athletic Conference,30,exact
2012-13,14757,UT Martin,OVC,2630,UT Martin Skyhawks,UT Martin,Skyhawks,UTM,Ohio Valley Conference,20,exact
2012-13,14764,UTEP,C-USA,2638,UTEP Miners,UTEP,Miners,UTEP,Conference USA,11,exact
2012-13,14691,UTRGV,WAC,292,UT Rio Grande Valley Vaqueros,UT Rio Grande Valley,Vaqueros,RGV,Western Athletic Conference,30,dict
2012-13,14765,UTSA,C-USA,2636,UTSA Roadrunners,UTSA,Roadrunners,UTSA,Conference USA,11,exact
2012-13,14775,Utah,Pac-12,254,Utah Utes,Utah,Utes,UTAH,Pac-12 Conference,21,exact
2012-13,14774,Utah St.,MWC,328,Utah State Aggies,Utah State,Aggies,USU,Mountain West Conference,44,exact
2012-13,14823,Utah Valley,WAC,3084,Utah Valley Wolverines,Utah Valley,Wolverines,UVU,Western Athletic Conference,30,exact
2012-13,14780,VCU,Atlantic 10,2670,VCU Rams,VCU,Rams,VCU,Atlantic 10 Conference,3,exact
2012-13,14781,VMI,SoCon,2678,VMI Keydets,VMI,Keydets,VMI,Southern Conference,24,exact
2012-13,14776,Valparaiso,MVC,2674,Valparaiso Beacons,Valparaiso,Beacons,VAL,Missouri Valley Conference,18,exact
2012-13,14777,Vanderbilt,SEC,238,Vanderbilt Commodores,Vanderbilt,Commodores,VAN,Southeastern Conference,23,exact
2012-13,14778,Vermont,America East,261,Vermont Catamounts,Vermont,Catamounts,UVM,America East Conference,1,exact
2012-13,14779,Villanova,Big East,222,Villanova Wildcats,Villanova,Wildcats,VILL,Big East Conference,4,exact
2012-13,14783,Virginia,ACC,258,Virginia Cavaliers,Virginia,Cavaliers,UVA,Atlantic Coast Conference,2,exact
2012-13,14782,Virginia Tech,ACC,259,Virginia Tech Hokies,Virginia Tech,Hokies,VT,Atlantic Coast Conference,2,exact
2012-13,14784,Wagner,NEC,2681,Wagner Seahawks,Wagner,Seahawks,WAG,Northeast Conference,19,exact
2012-13,14785,Wake Forest,ACC,154,Wake Forest Demon Deacons,Wake Forest,Demon Deacons,WAKE,Atlantic Coast Conference,2,exact
2012-13,14787,Washington,Pac-12,264,Washington Huskies,Washington,Huskies,WASH,Pac-12 Conference,21,exact
2012-13,14786,Washington St.,Pac-12,265,Washington State Cougars,Washington State,Cougars,WSU,Pac-12 Conference,21,exact
2012-13,14788,Weber St.,Big Sky,2692,Weber State Wildcats,Weber State,Wildcats,WEB,Big Sky Conference,5,exact
2012-13,14789,West Virginia,Big 12,277,West Virginia Mountaineers,West Virginia,Mountaineers,WVU,Big 12 Conference,8,exact
2012-13,14790,Western Caro.,SoCon,2717,Western Carolina Catamounts,Western Carolina,Catamounts,WCU,Southern Conference,24,exact
2012-13,14791,Western Ill.,Summit League,2710,Western Illinois Leathernecks,Western Illinois,Leathernecks,WIU,Summit League,49,exact
2012-13,14792,Western Ky.,C-USA,98,Western Kentucky Hilltoppers,Western Kentucky,Hilltoppers,WKU,Conference USA,11,exact
2012-13,14793,Western Mich.,MAC,2711,Western Michigan Broncos,Western Michigan,Broncos,WMU,Mid-American Conference,14,exact
2012-13,14794,Wichita St.,AAC,2724,Wichita State Shockers,Wichita State,Shockers,WICH,American Athletic Conference,62,exact
2012-13,14795,William & Mary,CAA,2729,William & Mary Tribe,William & Mary,Tribe,W&M,Colonial Athletic Association,10,exact
2012-13,14796,Winthrop,Big South,2737,Winthrop Eagles,Winthrop,Eagles,WIN,Big South Conference,6,exact
2012-13,14798,Wisconsin,Big Ten,275,Wisconsin Badgers,Wisconsin,Badgers,WIS,Big Ten Conference,7,exact
2012-13,14816,Wofford,SoCon,2747,Wofford Terriers,Wofford,Terriers,WOF,Southern Conference,24,exact
2012-13,14800,Wright St.,Horizon,2750,Wright State Raiders,Wright State,Raiders,WRST,Horizon League,45,exact
2012-13,14801,Wyoming,MWC,2751,Wyoming Cowboys,Wyoming,Cowboys,WYO,Mountain West Conference,44,exact
2012-13,14802,Xavier,Big East,2752,Xavier Musketeers,Xavier,Musketeers,XAV,Big East Conference,4,exact
2012-13,14803,Yale,Ivy League,43,Yale Bulldogs,Yale,Bulldogs,YALE,Ivy League,12,exact
2012-13,14804,Youngstown St.,Horizon,2754,Youngstown State Penguins,Youngstown State,Penguins,YSU,Horizon League,45,exact
2013-14,102770,A&M-Corpus Christi,Southland,357,Texas A&M-Corpus Christi Islanders,Texas A&M-Corpus Christi,Islanders,AMCC,Southland Conference,25,dict
2013-14,102423,Abilene Christian,Southland,2000,Abilene Christian Wildcats,Abilene Christian,Wildcats,ACU,Western Athletic Conference,30,exact
2013-14,102719,Air Force,MWC,2005,Air Force Falcons,Air Force,Falcons,AF,Mountain West Conference,44,exact
2013-14,102424,Akron,MAC,2006,Akron Zips,Akron,Zips,AKR,Mid-American Conference,14,exact
2013-14,102427,Alabama,SEC,333,Alabama Crimson Tide,Alabama,Crimson Tide,ALA,Southeastern Conference,23,exact
2013-14,102425,Alabama A&M,SWAC,2010,Alabama A&M Bulldogs,Alabama A&M,Bulldogs,AAMU,Southwestern Athletic Conference,26,exact
2013-14,102426,Alabama St.,SWAC,2011,Alabama State Hornets,Alabama State,Hornets,ALST,Southwestern Athletic Conference,26,exact
2013-14,102430,Alcorn,SWAC,2016,Alcorn State Braves,Alcorn State,Braves,ALCN,Southwestern Athletic Conference,26,dict
2013-14,102431,American,Patriot,44,American University Eagles,American University,Eagles,AMER,Patriot League,22,exact
2013-14,102432,App State,Sun Belt,2026,App State Mountaineers,App State,Mountaineers,APP,Sun Belt Conference,27,exact
2013-14,102434,Arizona,Pac-12,12,Arizona Wildcats,Arizona,Wildcats,ARIZ,Pac-12 Conference,21,exact
2013-14,102433,Arizona St.,Pac-12,9,Arizona State Sun Devils,Arizona State,Sun Devils,ASU,Pac-12 Conference,21,exact
2013-14,102761,Ark.-Pine Bluff,SWAC,2029,Arkansas-Pine Bluff Golden Lions,Arkansas-Pine Bluff,Golden Lions,UAPB,Southwestern Athletic Conference,26,dict
2013-14,102436,Arkansas,SEC,8,Arkansas Razorbacks,Arkansas,Razorbacks,ARK,Southeastern Conference,23,exact
2013-14,102435,Arkansas St.,Sun Belt,2032,Arkansas State Red Wolves,Arkansas State,Red Wolves,ARST,Sun Belt Conference,27,exact
2013-14,102720,Army West Point,Patriot,349,Army Black Knights,Army,Black Knights,ARMY,Patriot League,22,dict
2013-14,102438,Auburn,SEC,2,Auburn Tigers,Auburn,Tigers,AUB,Southeastern Conference,23,exact
2013-14,102439,Austin Peay,OVC,2046,Austin Peay Governors,Austin Peay,Governors,APSU,ASUN Conference,46,exact
2013-14,102450,BYU,WCC,252,BYU Cougars,BYU,Cougars,BYU,West Coast Conference,29,exact
2013-14,102440,Ball St.,MAC,2050,Ball State Cardinals,Ball State,Cardinals,BALL,Mid-American Conference,14,exact
2013-14,102442,Baylor,Big 12,239,Baylor Bears,Baylor,Bears,BAY,Big 12 Conference,8,exact
2013-14,102768,Belmont,OVC,2057,Belmont Bruins,Belmont,Bruins,BEL,Missouri Valley Conference,18,exact
2013-14,102443,Bethune-Cookman,MEAC,2065,Bethune-Cookman Wildcats,Bethune-Cookman,Wildcats,BCU,Southwestern Athletic Conference,26,exact
2013-14,102444,Binghamton,America East,2066,Binghamton Bearcats,Binghamton,Bearcats,BING,America East Conference,1,exact
2013-14,102445,Boise St.,MWC,68,Boise State Broncos,Boise State,Broncos,BOIS,Mountain West Conference,44,exact
2013-14,102446,Boston College,ACC,103,Boston College Eagles,Boston College,Eagles,BC,Atlantic Coast Conference,2,exact
2013-14,102447,Boston U.,Patriot,104,Boston University Terriers,Boston University,Terriers,BU,Patriot League,22,exact
2013-14,102448,Bowling Green,MAC,189,Bowling Green Falcons,Bowling Green,Falcons,BGSU,Mid-American Conference,14,exact
2013-14,102449,Bradley,MVC,71,Bradley Braves,Bradley,Braves,BRAD,Missouri Valley Conference,18,exact
2013-14,102451,Brown,Ivy League,225,Brown Bears,Brown,Bears,BRWN,Ivy League,12,exact
2013-14,102452,Bryant,NEC,2803,Bryant Bulldogs,Bryant,Bulldogs,BRY,America East Conference,1,exact
2013-14,102453,Bucknell,Patriot,2083,Bucknell Bison,Bucknell,Bison,BUCK,Patriot League,22,exact
2013-14,102454,Buffalo,MAC,2084,Buffalo Bulls,Buffalo,Bulls,BUF,Mid-American Conference,14,exact
2013-14,102455,Butler,Big East,2086,Butler Bulldogs,Butler,Bulldogs,BTLR,Big East Conference,4,exact
2013-14,102457,CSU Bakersfield,WAC,2934,Cal State Bakersfield Roadrunners,Cal State Bakersfield,Roadrunners,CSUB,Big West Conference,9,alias
2013-14,102461,CSUN,Big West,2463,Cal State Northridge Matadors,Cal State Northridge,Matadors,CSUN,Big West Conference,9,exact
2013-14,102456,Cal Poly,Big West,13,Cal Poly Mustangs,Cal Poly,Mustangs,CP,Big West Conference,9,exact
2013-14,102459,Cal St. Fullerton,Big West,2239,Cal State Fullerton Titans,Cal State Fullerton,Titans,CSUF,Big West Conference,9,exact
2013-14,102464,California,Pac-12,25,California Golden Bears,California,Golden Bears,CAL,Pac-12 Conference,21,exact
2013-14,102469,Campbell,Big South,2097,Campbell Fighting Camels,Campbell,Fighting Camels,CAM,Big South Conference,6,exact
2013-14,102470,Canisius,MAAC,2099,Canisius Golden Griffins,Canisius,Golden Griffins,CAN,Metro Atlantic Athletic Conference,13,exact
2013-14,102753,Central Ark.,Southland,2110,Central Arkansas Bears,Central Arkansas,Bears,CARK,ASUN Conference,46,exact
2013-14,102471,Central Conn. St.,NEC,2115,Central Connecticut Blue Devils,Central Connecticut,Blue Devils,CCSU,Northeast Conference,19,dict
2013-14,102473,Central Mich.,MAC,2117,Central Michigan Chippewas,Central Michigan,Chippewas,CMU,Mid-American Conference,14,exact
2013-14,102441,Charleston So.,Big South,2127,Charleston Southern Buccaneers,Charleston Southern,Buccaneers,CHSO,Big South Conference,6,exact
2013-14,102598,Charlotte,C-USA,2429,Charlotte 49ers,Charlotte,49ers,CLT,Conference USA,11,exact
2013-14,102703,Chattanooga,SoCon,236,Chattanooga Mocs,Chattanooga,Mocs,UTC,Southern Conference,24,exact
2013-14,102474,Chicago St.,WAC,2130,Chicago State Cougars,Chicago State,Cougars,CHST,Division I Independents,43,exact
2013-14,102475,Cincinnati,AAC,2132,Cincinnati Bearcats,Cincinnati,Bearcats,CIN,American Athletic Conference,62,exact
2013-14,102477,Clemson,ACC,228,Clemson Tigers,Clemson,Tigers,CLEM,Atlantic Coast Conference,2,exact
2013-14,102478,Cleveland St.,Horizon,325,Cleveland State Vikings,Cleveland State,Vikings,CLE,Horizon League,45,exact
2013-14,102479,Coastal Carolina,Sun Belt,324,Coastal Carolina Chanticleers,Coastal Carolina,Chanticleers,CCU,Sun Belt Conference,27,exact
2013-14,102754,Col. of Charleston,CAA,232,Charleston Cougars,Charleston,Cougars,COFC,Colonial Athletic Association,10,dict
2013-14,102480,Colgate,Patriot,2142,Colgate Raiders,Colgate,Raiders,COLG,Patriot League,22,exact
2013-14,102482,Colorado,Pac-12,38,Colorado Buffaloes,Colorado,Buffaloes,COLO,Pac-12 Conference,21,exact
2013-14,102481,Colorado St.,MWC,36,Colorado State Rams,Colorado State,Rams,CSU,Mountain West Conference,44,exact
2013-14,102483,Columbia,Ivy League,171,Columbia Lions,Columbia,Lions,COLU,Ivy League,12,exact
2013-14,102485,Coppin St.,MEAC,2154,Coppin State Eagles,Coppin State,Eagles,COPP,Mid-Eastern Athletic Conference,16,exact
2013-14,102486,Cornell,Ivy League,172,Cornell Big Red,Cornell,Big Red,COR,Ivy League,12,exact
2013-14,102487,Creighton,Big East,156,Creighton Bluejays,Creighton,Bluejays,CREI,Big East Conference,4,exact
2013-14,102488,Dartmouth,Ivy League,159,Dartmouth Big Green,Dartmouth,Big Green,DART,Ivy League,12,exact
2013-14,102489,Davidson,Atlantic 10,2166,Davidson Wildcats,Davidson,Wildcats,DAV,Atlantic 10 Conference,3,exact
2013-14,102490,Dayton,Atlantic 10,2168,Dayton Flyers,Dayton,Flyers,DAY,Atlantic 10 Conference,3,exact
2013-14,102491,DePaul,Big East,305,DePaul Blue Demons,DePaul,Blue Demons,DEP,Big East Conference,4,exact
2013-14,102493,Delaware,CAA,48,Delaware Blue Hens,Delaware,Blue Hens,DEL,Colonial Athletic Association,10,exact
2013-14,102492,Delaware St.,MEAC,2169,Delaware State Hornets,Delaware State,Hornets,DSU,Mid-Eastern Athletic Conference,16,exact
2013-14,102494,Denver,Summit League,2172,Denver Pioneers,Denver,Pioneers,DEN,Summit League,49,exact
2013-14,102495,Detroit Mercy,Horizon,2174,Detroit Mercy Titans,Detroit Mercy,Titans,DETM,Horizon League,45,exact
2013-14,102496,Drake,MVC,2181,Drake Bulldogs,Drake,Bulldogs,DRKE,Missouri Valley Conference,18,exact
2013-14,102497,Drexel,CAA,2182,Drexel Dragons,Drexel,Dragons,DREX,Colonial Athletic Association,10,exact
2013-14,102498,Duke,ACC,150,Duke Blue Devils,Duke,Blue Devils,DUKE,Atlantic Coast Conference,2,exact
2013-14,102499,Duquesne,Atlantic 10,2184,Duquesne Dukes,Duquesne,Dukes,DUQ,Atlantic 10 Conference,3,exact
2013-14,102501,ETSU,SoCon,2193,East Tennessee State Buccaneers,East Tennessee State,Buccaneers,ETSU,Southern Conference,24,exact
2013-14,102500,East Carolina,AAC,151,East Carolina Pirates,East Carolina,Pirates,ECU,American Athletic Conference,62,exact
2013-14,102502,Eastern Ill.,OVC,2197,Eastern Illinois Panthers,Eastern Illinois,Panthers,EIU,Ohio Valley Conference,20,exact
2013-14,102503,Eastern Ky.,OVC,2198,Eastern Kentucky Colonels,Eastern Kentucky,Colonels,EKU,ASUN Conference,46,exact
2013-14,102504,Eastern Mich.,MAC,2199,Eastern Michigan Eagles,Eastern Michigan,Eagles,EMU,Mid-American Conference,14,exact
2013-14,102505,Eastern Wash.,Big Sky,331,Eastern Washington Eagles,Eastern Washington,Eagles,EWU,Big Sky Conference,5,exact
2013-14,102755,Elon,CAA,2210,Elon Phoenix,Elon,Phoenix,ELON,Colonial Athletic Association,10,exact
2013-14,102506,Evansville,MVC,339,Evansville Purple Aces,Evansville,Purple Aces,EVAN,Missouri Valley Conference,18,exact
2013-14,102772,FGCU,ASUN,526,Florida Gulf Coast Eagles,Florida Gulf Coast,Eagles,FGCU,ASUN Conference,46,exact
2013-14,102511,FIU,C-USA,2229,Florida International Panthers,Florida International,Panthers,FIU,Conference USA,11,exact
2013-14,102507,Fairfield,MAAC,2217,Fairfield Stags,Fairfield,Stags,FAIR,Metro Atlantic Athletic Conference,13,exact
2013-14,102508,Fairleigh Dickinson,NEC,161,Fairleigh Dickinson Knights,Fairleigh Dickinson,Knights,FDU,Northeast Conference,19,exact
2013-14,102510,Fla. Atlantic,C-USA,2226,Florida Atlantic Owls,Florida Atlantic,Owls,FAU,Conference USA,11,exact
2013-14,102513,Florida,SEC,57,Florida Gators,Florida,Gators,FLA,Southeastern Conference,23,exact
2013-14,102509,Florida A&M,MEAC,50,Florida A&M Rattlers,Florida A&M,Rattlers,FAMU,Southwestern Athletic Conference,26,exact
2013-14,102512,Florida St.,ACC,52,Florida State Seminoles,Florida State,Seminoles,FSU,Atlantic Coast Conference,2,exact
2013-14,102514,Fordham,Atlantic 10,2230,Fordham Rams,Fordham,Rams,FOR,Atlantic 10 Conference,3,exact
2013-14,102458,Fresno St.,MWC,278,Fresno State Bulldogs,Fresno State,Bulldogs,FRES,Mountain West Conference,44,exact
2013-14,102515,Furman,SoCon,231,Furman Paladins,Furman,Paladins,FUR,Southern Conference,24,exact
2013-14,102519,Ga. Southern,Sun Belt,290,Georgia Southern Eagles,Georgia Southern,Eagles,GASO,Sun Belt Conference,27,exact
2013-14,102756,Gardner-Webb,Big South,2241,Gardner-Webb Runnin' Bulldogs,Gardner-Webb,Runnin' Bulldogs,GWEB,Big South Conference,6,exact
2013-14,102516,George Mason,Atlantic 10,2244,George Mason Patriots,George Mason,Patriots,GMU,Atlantic 10 Conference,3,exact
2013-14,102517,George Washington,Atlantic 10,45,George Washington Revolutionaries,George Washington,Revolutionaries,GW,Atlantic 10 Conference,3,exact
2013-14,102518,Georgetown,Big East,46,Georgetown Hoyas,Georgetown,Hoyas,GTWN,Big East Conference,4,exact
2013-14,102522,Georgia,SEC,61,Georgia Bulldogs,Georgia,Bulldogs,UGA,Southeastern Conference,23,exact
2013-14,102520,Georgia St.,Sun Belt,2247,Georgia State Panthers,Georgia State,Panthers,GAST,Sun Belt Conference,27,exact
2013-14,102521,Georgia Tech,ACC,59,Georgia Tech Yellow Jackets,Georgia Tech,Yellow Jackets,GT,Atlantic Coast Conference,2,exact
2013-14,102523,Gonzaga,WCC,2250,Gonzaga Bulldogs,Gonzaga,Bulldogs,GONZ,West Coast Conference,29,exact
2013-14,102524,Grambling,SWAC,2755,Grambling Tigers,Grambling,Tigers,GRAM,Southwestern Athletic Conference,26,exact
2013-14,102757,Grand Canyon,WAC,2253,Grand Canyon Lopes,Grand Canyon,Lopes,GCU,Western Athletic Conference,30,exact
2013-14,102745,Green Bay,Horizon,2739,Green Bay Phoenix,Green Bay,Phoenix,GB,Horizon League,45,exact
2013-14,102525,Hampton,Big South,2261,Hampton Pirates,Hampton,Pirates,HAMP,Colonial Athletic Association,10,exact
2013-14,102526,Hartford,America East,42,Hartford Hawks,Hartford,Hawks,HART,Division I Independents,43,exact
2013-14,102527,Harvard,Ivy League,108,Harvard Crimson,Harvard,Crimson,HARV,Ivy League,12,exact
2013-14,102528,Hawaii,Big West,62,Hawai'i Rainbow Warriors,Hawai'i,Rainbow Warriors,HAW,Big West Conference,9,dict
2013-14,102769,High Point,Big South,2272,High Point Panthers,High Point,Panthers,HPU,Big South Conference,6,exact
2013-14,102529,Hofstra,CAA,2275,Hofstra Pride,Hofstra,Pride,HOF,Colonial Athletic Association,10,exact
2013-14,102530,Holy Cross,Patriot,107,Holy Cross Crusaders,Holy Cross,Crusaders,HC,Patriot League,22,exact
2013-14,102532,Houston,AAC,248,Houston Cougars,Houston,Cougars,HOU,American Athletic Conference,62,exact
2013-14,102531,Houston Christian,Southland,2277,Houston Christian Huskies,Houston Christian,Huskies,HCU,Southland Conference,25,exact
2013-14,102533,Howard,MEAC,47,Howard Bison,Howard,Bison,HOW,Mid-Eastern Athletic Conference,16,exact
2013-14,102762,IUPUI,Horizon,85,IU Indianapolis Jaguars,IU Indianapolis,Jaguars,IUIN,Horizon League,45,alias
2013-14,102535,Idaho,Big Sky,70,Idaho Vandals,Idaho,Vandals,IDHO,Big Sky Conference,5,exact
2013-14,102534,Idaho St.,Big Sky,304,Idaho State Bengals,Idaho State,Bengals,IDST,Big Sky Conference,5,exact
2013-14,102537,Illinois,Big Ten,356,Illinois Fighting Illini,Illinois,Fighting Illini,ILL,Big Ten Conference,7,exact
2013-14,102536,Illinois St.,MVC,2287,Illinois State Redbirds,Illinois State,Redbirds,ILST,Missouri Valley Conference,18,exact
2013-14,102540,Indiana,Big Ten,84,Indiana Hoosiers,Indiana,Hoosiers,IU,Big Ten Conference,7,exact
2013-14,102539,Indiana St.,MVC,282,Indiana State Sycamores,Indiana State,Sycamores,INST,Missouri Valley Conference,18,exact
2013-14,102542,Iona,MAAC,314,Iona Gaels,Iona,Gaels,IONA,Metro Atlantic Athletic Conference,13,exact
2013-14,102544,Iowa,Big Ten,2294,Iowa Hawkeyes,Iowa,Hawkeyes,IOWA,Big Ten Conference,7,exact
2013-14,102543,Iowa St.,Big 12,66,Iowa State Cyclones,Iowa State,Cyclones,ISU,Big 12 Conference,8,exact
2013-14,102545,Jackson St.,SWAC,2296,Jackson State Tigers,Jackson State,Tigers,JKST,Southwestern Athletic Conference,26,exact
2013-14,102547,Jacksonville,ASUN,294,Jacksonville Dolphins,Jacksonville,Dolphins,JAX,ASUN Conference,46,exact
2013-14,102546,Jacksonville St.,OVC,55,Jacksonville State Gamecocks,Jacksonville State,Gamecocks,JXST,ASUN Conference,46,exact
2013-14,102548,James Madison,CAA,256,James Madison Dukes,James Madison,Dukes,JMU,Sun Belt Conference,27,exact
2013-14,102550,Kansas,Big 12,2305,Kansas Jayhawks,Kansas,Jayhawks,KU,Big 12 Conference,8,exact
2013-14,102763,Kansas City,WAC,140,Kansas City Roos,Kansas City,Roos,KC,Summit League,49,exact
2013-14,102549,Kansas St.,Big 12,2306,Kansas State Wildcats,Kansas State,Wildcats,KSU,Big 12 Conference,8,exact
2013-14,102758,Kennesaw St.,ASUN,338,Kennesaw State Owls,Kennesaw State,Owls,KENN,ASUN Conference,46,exact
2013-14,102551,Kent St.,MAC,2309,Kent State Golden Flashes,Kent State,Golden Flashes,KENT,Mid-American Conference,14,exact
2013-14,102552,Kentucky,SEC,96,Kentucky Wildcats,Kentucky,Wildcats,UK,Southeastern Conference,23,exact
2013-14,102558,LIU,NEC,112358,Long Island University Sharks,Long Island University,Sharks,LIU,Northeast Conference,19,exact
2013-14,102565,LMU (CA),WCC,2351,Loyola Marymount Lions,Loyola Marymount,Lions,LMU,West Coast Conference,29,dict
2013-14,102560,LSU,SEC,99,LSU Tigers,LSU,Tigers,LSU,Southeastern Conference,23,exact
2013-14,102553,La Salle,Atlantic 10,2325,La Salle Explorers,La Salle,Explorers,LAS,Atlantic 10 Conference,3,exact
2013-14,102554,Lafayette,Patriot,322,Lafayette Leopards,Lafayette,Leopards,LAF,Patriot League,22,exact
2013-14,102555,Lamar University,Southland,2320,Lamar Cardinals,Lamar,Cardinals,LAM,Southland Conference,25,dict
2013-14,102556,Lehigh,Patriot,2329,Lehigh Mountain Hawks,Lehigh,Mountain Hawks,LEH,Patriot League,22,exact
2013-14,102557,Liberty,ASUN,2335,Liberty Flames,Liberty,Flames,LIB,ASUN Conference,46,exact
2013-14,102771,Lipscomb,ASUN,288,Lipscomb Bisons,Lipscomb,Bisons,LIP,ASUN Conference,46,exact
2013-14,102437,Little Rock,Sun Belt,2031,Little Rock Trojans,Little Rock,Trojans,LR,Ohio Valley Conference,20,exact
2013-14,102460,Long Beach St.,Big West,299,Long Beach State Beach,Long Beach State,Beach,LBSU,Big West Conference,9,exact
2013-14,102559,Longwood,Big South,2344,Longwood Lancers,Longwood,Lancers,LONG,Big South Conference,6,exact
2013-14,102694,Louisiana,Sun Belt,309,Louisiana Ragin' Cajuns,Louisiana,Ragin' Cajuns,UL,Sun Belt Conference,27,exact
2013-14,102561,Louisiana Tech,C-USA,2348,Louisiana Tech Bulldogs,Louisiana Tech,Bulldogs,LT,Conference USA,11,exact
2013-14,102562,Louisville,ACC,97,Louisville Cardinals,Louisville,Cardinals,LOU,Atlantic Coast Conference,2,exact
2013-14,102566,Loyola Chicago,MVC,2350,Loyola Chicago Ramblers,Loyola Chicago,Ramblers,LUC,Atlantic 10 Conference,3,exact
2013-14,102564,Loyola Maryland,Patriot,2352,Loyola Maryland Greyhounds,Loyola Maryland,Greyhounds,L-MD,Patriot League,22,exact
2013-14,102567,Maine,America East,311,Maine Black Bears,Maine,Black Bears,ME,America East Conference,1,exact
2013-14,102568,Manhattan,MAAC,2363,Manhattan Jaspers,Manhattan,Jaspers,MAN,Metro Atlantic Athletic Conference,13,exact
2013-14,102569,Marist,MAAC,2368,Marist Red Foxes,Marist,Red Foxes,MRST,Metro Atlantic Athletic Conference,13,exact
2013-14,102570,Marquette,Big East,269,Marquette Golden Eagles,Marquette,Golden Eagles,MARQ,Big East Conference,4,exact
2013-14,102571,Marshall,C-USA,276,Marshall Thundering Herd,Marshall,Thundering Herd,MRSH,Sun Belt Conference,27,exact
2013-14,102573,Maryland,Big Ten,120,Maryland Terrapins,Maryland,Terrapins,MD,Big Ten Conference,7,exact
2013-14,102575,Massachusetts,Atlantic 10,113,Massachusetts Minutemen,Massachusetts,Minutemen,MASS,Atlantic 10 Conference,3,exact
2013-14,102576,McNeese,Southland,2377,McNeese Cowboys,McNeese,Cowboys,MCN,Southland Conference,25,exact
2013-14,102577,Memphis,AAC,235,Memphis Tigers,Memphis,Tigers,MEM,American Athletic Conference,62,exact
2013-14,102578,Mercer,SoCon,2382,Mercer Bears,Mercer,Bears,MER,Southern Conference,24,exact
2013-14,102580,Miami (FL),ACC,2390,Miami Hurricanes,Miami,Hurricanes,MIA,Atlantic Coast Conference,2,dict
2013-14,102579,Miami (OH),MAC,193,Miami (OH) RedHawks,Miami (OH),RedHawks,M-OH,Mid-American Conference,14,exact
2013-14,102582,Michigan,Big Ten,130,Michigan Wolverines,Michigan,Wolverines,MICH,Big Ten Conference,7,exact
2013-14,102581,Michigan St.,Big Ten,127,Michigan State Spartans,Michigan State,Spartans,MSU,Big Ten Conference,7,exact
2013-14,102583,Middle Tenn.,C-USA,2393,Middle Tennessee Blue Raiders,Middle Tennessee,Blue Raiders,MTSU,Conference USA,11,exact
2013-14,102747,Milwaukee,Horizon,270,Milwaukee Panthers,Milwaukee,Panthers,MILW,Horizon League,45,exact
2013-14,102584,Minnesota,Big Ten,135,Minnesota Golden Gophers,Minnesota,Golden Gophers,MINN,Big Ten Conference,7,exact
2013-14,102585,Mississippi St.,SEC,344,Mississippi State Bulldogs,Mississippi State,Bulldogs,MSST,Southeastern Conference,23,exact
2013-14,102586,Mississippi Val.,SWAC,2400,Mississippi Valley State Delta Devils,Mississippi Valley State,Delta Devils,MVSU,Southwestern Athletic Conference,26,dict
2013-14,102588,Missouri,SEC,142,Missouri Tigers,Missouri,Tigers,MIZ,Southeastern Conference,23,exact
2013-14,102692,Missouri St.,MVC,2623,Missouri State Bears,Missouri State,Bears,MOST,Missouri Valley Conference,18,exact
2013-14,102589,Monmouth,MAAC,2405,Monmouth Hawks,Monmouth,Hawks,MONM,Colonial Athletic Association,10,exact
2013-14,102591,Montana,Big Sky,149,Montana Grizzlies,Montana,Grizzlies,MONT,Big Sky Conference,5,exact
2013-14,102590,Montana St.,Big Sky,147,Montana State Bobcats,Montana State,Bobcats,MTST,Big Sky Conference,5,exact
2013-14,102592,Morehead St.,OVC,2413,Morehead State Eagles,Morehead State,Eagles,MORE,Ohio Valley Conference,20,exact
2013-14,102593,Morgan St.,MEAC,2415,Morgan State Bears,Morgan State,Bears,MORG,Mid-Eastern Athletic Conference,16,exact
2013-14,102594,Mount St. Mary's,NEC,116,Mount St. Mary's Mountaineers,Mount St. Mary's,Mountaineers,MSM,Metro Atlantic Athletic Conference,13,exact
2013-14,102595,Murray St.,OVC,93,Murray State Racers,Murray State,Racers,MUR,Missouri Valley Conference,18,exact
2013-14,102613,N.C. A&T,MEAC,2448,North Carolina A&T Aggies,North Carolina A&T,Aggies,NCAT,Colonial Athletic Association,10,exact
2013-14,102614,N.C. Central,MEAC,2428,North Carolina Central Eagles,North Carolina Central,Eagles,NCCU,Mid-Eastern Athletic Conference,16,exact
2013-14,102615,NC State,ACC,152,NC State Wolfpack,NC State,Wolfpack,NCSU,Atlantic Coast Conference,2,exact
2013-14,102623,NIU,MAC,2459,Northern Illinois Huskies,Northern Illinois,Huskies,NIU,Mid-American Conference,14,exact
2013-14,102606,NJIT,ASUN,2885,NJIT Highlanders,NJIT,Highlanders,NJIT,America East Conference,1,exact
2013-14,102721,Navy,Patriot,2426,Navy Midshipmen,Navy,Midshipmen,NAVY,Patriot League,22,exact
2013-14,102601,Nebraska,Big Ten,158,Nebraska Cornhuskers,Nebraska,Cornhuskers,NEB,Big Ten Conference,7,exact
2013-14,102604,Nevada,MWC,2440,Nevada Wolf Pack,Nevada,Wolf Pack,NEV,Mountain West Conference,44,exact
2013-14,102605,New Hampshire,America East,160,New Hampshire Wildcats,New Hampshire,Wildcats,UNH,America East Conference,1,exact
2013-14,102608,New Mexico,MWC,167,New Mexico Lobos,New Mexico,Lobos,UNM,Mountain West Conference,44,exact
2013-14,102607,New Mexico St.,WAC,166,New Mexico State Aggies,New Mexico State,Aggies,NMSU,Western Athletic Conference,30,exact
2013-14,102609,New Orleans,Southland,2443,LSU New Orleans Privateers,LSU New Orleans,Privateers,NOLA,Southland Conference,25,exact
2013-14,102610,Niagara,MAAC,315,Niagara Purple Eagles,Niagara,Purple Eagles,NIA,Metro Atlantic Athletic Conference,13,exact
2013-14,102611,Nicholls,Southland,2447,Nicholls Colonels,Nicholls,Colonels,NICH,Southland Conference,25,exact
2013-14,102612,Norfolk St.,MEAC,2450,Norfolk State Spartans,Norfolk State,Spartans,NORF,Mid-Eastern Athletic Conference,16,exact
2013-14,102597,North Carolina,ACC,153,North Carolina Tar Heels,North Carolina,Tar Heels,UNC,Atlantic Coast Conference,2,exact
2013-14,102617,North Dakota,Summit League,155,North Dakota Fighting Hawks,North Dakota,Fighting Hawks,UND,Summit League,49,exact
2013-14,102616,North Dakota St.,Summit League,2449,North Dakota State Bison,North Dakota State,Bison,NDSU,Summit League,49,exact
2013-14,102764,North Florida,ASUN,2454,North Florida Ospreys,North Florida,Ospreys,UNF,ASUN Conference,46,exact
2013-14,102618,North Texas,C-USA,249,North Texas Mean Green,North Texas,Mean Green,UNT,Conference USA,11,exact
2013-14,102620,Northeastern,CAA,111,Northeastern Huskies,Northeastern,Huskies,NE,Colonial Athletic Association,10,exact
2013-14,102621,Northern Ariz.,Big Sky,2464,Northern Arizona Lumberjacks,Northern Arizona,Lumberjacks,NAU,Big Sky Conference,5,exact
2013-14,102622,Northern Colo.,Big Sky,2458,Northern Colorado Bears,Northern Colorado,Bears,UNCO,Big Sky Conference,5,exact
2013-14,102625,Northern Ky.,Horizon,94,Northern Kentucky Norse,Northern Kentucky,Norse,NKU,Horizon League,45,exact
2013-14,102627,Northwestern,Big Ten,77,Northwestern Wildcats,Northwestern,Wildcats,NU,Big Ten Conference,7,exact
2013-14,102626,Northwestern St.,Southland,2466,Northwestern State Demons,Northwestern State,Demons,NWST,Southland Conference,25,exact
2013-14,102628,Notre Dame,ACC,87,Notre Dame Fighting Irish,Notre Dame,Fighting Irish,ND,Atlantic Coast Conference,2,exact
2013-14,102629,Oakland,Horizon,2473,Oakland Golden Grizzlies,Oakland,Golden Grizzlies,OAK,Horizon League,45,exact
2013-14,102631,Ohio,MAC,195,Ohio Bobcats,Ohio,Bobcats,OHIO,Mid-American Conference,14,exact
2013-14,102630,Ohio St.,Big Ten,194,Ohio State Buckeyes,Ohio State,Buckeyes,OSU,Big Ten Conference,7,exact
2013-14,102633,Oklahoma,Big 12,201,Oklahoma Sooners,Oklahoma,Sooners,OU,Big 12 Conference,8,exact
2013-14,102632,Oklahoma St.,Big 12,197,Oklahoma State Cowboys,Oklahoma State,Cowboys,OKST,Big 12 Conference,8,exact
2013-14,102634,Old Dominion,C-USA,295,Old Dominion Monarchs,Old Dominion,Monarchs,ODU,Sun Belt Conference,27,exact
2013-14,102587,Ole Miss,SEC,145,Ole Miss Rebels,Ole Miss,Rebels,MISS,Southeastern Conference,23,exact
2013-14,102602,Omaha,Summit League,2437,Omaha Mavericks,Omaha,Mavericks,OMA,Summit League,49,exact
2013-14,102635,Oral Roberts,Summit League,198,Oral Roberts Golden Eagles,Oral Roberts,Golden Eagles,ORU,Summit League,49,exact
2013-14,102637,Oregon,Pac-12,2483,Oregon Ducks,Oregon,Ducks,ORE,Pac-12 Conference,21,exact
2013-14,102636,Oregon St.,Pac-12,204,Oregon State Beavers,Oregon State,Beavers,ORST,Pac-12 Conference,21,exact
2013-14,102638,Pacific,WCC,279,Pacific Tigers,Pacific,Tigers,PAC,West Coast Conference,29,exact
2013-14,102641,Penn,Ivy League,219,Pennsylvania Quakers,Pennsylvania,Quakers,PENN,Ivy League,12,exact
2013-14,102640,Penn St.,Big Ten,213,Penn State Nittany Lions,Penn State,Nittany Lions,PSU,Big Ten Conference,7,exact
2013-14,102642,Pepperdine,WCC,2492,Pepperdine Waves,Pepperdine,Waves,PEPP,West Coast Conference,29,exact
2013-14,102643,Pittsburgh,ACC,221,Pittsburgh Panthers,Pittsburgh,Panthers,PITT,Atlantic Coast Conference,2,exact
2013-14,102645,Portland,WCC,2501,Portland Pilots,Portland,Pilots,PORT,West Coast Conference,29,exact
2013-14,102644,Portland St.,Big Sky,2502,Portland State Vikings,Portland State,Vikings,PRST,Big Sky Conference,5,exact
2013-14,102646,Prairie View,SWAC,2504,Prairie View A&M Panthers,Prairie View A&M,Panthers,PV,Southwestern Athletic Conference,26,exact
2013-14,102759,Presbyterian,Big South,2506,Presbyterian Blue Hose,Presbyterian,Blue Hose,PRES,Big South Conference,6,exact
2013-14,102647,Princeton,Ivy League,163,Princeton Tigers,Princeton,Tigers,PRIN,Ivy League,12,exact
2013-14,102648,Providence,Big East,2507,Providence Friars,Providence,Friars,PROV,Big East Conference,4,exact
2013-14,102649,Purdue,Big Ten,2509,Purdue Boilermakers,Purdue,Boilermakers,PUR,Big Ten Conference,7,exact
2013-14,102541,Purdue Fort Wayne,Summit League,2870,Purdue Fort Wayne Mastodons,Purdue Fort Wayne,Mastodons,PFW,Horizon League,45,exact
2013-14,102650,Quinnipiac,MAAC,2514,Quinnipiac Bobcats,Quinnipiac,Bobcats,QUIN,Metro Atlantic Athletic Conference,13,exact
2013-14,102651,Radford,Big South,2515,Radford Highlanders,Radford,Highlanders,RAD,Big South Conference,6,exact
2013-14,102652,Rhode Island,Atlantic 10,227,Rhode Island Rams,Rhode Island,Rams,URI,Atlantic 10 Conference,3,exact
2013-14,102653,Rice,C-USA,242,Rice Owls,Rice,Owls,RICE,Conference USA,11,exact
2013-14,102654,Richmond,Atlantic 10,257,Richmond Spiders,Richmond,Spiders,RICH,Atlantic 10 Conference,3,exact
2013-14,102655,Rider,MAAC,2520,Rider Broncs,Rider,Broncs,RID,Metro Atlantic Athletic Conference,13,exact
2013-14,102656,Robert Morris,NEC,2523,Robert Morris Colonials,Robert Morris,Colonials,RMU,Horizon League,45,exact
2013-14,102657,Rutgers,Big Ten,164,Rutgers Scarlet Knights,Rutgers,Scarlet Knights,RUTG,Big Ten Conference,7,exact
2013-14,102696,SFA,Southland,2617,Stephen F. Austin Lumberjacks,Stephen F. Austin,Lumberjacks,SFA,Western Athletic Conference,30,exact
2013-14,102687,SIUE,OVC,2565,SIU Edwardsville Cougars,SIU Edwardsville,Cougars,SIUE,Ohio Valley Conference,20,exact
2013-14,102688,SMU,AAC,2567,SMU Mustangs,SMU,Mustangs,SMU,American Athletic Conference,62,exact
2013-14,102462,Sacramento St.,Big Sky,16,Sacramento State Hornets,Sacramento State,Hornets,SAC,Big Sky Conference,5,exact
2013-14,102658,Sacred Heart,NEC,2529,Sacred Heart Pioneers,Sacred Heart,Pioneers,SHU,Northeast Conference,19,exact
2013-14,102661,Saint Francis (PA),NEC,2598,St. Francis (PA) Red Flash,St. Francis (PA),Red Flash,SFPA,Northeast Conference,19,exact
2013-14,102663,Saint Joseph's,Atlantic 10,2603,Saint Joseph's Hawks,Saint Joseph's,Hawks,JOES,Atlantic 10 Conference,3,exact
2013-14,102664,Saint Louis,Atlantic 10,139,Saint Louis Billikens,Saint Louis,Billikens,SLU,Atlantic 10 Conference,3,exact
2013-14,102665,Saint Mary's (CA),WCC,2608,Saint Mary's Gaels,Saint Mary's,Gaels,SMC,West Coast Conference,29,dict
2013-14,102666,Saint Peter's,MAAC,2612,Saint Peter's Peacocks,Saint Peter's,Peacocks,SPU,Metro Atlantic Athletic Conference,13,exact
2013-14,102667,Sam Houston,Southland,2534,Sam Houston Bearkats,Sam Houston,Bearkats,SHSU,Western Athletic Conference,30,exact
2013-14,102668,Samford,SoCon,2535,Samford Bulldogs,Samford,Bulldogs,SAM,Southern Conference,24,exact
2013-14,102670,San Diego,WCC,301,San Diego Toreros,San Diego,Toreros,USD,West Coast Conference,29,exact
2013-14,102669,San Diego St.,MWC,21,San Diego State Aztecs,San Diego State,Aztecs,SDSU,Mountain West Conference,44,exact
2013-14,102671,San Francisco,WCC,2539,San Francisco Dons,San Francisco,Dons,SF,West Coast Conference,29,exact
2013-14,102672,San Jose St.,MWC,23,San José State Spartans,San José State,Spartans,SJSU,Mountain West Conference,44,dict
2013-14,102673,Santa Clara,WCC,2541,Santa Clara Broncos,Santa Clara,Broncos,SCU,West Coast Conference,29,exact
2013-14,102674,Savannah St.,MEAC,2542,Savannah State Tigers,Savannah State,Tigers,SAV,,,alias
2013-14,102760,Seattle U,WAC,2547,Seattle U Redhawks,Seattle U,Redhawks,SEA,Western Athletic Conference,30,exact
2013-14,102675,Seton Hall,Big East,2550,Seton Hall Pirates,Seton Hall,Pirates,HALL,Big East Conference,4,exact
2013-14,102676,Siena,MAAC,2561,Siena Saints,Siena,Saints,SIE,Metro Atlantic Athletic Conference,13,exact
2013-14,102677,South Alabama,Sun Belt,6,South Alabama Jaguars,South Alabama,Jaguars,USA,Sun Belt Conference,27,exact
2013-14,102679,South Carolina,SEC,2579,South Carolina Gamecocks,South Carolina,Gamecocks,SC,Southeastern Conference,23,exact
2013-14,102678,South Carolina St.,MEAC,2569,South Carolina State Bulldogs,South Carolina State,Bulldogs,SCST,Mid-Eastern Athletic Conference,16,exact
2013-14,102681,South Dakota,Summit League,233,South Dakota Coyotes,South Dakota,Coyotes,SDAK,Summit League,49,exact
2013-14,102680,South Dakota St.,Summit League,2571,South Dakota State Jackrabbits,South Dakota State,Jackrabbits,SDST,Summit League,49,exact
2013-14,102682,South Fla.,AAC,58,South Florida Bulls,South Florida,Bulls,USF,American Athletic Conference,62,exact
2013-14,102683,Southeast Mo. St.,OVC,2546,Southeast Missouri State Redhawks,Southeast Missouri State,Redhawks,SEMO,Ohio Valley Conference,20,exact
2013-14,102684,Southeastern La.,Southland,2545,SE Louisiana Lions,SE Louisiana,Lions,SELA,Southland Conference,25,dict
2013-14,102685,Southern California,Pac-12,30,USC Trojans,USC,Trojans,USC,Pac-12 Conference,21,dict
2013-14,102686,Southern Ill.,MVC,79,Southern Illinois Salukis,Southern Illinois,Salukis,SIU,Missouri Valley Conference,18,exact
2013-14,102689,Southern Miss.,C-USA,2572,Southern Miss Golden Eagles,Southern Miss,Golden Eagles,USM,Sun Belt Conference,27,dict
2013-14,102690,Southern U.,SWAC,2582,Southern Jaguars,Southern,Jaguars,SOU,Southwestern Athletic Conference,26,dict
2013-14,102691,Southern Utah,Big Sky,253,Southern Utah Thunderbirds,Southern Utah,Thunderbirds,SUU,Western Athletic Conference,30,exact
2013-14,102659,St. Bonaventure,Atlantic 10,179,St. Bonaventure Bonnies,St. Bonaventure,Bonnies,SBU,Atlantic 10 Conference,3,exact
2013-14,102660,St. Francis Brooklyn,NEC,2597,St. Francis Brooklyn Terriers,St. Francis Brooklyn,Terriers,SFNY,Northeast Conference,19,exact
2013-14,102662,St. John's (NY),Big East,2599,St. John's Red Storm,St. John's,Red Storm,SJU,Big East Conference,4,dict
2013-14,102695,Stanford,Pac-12,24,Stanford Cardinal,Stanford,Cardinal,STAN,Pac-12 Conference,21,exact
2013-14,102697,Stetson,ASUN,56,Stetson Hatters,Stetson,Hatters,STET,ASUN Conference,46,exact
2013-14,102698,Stony Brook,America East,2619,Stony Brook Seawolves,Stony Brook,Seawolves,STBK,Colonial Athletic Association,10,exact
2013-14,102699,Syracuse,ACC,183,Syracuse Orange,Syracuse,Orange,SYR,Atlantic Coast Conference,2,exact
2013-14,102707,TCU,Big 12,2628,TCU Horned Frogs,TCU,Horned Frogs,TCU,Big 12 Conference,8,exact
2013-14,102700,Temple,AAC,218,Temple Owls,Temple,Owls,TEM,American Athletic Conference,62,exact
2013-14,102704,Tennessee,SEC,2633,Tennessee Volunteers,Tennessee,Volunteers,TENN,Southeastern Conference,23,exact
2013-14,102701,Tennessee St.,OVC,2634,Tennessee State Tigers,Tennessee State,Tigers,TNST,Ohio Valley Conference,20,exact
2013-14,102702,Tennessee Tech,OVC,2635,Tennessee Tech Golden Eagles,Tennessee Tech,Golden Eagles,TNTC,Ohio Valley Conference,20,exact
2013-14,102711,Texas,Big 12,251,Texas Longhorns,Texas,Longhorns,TEX,Big 12 Conference,8,exact
2013-14,102706,Texas A&M,SEC,245,Texas A&M Aggies,Texas A&M,Aggies,TA&M,Southeastern Conference,23,exact
2013-14,102708,Texas Southern,SWAC,2640,Texas Southern Tigers,Texas Southern,Tigers,TXSO,Southwestern Athletic Conference,26,exact
2013-14,102693,Texas St.,Sun Belt,326,Texas State Bobcats,Texas State,Bobcats,TXST,Sun Belt Conference,27,exact
2013-14,102709,Texas Tech,Big 12,2641,Texas Tech Red Raiders,Texas Tech,Red Raiders,TTU,Big 12 Conference,8,exact
2013-14,102476,The Citadel,SoCon,2643,The Citadel Bulldogs,The Citadel,Bulldogs,CIT,Southern Conference,24,exact
2013-14,102714,Toledo,MAC,2649,Toledo Rockets,Toledo,Rockets,TOL,Mid-American Conference,14,exact
2013-14,102715,Towson,CAA,119,Towson Tigers,Towson,Tigers,TOW,Colonial Athletic Association,10,exact
2013-14,102716,Troy,Sun Belt,2653,Troy Trojans,Troy,Trojans,TROY,Sun Belt Conference,27,exact
2013-14,102717,Tulane,AAC,2655,Tulane Green Wave,Tulane,Green Wave,TULN,American Athletic Conference,62,exact
2013-14,102718,Tulsa,AAC,202,Tulsa Golden Hurricane,Tulsa,Golden Hurricane,TLSA,American Athletic Conference,62,exact
2013-14,102428,UAB,C-USA,5,UAB Blazers,UAB,Blazers,UAB,Conference USA,11,exact
2013-14,102429,UAlbany,America East,399,UAlbany Great Danes,UAlbany,Great Danes,UALB,America East Conference,1,exact
2013-14,102465,UC Davis,Big West,302,UC Davis Aggies,UC Davis,Aggies,UCD,Big West Conference,9,exact
2013-14,102466,UC Irvine,Big West,300,UC Irvine Anteaters,UC Irvine,Anteaters,UCI,Big West Conference,9,exact
2013-14,102468,UC Riverside,Big West,27,UC Riverside Highlanders,UC Riverside,Highlanders,UCR,Big West Conference,9,exact
2013-14,102463,UC Santa Barbara,Big West,2540,UC Santa Barbara Gauchos,UC Santa Barbara,Gauchos,UCSB,Big West Conference,9,exact
2013-14,102472,UCF,AAC,2116,UCF Knights,UCF,Knights,UCF,American Athletic Conference,62,exact
2013-14,102467,UCLA,Pac-12,26,UCLA Bruins,UCLA,Bruins,UCLA,Pac-12 Conference,21,exact
2013-14,102484,UConn,AAC,41,UConn Huskies,UConn,Huskies,CONN,Big East Conference,4,exact
2013-14,102538,UIC,Horizon,82,UIC Flames,UIC,Flames,UIC,Missouri Valley Conference,18,exact
2013-14,102765,UIW,Southland,2916,Incarnate Word Cardinals,Incarnate Word,Cardinals,UIW,Southland Conference,25,exact
2013-14,102619,ULM,Sun Belt,2433,UL Monroe Warhawks,UL Monroe,Warhawks,ULM,Sun Belt Conference,27,exact
2013-14,102572,UMBC,America East,2378,UMBC Retrievers,UMBC,Retrievers,UMBC,America East Conference,1,exact
2013-14,102574,UMES,MEAC,2379,Maryland Eastern Shore Hawks,Maryland Eastern Shore,Hawks,UMES,Mid-Eastern Athletic Conference,16,exact
2013-14,102563,UMass Lowell,America East,2349,UMass Lowell River Hawks,UMass Lowell,River Hawks,UML,America East Conference,1,exact
2013-14,102596,UNC Asheville,Big South,2427,UNC Asheville Bulldogs,UNC Asheville,Bulldogs,UNCA,Big South Conference,6,exact
2013-14,102599,UNC Greensboro,SoCon,2430,UNC Greensboro Spartans,UNC Greensboro,Spartans,UNCG,Southern Conference,24,exact
2013-14,102600,UNCW,CAA,350,UNC Wilmington Seahawks,UNC Wilmington,Seahawks,UNCW,Colonial Athletic Association,10,exact
2013-14,102624,UNI,MVC,2460,Northern Iowa Panthers,Northern Iowa,Panthers,UNI,Missouri Valley Conference,18,exact
2013-14,102603,UNLV,MWC,2439,UNLV Rebels,UNLV,Rebels,UNLV,Mountain West Conference,44,exact
2013-14,102767,USC Upstate,Big South,2908,South Carolina Upstate Spartans,South Carolina Upstate,Spartans,UPST,Big South Conference,6,dict
2013-14,102710,UT Arlington,Sun Belt,250,UT Arlington Mavericks,UT Arlington,Mavericks,UTA,Western Athletic Conference,30,exact
2013-14,102705,UT Martin,OVC,2630,UT Martin Skyhawks,UT Martin,Skyhawks,UTM,Ohio Valley Conference,20,exact
2013-14,102712,UTEP,C-USA,2638,UTEP Miners,UTEP,Miners,UTEP,Conference USA,11,exact
2013-14,102639,UTRGV,WAC,292,UT Rio Grande Valley Vaqueros,UT Rio Grande Valley,Vaqueros,RGV,Western Athletic Conference,30,dict
2013-14,102713,UTSA,C-USA,2636,UTSA Roadrunners,UTSA,Roadrunners,UTSA,Conference USA,11,exact
2013-14,102723,Utah,Pac-12,254,Utah Utes,Utah,Utes,UTAH,Pac-12 Conference,21,exact
2013-14,102722,Utah St.,MWC,328,Utah State Aggies,Utah State,Aggies,USU,Mountain West Conference,44,exact
2013-14,102773,Utah Valley,WAC,3084,Utah Valley Wolverines,Utah Valley,Wolverines,UVU,Western Athletic Conference,30,exact
2013-14,102728,VCU,Atlantic 10,2670,VCU Rams,VCU,Rams,VCU,Atlantic 10 Conference,3,exact
2013-14,102729,VMI,SoCon,2678,VMI Keydets,VMI,Keydets,VMI,Southern Conference,24,exact
2013-14,102724,Valparaiso,MVC,2674,Valparaiso Beacons,Valparaiso,Beacons,VAL,Missouri Valley Conference,18,exact
2013-14,102725,Vanderbilt,SEC,238,Vanderbilt Commodores,Vanderbilt,Commodores,VAN,Southeastern Conference,23,exact
2013-14,102726,Vermont,America East,261,Vermont Catamounts,Vermont,Catamounts,UVM,America East Conference,1,exact
2013-14,102727,Villanova,Big East,222,Villanova Wildcats,Villanova,Wildcats,VILL,Big East Conference,4,exact
2013-14,102731,Virginia,ACC,258,Virginia Cavaliers,Virginia,Cavaliers,UVA,Atlantic Coast Conference,2,exact
2013-14,102730,Virginia Tech,ACC,259,Virginia Tech Hokies,Virginia Tech,Hokies,VT,Atlantic Coast Conference,2,exact
2013-14,102732,Wagner,NEC,2681,Wagner Seahawks,Wagner,Seahawks,WAG,Northeast Conference,19,exact
2013-14,102733,Wake Forest,ACC,154,Wake Forest Demon Deacons,Wake Forest,Demon Deacons,WAKE,Atlantic Coast Conference,2,exact
2013-14,102735,Washington,Pac-12,264,Washington Huskies,Washington,Huskies,WASH,Pac-12 Conference,21,exact
2013-14,102734,Washington St.,Pac-12,265,Washington State Cougars,Washington State,Cougars,WSU,Pac-12 Conference,21,exact
2013-14,102736,Weber St.,Big Sky,2692,Weber State Wildcats,Weber State,Wildcats,WEB,Big Sky Conference,5,exact
2013-14,102737,West Virginia,Big 12,277,West Virginia Mountaineers,West Virginia,Mountaineers,WVU,Big 12 Conference,8,exact
2013-14,102738,Western Caro.,SoCon,2717,Western Carolina Catamounts,Western Carolina,Catamounts,WCU,Southern Conference,24,exact
2013-14,102739,Western Ill.,Summit League,2710,Western Illinois Leathernecks,Western Illinois,Leathernecks,WIU,Summit League,49,exact
2013-14,102740,Western Ky.,C-USA,98,Western Kentucky Hilltoppers,Western Kentucky,Hilltoppers,WKU,Conference USA,11,exact
2013-14,102741,Western Mich.,MAC,2711,Western Michigan Broncos,Western Michigan,Broncos,WMU,Mid-American Conference,14,exact
2013-14,102742,Wichita St.,AAC,2724,Wichita State Shockers,Wichita State,Shockers,WICH,American Athletic Conference,62,exact
2013-14,102743,William & Mary,CAA,2729,William & Mary Tribe,William & Mary,Tribe,W&M,Colonial Athletic Association,10,exact
2013-14,102744,Winthrop,Big South,2737,Winthrop Eagles,Winthrop,Eagles,WIN,Big South Conference,6,exact
2013-14,102746,Wisconsin,Big Ten,275,Wisconsin Badgers,Wisconsin,Badgers,WIS,Big Ten Conference,7,exact
2013-14,102766,Wofford,SoCon,2747,Wofford Terriers,Wofford,Terriers,WOF,Southern Conference,24,exact
2013-14,102748,Wright St.,Horizon,2750,Wright State Raiders,Wright State,Raiders,WRST,Horizon League,45,exact
2013-14,102749,Wyoming,MWC,2751,Wyoming Cowboys,Wyoming,Cowboys,WYO,Mountain West Conference,44,exact
2013-14,102750,Xavier,Big East,2752,Xavier Musketeers,Xavier,Musketeers,XAV,Big East Conference,4,exact
2013-14,102751,Yale,Ivy League,43,Yale Bulldogs,Yale,Bulldogs,YALE,Ivy League,12,exact
2013-14,102752,Youngstown St.,Horizon,2754,Youngstown State Penguins,Youngstown State,Penguins,YSU,Horizon League,45,exact
2014-15,84290,A&M-Corpus Christi,Southland,357,Texas A&M-Corpus Christi Islanders,Texas A&M-Corpus Christi,Islanders,AMCC,Southland Conference,25,dict
2014-15,83943,Abilene Christian,Southland,2000,Abilene Christian Wildcats,Abilene Christian,Wildcats,ACU,Western Athletic Conference,30,exact
2014-15,84239,Air Force,MWC,2005,Air Force Falcons,Air Force,Falcons,AF,Mountain West Conference,44,exact
2014-15,83944,Akron,MAC,2006,Akron Zips,Akron,Zips,AKR,Mid-American Conference,14,exact
2014-15,83947,Alabama,SEC,333,Alabama Crimson Tide,Alabama,Crimson Tide,ALA,Southeastern Conference,23,exact
2014-15,83945,Alabama A&M,SWAC,2010,Alabama A&M Bulldogs,Alabama A&M,Bulldogs,AAMU,Southwestern Athletic Conference,26,exact
2014-15,83946,Alabama St.,SWAC,2011,Alabama State Hornets,Alabama State,Hornets,ALST,Southwestern Athletic Conference,26,exact
2014-15,83950,Alcorn,SWAC,2016,Alcorn State Braves,Alcorn State,Braves,ALCN,Southwestern Athletic Conference,26,dict
2014-15,83951,American,Patriot,44,American University Eagles,American University,Eagles,AMER,Patriot League,22,exact
2014-15,83952,App State,Sun Belt,2026,App State Mountaineers,App State,Mountaineers,APP,Sun Belt Conference,27,exact
2014-15,83954,Arizona,Pac-12,12,Arizona Wildcats,Arizona,Wildcats,ARIZ,Pac-12 Conference,21,exact
2014-15,83953,Arizona St.,Pac-12,9,Arizona State Sun Devils,Arizona State,Sun Devils,ASU,Pac-12 Conference,21,exact
2014-15,84281,Ark.-Pine Bluff,SWAC,2029,Arkansas-Pine Bluff Golden Lions,Arkansas-Pine Bluff,Golden Lions,UAPB,Southwestern Athletic Conference,26,dict
2014-15,83956,Arkansas,SEC,8,Arkansas Razorbacks,Arkansas,Razorbacks,ARK,Southeastern Conference,23,exact
2014-15,83955,Arkansas St.,Sun Belt,2032,Arkansas State Red Wolves,Arkansas State,Red Wolves,ARST,Sun Belt Conference,27,exact
2014-15,84240,Army West Point,Patriot,349,Army Black Knights,Army,Black Knights,ARMY,Patriot League,22,dict
2014-15,83958,Auburn,SEC,2,Auburn Tigers,Auburn,Tigers,AUB,Southeastern Conference,23,exact
2014-15,83959,Austin Peay,OVC,2046,Austin Peay Governors,Austin Peay,Governors,APSU,ASUN Conference,46,exact
2014-15,83970,BYU,WCC,252,BYU Cougars,BYU,Cougars,BYU,West Coast Conference,29,exact
2014-15,83960,Ball St.,MAC,2050,Ball State Cardinals,Ball State,Cardinals,BALL,Mid-American Conference,14,exact
2014-15,83962,Baylor,Big 12,239,Baylor Bears,Baylor,Bears,BAY,Big 12 Conference,8,exact
2014-15,84288,Belmont,OVC,2057,Belmont Bruins,Belmont,Bruins,BEL,Missouri Valley Conference,18,exact
2014-15,83963,Bethune-Cookman,MEAC,2065,Bethune-Cookman Wildcats,Bethune-Cookman,Wildcats,BCU,Southwestern Athletic Conference,26,exact
2014-15,83964,Binghamton,America East,2066,Binghamton Bearcats,Binghamton,Bearcats,BING,America East Conference,1,exact
2014-15,83965,Boise St.,MWC,68,Boise State Broncos,Boise State,Broncos,BOIS,Mountain West Conference,44,exact
2014-15,83966,Boston College,ACC,103,Boston College Eagles,Boston College,Eagles,BC,Atlantic Coast Conference,2,exact
2014-15,83967,Boston U.,Patriot,104,Boston University Terriers,Boston University,Terriers,BU,Patriot League,22,exact
2014-15,83968,Bowling Green,MAC,189,Bowling Green Falcons,Bowling Green,Falcons,BGSU,Mid-American Conference,14,exact
2014-15,83969,Bradley,MVC,71,Bradley Braves,Bradley,Braves,BRAD,Missouri Valley Conference,18,exact
2014-15,83971,Brown,Ivy League,225,Brown Bears,Brown,Bears,BRWN,Ivy League,12,exact
2014-15,83972,Bryant,NEC,2803,Bryant Bulldogs,Bryant,Bulldogs,BRY,America East Conference,1,exact
2014-15,83973,Bucknell,Patriot,2083,Bucknell Bison,Bucknell,Bison,BUCK,Patriot League,22,exact
2014-15,83974,Buffalo,MAC,2084,Buffalo Bulls,Buffalo,Bulls,BUF,Mid-American Conference,14,exact
2014-15,83975,Butler,Big East,2086,Butler Bulldogs,Butler,Bulldogs,BTLR,Big East Conference,4,exact
2014-15,83977,CSU Bakersfield,WAC,2934,Cal State Bakersfield Roadrunners,Cal State Bakersfield,Roadrunners,CSUB,Big West Conference,9,alias
2014-15,83981,CSUN,Big West,2463,Cal State Northridge Matadors,Cal State Northridge,Matadors,CSUN,Big West Conference,9,exact
2014-15,83976,Cal Poly,Big West,13,Cal Poly Mustangs,Cal Poly,Mustangs,CP,Big West Conference,9,exact
2014-15,83979,Cal St. Fullerton,Big West,2239,Cal State Fullerton Titans,Cal State Fullerton,Titans,CSUF,Big West Conference,9,exact
2014-15,83984,California,Pac-12,25,California Golden Bears,California,Golden Bears,CAL,Pac-12 Conference,21,exact
2014-15,83989,Campbell,Big South,2097,Campbell Fighting Camels,Campbell,Fighting Camels,CAM,Big South Conference,6,exact
2014-15,83990,Canisius,MAAC,2099,Canisius Golden Griffins,Canisius,Golden Griffins,CAN,Metro Atlantic Athletic Conference,13,exact
2014-15,84273,Central Ark.,Southland,2110,Central Arkansas Bears,Central Arkansas,Bears,CARK,ASUN Conference,46,exact
2014-15,83991,Central Conn. St.,NEC,2115,Central Connecticut Blue Devils,Central Connecticut,Blue Devils,CCSU,Northeast Conference,19,dict
2014-15,83993,Central Mich.,MAC,2117,Central Michigan Chippewas,Central Michigan,Chippewas,CMU,Mid-American Conference,14,exact
2014-15,83961,Charleston So.,Big South,2127,Charleston Southern Buccaneers,Charleston Southern,Buccaneers,CHSO,Big South Conference,6,exact
2014-15,84118,Charlotte,C-USA,2429,Charlotte 49ers,Charlotte,49ers,CLT,Conference USA,11,exact
2014-15,84223,Chattanooga,SoCon,236,Chattanooga Mocs,Chattanooga,Mocs,UTC,Southern Conference,24,exact
2014-15,83994,Chicago St.,WAC,2130,Chicago State Cougars,Chicago State,Cougars,CHST,Division I Independents,43,exact
2014-15,83995,Cincinnati,AAC,2132,Cincinnati Bearcats,Cincinnati,Bearcats,CIN,American Athletic Conference,62,exact
2014-15,83997,Clemson,ACC,228,Clemson Tigers,Clemson,Tigers,CLEM,Atlantic Coast Conference,2,exact
2014-15,83998,Cleveland St.,Horizon,325,Cleveland State Vikings,Cleveland State,Vikings,CLE,Horizon League,45,exact
2014-15,83999,Coastal Carolina,Sun Belt,324,Coastal Carolina Chanticleers,Coastal Carolina,Chanticleers,CCU,Sun Belt Conference,27,exact
2014-15,84274,Col. of Charleston,CAA,232,Charleston Cougars,Charleston,Cougars,COFC,Colonial Athletic Association,10,dict
2014-15,84000,Colgate,Patriot,2142,Colgate Raiders,Colgate,Raiders,COLG,Patriot League,22,exact
2014-15,84002,Colorado,Pac-12,38,Colorado Buffaloes,Colorado,Buffaloes,COLO,Pac-12 Conference,21,exact
2014-15,84001,Colorado St.,MWC,36,Colorado State Rams,Colorado State,Rams,CSU,Mountain West Conference,44,exact
2014-15,84003,Columbia,Ivy League,171,Columbia Lions,Columbia,Lions,COLU,Ivy League,12,exact
2014-15,84005,Coppin St.,MEAC,2154,Coppin State Eagles,Coppin State,Eagles,COPP,Mid-Eastern Athletic Conference,16,exact
2014-15,84006,Cornell,Ivy League,172,Cornell Big Red,Cornell,Big Red,COR,Ivy League,12,exact
2014-15,84007,Creighton,Big East,156,Creighton Bluejays,Creighton,Bluejays,CREI,Big East Conference,4,exact
2014-15,84008,Dartmouth,Ivy League,159,Dartmouth Big Green,Dartmouth,Big Green,DART,Ivy League,12,exact
2014-15,84009,Davidson,Atlantic 10,2166,Davidson Wildcats,Davidson,Wildcats,DAV,Atlantic 10 Conference,3,exact
2014-15,84010,Dayton,Atlantic 10,2168,Dayton Flyers,Dayton,Flyers,DAY,Atlantic 10 Conference,3,exact
2014-15,84011,DePaul,Big East,305,DePaul Blue Demons,DePaul,Blue Demons,DEP,Big East Conference,4,exact
2014-15,84013,Delaware,CAA,48,Delaware Blue Hens,Delaware,Blue Hens,DEL,Colonial Athletic Association,10,exact
2014-15,84012,Delaware St.,MEAC,2169,Delaware State Hornets,Delaware State,Hornets,DSU,Mid-Eastern Athletic Conference,16,exact
2014-15,84014,Denver,Summit League,2172,Denver Pioneers,Denver,Pioneers,DEN,Summit League,49,exact
2014-15,84015,Detroit Mercy,Horizon,2174,Detroit Mercy Titans,Detroit Mercy,Titans,DETM,Horizon League,45,exact
2014-15,84016,Drake,MVC,2181,Drake Bulldogs,Drake,Bulldogs,DRKE,Missouri Valley Conference,18,exact
2014-15,84017,Drexel,CAA,2182,Drexel Dragons,Drexel,Dragons,DREX,Colonial Athletic Association,10,exact
2014-15,84018,Duke,ACC,150,Duke Blue Devils,Duke,Blue Devils,DUKE,Atlantic Coast Conference,2,exact
2014-15,84019,Duquesne,Atlantic 10,2184,Duquesne Dukes,Duquesne,Dukes,DUQ,Atlantic 10 Conference,3,exact
2014-15,84021,ETSU,SoCon,2193,East Tennessee State Buccaneers,East Tennessee State,Buccaneers,ETSU,Southern Conference,24,exact
2014-15,84020,East Carolina,AAC,151,East Carolina Pirates,East Carolina,Pirates,ECU,American Athletic Conference,62,exact
2014-15,84022,Eastern Ill.,OVC,2197,Eastern Illinois Panthers,Eastern Illinois,Panthers,EIU,Ohio Valley Conference,20,exact
2014-15,84023,Eastern Ky.,OVC,2198,Eastern Kentucky Colonels,Eastern Kentucky,Colonels,EKU,ASUN Conference,46,exact
2014-15,84024,Eastern Mich.,MAC,2199,Eastern Michigan Eagles,Eastern Michigan,Eagles,EMU,Mid-American Conference,14,exact
2014-15,84025,Eastern Wash.,Big Sky,331,Eastern Washington Eagles,Eastern Washington,Eagles,EWU,Big Sky Conference,5,exact
2014-15,84275,Elon,CAA,2210,Elon Phoenix,Elon,Phoenix,ELON,Colonial Athletic Association,10,exact
2014-15,84026,Evansville,MVC,339,Evansville Purple Aces,Evansville,Purple Aces,EVAN,Missouri Valley Conference,18,exact
2014-15,84292,FGCU,ASUN,526,Florida Gulf Coast Eagles,Florida Gulf Coast,Eagles,FGCU,ASUN Conference,46,exact
2014-15,84031,FIU,C-USA,2229,Florida International Panthers,Florida International,Panthers,FIU,Conference USA,11,exact
2014-15,84027,Fairfield,MAAC,2217,Fairfield Stags,Fairfield,Stags,FAIR,Metro Atlantic Athletic Conference,13,exact
2014-15,84028,Fairleigh Dickinson,NEC,161,Fairleigh Dickinson Knights,Fairleigh Dickinson,Knights,FDU,Northeast Conference,19,exact
2014-15,84030,Fla. Atlantic,C-USA,2226,Florida Atlantic Owls,Florida Atlantic,Owls,FAU,Conference USA,11,exact
2014-15,84033,Florida,SEC,57,Florida Gators,Florida,Gators,FLA,Southeastern Conference,23,exact
2014-15,84029,Florida A&M,MEAC,50,Florida A&M Rattlers,Florida A&M,Rattlers,FAMU,Southwestern Athletic Conference,26,exact
2014-15,84032,Florida St.,ACC,52,Florida State Seminoles,Florida State,Seminoles,FSU,Atlantic Coast Conference,2,exact
2014-15,84034,Fordham,Atlantic 10,2230,Fordham Rams,Fordham,Rams,FOR,Atlantic 10 Conference,3,exact
2014-15,83978,Fresno St.,MWC,278,Fresno State Bulldogs,Fresno State,Bulldogs,FRES,Mountain West Conference,44,exact
2014-15,84035,Furman,SoCon,231,Furman Paladins,Furman,Paladins,FUR,Southern Conference,24,exact
2014-15,84039,Ga. Southern,Sun Belt,290,Georgia Southern Eagles,Georgia Southern,Eagles,GASO,Sun Belt Conference,27,exact
2014-15,84276,Gardner-Webb,Big South,2241,Gardner-Webb Runnin' Bulldogs,Gardner-Webb,Runnin' Bulldogs,GWEB,Big South Conference,6,exact
2014-15,84036,George Mason,Atlantic 10,2244,George Mason Patriots,George Mason,Patriots,GMU,Atlantic 10 Conference,3,exact
2014-15,84037,George Washington,Atlantic 10,45,George Washington Revolutionaries,George Washington,Revolutionaries,GW,Atlantic 10 Conference,3,exact
2014-15,84038,Georgetown,Big East,46,Georgetown Hoyas,Georgetown,Hoyas,GTWN,Big East Conference,4,exact
2014-15,84042,Georgia,SEC,61,Georgia Bulldogs,Georgia,Bulldogs,UGA,Southeastern Conference,23,exact
2014-15,84040,Georgia St.,Sun Belt,2247,Georgia State Panthers,Georgia State,Panthers,GAST,Sun Belt Conference,27,exact
2014-15,84041,Georgia Tech,ACC,59,Georgia Tech Yellow Jackets,Georgia Tech,Yellow Jackets,GT,Atlantic Coast Conference,2,exact
2014-15,84043,Gonzaga,WCC,2250,Gonzaga Bulldogs,Gonzaga,Bulldogs,GONZ,West Coast Conference,29,exact
2014-15,84044,Grambling,SWAC,2755,Grambling Tigers,Grambling,Tigers,GRAM,Southwestern Athletic Conference,26,exact
2014-15,84277,Grand Canyon,WAC,2253,Grand Canyon Lopes,Grand Canyon,Lopes,GCU,Western Athletic Conference,30,exact
2014-15,84265,Green Bay,Horizon,2739,Green Bay Phoenix,Green Bay,Phoenix,GB,Horizon League,45,exact
2014-15,84045,Hampton,Big South,2261,Hampton Pirates,Hampton,Pirates,HAMP,Colonial Athletic Association,10,exact
2014-15,84046,Hartford,America East,42,Hartford Hawks,Hartford,Hawks,HART,Division I Independents,43,exact
2014-15,84047,Harvard,Ivy League,108,Harvard Crimson,Harvard,Crimson,HARV,Ivy League,12,exact
2014-15,84048,Hawaii,Big West,62,Hawai'i Rainbow Warriors,Hawai'i,Rainbow Warriors,HAW,Big West Conference,9,dict
2014-15,84289,High Point,Big South,2272,High Point Panthers,High Point,Panthers,HPU,Big South Conference,6,exact
2014-15,84049,Hofstra,CAA,2275,Hofstra Pride,Hofstra,Pride,HOF,Colonial Athletic Association,10,exact
2014-15,84050,Holy Cross,Patriot,107,Holy Cross Crusaders,Holy Cross,Crusaders,HC,Patriot League,22,exact
2014-15,84052,Houston,AAC,248,Houston Cougars,Houston,Cougars,HOU,American Athletic Conference,62,exact
2014-15,84051,Houston Christian,Southland,2277,Houston Christian Huskies,Houston Christian,Huskies,HCU,Southland Conference,25,exact
2014-15,84053,Howard,MEAC,47,Howard Bison,Howard,Bison,HOW,Mid-Eastern Athletic Conference,16,exact
2014-15,84282,IUPUI,Horizon,85,IU Indianapolis Jaguars,IU Indianapolis,Jaguars,IUIN,Horizon League,45,alias
2014-15,84055,Idaho,Big Sky,70,Idaho Vandals,Idaho,Vandals,IDHO,Big Sky Conference,5,exact
2014-15,84054,Idaho St.,Big Sky,304,Idaho State Bengals,Idaho State,Bengals,IDST,Big Sky Conference,5,exact
2014-15,84057,Illinois,Big Ten,356,Illinois Fighting Illini,Illinois,Fighting Illini,ILL,Big Ten Conference,7,exact
2014-15,84056,Illinois St.,MVC,2287,Illinois State Redbirds,Illinois State,Redbirds,ILST,Missouri Valley Conference,18,exact
2014-15,84060,Indiana,Big Ten,84,Indiana Hoosiers,Indiana,Hoosiers,IU,Big Ten Conference,7,exact
2014-15,84059,Indiana St.,MVC,282,Indiana State Sycamores,Indiana State,Sycamores,INST,Missouri Valley Conference,18,exact
2014-15,84062,Iona,MAAC,314,Iona Gaels,Iona,Gaels,IONA,Metro Atlantic Athletic Conference,13,exact
2014-15,84064,Iowa,Big Ten,2294,Iowa Hawkeyes,Iowa,Hawkeyes,IOWA,Big Ten Conference,7,exact
2014-15,84063,Iowa St.,Big 12,66,Iowa State Cyclones,Iowa State,Cyclones,ISU,Big 12 Conference,8,exact
2014-15,84065,Jackson St.,SWAC,2296,Jackson State Tigers,Jackson State,Tigers,JKST,Southwestern Athletic Conference,26,exact
2014-15,84067,Jacksonville,ASUN,294,Jacksonville Dolphins,Jacksonville,Dolphins,JAX,ASUN Conference,46,exact
2014-15,84066,Jacksonville St.,OVC,55,Jacksonville State Gamecocks,Jacksonville State,Gamecocks,JXST,ASUN Conference,46,exact
2014-15,84068,James Madison,CAA,256,James Madison Dukes,James Madison,Dukes,JMU,Sun Belt Conference,27,exact
2014-15,84070,Kansas,Big 12,2305,Kansas Jayhawks,Kansas,Jayhawks,KU,Big 12 Conference,8,exact
2014-15,84283,Kansas City,WAC,140,Kansas City Roos,Kansas City,Roos,KC,Summit League,49,exact
2014-15,84069,Kansas St.,Big 12,2306,Kansas State Wildcats,Kansas State,Wildcats,KSU,Big 12 Conference,8,exact
2014-15,84278,Kennesaw St.,ASUN,338,Kennesaw State Owls,Kennesaw State,Owls,KENN,ASUN Conference,46,exact
2014-15,84071,Kent St.,MAC,2309,Kent State Golden Flashes,Kent State,Golden Flashes,KENT,Mid-American Conference,14,exact
2014-15,84072,Kentucky,SEC,96,Kentucky Wildcats,Kentucky,Wildcats,UK,Southeastern Conference,23,exact
2014-15,84078,LIU,NEC,112358,Long Island University Sharks,Long Island University,Sharks,LIU,Northeast Conference,19,exact
2014-15,84085,LMU (CA),WCC,2351,Loyola Marymount Lions,Loyola Marymount,Lions,LMU,West Coast Conference,29,dict
2014-15,84080,LSU,SEC,99,LSU Tigers,LSU,Tigers,LSU,Southeastern Conference,23,exact
2014-15,84073,La Salle,Atlantic 10,2325,La Salle Explorers,La Salle,Explorers,LAS,Atlantic 10 Conference,3,exact
2014-15,84074,Lafayette,Patriot,322,Lafayette Leopards,Lafayette,Leopards,LAF,Patriot League,22,exact
2014-15,84075,Lamar University,Southland,2320,Lamar Cardinals,Lamar,Cardinals,LAM,Southland Conference,25,dict
2014-15,84076,Lehigh,Patriot,2329,Lehigh Mountain Hawks,Lehigh,Mountain Hawks,LEH,Patriot League,22,exact
2014-15,84077,Liberty,ASUN,2335,Liberty Flames,Liberty,Flames,LIB,ASUN Conference,46,exact
2014-15,84291,Lipscomb,ASUN,288,Lipscomb Bisons,Lipscomb,Bisons,LIP,ASUN Conference,46,exact
2014-15,83957,Little Rock,Sun Belt,2031,Little Rock Trojans,Little Rock,Trojans,LR,Ohio Valley Conference,20,exact
2014-15,83980,Long Beach St.,Big West,299,Long Beach State Beach,Long Beach State,Beach,LBSU,Big West Conference,9,exact
2014-15,84079,Longwood,Big South,2344,Longwood Lancers,Longwood,Lancers,LONG,Big South Conference,6,exact
2014-15,84214,Louisiana,Sun Belt,309,Louisiana Ragin' Cajuns,Louisiana,Ragin' Cajuns,UL,Sun Belt Conference,27,exact
2014-15,84081,Louisiana Tech,C-USA,2348,Louisiana Tech Bulldogs,Louisiana Tech,Bulldogs,LT,Conference USA,11,exact
2014-15,84082,Louisville,ACC,97,Louisville Cardinals,Louisville,Cardinals,LOU,Atlantic Coast Conference,2,exact
2014-15,84086,Loyola Chicago,MVC,2350,Loyola Chicago Ramblers,Loyola Chicago,Ramblers,LUC,Atlantic 10 Conference,3,exact
2014-15,84084,Loyola Maryland,Patriot,2352,Loyola Maryland Greyhounds,Loyola Maryland,Greyhounds,L-MD,Patriot League,22,exact
2014-15,84087,Maine,America East,311,Maine Black Bears,Maine,Black Bears,ME,America East Conference,1,exact
2014-15,84088,Manhattan,MAAC,2363,Manhattan Jaspers,Manhattan,Jaspers,MAN,Metro Atlantic Athletic Conference,13,exact
2014-15,84089,Marist,MAAC,2368,Marist Red Foxes,Marist,Red Foxes,MRST,Metro Atlantic Athletic Conference,13,exact
2014-15,84090,Marquette,Big East,269,Marquette Golden Eagles,Marquette,Golden Eagles,MARQ,Big East Conference,4,exact
2014-15,84091,Marshall,C-USA,276,Marshall Thundering Herd,Marshall,Thundering Herd,MRSH,Sun Belt Conference,27,exact
2014-15,84093,Maryland,Big Ten,120,Maryland Terrapins,Maryland,Terrapins,MD,Big Ten Conference,7,exact
2014-15,84095,Massachusetts,Atlantic 10,113,Massachusetts Minutemen,Massachusetts,Minutemen,MASS,Atlantic 10 Conference,3,exact
2014-15,84096,McNeese,Southland,2377,McNeese Cowboys,McNeese,Cowboys,MCN,Southland Conference,25,exact
2014-15,84097,Memphis,AAC,235,Memphis Tigers,Memphis,Tigers,MEM,American Athletic Conference,62,exact
2014-15,84098,Mercer,SoCon,2382,Mercer Bears,Mercer,Bears,MER,Southern Conference,24,exact
2014-15,84100,Miami (FL),ACC,2390,Miami Hurricanes,Miami,Hurricanes,MIA,Atlantic Coast Conference,2,dict
2014-15,84099,Miami (OH),MAC,193,Miami (OH) RedHawks,Miami (OH),RedHawks,M-OH,Mid-American Conference,14,exact
2014-15,84102,Michigan,Big Ten,130,Michigan Wolverines,Michigan,Wolverines,MICH,Big Ten Conference,7,exact
2014-15,84101,Michigan St.,Big Ten,127,Michigan State Spartans,Michigan State,Spartans,MSU,Big Ten Conference,7,exact
2014-15,84103,Middle Tenn.,C-USA,2393,Middle Tennessee Blue Raiders,Middle Tennessee,Blue Raiders,MTSU,Conference USA,11,exact
2014-15,84267,Milwaukee,Horizon,270,Milwaukee Panthers,Milwaukee,Panthers,MILW,Horizon League,45,exact
2014-15,84104,Minnesota,Big Ten,135,Minnesota Golden Gophers,Minnesota,Golden Gophers,MINN,Big Ten Conference,7,exact
2014-15,84105,Mississippi St.,SEC,344,Mississippi State Bulldogs,Mississippi State,Bulldogs,MSST,Southeastern Conference,23,exact
2014-15,84106,Mississippi Val.,SWAC,2400,Mississippi Valley State Delta Devils,Mississippi Valley State,Delta Devils,MVSU,Southwestern Athletic Conference,26,dict
2014-15,84108,Missouri,SEC,142,Missouri Tigers,Missouri,Tigers,MIZ,Southeastern Conference,23,exact
2014-15,84212,Missouri St.,MVC,2623,Missouri State Bears,Missouri State,Bears,MOST,Missouri Valley Conference,18,exact
2014-15,84109,Monmouth,MAAC,2405,Monmouth Hawks,Monmouth,Hawks,MONM,Colonial Athletic Association,10,exact
2014-15,84111,Montana,Big Sky,149,Montana Grizzlies,Montana,Grizzlies,MONT,Big Sky Conference,5,exact
2014-15,84110,Montana St.,Big Sky,147,Montana State Bobcats,Montana State,Bobcats,MTST,Big Sky Conference,5,exact
2014-15,84112,Morehead St.,OVC,2413,Morehead State Eagles,Morehead State,Eagles,MORE,Ohio Valley Conference,20,exact
2014-15,84113,Morgan St.,MEAC,2415,Morgan State Bears,Morgan State,Bears,MORG,Mid-Eastern Athletic Conference,16,exact
2014-15,84114,Mount St. Mary's,NEC,116,Mount St. Mary's Mountaineers,Mount St. Mary's,Mountaineers,MSM,Metro Atlantic Athletic Conference,13,exact
2014-15,84115,Murray St.,OVC,93,Murray State Racers,Murray State,Racers,MUR,Missouri Valley Conference,18,exact
2014-15,84133,N.C. A&T,MEAC,2448,North Carolina A&T Aggies,North Carolina A&T,Aggies,NCAT,Colonial Athletic Association,10,exact
2014-15,84134,N.C. Central,MEAC,2428,North Carolina Central Eagles,North Carolina Central,Eagles,NCCU,Mid-Eastern Athletic Conference,16,exact
2014-15,84135,NC State,ACC,152,NC State Wolfpack,NC State,Wolfpack,NCSU,Atlantic Coast Conference,2,exact
2014-15,84143,NIU,MAC,2459,Northern Illinois Huskies,Northern Illinois,Huskies,NIU,Mid-American Conference,14,exact
2014-15,84126,NJIT,ASUN,2885,NJIT Highlanders,NJIT,Highlanders,NJIT,America East Conference,1,exact
2014-15,84241,Navy,Patriot,2426,Navy Midshipmen,Navy,Midshipmen,NAVY,Patriot League,22,exact
2014-15,84121,Nebraska,Big Ten,158,Nebraska Cornhuskers,Nebraska,Cornhuskers,NEB,Big Ten Conference,7,exact
2014-15,84124,Nevada,MWC,2440,Nevada Wolf Pack,Nevada,Wolf Pack,NEV,Mountain West Conference,44,exact
2014-15,84125,New Hampshire,America East,160,New Hampshire Wildcats,New Hampshire,Wildcats,UNH,America East Conference,1,exact
2014-15,84128,New Mexico,MWC,167,New Mexico Lobos,New Mexico,Lobos,UNM,Mountain West Conference,44,exact
2014-15,84127,New Mexico St.,WAC,166,New Mexico State Aggies,New Mexico State,Aggies,NMSU,Western Athletic Conference,30,exact
2014-15,84129,New Orleans,Southland,2443,LSU New Orleans Privateers,LSU New Orleans,Privateers,NOLA,Southland Conference,25,exact
2014-15,84130,Niagara,MAAC,315,Niagara Purple Eagles,Niagara,Purple Eagles,NIA,Metro Atlantic Athletic Conference,13,exact
2014-15,84131,Nicholls,Southland,2447,Nicholls Colonels,Nicholls,Colonels,NICH,Southland Conference,25,exact
2014-15,84132,Norfolk St.,MEAC,2450,Norfolk State Spartans,Norfolk State,Spartans,NORF,Mid-Eastern Athletic Conference,16,exact
2014-15,84117,North Carolina,ACC,153,North Carolina Tar Heels,North Carolina,Tar Heels,UNC,Atlantic Coast Conference,2,exact
2014-15,84137,North Dakota,Summit League,155,North Dakota Fighting Hawks,North Dakota,Fighting Hawks,UND,Summit League,49,exact
2014-15,84136,North Dakota St.,Summit League,2449,North Dakota State Bison,North Dakota State,Bison,NDSU,Summit League,49,exact
2014-15,84284,North Florida,ASUN,2454,North Florida Ospreys,North Florida,Ospreys,UNF,ASUN Conference,46,exact
2014-15,84138,North Texas,C-USA,249,North Texas Mean Green,North Texas,Mean Green,UNT,Conference USA,11,exact
2014-15,84140,Northeastern,CAA,111,Northeastern Huskies,Northeastern,Huskies,NE,Colonial Athletic Association,10,exact
2014-15,84141,Northern Ariz.,Big Sky,2464,Northern Arizona Lumberjacks,Northern Arizona,Lumberjacks,NAU,Big Sky Conference,5,exact
2014-15,84142,Northern Colo.,Big Sky,2458,Northern Colorado Bears,Northern Colorado,Bears,UNCO,Big Sky Conference,5,exact
2014-15,84145,Northern Ky.,Horizon,94,Northern Kentucky Norse,Northern Kentucky,Norse,NKU,Horizon League,45,exact
2014-15,84147,Northwestern,Big Ten,77,Northwestern Wildcats,Northwestern,Wildcats,NU,Big Ten Conference,7,exact
2014-15,84146,Northwestern St.,Southland,2466,Northwestern State Demons,Northwestern State,Demons,NWST,Southland Conference,25,exact
2014-15,84148,Notre Dame,ACC,87,Notre Dame Fighting Irish,Notre Dame,Fighting Irish,ND,Atlantic Coast Conference,2,exact
2014-15,84149,Oakland,Horizon,2473,Oakland Golden Grizzlies,Oakland,Golden Grizzlies,OAK,Horizon League,45,exact
2014-15,84151,Ohio,MAC,195,Ohio Bobcats,Ohio,Bobcats,OHIO,Mid-American Conference,14,exact
2014-15,84150,Ohio St.,Big Ten,194,Ohio State Buckeyes,Ohio State,Buckeyes,OSU,Big Ten Conference,7,exact
2014-15,84153,Oklahoma,Big 12,201,Oklahoma Sooners,Oklahoma,Sooners,OU,Big 12 Conference,8,exact
2014-15,84152,Oklahoma St.,Big 12,197,Oklahoma State Cowboys,Oklahoma State,Cowboys,OKST,Big 12 Conference,8,exact
2014-15,84154,Old Dominion,C-USA,295,Old Dominion Monarchs,Old Dominion,Monarchs,ODU,Sun Belt Conference,27,exact
2014-15,84107,Ole Miss,SEC,145,Ole Miss Rebels,Ole Miss,Rebels,MISS,Southeastern Conference,23,exact
2014-15,84122,Omaha,Summit League,2437,Omaha Mavericks,Omaha,Mavericks,OMA,Summit League,49,exact
2014-15,84155,Oral Roberts,Summit League,198,Oral Roberts Golden Eagles,Oral Roberts,Golden Eagles,ORU,Summit League,49,exact
2014-15,84157,Oregon,Pac-12,2483,Oregon Ducks,Oregon,Ducks,ORE,Pac-12 Conference,21,exact
2014-15,84156,Oregon St.,Pac-12,204,Oregon State Beavers,Oregon State,Beavers,ORST,Pac-12 Conference,21,exact
2014-15,84158,Pacific,WCC,279,Pacific Tigers,Pacific,Tigers,PAC,West Coast Conference,29,exact
2014-15,84161,Penn,Ivy League,219,Pennsylvania Quakers,Pennsylvania,Quakers,PENN,Ivy League,12,exact
2014-15,84160,Penn St.,Big Ten,213,Penn State Nittany Lions,Penn State,Nittany Lions,PSU,Big Ten Conference,7,exact
2014-15,84162,Pepperdine,WCC,2492,Pepperdine Waves,Pepperdine,Waves,PEPP,West Coast Conference,29,exact
2014-15,84163,Pittsburgh,ACC,221,Pittsburgh Panthers,Pittsburgh,Panthers,PITT,Atlantic Coast Conference,2,exact
2014-15,84165,Portland,WCC,2501,Portland Pilots,Portland,Pilots,PORT,West Coast Conference,29,exact
2014-15,84164,Portland St.,Big Sky,2502,Portland State Vikings,Portland State,Vikings,PRST,Big Sky Conference,5,exact
2014-15,84166,Prairie View,SWAC,2504,Prairie View A&M Panthers,Prairie View A&M,Panthers,PV,Southwestern Athletic Conference,26,exact
2014-15,84279,Presbyterian,Big South,2506,Presbyterian Blue Hose,Presbyterian,Blue Hose,PRES,Big South Conference,6,exact
2014-15,84167,Princeton,Ivy League,163,Princeton Tigers,Princeton,Tigers,PRIN,Ivy League,12,exact
2014-15,84168,Providence,Big East,2507,Providence Friars,Providence,Friars,PROV,Big East Conference,4,exact
2014-15,84169,Purdue,Big Ten,2509,Purdue Boilermakers,Purdue,Boilermakers,PUR,Big Ten Conference,7,exact
2014-15,84061,Purdue Fort Wayne,Summit League,2870,Purdue Fort Wayne Mastodons,Purdue Fort Wayne,Mastodons,PFW,Horizon League,45,exact
2014-15,84170,Quinnipiac,MAAC,2514,Quinnipiac Bobcats,Quinnipiac,Bobcats,QUIN,Metro Atlantic Athletic Conference,13,exact
2014-15,84171,Radford,Big South,2515,Radford Highlanders,Radford,Highlanders,RAD,Big South Conference,6,exact
2014-15,84172,Rhode Island,Atlantic 10,227,Rhode Island Rams,Rhode Island,Rams,URI,Atlantic 10 Conference,3,exact
2014-15,84173,Rice,C-USA,242,Rice Owls,Rice,Owls,RICE,Conference USA,11,exact
2014-15,84174,Richmond,Atlantic 10,257,Richmond Spiders,Richmond,Spiders,RICH,Atlantic 10 Conference,3,exact
2014-15,84175,Rider,MAAC,2520,Rider Broncs,Rider,Broncs,RID,Metro Atlantic Athletic Conference,13,exact
2014-15,84176,Robert Morris,NEC,2523,Robert Morris Colonials,Robert Morris,Colonials,RMU,Horizon League,45,exact
2014-15,84177,Rutgers,Big Ten,164,Rutgers Scarlet Knights,Rutgers,Scarlet Knights,RUTG,Big Ten Conference,7,exact
2014-15,84216,SFA,Southland,2617,Stephen F. Austin Lumberjacks,Stephen F. Austin,Lumberjacks,SFA,Western Athletic Conference,30,exact
2014-15,84207,SIUE,OVC,2565,SIU Edwardsville Cougars,SIU Edwardsville,Cougars,SIUE,Ohio Valley Conference,20,exact
2014-15,84208,SMU,AAC,2567,SMU Mustangs,SMU,Mustangs,SMU,American Athletic Conference,62,exact
2014-15,83982,Sacramento St.,Big Sky,16,Sacramento State Hornets,Sacramento State,Hornets,SAC,Big Sky Conference,5,exact
2014-15,84178,Sacred Heart,NEC,2529,Sacred Heart Pioneers,Sacred Heart,Pioneers,SHU,Northeast Conference,19,exact
2014-15,84181,Saint Francis (PA),NEC,2598,St. Francis (PA) Red Flash,St. Francis (PA),Red Flash,SFPA,Northeast Conference,19,exact
2014-15,84183,Saint Joseph's,Atlantic 10,2603,Saint Joseph's Hawks,Saint Joseph's,Hawks,JOES,Atlantic 10 Conference,3,exact
2014-15,84184,Saint Louis,Atlantic 10,139,Saint Louis Billikens,Saint Louis,Billikens,SLU,Atlantic 10 Conference,3,exact
2014-15,84185,Saint Mary's (CA),WCC,2608,Saint Mary's Gaels,Saint Mary's,Gaels,SMC,West Coast Conference,29,dict
2014-15,84186,Saint Peter's,MAAC,2612,Saint Peter's Peacocks,Saint Peter's,Peacocks,SPU,Metro Atlantic Athletic Conference,13,exact
2014-15,84187,Sam Houston,Southland,2534,Sam Houston Bearkats,Sam Houston,Bearkats,SHSU,Western Athletic Conference,30,exact
2014-15,84188,Samford,SoCon,2535,Samford Bulldogs,Samford,Bulldogs,SAM,Southern Conference,24,exact
2014-15,84190,San Diego,WCC,301,San Diego Toreros,San Diego,Toreros,USD,West Coast Conference,29,exact
2014-15,84189,San Diego St.,MWC,21,San Diego State Aztecs,San Diego State,Aztecs,SDSU,Mountain West Conference,44,exact
2014-15,84191,San Francisco,WCC,2539,San Francisco Dons,San Francisco,Dons,SF,West Coast Conference,29,exact
2014-15,84192,San Jose St.,MWC,23,San José State Spartans,San José State,Spartans,SJSU,Mountain West Conference,44,dict
2014-15,84193,Santa Clara,WCC,2541,Santa Clara Broncos,Santa Clara,Broncos,SCU,West Coast Conference,29,exact
2014-15,84194,Savannah St.,MEAC,2542,Savannah State Tigers,Savannah State,Tigers,SAV,,,alias
2014-15,84280,Seattle U,WAC,2547,Seattle U Redhawks,Seattle U,Redhawks,SEA,Western Athletic Conference,30,exact
2014-15,84195,Seton Hall,Big East,2550,Seton Hall Pirates,Seton Hall,Pirates,HALL,Big East Conference,4,exact
2014-15,84196,Siena,MAAC,2561,Siena Saints,Siena,Saints,SIE,Metro Atlantic Athletic Conference,13,exact
2014-15,84197,South Alabama,Sun Belt,6,South Alabama Jaguars,South Alabama,Jaguars,USA,Sun Belt Conference,27,exact
2014-15,84199,South Carolina,SEC,2579,South Carolina Gamecocks,South Carolina,Gamecocks,SC,Southeastern Conference,23,exact
2014-15,84198,South Carolina St.,MEAC,2569,South Carolina State Bulldogs,South Carolina State,Bulldogs,SCST,Mid-Eastern Athletic Conference,16,exact
2014-15,84201,South Dakota,Summit League,233,South Dakota Coyotes,South Dakota,Coyotes,SDAK,Summit League,49,exact
2014-15,84200,South Dakota St.,Summit League,2571,South Dakota State Jackrabbits,South Dakota State,Jackrabbits,SDST,Summit League,49,exact
2014-15,84202,South Fla.,AAC,58,South Florida Bulls,South Florida,Bulls,USF,American Athletic Conference,62,exact
2014-15,84203,Southeast Mo. St.,OVC,2546,Southeast Missouri State Redhawks,Southeast Missouri State,Redhawks,SEMO,Ohio Valley Conference,20,exact
2014-15,84204,Southeastern La.,Southland,2545,SE Louisiana Lions,SE Louisiana,Lions,SELA,Southland Conference,25,dict
2014-15,84205,Southern California,Pac-12,30,USC Trojans,USC,Trojans,USC,Pac-12 Conference,21,dict
2014-15,84206,Southern Ill.,MVC,79,Southern Illinois Salukis,Southern Illinois,Salukis,SIU,Missouri Valley Conference,18,exact
2014-15,84209,Southern Miss.,C-USA,2572,Southern Miss Golden Eagles,Southern Miss,Golden Eagles,USM,Sun Belt Conference,27,dict
2014-15,84210,Southern U.,SWAC,2582,Southern Jaguars,Southern,Jaguars,SOU,Southwestern Athletic Conference,26,dict
2014-15,84211,Southern Utah,Big Sky,253,Southern Utah Thunderbirds,Southern Utah,Thunderbirds,SUU,Western Athletic Conference,30,exact
2014-15,84179,St. Bonaventure,Atlantic 10,179,St. Bonaventure Bonnies,St. Bonaventure,Bonnies,SBU,Atlantic 10 Conference,3,exact
2014-15,84180,St. Francis Brooklyn,NEC,2597,St. Francis Brooklyn Terriers,St. Francis Brooklyn,Terriers,SFNY,Northeast Conference,19,exact
2014-15,84182,St. John's (NY),Big East,2599,St. John's Red Storm,St. John's,Red Storm,SJU,Big East Conference,4,dict
2014-15,84215,Stanford,Pac-12,24,Stanford Cardinal,Stanford,Cardinal,STAN,Pac-12 Conference,21,exact
2014-15,84217,Stetson,ASUN,56,Stetson Hatters,Stetson,Hatters,STET,ASUN Conference,46,exact
2014-15,84218,Stony Brook,America East,2619,Stony Brook Seawolves,Stony Brook,Seawolves,STBK,Colonial Athletic Association,10,exact
2014-15,84219,Syracuse,ACC,183,Syracuse Orange,Syracuse,Orange,SYR,Atlantic Coast Conference,2,exact
2014-15,84227,TCU,Big 12,2628,TCU Horned Frogs,TCU,Horned Frogs,TCU,Big 12 Conference,8,exact
2014-15,84220,Temple,AAC,218,Temple Owls,Temple,Owls,TEM,American Athletic Conference,62,exact
2014-15,84224,Tennessee,SEC,2633,Tennessee Volunteers,Tennessee,Volunteers,TENN,Southeastern Conference,23,exact
2014-15,84221,Tennessee St.,OVC,2634,Tennessee State Tigers,Tennessee State,Tigers,TNST,Ohio Valley Conference,20,exact
2014-15,84222,Tennessee Tech,OVC,2635,Tennessee Tech Golden Eagles,Tennessee Tech,Golden Eagles,TNTC,Ohio Valley Conference,20,exact
2014-15,84231,Texas,Big 12,251,Texas Longhorns,Texas,Longhorns,TEX,Big 12 Conference,8,exact
2014-15,84226,Texas A&M,SEC,245,Texas A&M Aggies,Texas A&M,Aggies,TA&M,Southeastern Conference,23,exact
2014-15,84228,Texas Southern,SWAC,2640,Texas Southern Tigers,Texas Southern,Tigers,TXSO,Southwestern Athletic Conference,26,exact
2014-15,84213,Texas St.,Sun Belt,326,Texas State Bobcats,Texas State,Bobcats,TXST,Sun Belt Conference,27,exact
2014-15,84229,Texas Tech,Big 12,2641,Texas Tech Red Raiders,Texas Tech,Red Raiders,TTU,Big 12 Conference,8,exact
2014-15,83996,The Citadel,SoCon,2643,The Citadel Bulldogs,The Citadel,Bulldogs,CIT,Southern Conference,24,exact
2014-15,84234,Toledo,MAC,2649,Toledo Rockets,Toledo,Rockets,TOL,Mid-American Conference,14,exact
2014-15,84235,Towson,CAA,119,Towson Tigers,Towson,Tigers,TOW,Colonial Athletic Association,10,exact
2014-15,84236,Troy,Sun Belt,2653,Troy Trojans,Troy,Trojans,TROY,Sun Belt Conference,27,exact
2014-15,84237,Tulane,AAC,2655,Tulane Green Wave,Tulane,Green Wave,TULN,American Athletic Conference,62,exact
2014-15,84238,Tulsa,AAC,202,Tulsa Golden Hurricane,Tulsa,Golden Hurricane,TLSA,American Athletic Conference,62,exact
2014-15,83948,UAB,C-USA,5,UAB Blazers,UAB,Blazers,UAB,Conference USA,11,exact
2014-15,83949,UAlbany,America East,399,UAlbany Great Danes,UAlbany,Great Danes,UALB,America East Conference,1,exact
2014-15,83985,UC Davis,Big West,302,UC Davis Aggies,UC Davis,Aggies,UCD,Big West Conference,9,exact
2014-15,83986,UC Irvine,Big West,300,UC Irvine Anteaters,UC Irvine,Anteaters,UCI,Big West Conference,9,exact
2014-15,83988,UC Riverside,Big West,27,UC Riverside Highlanders,UC Riverside,Highlanders,UCR,Big West Conference,9,exact
2014-15,83983,UC Santa Barbara,Big West,2540,UC Santa Barbara Gauchos,UC Santa Barbara,Gauchos,UCSB,Big West Conference,9,exact
2014-15,83992,UCF,AAC,2116,UCF Knights,UCF,Knights,UCF,American Athletic Conference,62,exact
2014-15,83987,UCLA,Pac-12,26,UCLA Bruins,UCLA,Bruins,UCLA,Pac-12 Conference,21,exact
2014-15,84004,UConn,AAC,41,UConn Huskies,UConn,Huskies,CONN,Big East Conference,4,exact
2014-15,84058,UIC,Horizon,82,UIC Flames,UIC,Flames,UIC,Missouri Valley Conference,18,exact
2014-15,84285,UIW,Southland,2916,Incarnate Word Cardinals,Incarnate Word,Cardinals,UIW,Southland Conference,25,exact
2014-15,84139,ULM,Sun Belt,2433,UL Monroe Warhawks,UL Monroe,Warhawks,ULM,Sun Belt Conference,27,exact
2014-15,84092,UMBC,America East,2378,UMBC Retrievers,UMBC,Retrievers,UMBC,America East Conference,1,exact
2014-15,84094,UMES,MEAC,2379,Maryland Eastern Shore Hawks,Maryland Eastern Shore,Hawks,UMES,Mid-Eastern Athletic Conference,16,exact
2014-15,84083,UMass Lowell,America East,2349,UMass Lowell River Hawks,UMass Lowell,River Hawks,UML,America East Conference,1,exact
2014-15,84116,UNC Asheville,Big South,2427,UNC Asheville Bulldogs,UNC Asheville,Bulldogs,UNCA,Big South Conference,6,exact
2014-15,84119,UNC Greensboro,SoCon,2430,UNC Greensboro Spartans,UNC Greensboro,Spartans,UNCG,Southern Conference,24,exact
2014-15,84120,UNCW,CAA,350,UNC Wilmington Seahawks,UNC Wilmington,Seahawks,UNCW,Colonial Athletic Association,10,exact
2014-15,84144,UNI,MVC,2460,Northern Iowa Panthers,Northern Iowa,Panthers,UNI,Missouri Valley Conference,18,exact
2014-15,84123,UNLV,MWC,2439,UNLV Rebels,UNLV,Rebels,UNLV,Mountain West Conference,44,exact
2014-15,84287,USC Upstate,Big South,2908,South Carolina Upstate Spartans,South Carolina Upstate,Spartans,UPST,Big South Conference,6,dict
2014-15,84230,UT Arlington,Sun Belt,250,UT Arlington Mavericks,UT Arlington,Mavericks,UTA,Western Athletic Conference,30,exact
2014-15,84225,UT Martin,OVC,2630,UT Martin Skyhawks,UT Martin,Skyhawks,UTM,Ohio Valley Conference,20,exact
2014-15,84232,UTEP,C-USA,2638,UTEP Miners,UTEP,Miners,UTEP,Conference USA,11,exact
2014-15,84159,UTRGV,WAC,292,UT Rio Grande Valley Vaqueros,UT Rio Grande Valley,Vaqueros,RGV,Western Athletic Conference,30,dict
2014-15,84233,UTSA,C-USA,2636,UTSA Roadrunners,UTSA,Roadrunners,UTSA,Conference USA,11,exact
2014-15,84243,Utah,Pac-12,254,Utah Utes,Utah,Utes,UTAH,Pac-12 Conference,21,exact
2014-15,84242,Utah St.,MWC,328,Utah State Aggies,Utah State,Aggies,USU,Mountain West Conference,44,exact
2014-15,84293,Utah Valley,WAC,3084,Utah Valley Wolverines,Utah Valley,Wolverines,UVU,Western Athletic Conference,30,exact
2014-15,84248,VCU,Atlantic 10,2670,VCU Rams,VCU,Rams,VCU,Atlantic 10 Conference,3,exact
2014-15,84249,VMI,SoCon,2678,VMI Keydets,VMI,Keydets,VMI,Southern Conference,24,exact
2014-15,84244,Valparaiso,MVC,2674,Valparaiso Beacons,Valparaiso,Beacons,VAL,Missouri Valley Conference,18,exact
2014-15,84245,Vanderbilt,SEC,238,Vanderbilt Commodores,Vanderbilt,Commodores,VAN,Southeastern Conference,23,exact
2014-15,84246,Vermont,America East,261,Vermont Catamounts,Vermont,Catamounts,UVM,America East Conference,1,exact
2014-15,84247,Villanova,Big East,222,Villanova Wildcats,Villanova,Wildcats,VILL,Big East Conference,4,exact
2014-15,84251,Virginia,ACC,258,Virginia Cavaliers,Virginia,Cavaliers,UVA,Atlantic Coast Conference,2,exact
2014-15,84250,Virginia Tech,ACC,259,Virginia Tech Hokies,Virginia Tech,Hokies,VT,Atlantic Coast Conference,2,exact
2014-15,84252,Wagner,NEC,2681,Wagner Seahawks,Wagner,Seahawks,WAG,Northeast Conference,19,exact
2014-15,84253,Wake Forest,ACC,154,Wake Forest Demon Deacons,Wake Forest,Demon Deacons,WAKE,Atlantic Coast Conference,2,exact
2014-15,84255,Washington,Pac-12,264,Washington Huskies,Washington,Huskies,WASH,Pac-12 Conference,21,exact
2014-15,84254,Washington St.,Pac-12,265,Washington State Cougars,Washington State,Cougars,WSU,Pac-12 Conference,21,exact
2014-15,84256,Weber St.,Big Sky,2692,Weber State Wildcats,Weber State,Wildcats,WEB,Big Sky Conference,5,exact
2014-15,84257,West Virginia,Big 12,277,West Virginia Mountaineers,West Virginia,Mountaineers,WVU,Big 12 Conference,8,exact
2014-15,84258,Western Caro.,SoCon,2717,Western Carolina Catamounts,Western Carolina,Catamounts,WCU,Southern Conference,24,exact
2014-15,84259,Western Ill.,Summit League,2710,Western Illinois Leathernecks,Western Illinois,Leathernecks,WIU,Summit League,49,exact
2014-15,84260,Western Ky.,C-USA,98,Western Kentucky Hilltoppers,Western Kentucky,Hilltoppers,WKU,Conference USA,11,exact
2014-15,84261,Western Mich.,MAC,2711,Western Michigan Broncos,Western Michigan,Broncos,WMU,Mid-American Conference,14,exact
2014-15,84262,Wichita St.,AAC,2724,Wichita State Shockers,Wichita State,Shockers,WICH,American Athletic Conference,62,exact
2014-15,84263,William & Mary,CAA,2729,William & Mary Tribe,William & Mary,Tribe,W&M,Colonial Athletic Association,10,exact
2014-15,84264,Winthrop,Big South,2737,Winthrop Eagles,Winthrop,Eagles,WIN,Big South Conference,6,exact
2014-15,84266,Wisconsin,Big Ten,275,Wisconsin Badgers,Wisconsin,Badgers,WIS,Big Ten Conference,7,exact
2014-15,84286,Wofford,SoCon,2747,Wofford Terriers,Wofford,Terriers,WOF,Southern Conference,24,exact
2014-15,84268,Wright St.,Horizon,2750,Wright State Raiders,Wright State,Raiders,WRST,Horizon League,45,exact
2014-15,84269,Wyoming,MWC,2751,Wyoming Cowboys,Wyoming,Cowboys,WYO,Mountain West Conference,44,exact
2014-15,84270,Xavier,Big East,2752,Xavier Musketeers,Xavier,Musketeers,XAV,Big East Conference,4,exact
2014-15,84271,Yale,Ivy League,43,Yale Bulldogs,Yale,Bulldogs,YALE,Ivy League,12,exact
2014-15,84272,Youngstown St.,Horizon,2754,Youngstown State Penguins,Youngstown State,Penguins,YSU,Horizon League,45,exact
2015-16,22078,A&M-Corpus Christi,Southland,357,Texas A&M-Corpus Christi Islanders,Texas A&M-Corpus Christi,Islanders,AMCC,Southland Conference,25,dict
2015-16,21731,Abilene Christian,Southland,2000,Abilene Christian Wildcats,Abilene Christian,Wildcats,ACU,Western Athletic Conference,30,exact
2015-16,22027,Air Force,MWC,2005,Air Force Falcons,Air Force,Falcons,AF,Mountain West Conference,44,exact
2015-16,21732,Akron,MAC,2006,Akron Zips,Akron,Zips,AKR,Mid-American Conference,14,exact
2015-16,21735,Alabama,SEC,333,Alabama Crimson Tide,Alabama,Crimson Tide,ALA,Southeastern Conference,23,exact
2015-16,21733,Alabama A&M,SWAC,2010,Alabama A&M Bulldogs,Alabama A&M,Bulldogs,AAMU,Southwestern Athletic Conference,26,exact
2015-16,21734,Alabama St.,SWAC,2011,Alabama State Hornets,Alabama State,Hornets,ALST,Southwestern Athletic Conference,26,exact
2015-16,21738,Alcorn,SWAC,2016,Alcorn State Braves,Alcorn State,Braves,ALCN,Southwestern Athletic Conference,26,dict
2015-16,21739,American,Patriot,44,American University Eagles,American University,Eagles,AMER,Patriot League,22,exact
2015-16,21740,App State,Sun Belt,2026,App State Mountaineers,App State,Mountaineers,APP,Sun Belt Conference,27,exact
2015-16,21742,Arizona,Pac-12,12,Arizona Wildcats,Arizona,Wildcats,ARIZ,Pac-12 Conference,21,exact
2015-16,21741,Arizona St.,Pac-12,9,Arizona State Sun Devils,Arizona State,Sun Devils,ASU,Pac-12 Conference,21,exact
2015-16,22069,Ark.-Pine Bluff,SWAC,2029,Arkansas-Pine Bluff Golden Lions,Arkansas-Pine Bluff,Golden Lions,UAPB,Southwestern Athletic Conference,26,dict
2015-16,21744,Arkansas,SEC,8,Arkansas Razorbacks,Arkansas,Razorbacks,ARK,Southeastern Conference,23,exact
2015-16,21743,Arkansas St.,Sun Belt,2032,Arkansas State Red Wolves,Arkansas State,Red Wolves,ARST,Sun Belt Conference,27,exact
2015-16,22028,Army West Point,Patriot,349,Army Black Knights,Army,Black Knights,ARMY,Patriot League,22,dict
2015-16,21746,Auburn,SEC,2,Auburn Tigers,Auburn,Tigers,AUB,Southeastern Conference,23,exact
2015-16,21747,Austin Peay,OVC,2046,Austin Peay Governors,Austin Peay,Governors,APSU,ASUN Conference,46,exact
2015-16,21758,BYU,WCC,252,BYU Cougars,BYU,Cougars,BYU,West Coast Conference,29,exact
2015-16,21748,Ball St.,MAC,2050,Ball State Cardinals,Ball State,Cardinals,BALL,Mid-American Conference,14,exact
2015-16,21750,Baylor,Big 12,239,Baylor Bears,Baylor,Bears,BAY,Big 12 Conference,8,exact
2015-16,22076,Belmont,OVC,2057,Belmont Bruins,Belmont,Bruins,BEL,Missouri Valley Conference,18,exact
2015-16,21751,Bethune-Cookman,MEAC,2065,Bethune-Cookman Wildcats,Bethune-Cookman,Wildcats,BCU,Southwestern Athletic Conference,26,exact
2015-16,21752,Binghamton,America East,2066,Binghamton Bearcats,Binghamton,Bearcats,BING,America East Conference,1,exact
2015-16,21753,Boise St.,MWC,68,Boise State Broncos,Boise State,Broncos,BOIS,Mountain West Conference,44,exact
2015-16,21754,Boston College,ACC,103,Boston College Eagles,Boston College,Eagles,BC,Atlantic Coast Conference,2,exact
2015-16,21755,Boston U.,Patriot,104,Boston University Terriers,Boston University,Terriers,BU,Patriot League,22,exact
2015-16,21756,Bowling Green,MAC,189,Bowling Green Falcons,Bowling Green,Falcons,BGSU,Mid-American Conference,14,exact
2015-16,21757,Bradley,MVC,71,Bradley Braves,Bradley,Braves,BRAD,Missouri Valley Conference,18,exact
2015-16,21759,Brown,Ivy League,225,Brown Bears,Brown,Bears,BRWN,Ivy League,12,exact
2015-16,21760,Bryant,NEC,2803,Bryant Bulldogs,Bryant,Bulldogs,BRY,America East Conference,1,exact
2015-16,21761,Bucknell,Patriot,2083,Bucknell Bison,Bucknell,Bison,BUCK,Patriot League,22,exact
2015-16,21762,Buffalo,MAC,2084,Buffalo Bulls,Buffalo,Bulls,BUF,Mid-American Conference,14,exact
2015-16,21763,Butler,Big East,2086,Butler Bulldogs,Butler,Bulldogs,BTLR,Big East Conference,4,exact
2015-16,21765,CSU Bakersfield,WAC,2934,Cal State Bakersfield Roadrunners,Cal State Bakersfield,Roadrunners,CSUB,Big West Conference,9,alias
2015-16,21769,CSUN,Big West,2463,Cal State Northridge Matadors,Cal State Northridge,Matadors,CSUN,Big West Conference,9,exact
2015-16,21764,Cal Poly,Big West,13,Cal Poly Mustangs,Cal Poly,Mustangs,CP,Big West Conference,9,exact
2015-16,21767,Cal St. Fullerton,Big West,2239,Cal State Fullerton Titans,Cal State Fullerton,Titans,CSUF,Big West Conference,9,exact
2015-16,21772,California,Pac-12,25,California Golden Bears,California,Golden Bears,CAL,Pac-12 Conference,21,exact
2015-16,21777,Campbell,Big South,2097,Campbell Fighting Camels,Campbell,Fighting Camels,CAM,Big South Conference,6,exact
2015-16,21778,Canisius,MAAC,2099,Canisius Golden Griffins,Canisius,Golden Griffins,CAN,Metro Atlantic Athletic Conference,13,exact
2015-16,22061,Central Ark.,Southland,2110,Central Arkansas Bears,Central Arkansas,Bears,CARK,ASUN Conference,46,exact
2015-16,21779,Central Conn. St.,NEC,2115,Central Connecticut Blue Devils,Central Connecticut,Blue Devils,CCSU,Northeast Conference,19,dict
2015-16,21781,Central Mich.,MAC,2117,Central Michigan Chippewas,Central Michigan,Chippewas,CMU,Mid-American Conference,14,exact
2015-16,21749,Charleston So.,Big South,2127,Charleston Southern Buccaneers,Charleston Southern,Buccaneers,CHSO,Big South Conference,6,exact
2015-16,21906,Charlotte,C-USA,2429,Charlotte 49ers,Charlotte,49ers,CLT,Conference USA,11,exact
2015-16,22011,Chattanooga,SoCon,236,Chattanooga Mocs,Chattanooga,Mocs,UTC,Southern Conference,24,exact
2015-16,21782,Chicago St.,WAC,2130,Chicago State Cougars,Chicago State,Cougars,CHST,Division I Independents,43,exact
2015-16,21783,Cincinnati,AAC,2132,Cincinnati Bearcats,Cincinnati,Bearcats,CIN,American Athletic Conference,62,exact
2015-16,21785,Clemson,ACC,228,Clemson Tigers,Clemson,Tigers,CLEM,Atlantic Coast Conference,2,exact
2015-16,21786,Cleveland St.,Horizon,325,Cleveland State Vikings,Cleveland State,Vikings,CLE,Horizon League,45,exact
2015-16,21787,Coastal Carolina,Sun Belt,324,Coastal Carolina Chanticleers,Coastal Carolina,Chanticleers,CCU,Sun Belt Conference,27,exact
2015-16,22062,Col. of Charleston,CAA,232,Charleston Cougars,Charleston,Cougars,COFC,Colonial Athletic Association,10,dict
2015-16,21788,Colgate,Patriot,2142,Colgate Raiders,Colgate,Raiders,COLG,Patriot League,22,exact
2015-16,21790,Colorado,Pac-12,38,Colorado Buffaloes,Colorado,Buffaloes,COLO,Pac-12 Conference,21,exact
2015-16,21789,Colorado St.,MWC,36,Colorado State Rams,Colorado State,Rams,CSU,Mountain West Conference,44,exact
2015-16,21791,Columbia,Ivy League,171,Columbia Lions,Columbia,Lions,COLU,Ivy League,12,exact
2015-16,21793,Coppin St.,MEAC,2154,Coppin State Eagles,Coppin State,Eagles,COPP,Mid-Eastern Athletic Conference,16,exact
2015-16,21794,Cornell,Ivy League,172,Cornell Big Red,Cornell,Big Red,COR,Ivy League,12,exact
2015-16,21795,Creighton,Big East,156,Creighton Bluejays,Creighton,Bluejays,CREI,Big East Conference,4,exact
2015-16,21796,Dartmouth,Ivy League,159,Dartmouth Big Green,Dartmouth,Big Green,DART,Ivy League,12,exact
2015-16,21797,Davidson,Atlantic 10,2166,Davidson Wildcats,Davidson,Wildcats,DAV,Atlantic 10 Conference,3,exact
2015-16,21798,Dayton,Atlantic 10,2168,Dayton Flyers,Dayton,Flyers,DAY,Atlantic 10 Conference,3,exact
2015-16,21799,DePaul,Big East,305,DePaul Blue Demons,DePaul,Blue Demons,DEP,Big East Conference,4,exact
2015-16,21801,Delaware,CAA,48,Delaware Blue Hens,Delaware,Blue Hens,DEL,Colonial Athletic Association,10,exact
2015-16,21800,Delaware St.,MEAC,2169,Delaware State Hornets,Delaware State,Hornets,DSU,Mid-Eastern Athletic Conference,16,exact
2015-16,21802,Denver,Summit League,2172,Denver Pioneers,Denver,Pioneers,DEN,Summit League,49,exact
2015-16,21803,Detroit Mercy,Horizon,2174,Detroit Mercy Titans,Detroit Mercy,Titans,DETM,Horizon League,45,exact
2015-16,21804,Drake,MVC,2181,Drake Bulldogs,Drake,Bulldogs,DRKE,Missouri Valley Conference,18,exact
2015-16,21805,Drexel,CAA,2182,Drexel Dragons,Drexel,Dragons,DREX,Colonial Athletic Association,10,exact
2015-16,21806,Duke,ACC,150,Duke Blue Devils,Duke,Blue Devils,DUKE,Atlantic Coast Conference,2,exact
2015-16,21807,Duquesne,Atlantic 10,2184,Duquesne Dukes,Duquesne,Dukes,DUQ,Atlantic 10 Conference,3,exact
2015-16,21809,ETSU,SoCon,2193,East Tennessee State Buccaneers,East Tennessee State,Buccaneers,ETSU,Southern Conference,24,exact
2015-16,21808,East Carolina,AAC,151,East Carolina Pirates,East Carolina,Pirates,ECU,American Athletic Conference,62,exact
2015-16,21810,Eastern Ill.,OVC,2197,Eastern Illinois Panthers,Eastern Illinois,Panthers,EIU,Ohio Valley Conference,20,exact
2015-16,21811,Eastern Ky.,OVC,2198,Eastern Kentucky Colonels,Eastern Kentucky,Colonels,EKU,ASUN Conference,46,exact
2015-16,21812,Eastern Mich.,MAC,2199,Eastern Michigan Eagles,Eastern Michigan,Eagles,EMU,Mid-American Conference,14,exact
2015-16,21813,Eastern Wash.,Big Sky,331,Eastern Washington Eagles,Eastern Washington,Eagles,EWU,Big Sky Conference,5,exact
2015-16,22063,Elon,CAA,2210,Elon Phoenix,Elon,Phoenix,ELON,Colonial Athletic Association,10,exact
2015-16,21814,Evansville,MVC,339,Evansville Purple Aces,Evansville,Purple Aces,EVAN,Missouri Valley Conference,18,exact
2015-16,22080,FGCU,ASUN,526,Florida Gulf Coast Eagles,Florida Gulf Coast,Eagles,FGCU,ASUN Conference,46,exact
2015-16,21819,FIU,C-USA,2229,Florida International Panthers,Florida International,Panthers,FIU,Conference USA,11,exact
2015-16,21815,Fairfield,MAAC,2217,Fairfield Stags,Fairfield,Stags,FAIR,Metro Atlantic Athletic Conference,13,exact
2015-16,21816,Fairleigh Dickinson,NEC,161,Fairleigh Dickinson Knights,Fairleigh Dickinson,Knights,FDU,Northeast Conference,19,exact
2015-16,21818,Fla. Atlantic,C-USA,2226,Florida Atlantic Owls,Florida Atlantic,Owls,FAU,Conference USA,11,exact
2015-16,21821,Florida,SEC,57,Florida Gators,Florida,Gators,FLA,Southeastern Conference,23,exact
2015-16,21817,Florida A&M,MEAC,50,Florida A&M Rattlers,Florida A&M,Rattlers,FAMU,Southwestern Athletic Conference,26,exact
2015-16,21820,Florida St.,ACC,52,Florida State Seminoles,Florida State,Seminoles,FSU,Atlantic Coast Conference,2,exact
2015-16,21822,Fordham,Atlantic 10,2230,Fordham Rams,Fordham,Rams,FOR,Atlantic 10 Conference,3,exact
2015-16,21766,Fresno St.,MWC,278,Fresno State Bulldogs,Fresno State,Bulldogs,FRES,Mountain West Conference,44,exact
2015-16,21823,Furman,SoCon,231,Furman Paladins,Furman,Paladins,FUR,Southern Conference,24,exact
2015-16,21827,Ga. Southern,Sun Belt,290,Georgia Southern Eagles,Georgia Southern,Eagles,GASO,Sun Belt Conference,27,exact
2015-16,22064,Gardner-Webb,Big South,2241,Gardner-Webb Runnin' Bulldogs,Gardner-Webb,Runnin' Bulldogs,GWEB,Big South Conference,6,exact
2015-16,21824,George Mason,Atlantic 10,2244,George Mason Patriots,George Mason,Patriots,GMU,Atlantic 10 Conference,3,exact
2015-16,21825,George Washington,Atlantic 10,45,George Washington Revolutionaries,George Washington,Revolutionaries,GW,Atlantic 10 Conference,3,exact
2015-16,21826,Georgetown,Big East,46,Georgetown Hoyas,Georgetown,Hoyas,GTWN,Big East Conference,4,exact
2015-16,21830,Georgia,SEC,61,Georgia Bulldogs,Georgia,Bulldogs,UGA,Southeastern Conference,23,exact
2015-16,21828,Georgia St.,Sun Belt,2247,Georgia State Panthers,Georgia State,Panthers,GAST,Sun Belt Conference,27,exact
2015-16,21829,Georgia Tech,ACC,59,Georgia Tech Yellow Jackets,Georgia Tech,Yellow Jackets,GT,Atlantic Coast Conference,2,exact
2015-16,21831,Gonzaga,WCC,2250,Gonzaga Bulldogs,Gonzaga,Bulldogs,GONZ,West Coast Conference,29,exact
2015-16,21832,Grambling,SWAC,2755,Grambling Tigers,Grambling,Tigers,GRAM,Southwestern Athletic Conference,26,exact
2015-16,22065,Grand Canyon,WAC,2253,Grand Canyon Lopes,Grand Canyon,Lopes,GCU,Western Athletic Conference,30,exact
2015-16,22053,Green Bay,Horizon,2739,Green Bay Phoenix,Green Bay,Phoenix,GB,Horizon League,45,exact
2015-16,21833,Hampton,Big South,2261,Hampton Pirates,Hampton,Pirates,HAMP,Colonial Athletic Association,10,exact
2015-16,21834,Hartford,America East,42,Hartford Hawks,Hartford,Hawks,HART,Division I Independents,43,exact
2015-16,21835,Harvard,Ivy League,108,Harvard Crimson,Harvard,Crimson,HARV,Ivy League,12,exact
2015-16,21836,Hawaii,Big West,62,Hawai'i Rainbow Warriors,Hawai'i,Rainbow Warriors,HAW,Big West Conference,9,dict
2015-16,22077,High Point,Big South,2272,High Point Panthers,High Point,Panthers,HPU,Big South Conference,6,exact
2015-16,21837,Hofstra,CAA,2275,Hofstra Pride,Hofstra,Pride,HOF,Colonial Athletic Association,10,exact
2015-16,21838,Holy Cross,Patriot,107,Holy Cross Crusaders,Holy Cross,Crusaders,HC,Patriot League,22,exact
2015-16,21840,Houston,AAC,248,Houston Cougars,Houston,Cougars,HOU,American Athletic Conference,62,exact
2015-16,21839,Houston Christian,Southland,2277,Houston Christian Huskies,Houston Christian,Huskies,HCU,Southland Conference,25,exact
2015-16,21841,Howard,MEAC,47,Howard Bison,Howard,Bison,HOW,Mid-Eastern Athletic Conference,16,exact
2015-16,22070,IUPUI,Horizon,85,IU Indianapolis Jaguars,IU Indianapolis,Jaguars,IUIN,Horizon League,45,alias
2015-16,21843,Idaho,Big Sky,70,Idaho Vandals,Idaho,Vandals,IDHO,Big Sky Conference,5,exact
2015-16,21842,Idaho St.,Big Sky,304,Idaho State Bengals,Idaho State,Bengals,IDST,Big Sky Conference,5,exact
2015-16,21845,Illinois,Big Ten,356,Illinois Fighting Illini,Illinois,Fighting Illini,ILL,Big Ten Conference,7,exact
2015-16,21844,Illinois St.,MVC,2287,Illinois State Redbirds,Illinois State,Redbirds,ILST,Missouri Valley Conference,18,exact
2015-16,21848,Indiana,Big Ten,84,Indiana Hoosiers,Indiana,Hoosiers,IU,Big Ten Conference,7,exact
2015-16,21847,Indiana St.,MVC,282,Indiana State Sycamores,Indiana State,Sycamores,INST,Missouri Valley Conference,18,exact
2015-16,21850,Iona,MAAC,314,Iona Gaels,Iona,Gaels,IONA,Metro Atlantic Athletic Conference,13,exact
2015-16,21852,Iowa,Big Ten,2294,Iowa Hawkeyes,Iowa,Hawkeyes,IOWA,Big Ten Conference,7,exact
2015-16,21851,Iowa St.,Big 12,66,Iowa State Cyclones,Iowa State,Cyclones,ISU,Big 12 Conference,8,exact
2015-16,21853,Jackson St.,SWAC,2296,Jackson State Tigers,Jackson State,Tigers,JKST,Southwestern Athletic Conference,26,exact
2015-16,21855,Jacksonville,ASUN,294,Jacksonville Dolphins,Jacksonville,Dolphins,JAX,ASUN Conference,46,exact
2015-16,21854,Jacksonville St.,OVC,55,Jacksonville State Gamecocks,Jacksonville State,Gamecocks,JXST,ASUN Conference,46,exact
2015-16,21856,James Madison,CAA,256,James Madison Dukes,James Madison,Dukes,JMU,Sun Belt Conference,27,exact
2015-16,21858,Kansas,Big 12,2305,Kansas Jayhawks,Kansas,Jayhawks,KU,Big 12 Conference,8,exact
2015-16,22071,Kansas City,WAC,140,Kansas City Roos,Kansas City,Roos,KC,Summit League,49,exact
2015-16,21857,Kansas St.,Big 12,2306,Kansas State Wildcats,Kansas State,Wildcats,KSU,Big 12 Conference,8,exact
2015-16,22066,Kennesaw St.,ASUN,338,Kennesaw State Owls,Kennesaw State,Owls,KENN,ASUN Conference,46,exact
2015-16,21859,Kent St.,MAC,2309,Kent State Golden Flashes,Kent State,Golden Flashes,KENT,Mid-American Conference,14,exact
2015-16,21860,Kentucky,SEC,96,Kentucky Wildcats,Kentucky,Wildcats,UK,Southeastern Conference,23,exact
2015-16,21866,LIU,NEC,112358,Long Island University Sharks,Long Island University,Sharks,LIU,Northeast Conference,19,exact
2015-16,21873,LMU (CA),WCC,2351,Loyola Marymount Lions,Loyola Marymount,Lions,LMU,West Coast Conference,29,dict
2015-16,21868,LSU,SEC,99,LSU Tigers,LSU,Tigers,LSU,Southeastern Conference,23,exact
2015-16,21861,La Salle,Atlantic 10,2325,La Salle Explorers,La Salle,Explorers,LAS,Atlantic 10 Conference,3,exact
2015-16,21862,Lafayette,Patriot,322,Lafayette Leopards,Lafayette,Leopards,LAF,Patriot League,22,exact
2015-16,21863,Lamar University,Southland,2320,Lamar Cardinals,Lamar,Cardinals,LAM,Southland Conference,25,dict
2015-16,21864,Lehigh,Patriot,2329,Lehigh Mountain Hawks,Lehigh,Mountain Hawks,LEH,Patriot League,22,exact
2015-16,21865,Liberty,ASUN,2335,Liberty Flames,Liberty,Flames,LIB,ASUN Conference,46,exact
2015-16,22079,Lipscomb,ASUN,288,Lipscomb Bisons,Lipscomb,Bisons,LIP,ASUN Conference,46,exact
2015-16,21745,Little Rock,Sun Belt,2031,Little Rock Trojans,Little Rock,Trojans,LR,Ohio Valley Conference,20,exact
2015-16,21768,Long Beach St.,Big West,299,Long Beach State Beach,Long Beach State,Beach,LBSU,Big West Conference,9,exact
2015-16,21867,Longwood,Big South,2344,Longwood Lancers,Longwood,Lancers,LONG,Big South Conference,6,exact
2015-16,22002,Louisiana,Sun Belt,309,Louisiana Ragin' Cajuns,Louisiana,Ragin' Cajuns,UL,Sun Belt Conference,27,exact
2015-16,21869,Louisiana Tech,C-USA,2348,Louisiana Tech Bulldogs,Louisiana Tech,Bulldogs,LT,Conference USA,11,exact
2015-16,21870,Louisville,ACC,97,Louisville Cardinals,Louisville,Cardinals,LOU,Atlantic Coast Conference,2,exact
2015-16,21874,Loyola Chicago,MVC,2350,Loyola Chicago Ramblers,Loyola Chicago,Ramblers,LUC,Atlantic 10 Conference,3,exact
2015-16,21872,Loyola Maryland,Patriot,2352,Loyola Maryland Greyhounds,Loyola Maryland,Greyhounds,L-MD,Patriot League,22,exact
2015-16,21875,Maine,America East,311,Maine Black Bears,Maine,Black Bears,ME,America East Conference,1,exact
2015-16,21876,Manhattan,MAAC,2363,Manhattan Jaspers,Manhattan,Jaspers,MAN,Metro Atlantic Athletic Conference,13,exact
2015-16,21877,Marist,MAAC,2368,Marist Red Foxes,Marist,Red Foxes,MRST,Metro Atlantic Athletic Conference,13,exact
2015-16,21878,Marquette,Big East,269,Marquette Golden Eagles,Marquette,Golden Eagles,MARQ,Big East Conference,4,exact
2015-16,21879,Marshall,C-USA,276,Marshall Thundering Herd,Marshall,Thundering Herd,MRSH,Sun Belt Conference,27,exact
2015-16,21881,Maryland,Big Ten,120,Maryland Terrapins,Maryland,Terrapins,MD,Big Ten Conference,7,exact
2015-16,21883,Massachusetts,Atlantic 10,113,Massachusetts Minutemen,Massachusetts,Minutemen,MASS,Atlantic 10 Conference,3,exact
2015-16,21884,McNeese,Southland,2377,McNeese Cowboys,McNeese,Cowboys,MCN,Southland Conference,25,exact
2015-16,21885,Memphis,AAC,235,Memphis Tigers,Memphis,Tigers,MEM,American Athletic Conference,62,exact
2015-16,21886,Mercer,SoCon,2382,Mercer Bears,Mercer,Bears,MER,Southern Conference,24,exact
2015-16,21888,Miami (FL),ACC,2390,Miami Hurricanes,Miami,Hurricanes,MIA,Atlantic Coast Conference,2,dict
2015-16,21887,Miami (OH),MAC,193,Miami (OH) RedHawks,Miami (OH),RedHawks,M-OH,Mid-American Conference,14,exact
2015-16,21890,Michigan,Big Ten,130,Michigan Wolverines,Michigan,Wolverines,MICH,Big Ten Conference,7,exact
2015-16,21889,Michigan St.,Big Ten,127,Michigan State Spartans,Michigan State,Spartans,MSU,Big Ten Conference,7,exact
2015-16,21891,Middle Tenn.,C-USA,2393,Middle Tennessee Blue Raiders,Middle Tennessee,Blue Raiders,MTSU,Conference USA,11,exact
2015-16,22055,Milwaukee,Horizon,270,Milwaukee Panthers,Milwaukee,Panthers,MILW,Horizon League,45,exact
2015-16,21892,Minnesota,Big Ten,135,Minnesota Golden Gophers,Minnesota,Golden Gophers,MINN,Big Ten Conference,7,exact
2015-16,21893,Mississippi St.,SEC,344,Mississippi State Bulldogs,Mississippi State,Bulldogs,MSST,Southeastern Conference,23,exact
2015-16,21894,Mississippi Val.,SWAC,2400,Mississippi Valley State Delta Devils,Mississippi Valley State,Delta Devils,MVSU,Southwestern Athletic Conference,26,dict
2015-16,21896,Missouri,SEC,142,Missouri Tigers,Missouri,Tigers,MIZ,Southeastern Conference,23,exact
2015-16,22000,Missouri St.,MVC,2623,Missouri State Bears,Missouri State,Bears,MOST,Missouri Valley Conference,18,exact
2015-16,21897,Monmouth,MAAC,2405,Monmouth Hawks,Monmouth,Hawks,MONM,Colonial Athletic Association,10,exact
2015-16,21899,Montana,Big Sky,149,Montana Grizzlies,Montana,Grizzlies,MONT,Big Sky Conference,5,exact
2015-16,21898,Montana St.,Big Sky,147,Montana State Bobcats,Montana State,Bobcats,MTST,Big Sky Conference,5,exact
2015-16,21900,Morehead St.,OVC,2413,Morehead State Eagles,Morehead State,Eagles,MORE,Ohio Valley Conference,20,exact
2015-16,21901,Morgan St.,MEAC,2415,Morgan State Bears,Morgan State,Bears,MORG,Mid-Eastern Athletic Conference,16,exact
2015-16,21902,Mount St. Mary's,NEC,116,Mount St. Mary's Mountaineers,Mount St. Mary's,Mountaineers,MSM,Metro Atlantic Athletic Conference,13,exact
2015-16,21903,Murray St.,OVC,93,Murray State Racers,Murray State,Racers,MUR,Missouri Valley Conference,18,exact
2015-16,21921,N.C. A&T,MEAC,2448,North Carolina A&T Aggies,North Carolina A&T,Aggies,NCAT,Colonial Athletic Association,10,exact
2015-16,21922,N.C. Central,MEAC,2428,North Carolina Central Eagles,North Carolina Central,Eagles,NCCU,Mid-Eastern Athletic Conference,16,exact
2015-16,21923,NC State,ACC,152,NC State Wolfpack,NC State,Wolfpack,NCSU,Atlantic Coast Conference,2,exact
2015-16,21931,NIU,MAC,2459,Northern Illinois Huskies,Northern Illinois,Huskies,NIU,Mid-American Conference,14,exact
2015-16,21914,NJIT,ASUN,2885,NJIT Highlanders,NJIT,Highlanders,NJIT,America East Conference,1,exact
2015-16,22029,Navy,Patriot,2426,Navy Midshipmen,Navy,Midshipmen,NAVY,Patriot League,22,exact
2015-16,21909,Nebraska,Big Ten,158,Nebraska Cornhuskers,Nebraska,Cornhuskers,NEB,Big Ten Conference,7,exact
2015-16,21912,Nevada,MWC,2440,Nevada Wolf Pack,Nevada,Wolf Pack,NEV,Mountain West Conference,44,exact
2015-16,21913,New Hampshire,America East,160,New Hampshire Wildcats,New Hampshire,Wildcats,UNH,America East Conference,1,exact
2015-16,21916,New Mexico,MWC,167,New Mexico Lobos,New Mexico,Lobos,UNM,Mountain West Conference,44,exact
2015-16,21915,New Mexico St.,WAC,166,New Mexico State Aggies,New Mexico State,Aggies,NMSU,Western Athletic Conference,30,exact
2015-16,21917,New Orleans,Southland,2443,LSU New Orleans Privateers,LSU New Orleans,Privateers,NOLA,Southland Conference,25,exact
2015-16,21918,Niagara,MAAC,315,Niagara Purple Eagles,Niagara,Purple Eagles,NIA,Metro Atlantic Athletic Conference,13,exact
2015-16,21919,Nicholls,Southland,2447,Nicholls Colonels,Nicholls,Colonels,NICH,Southland Conference,25,exact
2015-16,21920,Norfolk St.,MEAC,2450,Norfolk State Spartans,Norfolk State,Spartans,NORF,Mid-Eastern Athletic Conference,16,exact
2015-16,21905,North Carolina,ACC,153,North Carolina Tar Heels,North Carolina,Tar Heels,UNC,Atlantic Coast Conference,2,exact
2015-16,21925,North Dakota,Summit League,155,North Dakota Fighting Hawks,North Dakota,Fighting Hawks,UND,Summit League,49,exact
2015-16,21924,North Dakota St.,Summit League,2449,North Dakota State Bison,North Dakota State,Bison,NDSU,Summit League,49,exact
2015-16,22072,North Florida,ASUN,2454,North Florida Ospreys,North Florida,Ospreys,UNF,ASUN Conference,46,exact
2015-16,21926,North Texas,C-USA,249,North Texas Mean Green,North Texas,Mean Green,UNT,Conference USA,11,exact
2015-16,21928,Northeastern,CAA,111,Northeastern Huskies,Northeastern,Huskies,NE,Colonial Athletic Association,10,exact
2015-16,21929,Northern Ariz.,Big Sky,2464,Northern Arizona Lumberjacks,Northern Arizona,Lumberjacks,NAU,Big Sky Conference,5,exact
2015-16,21930,Northern Colo.,Big Sky,2458,Northern Colorado Bears,Northern Colorado,Bears,UNCO,Big Sky Conference,5,exact
2015-16,21933,Northern Ky.,Horizon,94,Northern Kentucky Norse,Northern Kentucky,Norse,NKU,Horizon League,45,exact
2015-16,21935,Northwestern,Big Ten,77,Northwestern Wildcats,Northwestern,Wildcats,NU,Big Ten Conference,7,exact
2015-16,21934,Northwestern St.,Southland,2466,Northwestern State Demons,Northwestern State,Demons,NWST,Southland Conference,25,exact
2015-16,21936,Notre Dame,ACC,87,Notre Dame Fighting Irish,Notre Dame,Fighting Irish,ND,Atlantic Coast Conference,2,exact
2015-16,21937,Oakland,Horizon,2473,Oakland Golden Grizzlies,Oakland,Golden Grizzlies,OAK,Horizon League,45,exact
2015-16,21939,Ohio,MAC,195,Ohio Bobcats,Ohio,Bobcats,OHIO,Mid-American Conference,14,exact
2015-16,21938,Ohio St.,Big Ten,194,Ohio State Buckeyes,Ohio State,Buckeyes,OSU,Big Ten Conference,7,exact
2015-16,21941,Oklahoma,Big 12,201,Oklahoma Sooners,Oklahoma,Sooners,OU,Big 12 Conference,8,exact
2015-16,21940,Oklahoma St.,Big 12,197,Oklahoma State Cowboys,Oklahoma State,Cowboys,OKST,Big 12 Conference,8,exact
2015-16,21942,Old Dominion,C-USA,295,Old Dominion Monarchs,Old Dominion,Monarchs,ODU,Sun Belt Conference,27,exact
2015-16,21895,Ole Miss,SEC,145,Ole Miss Rebels,Ole Miss,Rebels,MISS,Southeastern Conference,23,exact
2015-16,21910,Omaha,Summit League,2437,Omaha Mavericks,Omaha,Mavericks,OMA,Summit League,49,exact
2015-16,21943,Oral Roberts,Summit League,198,Oral Roberts Golden Eagles,Oral Roberts,Golden Eagles,ORU,Summit League,49,exact
2015-16,21945,Oregon,Pac-12,2483,Oregon Ducks,Oregon,Ducks,ORE,Pac-12 Conference,21,exact
2015-16,21944,Oregon St.,Pac-12,204,Oregon State Beavers,Oregon State,Beavers,ORST,Pac-12 Conference,21,exact
2015-16,21946,Pacific,WCC,279,Pacific Tigers,Pacific,Tigers,PAC,West Coast Conference,29,exact
2015-16,21949,Penn,Ivy League,219,Pennsylvania Quakers,Pennsylvania,Quakers,PENN,Ivy League,12,exact
2015-16,21948,Penn St.,Big Ten,213,Penn State Nittany Lions,Penn State,Nittany Lions,PSU,Big Ten Conference,7,exact
2015-16,21950,Pepperdine,WCC,2492,Pepperdine Waves,Pepperdine,Waves,PEPP,West Coast Conference,29,exact
2015-16,21951,Pittsburgh,ACC,221,Pittsburgh Panthers,Pittsburgh,Panthers,PITT,Atlantic Coast Conference,2,exact
2015-16,21953,Portland,WCC,2501,Portland Pilots,Portland,Pilots,PORT,West Coast Conference,29,exact
2015-16,21952,Portland St.,Big Sky,2502,Portland State Vikings,Portland State,Vikings,PRST,Big Sky Conference,5,exact
2015-16,21954,Prairie View,SWAC,2504,Prairie View A&M Panthers,Prairie View A&M,Panthers,PV,Southwestern Athletic Conference,26,exact
2015-16,22067,Presbyterian,Big South,2506,Presbyterian Blue Hose,Presbyterian,Blue Hose,PRES,Big South Conference,6,exact
2015-16,21955,Princeton,Ivy League,163,Princeton Tigers,Princeton,Tigers,PRIN,Ivy League,12,exact
2015-16,21956,Providence,Big East,2507,Providence Friars,Providence,Friars,PROV,Big East Conference,4,exact
2015-16,21957,Purdue,Big Ten,2509,Purdue Boilermakers,Purdue,Boilermakers,PUR,Big Ten Conference,7,exact
2015-16,21849,Purdue Fort Wayne,Summit League,2870,Purdue Fort Wayne Mastodons,Purdue Fort Wayne,Mastodons,PFW,Horizon League,45,exact
2015-16,21958,Quinnipiac,MAAC,2514,Quinnipiac Bobcats,Quinnipiac,Bobcats,QUIN,Metro Atlantic Athletic Conference,13,exact
2015-16,21959,Radford,Big South,2515,Radford Highlanders,Radford,Highlanders,RAD,Big South Conference,6,exact
2015-16,21960,Rhode Island,Atlantic 10,227,Rhode Island Rams,Rhode Island,Rams,URI,Atlantic 10 Conference,3,exact
2015-16,21961,Rice,C-USA,242,Rice Owls,Rice,Owls,RICE,Conference USA,11,exact
2015-16,21962,Richmond,Atlantic 10,257,Richmond Spiders,Richmond,Spiders,RICH,Atlantic 10 Conference,3,exact
2015-16,21963,Rider,MAAC,2520,Rider Broncs,Rider,Broncs,RID,Metro Atlantic Athletic Conference,13,exact
2015-16,21964,Robert Morris,NEC,2523,Robert Morris Colonials,Robert Morris,Colonials,RMU,Horizon League,45,exact
2015-16,21965,Rutgers,Big Ten,164,Rutgers Scarlet Knights,Rutgers,Scarlet Knights,RUTG,Big Ten Conference,7,exact
2015-16,22004,SFA,Southland,2617,Stephen F. Austin Lumberjacks,Stephen F. Austin,Lumberjacks,SFA,Western Athletic Conference,30,exact
2015-16,21995,SIUE,OVC,2565,SIU Edwardsville Cougars,SIU Edwardsville,Cougars,SIUE,Ohio Valley Conference,20,exact
2015-16,21996,SMU,AAC,2567,SMU Mustangs,SMU,Mustangs,SMU,American Athletic Conference,62,exact
2015-16,21770,Sacramento St.,Big Sky,16,Sacramento State Hornets,Sacramento State,Hornets,SAC,Big Sky Conference,5,exact
2015-16,21966,Sacred Heart,NEC,2529,Sacred Heart Pioneers,Sacred Heart,Pioneers,SHU,Northeast Conference,19,exact
2015-16,21969,Saint Francis (PA),NEC,2598,St. Francis (PA) Red Flash,St. Francis (PA),Red Flash,SFPA,Northeast Conference,19,exact
2015-16,21971,Saint Joseph's,Atlantic 10,2603,Saint Joseph's Hawks,Saint Joseph's,Hawks,JOES,Atlantic 10 Conference,3,exact
2015-16,21972,Saint Louis,Atlantic 10,139,Saint Louis Billikens,Saint Louis,Billikens,SLU,Atlantic 10 Conference,3,exact
2015-16,21973,Saint Mary's (CA),WCC,2608,Saint Mary's Gaels,Saint Mary's,Gaels,SMC,West Coast Conference,29,dict
2015-16,21974,Saint Peter's,MAAC,2612,Saint Peter's Peacocks,Saint Peter's,Peacocks,SPU,Metro Atlantic Athletic Conference,13,exact
2015-16,21975,Sam Houston,Southland,2534,Sam Houston Bearkats,Sam Houston,Bearkats,SHSU,Western Athletic Conference,30,exact
2015-16,21976,Samford,SoCon,2535,Samford Bulldogs,Samford,Bulldogs,SAM,Southern Conference,24,exact
2015-16,21978,San Diego,WCC,301,San Diego Toreros,San Diego,Toreros,USD,West Coast Conference,29,exact
2015-16,21977,San Diego St.,MWC,21,San Diego State Aztecs,San Diego State,Aztecs,SDSU,Mountain West Conference,44,exact
2015-16,21979,San Francisco,WCC,2539,San Francisco Dons,San Francisco,Dons,SF,West Coast Conference,29,exact
2015-16,21980,San Jose St.,MWC,23,San José State Spartans,San José State,Spartans,SJSU,Mountain West Conference,44,dict
2015-16,21981,Santa Clara,WCC,2541,Santa Clara Broncos,Santa Clara,Broncos,SCU,West Coast Conference,29,exact
2015-16,21982,Savannah St.,MEAC,2542,Savannah State Tigers,Savannah State,Tigers,SAV,,,alias
2015-16,22068,Seattle U,WAC,2547,Seattle U Redhawks,Seattle U,Redhawks,SEA,Western Athletic Conference,30,exact
2015-16,21983,Seton Hall,Big East,2550,Seton Hall Pirates,Seton Hall,Pirates,HALL,Big East Conference,4,exact
2015-16,21984,Siena,MAAC,2561,Siena Saints,Siena,Saints,SIE,Metro Atlantic Athletic Conference,13,exact
2015-16,21985,South Alabama,Sun Belt,6,South Alabama Jaguars,South Alabama,Jaguars,USA,Sun Belt Conference,27,exact
2015-16,21987,South Carolina,SEC,2579,South Carolina Gamecocks,South Carolina,Gamecocks,SC,Southeastern Conference,23,exact
2015-16,21986,South Carolina St.,MEAC,2569,South Carolina State Bulldogs,South Carolina State,Bulldogs,SCST,Mid-Eastern Athletic Conference,16,exact
2015-16,21989,South Dakota,Summit League,233,South Dakota Coyotes,South Dakota,Coyotes,SDAK,Summit League,49,exact
2015-16,21988,South Dakota St.,Summit League,2571,South Dakota State Jackrabbits,South Dakota State,Jackrabbits,SDST,Summit League,49,exact
2015-16,21990,South Fla.,AAC,58,South Florida Bulls,South Florida,Bulls,USF,American Athletic Conference,62,exact
2015-16,21991,Southeast Mo. St.,OVC,2546,Southeast Missouri State Redhawks,Southeast Missouri State,Redhawks,SEMO,Ohio Valley Conference,20,exact
2015-16,21992,Southeastern La.,Southland,2545,SE Louisiana Lions,SE Louisiana,Lions,SELA,Southland Conference,25,dict
2015-16,21993,Southern California,Pac-12,30,USC Trojans,USC,Trojans,USC,Pac-12 Conference,21,dict
2015-16,21994,Southern Ill.,MVC,79,Southern Illinois Salukis,Southern Illinois,Salukis,SIU,Missouri Valley Conference,18,exact
2015-16,21997,Southern Miss.,C-USA,2572,Southern Miss Golden Eagles,Southern Miss,Golden Eagles,USM,Sun Belt Conference,27,dict
2015-16,21998,Southern U.,SWAC,2582,Southern Jaguars,Southern,Jaguars,SOU,Southwestern Athletic Conference,26,dict
2015-16,21999,Southern Utah,Big Sky,253,Southern Utah Thunderbirds,Southern Utah,Thunderbirds,SUU,Western Athletic Conference,30,exact
2015-16,21967,St. Bonaventure,Atlantic 10,179,St. Bonaventure Bonnies,St. Bonaventure,Bonnies,SBU,Atlantic 10 Conference,3,exact
2015-16,21968,St. Francis Brooklyn,NEC,2597,St. Francis Brooklyn Terriers,St. Francis Brooklyn,Terriers,SFNY,Northeast Conference,19,exact
2015-16,21970,St. John's (NY),Big East,2599,St. John's Red Storm,St. John's,Red Storm,SJU,Big East Conference,4,dict
2015-16,22003,Stanford,Pac-12,24,Stanford Cardinal,Stanford,Cardinal,STAN,Pac-12 Conference,21,exact
2015-16,22005,Stetson,ASUN,56,Stetson Hatters,Stetson,Hatters,STET,ASUN Conference,46,exact
2015-16,22006,Stony Brook,America East,2619,Stony Brook Seawolves,Stony Brook,Seawolves,STBK,Colonial Athletic Association,10,exact
2015-16,22007,Syracuse,ACC,183,Syracuse Orange,Syracuse,Orange,SYR,Atlantic Coast Conference,2,exact
2015-16,22015,TCU,Big 12,2628,TCU Horned Frogs,TCU,Horned Frogs,TCU,Big 12 Conference,8,exact
2015-16,22008,Temple,AAC,218,Temple Owls,Temple,Owls,TEM,American Athletic Conference,62,exact
2015-16,22012,Tennessee,SEC,2633,Tennessee Volunteers,Tennessee,Volunteers,TENN,Southeastern Conference,23,exact
2015-16,22009,Tennessee St.,OVC,2634,Tennessee State Tigers,Tennessee State,Tigers,TNST,Ohio Valley Conference,20,exact
2015-16,22010,Tennessee Tech,OVC,2635,Tennessee Tech Golden Eagles,Tennessee Tech,Golden Eagles,TNTC,Ohio Valley Conference,20,exact
2015-16,22019,Texas,Big 12,251,Texas Longhorns,Texas,Longhorns,TEX,Big 12 Conference,8,exact
2015-16,22014,Texas A&M,SEC,245,Texas A&M Aggies,Texas A&M,Aggies,TA&M,Southeastern Conference,23,exact
2015-16,22016,Texas Southern,SWAC,2640,Texas Southern Tigers,Texas Southern,Tigers,TXSO,Southwestern Athletic Conference,26,exact
2015-16,22001,Texas St.,Sun Belt,326,Texas State Bobcats,Texas State,Bobcats,TXST,Sun Belt Conference,27,exact
2015-16,22017,Texas Tech,Big 12,2641,Texas Tech Red Raiders,Texas Tech,Red Raiders,TTU,Big 12 Conference,8,exact
2015-16,21784,The Citadel,SoCon,2643,The Citadel Bulldogs,The Citadel,Bulldogs,CIT,Southern Conference,24,exact
2015-16,22022,Toledo,MAC,2649,Toledo Rockets,Toledo,Rockets,TOL,Mid-American Conference,14,exact
2015-16,22023,Towson,CAA,119,Towson Tigers,Towson,Tigers,TOW,Colonial Athletic Association,10,exact
2015-16,22024,Troy,Sun Belt,2653,Troy Trojans,Troy,Trojans,TROY,Sun Belt Conference,27,exact
2015-16,22025,Tulane,AAC,2655,Tulane Green Wave,Tulane,Green Wave,TULN,American Athletic Conference,62,exact
2015-16,22026,Tulsa,AAC,202,Tulsa Golden Hurricane,Tulsa,Golden Hurricane,TLSA,American Athletic Conference,62,exact
2015-16,21736,UAB,C-USA,5,UAB Blazers,UAB,Blazers,UAB,Conference USA,11,exact
2015-16,21737,UAlbany,America East,399,UAlbany Great Danes,UAlbany,Great Danes,UALB,America East Conference,1,exact
2015-16,21773,UC Davis,Big West,302,UC Davis Aggies,UC Davis,Aggies,UCD,Big West Conference,9,exact
2015-16,21774,UC Irvine,Big West,300,UC Irvine Anteaters,UC Irvine,Anteaters,UCI,Big West Conference,9,exact
2015-16,21776,UC Riverside,Big West,27,UC Riverside Highlanders,UC Riverside,Highlanders,UCR,Big West Conference,9,exact
2015-16,21771,UC Santa Barbara,Big West,2540,UC Santa Barbara Gauchos,UC Santa Barbara,Gauchos,UCSB,Big West Conference,9,exact
2015-16,21780,UCF,AAC,2116,UCF Knights,UCF,Knights,UCF,American Athletic Conference,62,exact
2015-16,21775,UCLA,Pac-12,26,UCLA Bruins,UCLA,Bruins,UCLA,Pac-12 Conference,21,exact
2015-16,21792,UConn,AAC,41,UConn Huskies,UConn,Huskies,CONN,Big East Conference,4,exact
2015-16,21846,UIC,Horizon,82,UIC Flames,UIC,Flames,UIC,Missouri Valley Conference,18,exact
2015-16,22073,UIW,Southland,2916,Incarnate Word Cardinals,Incarnate Word,Cardinals,UIW,Southland Conference,25,exact
2015-16,21927,ULM,Sun Belt,2433,UL Monroe Warhawks,UL Monroe,Warhawks,ULM,Sun Belt Conference,27,exact
2015-16,21880,UMBC,America East,2378,UMBC Retrievers,UMBC,Retrievers,UMBC,America East Conference,1,exact
2015-16,21882,UMES,MEAC,2379,Maryland Eastern Shore Hawks,Maryland Eastern Shore,Hawks,UMES,Mid-Eastern Athletic Conference,16,exact
2015-16,21871,UMass Lowell,America East,2349,UMass Lowell River Hawks,UMass Lowell,River Hawks,UML,America East Conference,1,exact
2015-16,21904,UNC Asheville,Big South,2427,UNC Asheville Bulldogs,UNC Asheville,Bulldogs,UNCA,Big South Conference,6,exact
2015-16,21907,UNC Greensboro,SoCon,2430,UNC Greensboro Spartans,UNC Greensboro,Spartans,UNCG,Southern Conference,24,exact
2015-16,21908,UNCW,CAA,350,UNC Wilmington Seahawks,UNC Wilmington,Seahawks,UNCW,Colonial Athletic Association,10,exact
2015-16,21932,UNI,MVC,2460,Northern Iowa Panthers,Northern Iowa,Panthers,UNI,Missouri Valley Conference,18,exact
2015-16,21911,UNLV,MWC,2439,UNLV Rebels,UNLV,Rebels,UNLV,Mountain West Conference,44,exact
2015-16,22075,USC Upstate,Big South,2908,South Carolina Upstate Spartans,South Carolina Upstate,Spartans,UPST,Big South Conference,6,dict
2015-16,22018,UT Arlington,Sun Belt,250,UT Arlington Mavericks,UT Arlington,Mavericks,UTA,Western Athletic Conference,30,exact
2015-16,22013,UT Martin,OVC,2630,UT Martin Skyhawks,UT Martin,Skyhawks,UTM,Ohio Valley Conference,20,exact
2015-16,22020,UTEP,C-USA,2638,UTEP Miners,UTEP,Miners,UTEP,Conference USA,11,exact
2015-16,21947,UTRGV,WAC,292,UT Rio Grande Valley Vaqueros,UT Rio Grande Valley,Vaqueros,RGV,Western Athletic Conference,30,dict
2015-16,22021,UTSA,C-USA,2636,UTSA Roadrunners,UTSA,Roadrunners,UTSA,Conference USA,11,exact
2015-16,22031,Utah,Pac-12,254,Utah Utes,Utah,Utes,UTAH,Pac-12 Conference,21,exact
2015-16,22030,Utah St.,MWC,328,Utah State Aggies,Utah State,Aggies,USU,Mountain West Conference,44,exact
2015-16,22081,Utah Valley,WAC,3084,Utah Valley Wolverines,Utah Valley,Wolverines,UVU,Western Athletic Conference,30,exact
2015-16,22036,VCU,Atlantic 10,2670,VCU Rams,VCU,Rams,VCU,Atlantic 10 Conference,3,exact
2015-16,22037,VMI,SoCon,2678,VMI Keydets,VMI,Keydets,VMI,Southern Conference,24,exact
2015-16,22032,Valparaiso,MVC,2674,Valparaiso Beacons,Valparaiso,Beacons,VAL,Missouri Valley Conference,18,exact
2015-16,22033,Vanderbilt,SEC,238,Vanderbilt Commodores,Vanderbilt,Commodores,VAN,Southeastern Conference,23,exact
2015-16,22034,Vermont,America East,261,Vermont Catamounts,Vermont,Catamounts,UVM,America East Conference,1,exact
2015-16,22035,Villanova,Big East,222,Villanova Wildcats,Villanova,Wildcats,VILL,Big East Conference,4,exact
2015-16,22039,Virginia,ACC,258,Virginia Cavaliers,Virginia,Cavaliers,UVA,Atlantic Coast Conference,2,exact
2015-16,22038,Virginia Tech,ACC,259,Virginia Tech Hokies,Virginia Tech,Hokies,VT,Atlantic Coast Conference,2,exact
2015-16,22040,Wagner,NEC,2681,Wagner Seahawks,Wagner,Seahawks,WAG,Northeast Conference,19,exact
2015-16,22041,Wake Forest,ACC,154,Wake Forest Demon Deacons,Wake Forest,Demon Deacons,WAKE,Atlantic Coast Conference,2,exact
2015-16,22043,Washington,Pac-12,264,Washington Huskies,Washington,Huskies,WASH,Pac-12 Conference,21,exact
2015-16,22042,Washington St.,Pac-12,265,Washington State Cougars,Washington State,Cougars,WSU,Pac-12 Conference,21,exact
2015-16,22044,Weber St.,Big Sky,2692,Weber State Wildcats,Weber State,Wildcats,WEB,Big Sky Conference,5,exact
2015-16,22045,West Virginia,Big 12,277,West Virginia Mountaineers,West Virginia,Mountaineers,WVU,Big 12 Conference,8,exact
2015-16,22046,Western Caro.,SoCon,2717,Western Carolina Catamounts,Western Carolina,Catamounts,WCU,Southern Conference,24,exact
2015-16,22047,Western Ill.,Summit League,2710,Western Illinois Leathernecks,Western Illinois,Leathernecks,WIU,Summit League,49,exact
2015-16,22048,Western Ky.,C-USA,98,Western Kentucky Hilltoppers,Western Kentucky,Hilltoppers,WKU,Conference USA,11,exact
2015-16,22049,Western Mich.,MAC,2711,Western Michigan Broncos,Western Michigan,Broncos,WMU,Mid-American Conference,14,exact
2015-16,22050,Wichita St.,AAC,2724,Wichita State Shockers,Wichita State,Shockers,WICH,American Athletic Conference,62,exact
2015-16,22051,William & Mary,CAA,2729,William & Mary Tribe,William & Mary,Tribe,W&M,Colonial Athletic Association,10,exact
2015-16,22052,Winthrop,Big South,2737,Winthrop Eagles,Winthrop,Eagles,WIN,Big South Conference,6,exact
2015-16,22054,Wisconsin,Big Ten,275,Wisconsin Badgers,Wisconsin,Badgers,WIS,Big Ten Conference,7,exact
2015-16,22074,Wofford,SoCon,2747,Wofford Terriers,Wofford,Terriers,WOF,Southern Conference,24,exact
2015-16,22056,Wright St.,Horizon,2750,Wright State Raiders,Wright State,Raiders,WRST,Horizon League,45,exact
2015-16,22057,Wyoming,MWC,2751,Wyoming Cowboys,Wyoming,Cowboys,WYO,Mountain West Conference,44,exact
2015-16,22058,Xavier,Big East,2752,Xavier Musketeers,Xavier,Musketeers,XAV,Big East Conference,4,exact
2015-16,22059,Yale,Ivy League,43,Yale Bulldogs,Yale,Bulldogs,YALE,Ivy League,12,exact
2015-16,22060,Youngstown St.,Horizon,2754,Youngstown State Penguins,Youngstown State,Penguins,YSU,Horizon League,45,exact
2016-17,42723,A&M-Corpus Christi,Southland,357,Texas A&M-Corpus Christi Islanders,Texas A&M-Corpus Christi,Islanders,AMCC,Southland Conference,25,dict
2016-17,42376,Abilene Christian,Southland,2000,Abilene Christian Wildcats,Abilene Christian,Wildcats,ACU,Western Athletic Conference,30,exact
2016-17,42672,Air Force,MWC,2005,Air Force Falcons,Air Force,Falcons,AF,Mountain West Conference,44,exact
2016-17,42377,Akron,MAC,2006,Akron Zips,Akron,Zips,AKR,Mid-American Conference,14,exact
2016-17,42380,Alabama,SEC,333,Alabama Crimson Tide,Alabama,Crimson Tide,ALA,Southeastern Conference,23,exact
2016-17,42378,Alabama A&M,SWAC,2010,Alabama A&M Bulldogs,Alabama A&M,Bulldogs,AAMU,Southwestern Athletic Conference,26,exact
2016-17,42379,Alabama St.,SWAC,2011,Alabama State Hornets,Alabama State,Hornets,ALST,Southwestern Athletic Conference,26,exact
2016-17,42383,Alcorn,SWAC,2016,Alcorn State Braves,Alcorn State,Braves,ALCN,Southwestern Athletic Conference,26,dict
2016-17,42384,American,Patriot,44,American University Eagles,American University,Eagles,AMER,Patriot League,22,exact
2016-17,42385,App State,Sun Belt,2026,App State Mountaineers,App State,Mountaineers,APP,Sun Belt Conference,27,exact
2016-17,42387,Arizona,Pac-12,12,Arizona Wildcats,Arizona,Wildcats,ARIZ,Pac-12 Conference,21,exact
2016-17,42386,Arizona St.,Pac-12,9,Arizona State Sun Devils,Arizona State,Sun Devils,ASU,Pac-12 Conference,21,exact
2016-17,42714,Ark.-Pine Bluff,SWAC,2029,Arkansas-Pine Bluff Golden Lions,Arkansas-Pine Bluff,Golden Lions,UAPB,Southwestern Athletic Conference,26,dict
2016-17,42389,Arkansas,SEC,8,Arkansas Razorbacks,Arkansas,Razorbacks,ARK,Southeastern Conference,23,exact
2016-17,42388,Arkansas St.,Sun Belt,2032,Arkansas State Red Wolves,Arkansas State,Red Wolves,ARST,Sun Belt Conference,27,exact
2016-17,42673,Army West Point,Patriot,349,Army Black Knights,Army,Black Knights,ARMY,Patriot League,22,dict
2016-17,42391,Auburn,SEC,2,Auburn Tigers,Auburn,Tigers,AUB,Southeastern Conference,23,exact
2016-17,42392,Austin Peay,OVC,2046,Austin Peay Governors,Austin Peay,Governors,APSU,ASUN Conference,46,exact
2016-17,42403,BYU,WCC,252,BYU Cougars,BYU,Cougars,BYU,West Coast Conference,29,exact
2016-17,42393,Ball St.,MAC,2050,Ball State Cardinals,Ball State,Cardinals,BALL,Mid-American Conference,14,exact
2016-17,42395,Baylor,Big 12,239,Baylor Bears,Baylor,Bears,BAY,Big 12 Conference,8,exact
2016-17,42721,Belmont,OVC,2057,Belmont Bruins,Belmont,Bruins,BEL,Missouri Valley Conference,18,exact
2016-17,42396,Bethune-Cookman,MEAC,2065,Bethune-Cookman Wildcats,Bethune-Cookman,Wildcats,BCU,Southwestern Athletic Conference,26,exact
2016-17,42397,Binghamton,America East,2066,Binghamton Bearcats,Binghamton,Bearcats,BING,America East Conference,1,exact
2016-17,42398,Boise St.,MWC,68,Boise State Broncos,Boise State,Broncos,BOIS,Mountain West Conference,44,exact
2016-17,42399,Boston College,ACC,103,Boston College Eagles,Boston College,Eagles,BC,Atlantic Coast Conference,2,exact
2016-17,42400,Boston U.,Patriot,104,Boston University Terriers,Boston University,Terriers,BU,Patriot League,22,exact
2016-17,42401,Bowling Green,MAC,189,Bowling Green Falcons,Bowling Green,Falcons,BGSU,Mid-American Conference,14,exact
2016-17,42402,Bradley,MVC,71,Bradley Braves,Bradley,Braves,BRAD,Missouri Valley Conference,18,exact
2016-17,42404,Brown,Ivy League,225,Brown Bears,Brown,Bears,BRWN,Ivy League,12,exact
2016-17,42405,Bryant,NEC,2803,Bryant Bulldogs,Bryant,Bulldogs,BRY,America East Conference,1,exact
2016-17,42406,Bucknell,Patriot,2083,Bucknell Bison,Bucknell,Bison,BUCK,Patriot League,22,exact
2016-17,42407,Buffalo,MAC,2084,Buffalo Bulls,Buffalo,Bulls,BUF,Mid-American Conference,14,exact
2016-17,42408,Butler,Big East,2086,Butler Bulldogs,Butler,Bulldogs,BTLR,Big East Conference,4,exact
2016-17,42410,CSU Bakersfield,WAC,2934,Cal State Bakersfield Roadrunners,Cal State Bakersfield,Roadrunners,CSUB,Big West Conference,9,alias
2016-17,42414,CSUN,Big West,2463,Cal State Northridge Matadors,Cal State Northridge,Matadors,CSUN,Big West Conference,9,exact
2016-17,42409,Cal Poly,Big West,13,Cal Poly Mustangs,Cal Poly,Mustangs,CP,Big West Conference,9,exact
2016-17,42412,Cal St. Fullerton,Big West,2239,Cal State Fullerton Titans,Cal State Fullerton,Titans,CSUF,Big West Conference,9,exact
2016-17,42417,California,Pac-12,25,California Golden Bears,California,Golden Bears,CAL,Pac-12 Conference,21,exact
2016-17,42422,Campbell,Big South,2097,Campbell Fighting Camels,Campbell,Fighting Camels,CAM,Big South Conference,6,exact
2016-17,42423,Canisius,MAAC,2099,Canisius Golden Griffins,Canisius,Golden Griffins,CAN,Metro Atlantic Athletic Conference,13,exact
2016-17,42706,Central Ark.,Southland,2110,Central Arkansas Bears,Central Arkansas,Bears,CARK,ASUN Conference,46,exact
2016-17,42424,Central Conn. St.,NEC,2115,Central Connecticut Blue Devils,Central Connecticut,Blue Devils,CCSU,Northeast Conference,19,dict
2016-17,42426,Central Mich.,MAC,2117,Central Michigan Chippewas,Central Michigan,Chippewas,CMU,Mid-American Conference,14,exact
2016-17,42394,Charleston So.,Big South,2127,Charleston Southern Buccaneers,Charleston Southern,Buccaneers,CHSO,Big South Conference,6,exact
2016-17,42551,Charlotte,C-USA,2429,Charlotte 49ers,Charlotte,49ers,CLT,Conference USA,11,exact
2016-17,42656,Chattanooga,SoCon,236,Chattanooga Mocs,Chattanooga,Mocs,UTC,Southern Conference,24,exact
2016-17,42427,Chicago St.,WAC,2130,Chicago State Cougars,Chicago State,Cougars,CHST,Division I Independents,43,exact
2016-17,42428,Cincinnati,AAC,2132,Cincinnati Bearcats,Cincinnati,Bearcats,CIN,American Athletic Conference,62,exact
2016-17,42430,Clemson,ACC,228,Clemson Tigers,Clemson,Tigers,CLEM,Atlantic Coast Conference,2,exact
2016-17,42431,Cleveland St.,Horizon,325,Cleveland State Vikings,Cleveland State,Vikings,CLE,Horizon League,45,exact
2016-17,42432,Coastal Carolina,Sun Belt,324,Coastal Carolina Chanticleers,Coastal Carolina,Chanticleers,CCU,Sun Belt Conference,27,exact
2016-17,42707,Col. of Charleston,CAA,232,Charleston Cougars,Charleston,Cougars,COFC,Colonial Athletic Association,10,dict
2016-17,42433,Colgate,Patriot,2142,Colgate Raiders,Colgate,Raiders,COLG,Patriot League,22,exact
2016-17,42435,Colorado,Pac-12,38,Colorado Buffaloes,Colorado,Buffaloes,COLO,Pac-12 Conference,21,exact
2016-17,42434,Colorado St.,MWC,36,Colorado State Rams,Colorado State,Rams,CSU,Mountain West Conference,44,exact
2016-17,42436,Columbia,Ivy League,171,Columbia Lions,Columbia,Lions,COLU,Ivy League,12,exact
2016-17,42438,Coppin St.,MEAC,2154,Coppin State Eagles,Coppin State,Eagles,COPP,Mid-Eastern Athletic Conference,16,exact
2016-17,42439,Cornell,Ivy League,172,Cornell Big Red,Cornell,Big Red,COR,Ivy League,12,exact
2016-17,42440,Creighton,Big East,156,Creighton Bluejays,Creighton,Bluejays,CREI,Big East Conference,4,exact
2016-17,42441,Dartmouth,Ivy League,159,Dartmouth Big Green,Dartmouth,Big Green,DART,Ivy League,12,exact
2016-17,42442,Davidson,Atlantic 10,2166,Davidson Wildcats,Davidson,Wildcats,DAV,Atlantic 10 Conference,3,exact
2016-17,42443,Dayton,Atlantic 10,2168,Dayton Flyers,Dayton,Flyers,DAY,Atlantic 10 Conference,3,exact
2016-17,42444,DePaul,Big East,305,DePaul Blue Demons,DePaul,Blue Demons,DEP,Big East Conference,4,exact
2016-17,42446,Delaware,CAA,48,Delaware Blue Hens,Delaware,Blue Hens,DEL,Colonial Athletic Association,10,exact
2016-17,42445,Delaware St.,MEAC,2169,Delaware State Hornets,Delaware State,Hornets,DSU,Mid-Eastern Athletic Conference,16,exact
2016-17,42447,Denver,Summit League,2172,Denver Pioneers,Denver,Pioneers,DEN,Summit League,49,exact
2016-17,42448,Detroit Mercy,Horizon,2174,Detroit Mercy Titans,Detroit Mercy,Titans,DETM,Horizon League,45,exact
2016-17,42449,Drake,MVC,2181,Drake Bulldogs,Drake,Bulldogs,DRKE,Missouri Valley Conference,18,exact
2016-17,42450,Drexel,CAA,2182,Drexel Dragons,Drexel,Dragons,DREX,Colonial Athletic Association,10,exact
2016-17,42451,Duke,ACC,150,Duke Blue Devils,Duke,Blue Devils,DUKE,Atlantic Coast Conference,2,exact
2016-17,42452,Duquesne,Atlantic 10,2184,Duquesne Dukes,Duquesne,Dukes,DUQ,Atlantic 10 Conference,3,exact
2016-17,42454,ETSU,SoCon,2193,East Tennessee State Buccaneers,East Tennessee State,Buccaneers,ETSU,Southern Conference,24,exact
2016-17,42453,East Carolina,AAC,151,East Carolina Pirates,East Carolina,Pirates,ECU,American Athletic Conference,62,exact
2016-17,42455,Eastern Ill.,OVC,2197,Eastern Illinois Panthers,Eastern Illinois,Panthers,EIU,Ohio Valley Conference,20,exact
2016-17,42456,Eastern Ky.,OVC,2198,Eastern Kentucky Colonels,Eastern Kentucky,Colonels,EKU,ASUN Conference,46,exact
2016-17,42457,Eastern Mich.,MAC,2199,Eastern Michigan Eagles,Eastern Michigan,Eagles,EMU,Mid-American Conference,14,exact
2016-17,42458,Eastern Wash.,Big Sky,331,Eastern Washington Eagles,Eastern Washington,Eagles,EWU,Big Sky Conference,5,exact
2016-17,42708,Elon,CAA,2210,Elon Phoenix,Elon,Phoenix,ELON,Colonial Athletic Association,10,exact
2016-17,42459,Evansville,MVC,339,Evansville Purple Aces,Evansville,Purple Aces,EVAN,Missouri Valley Conference,18,exact
2016-17,42725,FGCU,ASUN,526,Florida Gulf Coast Eagles,Florida Gulf Coast,Eagles,FGCU,ASUN Conference,46,exact
2016-17,42464,FIU,C-USA,2229,Florida International Panthers,Florida International,Panthers,FIU,Conference USA,11,exact
2016-17,42460,Fairfield,MAAC,2217,Fairfield Stags,Fairfield,Stags,FAIR,Metro Atlantic Athletic Conference,13,exact
2016-17,42461,Fairleigh Dickinson,NEC,161,Fairleigh Dickinson Knights,Fairleigh Dickinson,Knights,FDU,Northeast Conference,19,exact
2016-17,42463,Fla. Atlantic,C-USA,2226,Florida Atlantic Owls,Florida Atlantic,Owls,FAU,Conference USA,11,exact
2016-17,42466,Florida,SEC,57,Florida Gators,Florida,Gators,FLA,Southeastern Conference,23,exact
2016-17,42462,Florida A&M,MEAC,50,Florida A&M Rattlers,Florida A&M,Rattlers,FAMU,Southwestern Athletic Conference,26,exact
2016-17,42465,Florida St.,ACC,52,Florida State Seminoles,Florida State,Seminoles,FSU,Atlantic Coast Conference,2,exact
2016-17,42467,Fordham,Atlantic 10,2230,Fordham Rams,Fordham,Rams,FOR,Atlantic 10 Conference,3,exact
2016-17,42411,Fresno St.,MWC,278,Fresno State Bulldogs,Fresno State,Bulldogs,FRES,Mountain West Conference,44,exact
2016-17,42468,Furman,SoCon,231,Furman Paladins,Furman,Paladins,FUR,Southern Conference,24,exact
2016-17,42472,Ga. Southern,Sun Belt,290,Georgia Southern Eagles,Georgia Southern,Eagles,GASO,Sun Belt Conference,27,exact
2016-17,42709,Gardner-Webb,Big South,2241,Gardner-Webb Runnin' Bulldogs,Gardner-Webb,Runnin' Bulldogs,GWEB,Big South Conference,6,exact
2016-17,42469,George Mason,Atlantic 10,2244,George Mason Patriots,George Mason,Patriots,GMU,Atlantic 10 Conference,3,exact
2016-17,42470,George Washington,Atlantic 10,45,George Washington Revolutionaries,George Washington,Revolutionaries,GW,Atlantic 10 Conference,3,exact
2016-17,42471,Georgetown,Big East,46,Georgetown Hoyas,Georgetown,Hoyas,GTWN,Big East Conference,4,exact
2016-17,42475,Georgia,SEC,61,Georgia Bulldogs,Georgia,Bulldogs,UGA,Southeastern Conference,23,exact
2016-17,42473,Georgia St.,Sun Belt,2247,Georgia State Panthers,Georgia State,Panthers,GAST,Sun Belt Conference,27,exact
2016-17,42474,Georgia Tech,ACC,59,Georgia Tech Yellow Jackets,Georgia Tech,Yellow Jackets,GT,Atlantic Coast Conference,2,exact
2016-17,42476,Gonzaga,WCC,2250,Gonzaga Bulldogs,Gonzaga,Bulldogs,GONZ,West Coast Conference,29,exact
2016-17,42477,Grambling,SWAC,2755,Grambling Tigers,Grambling,Tigers,GRAM,Southwestern Athletic Conference,26,exact
2016-17,42710,Grand Canyon,WAC,2253,Grand Canyon Lopes,Grand Canyon,Lopes,GCU,Western Athletic Conference,30,exact
2016-17,42698,Green Bay,Horizon,2739,Green Bay Phoenix,Green Bay,Phoenix,GB,Horizon League,45,exact
2016-17,42478,Hampton,Big South,2261,Hampton Pirates,Hampton,Pirates,HAMP,Colonial Athletic Association,10,exact
2016-17,42479,Hartford,America East,42,Hartford Hawks,Hartford,Hawks,HART,Division I Independents,43,exact
2016-17,42480,Harvard,Ivy League,108,Harvard Crimson,Harvard,Crimson,HARV,Ivy League,12,exact
2016-17,42481,Hawaii,Big West,62,Hawai'i Rainbow Warriors,Hawai'i,Rainbow Warriors,HAW,Big West Conference,9,dict
2016-17,42722,High Point,Big South,2272,High Point Panthers,High Point,Panthers,HPU,Big South Conference,6,exact
2016-17,42482,Hofstra,CAA,2275,Hofstra Pride,Hofstra,Pride,HOF,Colonial Athletic Association,10,exact
2016-17,42483,Holy Cross,Patriot,107,Holy Cross Crusaders,Holy Cross,Crusaders,HC,Patriot League,22,exact
2016-17,42485,Houston,AAC,248,Houston Cougars,Houston,Cougars,HOU,American Athletic Conference,62,exact
2016-17,42484,Houston Christian,Southland,2277,Houston Christian Huskies,Houston Christian,Huskies,HCU,Southland Conference,25,exact
2016-17,42486,Howard,MEAC,47,Howard Bison,Howard,Bison,HOW,Mid-Eastern Athletic Conference,16,exact
2016-17,42715,IUPUI,Horizon,85,IU Indianapolis Jaguars,IU Indianapolis,Jaguars,IUIN,Horizon League,45,alias
2016-17,42488,Idaho,Big Sky,70,Idaho Vandals,Idaho,Vandals,IDHO,Big Sky Conference,5,exact
2016-17,42487,Idaho St.,Big Sky,304,Idaho State Bengals,Idaho State,Bengals,IDST,Big Sky Conference,5,exact
2016-17,42490,Illinois,Big Ten,356,Illinois Fighting Illini,Illinois,Fighting Illini,ILL,Big Ten Conference,7,exact
2016-17,42489,Illinois St.,MVC,2287,Illinois State Redbirds,Illinois State,Redbirds,ILST,Missouri Valley Conference,18,exact
2016-17,42493,Indiana,Big Ten,84,Indiana Hoosiers,Indiana,Hoosiers,IU,Big Ten Conference,7,exact
2016-17,42492,Indiana St.,MVC,282,Indiana State Sycamores,Indiana State,Sycamores,INST,Missouri Valley Conference,18,exact
2016-17,42495,Iona,MAAC,314,Iona Gaels,Iona,Gaels,IONA,Metro Atlantic Athletic Conference,13,exact
2016-17,42497,Iowa,Big Ten,2294,Iowa Hawkeyes,Iowa,Hawkeyes,IOWA,Big Ten Conference,7,exact
2016-17,42496,Iowa St.,Big 12,66,Iowa State Cyclones,Iowa State,Cyclones,ISU,Big 12 Conference,8,exact
2016-17,42498,Jackson St.,SWAC,2296,Jackson State Tigers,Jackson State,Tigers,JKST,Southwestern Athletic Conference,26,exact
2016-17,42500,Jacksonville,ASUN,294,Jacksonville Dolphins,Jacksonville,Dolphins,JAX,ASUN Conference,46,exact
2016-17,42499,Jacksonville St.,OVC,55,Jacksonville State Gamecocks,Jacksonville State,Gamecocks,JXST,ASUN Conference,46,exact
2016-17,42501,James Madison,CAA,256,James Madison Dukes,James Madison,Dukes,JMU,Sun Belt Conference,27,exact
2016-17,42503,Kansas,Big 12,2305,Kansas Jayhawks,Kansas,Jayhawks,KU,Big 12 Conference,8,exact
2016-17,42716,Kansas City,WAC,140,Kansas City Roos,Kansas City,Roos,KC,Summit League,49,exact
2016-17,42502,Kansas St.,Big 12,2306,Kansas State Wildcats,Kansas State,Wildcats,KSU,Big 12 Conference,8,exact
2016-17,42711,Kennesaw St.,ASUN,338,Kennesaw State Owls,Kennesaw State,Owls,KENN,ASUN Conference,46,exact
2016-17,42504,Kent St.,MAC,2309,Kent State Golden Flashes,Kent State,Golden Flashes,KENT,Mid-American Conference,14,exact
2016-17,42505,Kentucky,SEC,96,Kentucky Wildcats,Kentucky,Wildcats,UK,Southeastern Conference,23,exact
2016-17,42511,LIU Brooklyn,NEC,112358,Long Island University Sharks,Long Island University,Sharks,LIU,Northeast Conference,19,alias
2016-17,42518,LMU (CA),WCC,2351,Loyola Marymount Lions,Loyola Marymount,Lions,LMU,West Coast Conference,29,dict
2016-17,42513,LSU,SEC,99,LSU Tigers,LSU,Tigers,LSU,Southeastern Conference,23,exact
2016-17,42506,La Salle,Atlantic 10,2325,La Salle Explorers,La Salle,Explorers,LAS,Atlantic 10 Conference,3,exact
2016-17,42507,Lafayette,Patriot,322,Lafayette Leopards,Lafayette,Leopards,LAF,Patriot League,22,exact
2016-17,42508,Lamar University,Southland,2320,Lamar Cardinals,Lamar,Cardinals,LAM,Southland Conference,25,dict
2016-17,42509,Lehigh,Patriot,2329,Lehigh Mountain Hawks,Lehigh,Mountain Hawks,LEH,Patriot League,22,exact
2016-17,42510,Liberty,ASUN,2335,Liberty Flames,Liberty,Flames,LIB,ASUN Conference,46,exact
2016-17,42724,Lipscomb,ASUN,288,Lipscomb Bisons,Lipscomb,Bisons,LIP,ASUN Conference,46,exact
2016-17,42390,Little Rock,Sun Belt,2031,Little Rock Trojans,Little Rock,Trojans,LR,Ohio Valley Conference,20,exact
2016-17,42413,Long Beach St.,Big West,299,Long Beach State Beach,Long Beach State,Beach,LBSU,Big West Conference,9,exact
2016-17,42512,Longwood,Big South,2344,Longwood Lancers,Longwood,Lancers,LONG,Big South Conference,6,exact
2016-17,42647,Louisiana,Sun Belt,309,Louisiana Ragin' Cajuns,Louisiana,Ragin' Cajuns,UL,Sun Belt Conference,27,exact
2016-17,42514,Louisiana Tech,C-USA,2348,Louisiana Tech Bulldogs,Louisiana Tech,Bulldogs,LT,Conference USA,11,exact
2016-17,42515,Louisville,ACC,97,Louisville Cardinals,Louisville,Cardinals,LOU,Atlantic Coast Conference,2,exact
2016-17,42519,Loyola Chicago,MVC,2350,Loyola Chicago Ramblers,Loyola Chicago,Ramblers,LUC,Atlantic 10 Conference,3,exact
2016-17,42517,Loyola Maryland,Patriot,2352,Loyola Maryland Greyhounds,Loyola Maryland,Greyhounds,L-MD,Patriot League,22,exact
2016-17,42520,Maine,America East,311,Maine Black Bears,Maine,Black Bears,ME,America East Conference,1,exact
2016-17,42521,Manhattan,MAAC,2363,Manhattan Jaspers,Manhattan,Jaspers,MAN,Metro Atlantic Athletic Conference,13,exact
2016-17,42522,Marist,MAAC,2368,Marist Red Foxes,Marist,Red Foxes,MRST,Metro Atlantic Athletic Conference,13,exact
2016-17,42523,Marquette,Big East,269,Marquette Golden Eagles,Marquette,Golden Eagles,MARQ,Big East Conference,4,exact
2016-17,42524,Marshall,C-USA,276,Marshall Thundering Herd,Marshall,Thundering Herd,MRSH,Sun Belt Conference,27,exact
2016-17,42526,Maryland,Big Ten,120,Maryland Terrapins,Maryland,Terrapins,MD,Big Ten Conference,7,exact
2016-17,42528,Massachusetts,Atlantic 10,113,Massachusetts Minutemen,Massachusetts,Minutemen,MASS,Atlantic 10 Conference,3,exact
2016-17,42529,McNeese,Southland,2377,McNeese Cowboys,McNeese,Cowboys,MCN,Southland Conference,25,exact
2016-17,42530,Memphis,AAC,235,Memphis Tigers,Memphis,Tigers,MEM,American Athletic Conference,62,exact
2016-17,42531,Mercer,SoCon,2382,Mercer Bears,Mercer,Bears,MER,Southern Conference,24,exact
2016-17,42533,Miami (FL),ACC,2390,Miami Hurricanes,Miami,Hurricanes,MIA,Atlantic Coast Conference,2,dict
2016-17,42532,Miami (OH),MAC,193,Miami (OH) RedHawks,Miami (OH),RedHawks,M-OH,Mid-American Conference,14,exact
2016-17,42535,Michigan,Big Ten,130,Michigan Wolverines,Michigan,Wolverines,MICH,Big Ten Conference,7,exact
2016-17,42534,Michigan St.,Big Ten,127,Michigan State Spartans,Michigan State,Spartans,MSU,Big Ten Conference,7,exact
2016-17,42536,Middle Tenn.,C-USA,2393,Middle Tennessee Blue Raiders,Middle Tennessee,Blue Raiders,MTSU,Conference USA,11,exact
2016-17,42700,Milwaukee,Horizon,270,Milwaukee Panthers,Milwaukee,Panthers,MILW,Horizon League,45,exact
2016-17,42537,Minnesota,Big Ten,135,Minnesota Golden Gophers,Minnesota,Golden Gophers,MINN,Big Ten Conference,7,exact
2016-17,42538,Mississippi St.,SEC,344,Mississippi State Bulldogs,Mississippi State,Bulldogs,MSST,Southeastern Conference,23,exact
2016-17,42539,Mississippi Val.,SWAC,2400,Mississippi Valley State Delta Devils,Mississippi Valley State,Delta Devils,MVSU,Southwestern Athletic Conference,26,dict
2016-17,42541,Missouri,SEC,142,Missouri Tigers,Missouri,Tigers,MIZ,Southeastern Conference,23,exact
2016-17,42645,Missouri St.,MVC,2623,Missouri State Bears,Missouri State,Bears,MOST,Missouri Valley Conference,18,exact
2016-17,42542,Monmouth,MAAC,2405,Monmouth Hawks,Monmouth,Hawks,MONM,Colonial Athletic Association,10,exact
2016-17,42544,Montana,Big Sky,149,Montana Grizzlies,Montana,Grizzlies,MONT,Big Sky Conference,5,exact
2016-17,42543,Montana St.,Big Sky,147,Montana State Bobcats,Montana State,Bobcats,MTST,Big Sky Conference,5,exact
2016-17,42545,Morehead St.,OVC,2413,Morehead State Eagles,Morehead State,Eagles,MORE,Ohio Valley Conference,20,exact
2016-17,42546,Morgan St.,MEAC,2415,Morgan State Bears,Morgan State,Bears,MORG,Mid-Eastern Athletic Conference,16,exact
2016-17,42547,Mount St. Mary's,NEC,116,Mount St. Mary's Mountaineers,Mount St. Mary's,Mountaineers,MSM,Metro Atlantic Athletic Conference,13,exact
2016-17,42548,Murray St.,OVC,93,Murray State Racers,Murray State,Racers,MUR,Missouri Valley Conference,18,exact
2016-17,42566,N.C. A&T,MEAC,2448,North Carolina A&T Aggies,North Carolina A&T,Aggies,NCAT,Colonial Athletic Association,10,exact
2016-17,42567,N.C. Central,MEAC,2428,North Carolina Central Eagles,North Carolina Central,Eagles,NCCU,Mid-Eastern Athletic Conference,16,exact
2016-17,42568,NC State,ACC,152,NC State Wolfpack,NC State,Wolfpack,NCSU,Atlantic Coast Conference,2,exact
2016-17,42576,NIU,MAC,2459,Northern Illinois Huskies,Northern Illinois,Huskies,NIU,Mid-American Conference,14,exact
2016-17,42559,NJIT,ASUN,2885,NJIT Highlanders,NJIT,Highlanders,NJIT,America East Conference,1,exact
2016-17,42674,Navy,Patriot,2426,Navy Midshipmen,Navy,Midshipmen,NAVY,Patriot League,22,exact
2016-17,42554,Nebraska,Big Ten,158,Nebraska Cornhuskers,Nebraska,Cornhuskers,NEB,Big Ten Conference,7,exact
2016-17,42557,Nevada,MWC,2440,Nevada Wolf Pack,Nevada,Wolf Pack,NEV,Mountain West Conference,44,exact
2016-17,42558,New Hampshire,America East,160,New Hampshire Wildcats,New Hampshire,Wildcats,UNH,America East Conference,1,exact
2016-17,42561,New Mexico,MWC,167,New Mexico Lobos,New Mexico,Lobos,UNM,Mountain West Conference,44,exact
2016-17,42560,New Mexico St.,WAC,166,New Mexico State Aggies,New Mexico State,Aggies,NMSU,Western Athletic Conference,30,exact
2016-17,42562,New Orleans,Southland,2443,LSU New Orleans Privateers,LSU New Orleans,Privateers,NOLA,Southland Conference,25,exact
2016-17,42563,Niagara,MAAC,315,Niagara Purple Eagles,Niagara,Purple Eagles,NIA,Metro Atlantic Athletic Conference,13,exact
2016-17,42564,Nicholls,Southland,2447,Nicholls Colonels,Nicholls,Colonels,NICH,Southland Conference,25,exact
2016-17,42565,Norfolk St.,MEAC,2450,Norfolk State Spartans,Norfolk State,Spartans,NORF,Mid-Eastern Athletic Conference,16,exact
2016-17,42550,North Carolina,ACC,153,North Carolina Tar Heels,North Carolina,Tar Heels,UNC,Atlantic Coast Conference,2,exact
2016-17,42570,North Dakota,Summit League,155,North Dakota Fighting Hawks,North Dakota,Fighting Hawks,UND,Summit League,49,exact
2016-17,42569,North Dakota St.,Summit League,2449,North Dakota State Bison,North Dakota State,Bison,NDSU,Summit League,49,exact
2016-17,42717,North Florida,ASUN,2454,North Florida Ospreys,North Florida,Ospreys,UNF,ASUN Conference,46,exact
2016-17,42571,North Texas,C-USA,249,North Texas Mean Green,North Texas,Mean Green,UNT,Conference USA,11,exact
2016-17,42573,Northeastern,CAA,111,Northeastern Huskies,Northeastern,Huskies,NE,Colonial Athletic Association,10,exact
2016-17,42574,Northern Ariz.,Big Sky,2464,Northern Arizona Lumberjacks,Northern Arizona,Lumberjacks,NAU,Big Sky Conference,5,exact
2016-17,42575,Northern Colo.,Big Sky,2458,Northern Colorado Bears,Northern Colorado,Bears,UNCO,Big Sky Conference,5,exact
2016-17,42578,Northern Ky.,Horizon,94,Northern Kentucky Norse,Northern Kentucky,Norse,NKU,Horizon League,45,exact
2016-17,42580,Northwestern,Big Ten,77,Northwestern Wildcats,Northwestern,Wildcats,NU,Big Ten Conference,7,exact
2016-17,42579,Northwestern St.,Southland,2466,Northwestern State Demons,Northwestern State,Demons,NWST,Southland Conference,25,exact
2016-17,42581,Notre Dame,ACC,87,Notre Dame Fighting Irish,Notre Dame,Fighting Irish,ND,Atlantic Coast Conference,2,exact
2016-17,42582,Oakland,Horizon,2473,Oakland Golden Grizzlies,Oakland,Golden Grizzlies,OAK,Horizon League,45,exact
2016-17,42584,Ohio,MAC,195,Ohio Bobcats,Ohio,Bobcats,OHIO,Mid-American Conference,14,exact
2016-17,42583,Ohio St.,Big Ten,194,Ohio State Buckeyes,Ohio State,Buckeyes,OSU,Big Ten Conference,7,exact
2016-17,42586,Oklahoma,Big 12,201,Oklahoma Sooners,Oklahoma,Sooners,OU,Big 12 Conference,8,exact
2016-17,42585,Oklahoma St.,Big 12,197,Oklahoma State Cowboys,Oklahoma State,Cowboys,OKST,Big 12 Conference,8,exact
2016-17,42587,Old Dominion,C-USA,295,Old Dominion Monarchs,Old Dominion,Monarchs,ODU,Sun Belt Conference,27,exact
2016-17,42540,Ole Miss,SEC,145,Ole Miss Rebels,Ole Miss,Rebels,MISS,Southeastern Conference,23,exact
2016-17,42555,Omaha,Summit League,2437,Omaha Mavericks,Omaha,Mavericks,OMA,Summit League,49,exact
2016-17,42588,Oral Roberts,Summit League,198,Oral Roberts Golden Eagles,Oral Roberts,Golden Eagles,ORU,Summit League,49,exact
2016-17,42590,Oregon,Pac-12,2483,Oregon Ducks,Oregon,Ducks,ORE,Pac-12 Conference,21,exact
2016-17,42589,Oregon St.,Pac-12,204,Oregon State Beavers,Oregon State,Beavers,ORST,Pac-12 Conference,21,exact
2016-17,42591,Pacific,WCC,279,Pacific Tigers,Pacific,Tigers,PAC,West Coast Conference,29,exact
2016-17,42594,Penn,Ivy League,219,Pennsylvania Quakers,Pennsylvania,Quakers,PENN,Ivy League,12,exact
2016-17,42593,Penn St.,Big Ten,213,Penn State Nittany Lions,Penn State,Nittany Lions,PSU,Big Ten Conference,7,exact
2016-17,42595,Pepperdine,WCC,2492,Pepperdine Waves,Pepperdine,Waves,PEPP,West Coast Conference,29,exact
2016-17,42596,Pittsburgh,ACC,221,Pittsburgh Panthers,Pittsburgh,Panthers,PITT,Atlantic Coast Conference,2,exact
2016-17,42598,Portland,WCC,2501,Portland Pilots,Portland,Pilots,PORT,West Coast Conference,29,exact
2016-17,42597,Portland St.,Big Sky,2502,Portland State Vikings,Portland State,Vikings,PRST,Big Sky Conference,5,exact
2016-17,42599,Prairie View,SWAC,2504,Prairie View A&M Panthers,Prairie View A&M,Panthers,PV,Southwestern Athletic Conference,26,exact
2016-17,42712,Presbyterian,Big South,2506,Presbyterian Blue Hose,Presbyterian,Blue Hose,PRES,Big South Conference,6,exact
2016-17,42600,Princeton,Ivy League,163,Princeton Tigers,Princeton,Tigers,PRIN,Ivy League,12,exact
2016-17,42601,Providence,Big East,2507,Providence Friars,Providence,Friars,PROV,Big East Conference,4,exact
2016-17,42602,Purdue,Big Ten,2509,Purdue Boilermakers,Purdue,Boilermakers,PUR,Big Ten Conference,7,exact
2016-17,42494,Purdue Fort Wayne,Summit League,2870,Purdue Fort Wayne Mastodons,Purdue Fort Wayne,Mastodons,PFW,Horizon League,45,exact
2016-17,42603,Quinnipiac,MAAC,2514,Quinnipiac Bobcats,Quinnipiac,Bobcats,QUIN,Metro Atlantic Athletic Conference,13,exact
2016-17,42604,Radford,Big South,2515,Radford Highlanders,Radford,Highlanders,RAD,Big South Conference,6,exact
2016-17,42605,Rhode Island,Atlantic 10,227,Rhode Island Rams,Rhode Island,Rams,URI,Atlantic 10 Conference,3,exact
2016-17,42606,Rice,C-USA,242,Rice Owls,Rice,Owls,RICE,Conference USA,11,exact
2016-17,42607,Richmond,Atlantic 10,257,Richmond Spiders,Richmond,Spiders,RICH,Atlantic 10 Conference,3,exact
2016-17,42608,Rider,MAAC,2520,Rider Broncs,Rider,Broncs,RID,Metro Atlantic Athletic Conference,13,exact
2016-17,42609,Robert Morris,NEC,2523,Robert Morris Colonials,Robert Morris,Colonials,RMU,Horizon League,45,exact
2016-17,42610,Rutgers,Big Ten,164,Rutgers Scarlet Knights,Rutgers,Scarlet Knights,RUTG,Big Ten Conference,7,exact
2016-17,42649,SFA,Southland,2617,Stephen F. Austin Lumberjacks,Stephen F. Austin,Lumberjacks,SFA,Western Athletic Conference,30,exact
2016-17,42640,SIUE,OVC,2565,SIU Edwardsville Cougars,SIU Edwardsville,Cougars,SIUE,Ohio Valley Conference,20,exact
2016-17,42641,SMU,AAC,2567,SMU Mustangs,SMU,Mustangs,SMU,American Athletic Conference,62,exact
2016-17,42415,Sacramento St.,Big Sky,16,Sacramento State Hornets,Sacramento State,Hornets,SAC,Big Sky Conference,5,exact
2016-17,42611,Sacred Heart,NEC,2529,Sacred Heart Pioneers,Sacred Heart,Pioneers,SHU,Northeast Conference,19,exact
2016-17,42614,Saint Francis (PA),NEC,2598,St. Francis (PA) Red Flash,St. Francis (PA),Red Flash,SFPA,Northeast Conference,19,exact
2016-17,42616,Saint Joseph's,Atlantic 10,2603,Saint Joseph's Hawks,Saint Joseph's,Hawks,JOES,Atlantic 10 Conference,3,exact
2016-17,42617,Saint Louis,Atlantic 10,139,Saint Louis Billikens,Saint Louis,Billikens,SLU,Atlantic 10 Conference,3,exact
2016-17,42618,Saint Mary's (CA),WCC,2608,Saint Mary's Gaels,Saint Mary's,Gaels,SMC,West Coast Conference,29,dict
2016-17,42619,Saint Peter's,MAAC,2612,Saint Peter's Peacocks,Saint Peter's,Peacocks,SPU,Metro Atlantic Athletic Conference,13,exact
2016-17,42620,Sam Houston,Southland,2534,Sam Houston Bearkats,Sam Houston,Bearkats,SHSU,Western Athletic Conference,30,exact
2016-17,42621,Samford,SoCon,2535,Samford Bulldogs,Samford,Bulldogs,SAM,Southern Conference,24,exact
2016-17,42623,San Diego,WCC,301,San Diego Toreros,San Diego,Toreros,USD,West Coast Conference,29,exact
2016-17,42622,San Diego St.,MWC,21,San Diego State Aztecs,San Diego State,Aztecs,SDSU,Mountain West Conference,44,exact
2016-17,42624,San Francisco,WCC,2539,San Francisco Dons,San Francisco,Dons,SF,West Coast Conference,29,exact
2016-17,42625,San Jose St.,MWC,23,San José State Spartans,San José State,Spartans,SJSU,Mountain West Conference,44,dict
2016-17,42626,Santa Clara,WCC,2541,Santa Clara Broncos,Santa Clara,Broncos,SCU,West Coast Conference,29,exact
2016-17,42627,Savannah St.,MEAC,2542,Savannah State Tigers,Savannah State,Tigers,SAV,,,alias
2016-17,42713,Seattle U,WAC,2547,Seattle U Redhawks,Seattle U,Redhawks,SEA,Western Athletic Conference,30,exact
2016-17,42628,Seton Hall,Big East,2550,Seton Hall Pirates,Seton Hall,Pirates,HALL,Big East Conference,4,exact
2016-17,42629,Siena,MAAC,2561,Siena Saints,Siena,Saints,SIE,Metro Atlantic Athletic Conference,13,exact
2016-17,42630,South Alabama,Sun Belt,6,South Alabama Jaguars,South Alabama,Jaguars,USA,Sun Belt Conference,27,exact
2016-17,42632,South Carolina,SEC,2579,South Carolina Gamecocks,South Carolina,Gamecocks,SC,Southeastern Conference,23,exact
2016-17,42631,South Carolina St.,MEAC,2569,South Carolina State Bulldogs,South Carolina State,Bulldogs,SCST,Mid-Eastern Athletic Conference,16,exact
2016-17,42634,South Dakota,Summit League,233,South Dakota Coyotes,South Dakota,Coyotes,SDAK,Summit League,49,exact
2016-17,42633,South Dakota St.,Summit League,2571,South Dakota State Jackrabbits,South Dakota State,Jackrabbits,SDST,Summit League,49,exact
2016-17,42635,South Fla.,AAC,58,South Florida Bulls,South Florida,Bulls,USF,American Athletic Conference,62,exact
2016-17,42636,Southeast Mo. St.,OVC,2546,Southeast Missouri State Redhawks,Southeast Missouri State,Redhawks,SEMO,Ohio Valley Conference,20,exact
2016-17,42637,Southeastern La.,Southland,2545,SE Louisiana Lions,SE Louisiana,Lions,SELA,Southland Conference,25,dict
2016-17,42638,Southern California,Pac-12,30,USC Trojans,USC,Trojans,USC,Pac-12 Conference,21,dict
2016-17,42639,Southern Ill.,MVC,79,Southern Illinois Salukis,Southern Illinois,Salukis,SIU,Missouri Valley Conference,18,exact
2016-17,42642,Southern Miss.,C-USA,2572,Southern Miss Golden Eagles,Southern Miss,Golden Eagles,USM,Sun Belt Conference,27,dict
2016-17,42643,Southern U.,SWAC,2582,Southern Jaguars,Southern,Jaguars,SOU,Southwestern Athletic Conference,26,dict
2016-17,42644,Southern Utah,Big Sky,253,Southern Utah Thunderbirds,Southern Utah,Thunderbirds,SUU,Western Athletic Conference,30,exact
2016-17,42612,St. Bonaventure,Atlantic 10,179,St. Bonaventure Bonnies,St. Bonaventure,Bonnies,SBU,Atlantic 10 Conference,3,exact
2016-17,42613,St. Francis Brooklyn,NEC,2597,St. Francis Brooklyn Terriers,St. Francis Brooklyn,Terriers,SFNY,Northeast Conference,19,exact
2016-17,42615,St. John's (NY),Big East,2599,St. John's Red Storm,St. John's,Red Storm,SJU,Big East Conference,4,dict
2016-17,42648,Stanford,Pac-12,24,Stanford Cardinal,Stanford,Cardinal,STAN,Pac-12 Conference,21,exact
2016-17,42650,Stetson,ASUN,56,Stetson Hatters,Stetson,Hatters,STET,ASUN Conference,46,exact
2016-17,42651,Stony Brook,America East,2619,Stony Brook Seawolves,Stony Brook,Seawolves,STBK,Colonial Athletic Association,10,exact
2016-17,42652,Syracuse,ACC,183,Syracuse Orange,Syracuse,Orange,SYR,Atlantic Coast Conference,2,exact
2016-17,42660,TCU,Big 12,2628,TCU Horned Frogs,TCU,Horned Frogs,TCU,Big 12 Conference,8,exact
2016-17,42653,Temple,AAC,218,Temple Owls,Temple,Owls,TEM,American Athletic Conference,62,exact
2016-17,42657,Tennessee,SEC,2633,Tennessee Volunteers,Tennessee,Volunteers,TENN,Southeastern Conference,23,exact
2016-17,42654,Tennessee St.,OVC,2634,Tennessee State Tigers,Tennessee State,Tigers,TNST,Ohio Valley Conference,20,exact
2016-17,42655,Tennessee Tech,OVC,2635,Tennessee Tech Golden Eagles,Tennessee Tech,Golden Eagles,TNTC,Ohio Valley Conference,20,exact
2016-17,42664,Texas,Big 12,251,Texas Longhorns,Texas,Longhorns,TEX,Big 12 Conference,8,exact
2016-17,42659,Texas A&M,SEC,245,Texas A&M Aggies,Texas A&M,Aggies,TA&M,Southeastern Conference,23,exact
2016-17,42661,Texas Southern,SWAC,2640,Texas Southern Tigers,Texas Southern,Tigers,TXSO,Southwestern Athletic Conference,26,exact
2016-17,42646,Texas St.,Sun Belt,326,Texas State Bobcats,Texas State,Bobcats,TXST,Sun Belt Conference,27,exact
2016-17,42662,Texas Tech,Big 12,2641,Texas Tech Red Raiders,Texas Tech,Red Raiders,TTU,Big 12 Conference,8,exact
2016-17,42429,The Citadel,SoCon,2643,The Citadel Bulldogs,The Citadel,Bulldogs,CIT,Southern Conference,24,exact
2016-17,42667,Toledo,MAC,2649,Toledo Rockets,Toledo,Rockets,TOL,Mid-American Conference,14,exact
2016-17,42668,Towson,CAA,119,Towson Tigers,Towson,Tigers,TOW,Colonial Athletic Association,10,exact
2016-17,42669,Troy,Sun Belt,2653,Troy Trojans,Troy,Trojans,TROY,Sun Belt Conference,27,exact
2016-17,42670,Tulane,AAC,2655,Tulane Green Wave,Tulane,Green Wave,TULN,American Athletic Conference,62,exact
2016-17,42671,Tulsa,AAC,202,Tulsa Golden Hurricane,Tulsa,Golden Hurricane,TLSA,American Athletic Conference,62,exact
2016-17,42381,UAB,C-USA,5,UAB Blazers,UAB,Blazers,UAB,Conference USA,11,exact
2016-17,42382,UAlbany,America East,399,UAlbany Great Danes,UAlbany,Great Danes,UALB,America East Conference,1,exact
2016-17,42418,UC Davis,Big West,302,UC Davis Aggies,UC Davis,Aggies,UCD,Big West Conference,9,exact
2016-17,42419,UC Irvine,Big West,300,UC Irvine Anteaters,UC Irvine,Anteaters,UCI,Big West Conference,9,exact
2016-17,42421,UC Riverside,Big West,27,UC Riverside Highlanders,UC Riverside,Highlanders,UCR,Big West Conference,9,exact
2016-17,42416,UC Santa Barbara,Big West,2540,UC Santa Barbara Gauchos,UC Santa Barbara,Gauchos,UCSB,Big West Conference,9,exact
2016-17,42425,UCF,AAC,2116,UCF Knights,UCF,Knights,UCF,American Athletic Conference,62,exact
2016-17,42420,UCLA,Pac-12,26,UCLA Bruins,UCLA,Bruins,UCLA,Pac-12 Conference,21,exact
2016-17,42437,UConn,AAC,41,UConn Huskies,UConn,Huskies,CONN,Big East Conference,4,exact
2016-17,42491,UIC,Horizon,82,UIC Flames,UIC,Flames,UIC,Missouri Valley Conference,18,exact
2016-17,42718,UIW,Southland,2916,Incarnate Word Cardinals,Incarnate Word,Cardinals,UIW,Southland Conference,25,exact
2016-17,42572,ULM,Sun Belt,2433,UL Monroe Warhawks,UL Monroe,Warhawks,ULM,Sun Belt Conference,27,exact
2016-17,42525,UMBC,America East,2378,UMBC Retrievers,UMBC,Retrievers,UMBC,America East Conference,1,exact
2016-17,42527,UMES,MEAC,2379,Maryland Eastern Shore Hawks,Maryland Eastern Shore,Hawks,UMES,Mid-Eastern Athletic Conference,16,exact
2016-17,42516,UMass Lowell,America East,2349,UMass Lowell River Hawks,UMass Lowell,River Hawks,UML,America East Conference,1,exact
2016-17,42549,UNC Asheville,Big South,2427,UNC Asheville Bulldogs,UNC Asheville,Bulldogs,UNCA,Big South Conference,6,exact
2016-17,42552,UNC Greensboro,SoCon,2430,UNC Greensboro Spartans,UNC Greensboro,Spartans,UNCG,Southern Conference,24,exact
2016-17,42553,UNCW,CAA,350,UNC Wilmington Seahawks,UNC Wilmington,Seahawks,UNCW,Colonial Athletic Association,10,exact
2016-17,42577,UNI,MVC,2460,Northern Iowa Panthers,Northern Iowa,Panthers,UNI,Missouri Valley Conference,18,exact
2016-17,42556,UNLV,MWC,2439,UNLV Rebels,UNLV,Rebels,UNLV,Mountain West Conference,44,exact
2016-17,42720,USC Upstate,Big South,2908,South Carolina Upstate Spartans,South Carolina Upstate,Spartans,UPST,Big South Conference,6,dict
2016-17,42663,UT Arlington,Sun Belt,250,UT Arlington Mavericks,UT Arlington,Mavericks,UTA,Western Athletic Conference,30,exact
2016-17,42658,UT Martin,OVC,2630,UT Martin Skyhawks,UT Martin,Skyhawks,UTM,Ohio Valley Conference,20,exact
2016-17,42665,UTEP,C-USA,2638,UTEP Miners,UTEP,Miners,UTEP,Conference USA,11,exact
2016-17,42592,UTRGV,WAC,292,UT Rio Grande Valley Vaqueros,UT Rio Grande Valley,Vaqueros,RGV,Western Athletic Conference,30,dict
2016-17,42666,UTSA,C-USA,2636,UTSA Roadrunners,UTSA,Roadrunners,UTSA,Conference USA,11,exact
2016-17,42676,Utah,Pac-12,254,Utah Utes,Utah,Utes,UTAH,Pac-12 Conference,21,exact
2016-17,42675,Utah St.,MWC,328,Utah State Aggies,Utah State,Aggies,USU,Mountain West Conference,44,exact
2016-17,42726,Utah Valley,WAC,3084,Utah Valley Wolverines,Utah Valley,Wolverines,UVU,Western Athletic Conference,30,exact
2016-17,42681,VCU,Atlantic 10,2670,VCU Rams,VCU,Rams,VCU,Atlantic 10 Conference,3,exact
2016-17,42682,VMI,SoCon,2678,VMI Keydets,VMI,Keydets,VMI,Southern Conference,24,exact
2016-17,42677,Valparaiso,MVC,2674,Valparaiso Beacons,Valparaiso,Beacons,VAL,Missouri Valley Conference,18,exact
2016-17,42678,Vanderbilt,SEC,238,Vanderbilt Commodores,Vanderbilt,Commodores,VAN,Southeastern Conference,23,exact
2016-17,42679,Vermont,America East,261,Vermont Catamounts,Vermont,Catamounts,UVM,America East Conference,1,exact
2016-17,42680,Villanova,Big East,222,Villanova Wildcats,Villanova,Wildcats,VILL,Big East Conference,4,exact
2016-17,42684,Virginia,ACC,258,Virginia Cavaliers,Virginia,Cavaliers,UVA,Atlantic Coast Conference,2,exact
2016-17,42683,Virginia Tech,ACC,259,Virginia Tech Hokies,Virginia Tech,Hokies,VT,Atlantic Coast Conference,2,exact
2016-17,42685,Wagner,NEC,2681,Wagner Seahawks,Wagner,Seahawks,WAG,Northeast Conference,19,exact
2016-17,42686,Wake Forest,ACC,154,Wake Forest Demon Deacons,Wake Forest,Demon Deacons,WAKE,Atlantic Coast Conference,2,exact
2016-17,42688,Washington,Pac-12,264,Washington Huskies,Washington,Huskies,WASH,Pac-12 Conference,21,exact
2016-17,42687,Washington St.,Pac-12,265,Washington State Cougars,Washington State,Cougars,WSU,Pac-12 Conference,21,exact
2016-17,42689,Weber St.,Big Sky,2692,Weber State Wildcats,Weber State,Wildcats,WEB,Big Sky Conference,5,exact
2016-17,42690,West Virginia,Big 12,277,West Virginia Mountaineers,West Virginia,Mountaineers,WVU,Big 12 Conference,8,exact
2016-17,42691,Western Caro.,SoCon,2717,Western Carolina Catamounts,Western Carolina,Catamounts,WCU,Southern Conference,24,exact
2016-17,42692,Western Ill.,Summit League,2710,Western Illinois Leathernecks,Western Illinois,Leathernecks,WIU,Summit League,49,exact
2016-17,42693,Western Ky.,C-USA,98,Western Kentucky Hilltoppers,Western Kentucky,Hilltoppers,WKU,Conference USA,11,exact
2016-17,42694,Western Mich.,MAC,2711,Western Michigan Broncos,Western Michigan,Broncos,WMU,Mid-American Conference,14,exact
2016-17,42695,Wichita St.,AAC,2724,Wichita State Shockers,Wichita State,Shockers,WICH,American Athletic Conference,62,exact
2016-17,42696,William & Mary,CAA,2729,William & Mary Tribe,William & Mary,Tribe,W&M,Colonial Athletic Association,10,exact
2016-17,42697,Winthrop,Big South,2737,Winthrop Eagles,Winthrop,Eagles,WIN,Big South Conference,6,exact
2016-17,42699,Wisconsin,Big Ten,275,Wisconsin Badgers,Wisconsin,Badgers,WIS,Big Ten Conference,7,exact
2016-17,42719,Wofford,SoCon,2747,Wofford Terriers,Wofford,Terriers,WOF,Southern Conference,24,exact
2016-17,42701,Wright St.,Horizon,2750,Wright State Raiders,Wright State,Raiders,WRST,Horizon League,45,exact
2016-17,42702,Wyoming,MWC,2751,Wyoming Cowboys,Wyoming,Cowboys,WYO,Mountain West Conference,44,exact
2016-17,42703,Xavier,Big East,2752,Xavier Musketeers,Xavier,Musketeers,XAV,Big East Conference,4,exact
2016-17,42704,Yale,Ivy League,43,Yale Bulldogs,Yale,Bulldogs,YALE,Ivy League,12,exact
2016-17,42705,Youngstown St.,Horizon,2754,Youngstown State Penguins,Youngstown State,Penguins,YSU,Horizon League,45,exact
2017-18,111285,A&M-Corpus Christi,Southland,357,Texas A&M-Corpus Christi Islanders,Texas A&M-Corpus Christi,Islanders,AMCC,Southland Conference,25,dict
2017-18,110938,Abilene Christian,Southland,2000,Abilene Christian Wildcats,Abilene Christian,Wildcats,ACU,Western Athletic Conference,30,exact
2017-18,111234,Air Force,MWC,2005,Air Force Falcons,Air Force,Falcons,AF,Mountain West Conference,44,exact
2017-18,110939,Akron,MAC,2006,Akron Zips,Akron,Zips,AKR,Mid-American Conference,14,exact
2017-18,110942,Alabama,SEC,333,Alabama Crimson Tide,Alabama,Crimson Tide,ALA,Southeastern Conference,23,exact
2017-18,110940,Alabama A&M,SWAC,2010,Alabama A&M Bulldogs,Alabama A&M,Bulldogs,AAMU,Southwestern Athletic Conference,26,exact
2017-18,110941,Alabama St.,SWAC,2011,Alabama State Hornets,Alabama State,Hornets,ALST,Southwestern Athletic Conference,26,exact
2017-18,110945,Alcorn,SWAC,2016,Alcorn State Braves,Alcorn State,Braves,ALCN,Southwestern Athletic Conference,26,dict
2017-18,110946,American,Patriot,44,American University Eagles,American University,Eagles,AMER,Patriot League,22,exact
2017-18,110947,App State,Sun Belt,2026,App State Mountaineers,App State,Mountaineers,APP,Sun Belt Conference,27,exact
2017-18,110949,Arizona,Pac-12,12,Arizona Wildcats,Arizona,Wildcats,ARIZ,Pac-12 Conference,21,exact
2017-18,110948,Arizona St.,Pac-12,9,Arizona State Sun Devils,Arizona State,Sun Devils,ASU,Pac-12 Conference,21,exact
2017-18,111276,Ark.-Pine Bluff,SWAC,2029,Arkansas-Pine Bluff Golden Lions,Arkansas-Pine Bluff,Golden Lions,UAPB,Southwestern Athletic Conference,26,dict
2017-18,110951,Arkansas,SEC,8,Arkansas Razorbacks,Arkansas,Razorbacks,ARK,Southeastern Conference,23,exact
2017-18,110950,Arkansas St.,Sun Belt,2032,Arkansas State Red Wolves,Arkansas State,Red Wolves,ARST,Sun Belt Conference,27,exact
2017-18,111235,Army West Point,Patriot,349,Army Black Knights,Army,Black Knights,ARMY,Patriot League,22,dict
2017-18,110953,Auburn,SEC,2,Auburn Tigers,Auburn,Tigers,AUB,Southeastern Conference,23,exact
2017-18,110954,Austin Peay,OVC,2046,Austin Peay Governors,Austin Peay,Governors,APSU,ASUN Conference,46,exact
2017-18,110965,BYU,WCC,252,BYU Cougars,BYU,Cougars,BYU,West Coast Conference,29,exact
2017-18,110955,Ball St.,MAC,2050,Ball State Cardinals,Ball State,Cardinals,BALL,Mid-American Conference,14,exact
2017-18,110957,Baylor,Big 12,239,Baylor Bears,Baylor,Bears,BAY,Big 12 Conference,8,exact
2017-18,111283,Belmont,OVC,2057,Belmont Bruins,Belmont,Bruins,BEL,Missouri Valley Conference,18,exact
2017-18,110958,Bethune-Cookman,MEAC,2065,Bethune-Cookman Wildcats,Bethune-Cookman,Wildcats,BCU,Southwestern Athletic Conference,26,exact
2017-18,110959,Binghamton,America East,2066,Binghamton Bearcats,Binghamton,Bearcats,BING,America East Conference,1,exact
2017-18,110960,Boise St.,MWC,68,Boise State Broncos,Boise State,Broncos,BOIS,Mountain West Conference,44,exact
2017-18,110961,Boston College,ACC,103,Boston College Eagles,Boston College,Eagles,BC,Atlantic Coast Conference,2,exact
2017-18,110962,Boston U.,Patriot,104,Boston University Terriers,Boston University,Terriers,BU,Patriot League,22,exact
2017-18,110963,Bowling Green,MAC,189,Bowling Green Falcons,Bowling Green,Falcons,BGSU,Mid-American Conference,14,exact
2017-18,110964,Bradley,MVC,71,Bradley Braves,Bradley,Braves,BRAD,Missouri Valley Conference,18,exact
2017-18,110966,Brown,Ivy League,225,Brown Bears,Brown,Bears,BRWN,Ivy League,12,exact
2017-18,110967,Bryant,NEC,2803,Bryant Bulldogs,Bryant,Bulldogs,BRY,America East Conference,1,exact
2017-18,110968,Bucknell,Patriot,2083,Bucknell Bison,Bucknell,Bison,BUCK,Patriot League,22,exact
2017-18,110969,Buffalo,MAC,2084,Buffalo Bulls,Buffalo,Bulls,BUF,Mid-American Conference,14,exact
2017-18,110970,Butler,Big East,2086,Butler Bulldogs,Butler,Bulldogs,BTLR,Big East Conference,4,exact
2017-18,110972,CSU Bakersfield,WAC,2934,Cal State Bakersfield Roadrunners,Cal State Bakersfield,Roadrunners,CSUB,Big West Conference,9,alias
2017-18,110976,CSUN,Big West,2463,Cal State Northridge Matadors,Cal State Northridge,Matadors,CSUN,Big West Conference,9,exact
2017-18,110971,Cal Poly,Big West,13,Cal Poly Mustangs,Cal Poly,Mustangs,CP,Big West Conference,9,exact
2017-18,110974,Cal St. Fullerton,Big West,2239,Cal State Fullerton Titans,Cal State Fullerton,Titans,CSUF,Big West Conference,9,exact
2017-18,110979,California,Pac-12,25,California Golden Bears,California,Golden Bears,CAL,Pac-12 Conference,21,exact
2017-18,110984,Campbell,Big South,2097,Campbell Fighting Camels,Campbell,Fighting Camels,CAM,Big South Conference,6,exact
2017-18,110985,Canisius,MAAC,2099,Canisius Golden Griffins,Canisius,Golden Griffins,CAN,Metro Atlantic Athletic Conference,13,exact
2017-18,111268,Central Ark.,Southland,2110,Central Arkansas Bears,Central Arkansas,Bears,CARK,ASUN Conference,46,exact
2017-18,110986,Central Conn. St.,NEC,2115,Central Connecticut Blue Devils,Central Connecticut,Blue Devils,CCSU,Northeast Conference,19,dict
2017-18,110988,Central Mich.,MAC,2117,Central Michigan Chippewas,Central Michigan,Chippewas,CMU,Mid-American Conference,14,exact
2017-18,110956,Charleston So.,Big South,2127,Charleston Southern Buccaneers,Charleston Southern,Buccaneers,CHSO,Big South Conference,6,exact
2017-18,111113,Charlotte,C-USA,2429,Charlotte 49ers,Charlotte,49ers,CLT,Conference USA,11,exact
2017-18,111218,Chattanooga,SoCon,236,Chattanooga Mocs,Chattanooga,Mocs,UTC,Southern Conference,24,exact
2017-18,110989,Chicago St.,WAC,2130,Chicago State Cougars,Chicago State,Cougars,CHST,Division I Independents,43,exact
2017-18,110990,Cincinnati,AAC,2132,Cincinnati Bearcats,Cincinnati,Bearcats,CIN,American Athletic Conference,62,exact
2017-18,110992,Clemson,ACC,228,Clemson Tigers,Clemson,Tigers,CLEM,Atlantic Coast Conference,2,exact
2017-18,110993,Cleveland St.,Horizon,325,Cleveland State Vikings,Cleveland State,Vikings,CLE,Horizon League,45,exact
2017-18,110994,Coastal Carolina,Sun Belt,324,Coastal Carolina Chanticleers,Coastal Carolina,Chanticleers,CCU,Sun Belt Conference,27,exact
2017-18,111269,Col. of Charleston,CAA,232,Charleston Cougars,Charleston,Cougars,COFC,Colonial Athletic Association,10,dict
2017-18,110995,Colgate,Patriot,2142,Colgate Raiders,Colgate,Raiders,COLG,Patriot League,22,exact
2017-18,110997,Colorado,Pac-12,38,Colorado Buffaloes,Colorado,Buffaloes,COLO,Pac-12 Conference,21,exact
2017-18,110996,Colorado St.,MWC,36,Colorado State Rams,Colorado State,Rams,CSU,Mountain West Conference,44,exact
2017-18,110998,Columbia,Ivy League,171,Columbia Lions,Columbia,Lions,COLU,Ivy League,12,exact
2017-18,111000,Coppin St.,MEAC,2154,Coppin State Eagles,Coppin State,Eagles,COPP,Mid-Eastern Athletic Conference,16,exact
2017-18,111001,Cornell,Ivy League,172,Cornell Big Red,Cornell,Big Red,COR,Ivy League,12,exact
2017-18,111002,Creighton,Big East,156,Creighton Bluejays,Creighton,Bluejays,CREI,Big East Conference,4,exact
2017-18,111003,Dartmouth,Ivy League,159,Dartmouth Big Green,Dartmouth,Big Green,DART,Ivy League,12,exact
2017-18,111004,Davidson,Atlantic 10,2166,Davidson Wildcats,Davidson,Wildcats,DAV,Atlantic 10 Conference,3,exact
2017-18,111005,Dayton,Atlantic 10,2168,Dayton Flyers,Dayton,Flyers,DAY,Atlantic 10 Conference,3,exact
2017-18,111006,DePaul,Big East,305,DePaul Blue Demons,DePaul,Blue Demons,DEP,Big East Conference,4,exact
2017-18,111008,Delaware,CAA,48,Delaware Blue Hens,Delaware,Blue Hens,DEL,Colonial Athletic Association,10,exact
2017-18,111007,Delaware St.,MEAC,2169,Delaware State Hornets,Delaware State,Hornets,DSU,Mid-Eastern Athletic Conference,16,exact
2017-18,111009,Denver,Summit League,2172,Denver Pioneers,Denver,Pioneers,DEN,Summit League,49,exact
2017-18,111010,Detroit Mercy,Horizon,2174,Detroit Mercy Titans,Detroit Mercy,Titans,DETM,Horizon League,45,exact
2017-18,111011,Drake,MVC,2181,Drake Bulldogs,Drake,Bulldogs,DRKE,Missouri Valley Conference,18,exact
2017-18,111012,Drexel,CAA,2182,Drexel Dragons,Drexel,Dragons,DREX,Colonial Athletic Association,10,exact
2017-18,111013,Duke,ACC,150,Duke Blue Devils,Duke,Blue Devils,DUKE,Atlantic Coast Conference,2,exact
2017-18,111014,Duquesne,Atlantic 10,2184,Duquesne Dukes,Duquesne,Dukes,DUQ,Atlantic 10 Conference,3,exact
2017-18,111016,ETSU,SoCon,2193,East Tennessee State Buccaneers,East Tennessee State,Buccaneers,ETSU,Southern Conference,24,exact
2017-18,111015,East Carolina,AAC,151,East Carolina Pirates,East Carolina,Pirates,ECU,American Athletic Conference,62,exact
2017-18,111017,Eastern Ill.,OVC,2197,Eastern Illinois Panthers,Eastern Illinois,Panthers,EIU,Ohio Valley Conference,20,exact
2017-18,111018,Eastern Ky.,OVC,2198,Eastern Kentucky Colonels,Eastern Kentucky,Colonels,EKU,ASUN Conference,46,exact
2017-18,111019,Eastern Mich.,MAC,2199,Eastern Michigan Eagles,Eastern Michigan,Eagles,EMU,Mid-American Conference,14,exact
2017-18,111020,Eastern Wash.,Big Sky,331,Eastern Washington Eagles,Eastern Washington,Eagles,EWU,Big Sky Conference,5,exact
2017-18,111270,Elon,CAA,2210,Elon Phoenix,Elon,Phoenix,ELON,Colonial Athletic Association,10,exact
2017-18,111021,Evansville,MVC,339,Evansville Purple Aces,Evansville,Purple Aces,EVAN,Missouri Valley Conference,18,exact
2017-18,111287,FGCU,ASUN,526,Florida Gulf Coast Eagles,Florida Gulf Coast,Eagles,FGCU,ASUN Conference,46,exact
2017-18,111026,FIU,C-USA,2229,Florida International Panthers,Florida International,Panthers,FIU,Conference USA,11,exact
2017-18,111022,Fairfield,MAAC,2217,Fairfield Stags,Fairfield,Stags,FAIR,Metro Atlantic Athletic Conference,13,exact
2017-18,111023,Fairleigh Dickinson,NEC,161,Fairleigh Dickinson Knights,Fairleigh Dickinson,Knights,FDU,Northeast Conference,19,exact
2017-18,111025,Fla. Atlantic,C-USA,2226,Florida Atlantic Owls,Florida Atlantic,Owls,FAU,Conference USA,11,exact
2017-18,111028,Florida,SEC,57,Florida Gators,Florida,Gators,FLA,Southeastern Conference,23,exact
2017-18,111024,Florida A&M,MEAC,50,Florida A&M Rattlers,Florida A&M,Rattlers,FAMU,Southwestern Athletic Conference,26,exact
2017-18,111027,Florida St.,ACC,52,Florida State Seminoles,Florida State,Seminoles,FSU,Atlantic Coast Conference,2,exact
2017-18,111029,Fordham,Atlantic 10,2230,Fordham Rams,Fordham,Rams,FOR,Atlantic 10 Conference,3,exact
2017-18,110973,Fresno St.,MWC,278,Fresno State Bulldogs,Fresno State,Bulldogs,FRES,Mountain West Conference,44,exact
2017-18,111030,Furman,SoCon,231,Furman Paladins,Furman,Paladins,FUR,Southern Conference,24,exact
2017-18,111034,Ga. Southern,Sun Belt,290,Georgia Southern Eagles,Georgia Southern,Eagles,GASO,Sun Belt Conference,27,exact
2017-18,111271,Gardner-Webb,Big South,2241,Gardner-Webb Runnin' Bulldogs,Gardner-Webb,Runnin' Bulldogs,GWEB,Big South Conference,6,exact
2017-18,111031,George Mason,Atlantic 10,2244,George Mason Patriots,George Mason,Patriots,GMU,Atlantic 10 Conference,3,exact
2017-18,111032,George Washington,Atlantic 10,45,George Washington Revolutionaries,George Washington,Revolutionaries,GW,Atlantic 10 Conference,3,exact
2017-18,111033,Georgetown,Big East,46,Georgetown Hoyas,Georgetown,Hoyas,GTWN,Big East Conference,4,exact
2017-18,111037,Georgia,SEC,61,Georgia Bulldogs,Georgia,Bulldogs,UGA,Southeastern Conference,23,exact
2017-18,111035,Georgia St.,Sun Belt,2247,Georgia State Panthers,Georgia State,Panthers,GAST,Sun Belt Conference,27,exact
2017-18,111036,Georgia Tech,ACC,59,Georgia Tech Yellow Jackets,Georgia Tech,Yellow Jackets,GT,Atlantic Coast Conference,2,exact
2017-18,111038,Gonzaga,WCC,2250,Gonzaga Bulldogs,Gonzaga,Bulldogs,GONZ,West Coast Conference,29,exact
2017-18,111039,Grambling,SWAC,2755,Grambling Tigers,Grambling,Tigers,GRAM,Southwestern Athletic Conference,26,exact
2017-18,111272,Grand Canyon,WAC,2253,Grand Canyon Lopes,Grand Canyon,Lopes,GCU,Western Athletic Conference,30,exact
2017-18,111260,Green Bay,Horizon,2739,Green Bay Phoenix,Green Bay,Phoenix,GB,Horizon League,45,exact
2017-18,111040,Hampton,MEAC,2261,Hampton Pirates,Hampton,Pirates,HAMP,Colonial Athletic Association,10,exact
2017-18,111041,Hartford,America East,42,Hartford Hawks,Hartford,Hawks,HART,Division I Independents,43,exact
2017-18,111042,Harvard,Ivy League,108,Harvard Crimson,Harvard,Crimson,HARV,Ivy League,12,exact
2017-18,111043,Hawaii,Big West,62,Hawai'i Rainbow Warriors,Hawai'i,Rainbow Warriors,HAW,Big West Conference,9,dict
2017-18,111284,High Point,Big South,2272,High Point Panthers,High Point,Panthers,HPU,Big South Conference,6,exact
2017-18,111044,Hofstra,CAA,2275,Hofstra Pride,Hofstra,Pride,HOF,Colonial Athletic Association,10,exact
2017-18,111045,Holy Cross,Patriot,107,Holy Cross Crusaders,Holy Cross,Crusaders,HC,Patriot League,22,exact
2017-18,111047,Houston,AAC,248,Houston Cougars,Houston,Cougars,HOU,American Athletic Conference,62,exact
2017-18,111046,Houston Christian,Southland,2277,Houston Christian Huskies,Houston Christian,Huskies,HCU,Southland Conference,25,exact
2017-18,111048,Howard,MEAC,47,Howard Bison,Howard,Bison,HOW,Mid-Eastern Athletic Conference,16,exact
2017-18,111277,IUPUI,Horizon,85,IU Indianapolis Jaguars,IU Indianapolis,Jaguars,IUIN,Horizon League,45,alias
2017-18,111050,Idaho,Big Sky,70,Idaho Vandals,Idaho,Vandals,IDHO,Big Sky Conference,5,exact
2017-18,111049,Idaho St.,Big Sky,304,Idaho State Bengals,Idaho State,Bengals,IDST,Big Sky Conference,5,exact
2017-18,111052,Illinois,Big Ten,356,Illinois Fighting Illini,Illinois,Fighting Illini,ILL,Big Ten Conference,7,exact
2017-18,111051,Illinois St.,MVC,2287,Illinois State Redbirds,Illinois State,Redbirds,ILST,Missouri Valley Conference,18,exact
2017-18,111055,Indiana,Big Ten,84,Indiana Hoosiers,Indiana,Hoosiers,IU,Big Ten Conference,7,exact
2017-18,111054,Indiana St.,MVC,282,Indiana State Sycamores,Indiana State,Sycamores,INST,Missouri Valley Conference,18,exact
2017-18,111057,Iona,MAAC,314,Iona Gaels,Iona,Gaels,IONA,Metro Atlantic Athletic Conference,13,exact
2017-18,111059,Iowa,Big Ten,2294,Iowa Hawkeyes,Iowa,Hawkeyes,IOWA,Big Ten Conference,7,exact
2017-18,111058,Iowa St.,Big 12,66,Iowa State Cyclones,Iowa State,Cyclones,ISU,Big 12 Conference,8,exact
2017-18,111060,Jackson St.,SWAC,2296,Jackson State Tigers,Jackson State,Tigers,JKST,Southwestern Athletic Conference,26,exact
2017-18,111062,Jacksonville,ASUN,294,Jacksonville Dolphins,Jacksonville,Dolphins,JAX,ASUN Conference,46,exact
2017-18,111061,Jacksonville St.,OVC,55,Jacksonville State Gamecocks,Jacksonville State,Gamecocks,JXST,ASUN Conference,46,exact
2017-18,111063,James Madison,CAA,256,James Madison Dukes,James Madison,Dukes,JMU,Sun Belt Conference,27,exact
2017-18,111065,Kansas,Big 12,2305,Kansas Jayhawks,Kansas,Jayhawks,KU,Big 12 Conference,8,exact
2017-18,111278,Kansas City,WAC,140,Kansas City Roos,Kansas City,Roos,KC,Summit League,49,exact
2017-18,111064,Kansas St.,Big 12,2306,Kansas State Wildcats,Kansas State,Wildcats,KSU,Big 12 Conference,8,exact
2017-18,111273,Kennesaw St.,ASUN,338,Kennesaw State Owls,Kennesaw State,Owls,KENN,ASUN Conference,46,exact
2017-18,111066,Kent St.,MAC,2309,Kent State Golden Flashes,Kent State,Golden Flashes,KENT,Mid-American Conference,14,exact
2017-18,111067,Kentucky,SEC,96,Kentucky Wildcats,Kentucky,Wildcats,UK,Southeastern Conference,23,exact
2017-18,111073,LIU Brooklyn,NEC,112358,Long Island University Sharks,Long Island University,Sharks,LIU,Northeast Conference,19,alias
2017-18,111080,LMU (CA),WCC,2351,Loyola Marymount Lions,Loyola Marymount,Lions,LMU,West Coast Conference,29,dict
2017-18,111075,LSU,SEC,99,LSU Tigers,LSU,Tigers,LSU,Southeastern Conference,23,exact
2017-18,111068,La Salle,Atlantic 10,2325,La Salle Explorers,La Salle,Explorers,LAS,Atlantic 10 Conference,3,exact
2017-18,111069,Lafayette,Patriot,322,Lafayette Leopards,Lafayette,Leopards,LAF,Patriot League,22,exact
2017-18,111070,Lamar University,Southland,2320,Lamar Cardinals,Lamar,Cardinals,LAM,Southland Conference,25,dict
2017-18,111071,Lehigh,Patriot,2329,Lehigh Mountain Hawks,Lehigh,Mountain Hawks,LEH,Patriot League,22,exact
2017-18,111072,Liberty,Big South,2335,Liberty Flames,Liberty,Flames,LIB,ASUN Conference,46,exact
2017-18,111286,Lipscomb,ASUN,288,Lipscomb Bisons,Lipscomb,Bisons,LIP,ASUN Conference,46,exact
2017-18,110952,Little Rock,Sun Belt,2031,Little Rock Trojans,Little Rock,Trojans,LR,Ohio Valley Conference,20,exact
2017-18,110975,Long Beach St.,Big West,299,Long Beach State Beach,Long Beach State,Beach,LBSU,Big West Conference,9,exact
2017-18,111074,Longwood,Big South,2344,Longwood Lancers,Longwood,Lancers,LONG,Big South Conference,6,exact
2017-18,111209,Louisiana,Sun Belt,309,Louisiana Ragin' Cajuns,Louisiana,Ragin' Cajuns,UL,Sun Belt Conference,27,exact
2017-18,111076,Louisiana Tech,C-USA,2348,Louisiana Tech Bulldogs,Louisiana Tech,Bulldogs,LT,Conference USA,11,exact
2017-18,111077,Louisville,ACC,97,Louisville Cardinals,Louisville,Cardinals,LOU,Atlantic Coast Conference,2,exact
2017-18,111081,Loyola Chicago,MVC,2350,Loyola Chicago Ramblers,Loyola Chicago,Ramblers,LUC,Atlantic 10 Conference,3,exact
2017-18,111079,Loyola Maryland,Patriot,2352,Loyola Maryland Greyhounds,Loyola Maryland,Greyhounds,L-MD,Patriot League,22,exact
2017-18,111082,Maine,America East,311,Maine Black Bears,Maine,Black Bears,ME,America East Conference,1,exact
2017-18,111083,Manhattan,MAAC,2363,Manhattan Jaspers,Manhattan,Jaspers,MAN,Metro Atlantic Athletic Conference,13,exact
2017-18,111084,Marist,MAAC,2368,Marist Red Foxes,Marist,Red Foxes,MRST,Metro Atlantic Athletic Conference,13,exact
2017-18,111085,Marquette,Big East,269,Marquette Golden Eagles,Marquette,Golden Eagles,MARQ,Big East Conference,4,exact
2017-18,111086,Marshall,C-USA,276,Marshall Thundering Herd,Marshall,Thundering Herd,MRSH,Sun Belt Conference,27,exact
2017-18,111088,Maryland,Big Ten,120,Maryland Terrapins,Maryland,Terrapins,MD,Big Ten Conference,7,exact
2017-18,111090,Massachusetts,Atlantic 10,113,Massachusetts Minutemen,Massachusetts,Minutemen,MASS,Atlantic 10 Conference,3,exact
2017-18,111091,McNeese,Southland,2377,McNeese Cowboys,McNeese,Cowboys,MCN,Southland Conference,25,exact
2017-18,111092,Memphis,AAC,235,Memphis Tigers,Memphis,Tigers,MEM,American Athletic Conference,62,exact
2017-18,111093,Mercer,SoCon,2382,Mercer Bears,Mercer,Bears,MER,Southern Conference,24,exact
2017-18,111095,Miami (FL),ACC,2390,Miami Hurricanes,Miami,Hurricanes,MIA,Atlantic Coast Conference,2,dict
2017-18,111094,Miami (OH),MAC,193,Miami (OH) RedHawks,Miami (OH),RedHawks,M-OH,Mid-American Conference,14,exact
2017-18,111097,Michigan,Big Ten,130,Michigan Wolverines,Michigan,Wolverines,MICH,Big Ten Conference,7,exact
2017-18,111096,Michigan St.,Big Ten,127,Michigan State Spartans,Michigan State,Spartans,MSU,Big Ten Conference,7,exact
2017-18,111098,Middle Tenn.,C-USA,2393,Middle Tennessee Blue Raiders,Middle Tennessee,Blue Raiders,MTSU,Conference USA,11,exact
2017-18,111262,Milwaukee,Horizon,270,Milwaukee Panthers,Milwaukee,Panthers,MILW,Horizon League,45,exact
2017-18,111099,Minnesota,Big Ten,135,Minnesota Golden Gophers,Minnesota,Golden Gophers,MINN,Big Ten Conference,7,exact
2017-18,111100,Mississippi St.,SEC,344,Mississippi State Bulldogs,Mississippi State,Bulldogs,MSST,Southeastern Conference,23,exact
2017-18,111101,Mississippi Val.,SWAC,2400,Mississippi Valley State Delta Devils,Mississippi Valley State,Delta Devils,MVSU,Southwestern Athletic Conference,26,dict
2017-18,111103,Missouri,SEC,142,Missouri Tigers,Missouri,Tigers,MIZ,Southeastern Conference,23,exact
2017-18,111207,Missouri St.,MVC,2623,Missouri State Bears,Missouri State,Bears,MOST,Missouri Valley Conference,18,exact
2017-18,111104,Monmouth,MAAC,2405,Monmouth Hawks,Monmouth,Hawks,MONM,Colonial Athletic Association,10,exact
2017-18,111106,Montana,Big Sky,149,Montana Grizzlies,Montana,Grizzlies,MONT,Big Sky Conference,5,exact
2017-18,111105,Montana St.,Big Sky,147,Montana State Bobcats,Montana State,Bobcats,MTST,Big Sky Conference,5,exact
2017-18,111107,Morehead St.,OVC,2413,Morehead State Eagles,Morehead State,Eagles,MORE,Ohio Valley Conference,20,exact
2017-18,111108,Morgan St.,MEAC,2415,Morgan State Bears,Morgan State,Bears,MORG,Mid-Eastern Athletic Conference,16,exact
2017-18,111109,Mount St. Mary's,NEC,116,Mount St. Mary's Mountaineers,Mount St. Mary's,Mountaineers,MSM,Metro Atlantic Athletic Conference,13,exact
2017-18,111110,Murray St.,OVC,93,Murray State Racers,Murray State,Racers,MUR,Missouri Valley Conference,18,exact
2017-18,111128,N.C. A&T,MEAC,2448,North Carolina A&T Aggies,North Carolina A&T,Aggies,NCAT,Colonial Athletic Association,10,exact
2017-18,111129,N.C. Central,MEAC,2428,North Carolina Central Eagles,North Carolina Central,Eagles,NCCU,Mid-Eastern Athletic Conference,16,exact
2017-18,111130,NC State,ACC,152,NC State Wolfpack,NC State,Wolfpack,NCSU,Atlantic Coast Conference,2,exact
2017-18,111138,NIU,MAC,2459,Northern Illinois Huskies,Northern Illinois,Huskies,NIU,Mid-American Conference,14,exact
2017-18,111121,NJIT,ASUN,2885,NJIT Highlanders,NJIT,Highlanders,NJIT,America East Conference,1,exact
2017-18,111236,Navy,Patriot,2426,Navy Midshipmen,Navy,Midshipmen,NAVY,Patriot League,22,exact
2017-18,111116,Nebraska,Big Ten,158,Nebraska Cornhuskers,Nebraska,Cornhuskers,NEB,Big Ten Conference,7,exact
2017-18,111119,Nevada,MWC,2440,Nevada Wolf Pack,Nevada,Wolf Pack,NEV,Mountain West Conference,44,exact
2017-18,111120,New Hampshire,America East,160,New Hampshire Wildcats,New Hampshire,Wildcats,UNH,America East Conference,1,exact
2017-18,111123,New Mexico,MWC,167,New Mexico Lobos,New Mexico,Lobos,UNM,Mountain West Conference,44,exact
2017-18,111122,New Mexico St.,WAC,166,New Mexico State Aggies,New Mexico State,Aggies,NMSU,Western Athletic Conference,30,exact
2017-18,111124,New Orleans,Southland,2443,LSU New Orleans Privateers,LSU New Orleans,Privateers,NOLA,Southland Conference,25,exact
2017-18,111125,Niagara,MAAC,315,Niagara Purple Eagles,Niagara,Purple Eagles,NIA,Metro Atlantic Athletic Conference,13,exact
2017-18,111126,Nicholls,Southland,2447,Nicholls Colonels,Nicholls,Colonels,NICH,Southland Conference,25,exact
2017-18,111127,Norfolk St.,MEAC,2450,Norfolk State Spartans,Norfolk State,Spartans,NORF,Mid-Eastern Athletic Conference,16,exact
2017-18,111112,North Carolina,ACC,153,North Carolina Tar Heels,North Carolina,Tar Heels,UNC,Atlantic Coast Conference,2,exact
2017-18,111132,North Dakota,Big Sky,155,North Dakota Fighting Hawks,North Dakota,Fighting Hawks,UND,Summit League,49,exact
2017-18,111131,North Dakota St.,Summit League,2449,North Dakota State Bison,North Dakota State,Bison,NDSU,Summit League,49,exact
2017-18,111279,North Florida,ASUN,2454,North Florida Ospreys,North Florida,Ospreys,UNF,ASUN Conference,46,exact
2017-18,111133,North Texas,C-USA,249,North Texas Mean Green,North Texas,Mean Green,UNT,Conference USA,11,exact
2017-18,111135,Northeastern,CAA,111,Northeastern Huskies,Northeastern,Huskies,NE,Colonial Athletic Association,10,exact
2017-18,111136,Northern Ariz.,Big Sky,2464,Northern Arizona Lumberjacks,Northern Arizona,Lumberjacks,NAU,Big Sky Conference,5,exact
2017-18,111137,Northern Colo.,Big Sky,2458,Northern Colorado Bears,Northern Colorado,Bears,UNCO,Big Sky Conference,5,exact
2017-18,111140,Northern Ky.,Horizon,94,Northern Kentucky Norse,Northern Kentucky,Norse,NKU,Horizon League,45,exact
2017-18,111142,Northwestern,Big Ten,77,Northwestern Wildcats,Northwestern,Wildcats,NU,Big Ten Conference,7,exact
2017-18,111141,Northwestern St.,Southland,2466,Northwestern State Demons,Northwestern State,Demons,NWST,Southland Conference,25,exact
2017-18,111143,Notre Dame,ACC,87,Notre Dame Fighting Irish,Notre Dame,Fighting Irish,ND,Atlantic Coast Conference,2,exact
2017-18,111144,Oakland,Horizon,2473,Oakland Golden Grizzlies,Oakland,Golden Grizzlies,OAK,Horizon League,45,exact
2017-18,111146,Ohio,MAC,195,Ohio Bobcats,Ohio,Bobcats,OHIO,Mid-American Conference,14,exact
2017-18,111145,Ohio St.,Big Ten,194,Ohio State Buckeyes,Ohio State,Buckeyes,OSU,Big Ten Conference,7,exact
2017-18,111148,Oklahoma,Big 12,201,Oklahoma Sooners,Oklahoma,Sooners,OU,Big 12 Conference,8,exact
2017-18,111147,Oklahoma St.,Big 12,197,Oklahoma State Cowboys,Oklahoma State,Cowboys,OKST,Big 12 Conference,8,exact
2017-18,111149,Old Dominion,C-USA,295,Old Dominion Monarchs,Old Dominion,Monarchs,ODU,Sun Belt Conference,27,exact
2017-18,111102,Ole Miss,SEC,145,Ole Miss Rebels,Ole Miss,Rebels,MISS,Southeastern Conference,23,exact
2017-18,111117,Omaha,Summit League,2437,Omaha Mavericks,Omaha,Mavericks,OMA,Summit League,49,exact
2017-18,111150,Oral Roberts,Summit League,198,Oral Roberts Golden Eagles,Oral Roberts,Golden Eagles,ORU,Summit League,49,exact
2017-18,111152,Oregon,Pac-12,2483,Oregon Ducks,Oregon,Ducks,ORE,Pac-12 Conference,21,exact
2017-18,111151,Oregon St.,Pac-12,204,Oregon State Beavers,Oregon State,Beavers,ORST,Pac-12 Conference,21,exact
2017-18,111153,Pacific,WCC,279,Pacific Tigers,Pacific,Tigers,PAC,West Coast Conference,29,exact
2017-18,111156,Penn,Ivy League,219,Pennsylvania Quakers,Pennsylvania,Quakers,PENN,Ivy League,12,exact
2017-18,111155,Penn St.,Big Ten,213,Penn State Nittany Lions,Penn State,Nittany Lions,PSU,Big Ten Conference,7,exact
2017-18,111157,Pepperdine,WCC,2492,Pepperdine Waves,Pepperdine,Waves,PEPP,West Coast Conference,29,exact
2017-18,111158,Pittsburgh,ACC,221,Pittsburgh Panthers,Pittsburgh,Panthers,PITT,Atlantic Coast Conference,2,exact
2017-18,111160,Portland,WCC,2501,Portland Pilots,Portland,Pilots,PORT,West Coast Conference,29,exact
2017-18,111159,Portland St.,Big Sky,2502,Portland State Vikings,Portland State,Vikings,PRST,Big Sky Conference,5,exact
2017-18,111161,Prairie View,SWAC,2504,Prairie View A&M Panthers,Prairie View A&M,Panthers,PV,Southwestern Athletic Conference,26,exact
2017-18,111274,Presbyterian,Big South,2506,Presbyterian Blue Hose,Presbyterian,Blue Hose,PRES,Big South Conference,6,exact
2017-18,111162,Princeton,Ivy League,163,Princeton Tigers,Princeton,Tigers,PRIN,Ivy League,12,exact
2017-18,111163,Providence,Big East,2507,Providence Friars,Providence,Friars,PROV,Big East Conference,4,exact
2017-18,111164,Purdue,Big Ten,2509,Purdue Boilermakers,Purdue,Boilermakers,PUR,Big Ten Conference,7,exact
2017-18,111056,Purdue Fort Wayne,Summit League,2870,Purdue Fort Wayne Mastodons,Purdue Fort Wayne,Mastodons,PFW,Horizon League,45,exact
2017-18,111165,Quinnipiac,MAAC,2514,Quinnipiac Bobcats,Quinnipiac,Bobcats,QUIN,Metro Atlantic Athletic Conference,13,exact
2017-18,111166,Radford,Big South,2515,Radford Highlanders,Radford,Highlanders,RAD,Big South Conference,6,exact
2017-18,111167,Rhode Island,Atlantic 10,227,Rhode Island Rams,Rhode Island,Rams,URI,Atlantic 10 Conference,3,exact
2017-18,111168,Rice,C-USA,242,Rice Owls,Rice,Owls,RICE,Conference USA,11,exact
2017-18,111169,Richmond,Atlantic 10,257,Richmond Spiders,Richmond,Spiders,RICH,Atlantic 10 Conference,3,exact
2017-18,111170,Rider,MAAC,2520,Rider Broncs,Rider,Broncs,RID,Metro Atlantic Athletic Conference,13,exact
2017-18,111171,Robert Morris,NEC,2523,Robert Morris Colonials,Robert Morris,Colonials,RMU,Horizon League,45,exact
2017-18,111172,Rutgers,Big Ten,164,Rutgers Scarlet Knights,Rutgers,Scarlet Knights,RUTG,Big Ten Conference,7,exact
2017-18,111211,SFA,Southland,2617,Stephen F. Austin Lumberjacks,Stephen F. Austin,Lumberjacks,SFA,Western Athletic Conference,30,exact
2017-18,111202,SIUE,OVC,2565,SIU Edwardsville Cougars,SIU Edwardsville,Cougars,SIUE,Ohio Valley Conference,20,exact
2017-18,111203,SMU,AAC,2567,SMU Mustangs,SMU,Mustangs,SMU,American Athletic Conference,62,exact
2017-18,110977,Sacramento St.,Big Sky,16,Sacramento State Hornets,Sacramento State,Hornets,SAC,Big Sky Conference,5,exact
2017-18,111173,Sacred Heart,NEC,2529,Sacred Heart Pioneers,Sacred Heart,Pioneers,SHU,Northeast Conference,19,exact
2017-18,111176,Saint Francis (PA),NEC,2598,St. Francis (PA) Red Flash,St. Francis (PA),Red Flash,SFPA,Northeast Conference,19,exact
2017-18,111178,Saint Joseph's,Atlantic 10,2603,Saint Joseph's Hawks,Saint Joseph's,Hawks,JOES,Atlantic 10 Conference,3,exact
2017-18,111179,Saint Louis,Atlantic 10,139,Saint Louis Billikens,Saint Louis,Billikens,SLU,Atlantic 10 Conference,3,exact
2017-18,111180,Saint Mary's (CA),WCC,2608,Saint Mary's Gaels,Saint Mary's,Gaels,SMC,West Coast Conference,29,dict
2017-18,111181,Saint Peter's,MAAC,2612,Saint Peter's Peacocks,Saint Peter's,Peacocks,SPU,Metro Atlantic Athletic Conference,13,exact
2017-18,111182,Sam Houston,Southland,2534,Sam Houston Bearkats,Sam Houston,Bearkats,SHSU,Western Athletic Conference,30,exact
2017-18,111183,Samford,SoCon,2535,Samford Bulldogs,Samford,Bulldogs,SAM,Southern Conference,24,exact
2017-18,111185,San Diego,WCC,301,San Diego Toreros,San Diego,Toreros,USD,West Coast Conference,29,exact
2017-18,111184,San Diego St.,MWC,21,San Diego State Aztecs,San Diego State,Aztecs,SDSU,Mountain West Conference,44,exact
2017-18,111186,San Francisco,WCC,2539,San Francisco Dons,San Francisco,Dons,SF,West Coast Conference,29,exact
2017-18,111187,San Jose St.,MWC,23,San José State Spartans,San José State,Spartans,SJSU,Mountain West Conference,44,dict
2017-18,111188,Santa Clara,WCC,2541,Santa Clara Broncos,Santa Clara,Broncos,SCU,West Coast Conference,29,exact
2017-18,111189,Savannah St.,MEAC,2542,Savannah State Tigers,Savannah State,Tigers,SAV,,,alias
2017-18,111275,Seattle U,WAC,2547,Seattle U Redhawks,Seattle U,Redhawks,SEA,Western Athletic Conference,30,exact
2017-18,111190,Seton Hall,Big East,2550,Seton Hall Pirates,Seton Hall,Pirates,HALL,Big East Conference,4,exact
2017-18,111191,Siena,MAAC,2561,Siena Saints,Siena,Saints,SIE,Metro Atlantic Athletic Conference,13,exact
2017-18,111192,South Alabama,Sun Belt,6,South Alabama Jaguars,South Alabama,Jaguars,USA,Sun Belt Conference,27,exact
2017-18,111194,South Carolina,SEC,2579,South Carolina Gamecocks,South Carolina,Gamecocks,SC,Southeastern Conference,23,exact
2017-18,111193,South Carolina St.,MEAC,2569,South Carolina State Bulldogs,South Carolina State,Bulldogs,SCST,Mid-Eastern Athletic Conference,16,exact
2017-18,111196,South Dakota,Summit League,233,South Dakota Coyotes,South Dakota,Coyotes,SDAK,Summit League,49,exact
2017-18,111195,South Dakota St.,Summit League,2571,South Dakota State Jackrabbits,South Dakota State,Jackrabbits,SDST,Summit League,49,exact
2017-18,111197,South Fla.,AAC,58,South Florida Bulls,South Florida,Bulls,USF,American Athletic Conference,62,exact
2017-18,111198,Southeast Mo. St.,OVC,2546,Southeast Missouri State Redhawks,Southeast Missouri State,Redhawks,SEMO,Ohio Valley Conference,20,exact
2017-18,111199,Southeastern La.,Southland,2545,SE Louisiana Lions,SE Louisiana,Lions,SELA,Southland Conference,25,dict
2017-18,111200,Southern California,Pac-12,30,USC Trojans,USC,Trojans,USC,Pac-12 Conference,21,dict
2017-18,111201,Southern Ill.,MVC,79,Southern Illinois Salukis,Southern Illinois,Salukis,SIU,Missouri Valley Conference,18,exact
2017-18,111204,Southern Miss.,C-USA,2572,Southern Miss Golden Eagles,Southern Miss,Golden Eagles,USM,Sun Belt Conference,27,dict
2017-18,111205,Southern U.,SWAC,2582,Southern Jaguars,Southern,Jaguars,SOU,Southwestern Athletic Conference,26,dict
2017-18,111206,Southern Utah,Big Sky,253,Southern Utah Thunderbirds,Southern Utah,Thunderbirds,SUU,Western Athletic Conference,30,exact
2017-18,111174,St. Bonaventure,Atlantic 10,179,St. Bonaventure Bonnies,St. Bonaventure,Bonnies,SBU,Atlantic 10 Conference,3,exact
2017-18,111175,St. Francis Brooklyn,NEC,2597,St. Francis Brooklyn Terriers,St. Francis Brooklyn,Terriers,SFNY,Northeast Conference,19,exact
2017-18,111177,St. John's (NY),Big East,2599,St. John's Red Storm,St. John's,Red Storm,SJU,Big East Conference,4,dict
2017-18,111210,Stanford,Pac-12,24,Stanford Cardinal,Stanford,Cardinal,STAN,Pac-12 Conference,21,exact
2017-18,111212,Stetson,ASUN,56,Stetson Hatters,Stetson,Hatters,STET,ASUN Conference,46,exact
2017-18,111213,Stony Brook,America East,2619,Stony Brook Seawolves,Stony Brook,Seawolves,STBK,Colonial Athletic Association,10,exact
2017-18,111214,Syracuse,ACC,183,Syracuse Orange,Syracuse,Orange,SYR,Atlantic Coast Conference,2,exact
2017-18,111222,TCU,Big 12,2628,TCU Horned Frogs,TCU,Horned Frogs,TCU,Big 12 Conference,8,exact
2017-18,111215,Temple,AAC,218,Temple Owls,Temple,Owls,TEM,American Athletic Conference,62,exact
2017-18,111219,Tennessee,SEC,2633,Tennessee Volunteers,Tennessee,Volunteers,TENN,Southeastern Conference,23,exact
2017-18,111216,Tennessee St.,OVC,2634,Tennessee State Tigers,Tennessee State,Tigers,TNST,Ohio Valley Conference,20,exact
2017-18,111217,Tennessee Tech,OVC,2635,Tennessee Tech Golden Eagles,Tennessee Tech,Golden Eagles,TNTC,Ohio Valley Conference,20,exact
2017-18,111226,Texas,Big 12,251,Texas Longhorns,Texas,Longhorns,TEX,Big 12 Conference,8,exact
2017-18,111221,Texas A&M,SEC,245,Texas A&M Aggies,Texas A&M,Aggies,TA&M,Southeastern Conference,23,exact
2017-18,111223,Texas Southern,SWAC,2640,Texas Southern Tigers,Texas Southern,Tigers,TXSO,Southwestern Athletic Conference,26,exact
2017-18,111208,Texas St.,Sun Belt,326,Texas State Bobcats,Texas State,Bobcats,TXST,Sun Belt Conference,27,exact
2017-18,111224,Texas Tech,Big 12,2641,Texas Tech Red Raiders,Texas Tech,Red Raiders,TTU,Big 12 Conference,8,exact
2017-18,110991,The Citadel,SoCon,2643,The Citadel Bulldogs,The Citadel,Bulldogs,CIT,Southern Conference,24,exact
2017-18,111229,Toledo,MAC,2649,Toledo Rockets,Toledo,Rockets,TOL,Mid-American Conference,14,exact
2017-18,111230,Towson,CAA,119,Towson Tigers,Towson,Tigers,TOW,Colonial Athletic Association,10,exact
2017-18,111231,Troy,Sun Belt,2653,Troy Trojans,Troy,Trojans,TROY,Sun Belt Conference,27,exact
2017-18,111232,Tulane,AAC,2655,Tulane Green Wave,Tulane,Green Wave,TULN,American Athletic Conference,62,exact
2017-18,111233,Tulsa,AAC,202,Tulsa Golden Hurricane,Tulsa,Golden Hurricane,TLSA,American Athletic Conference,62,exact
2017-18,110943,UAB,C-USA,5,UAB Blazers,UAB,Blazers,UAB,Conference USA,11,exact
2017-18,110944,UAlbany,America East,399,UAlbany Great Danes,UAlbany,Great Danes,UALB,America East Conference,1,exact
2017-18,110980,UC Davis,Big West,302,UC Davis Aggies,UC Davis,Aggies,UCD,Big West Conference,9,exact
2017-18,110981,UC Irvine,Big West,300,UC Irvine Anteaters,UC Irvine,Anteaters,UCI,Big West Conference,9,exact
2017-18,110983,UC Riverside,Big West,27,UC Riverside Highlanders,UC Riverside,Highlanders,UCR,Big West Conference,9,exact
2017-18,110978,UC Santa Barbara,Big West,2540,UC Santa Barbara Gauchos,UC Santa Barbara,Gauchos,UCSB,Big West Conference,9,exact
2017-18,110987,UCF,AAC,2116,UCF Knights,UCF,Knights,UCF,American Athletic Conference,62,exact
2017-18,110982,UCLA,Pac-12,26,UCLA Bruins,UCLA,Bruins,UCLA,Pac-12 Conference,21,exact
2017-18,110999,UConn,AAC,41,UConn Huskies,UConn,Huskies,CONN,Big East Conference,4,exact
2017-18,111053,UIC,Horizon,82,UIC Flames,UIC,Flames,UIC,Missouri Valley Conference,18,exact
2017-18,111280,UIW,Southland,2916,Incarnate Word Cardinals,Incarnate Word,Cardinals,UIW,Southland Conference,25,exact
2017-18,111134,ULM,Sun Belt,2433,UL Monroe Warhawks,UL Monroe,Warhawks,ULM,Sun Belt Conference,27,exact
2017-18,111087,UMBC,America East,2378,UMBC Retrievers,UMBC,Retrievers,UMBC,America East Conference,1,exact
2017-18,111089,UMES,MEAC,2379,Maryland Eastern Shore Hawks,Maryland Eastern Shore,Hawks,UMES,Mid-Eastern Athletic Conference,16,exact
2017-18,111078,UMass Lowell,America East,2349,UMass Lowell River Hawks,UMass Lowell,River Hawks,UML,America East Conference,1,exact
2017-18,111111,UNC Asheville,Big South,2427,UNC Asheville Bulldogs,UNC Asheville,Bulldogs,UNCA,Big South Conference,6,exact
2017-18,111114,UNC Greensboro,SoCon,2430,UNC Greensboro Spartans,UNC Greensboro,Spartans,UNCG,Southern Conference,24,exact
2017-18,111115,UNCW,CAA,350,UNC Wilmington Seahawks,UNC Wilmington,Seahawks,UNCW,Colonial Athletic Association,10,exact
2017-18,111139,UNI,MVC,2460,Northern Iowa Panthers,Northern Iowa,Panthers,UNI,Missouri Valley Conference,18,exact
2017-18,111118,UNLV,MWC,2439,UNLV Rebels,UNLV,Rebels,UNLV,Mountain West Conference,44,exact
2017-18,111282,USC Upstate,ASUN,2908,South Carolina Upstate Spartans,South Carolina Upstate,Spartans,UPST,Big South Conference,6,dict
2017-18,111225,UT Arlington,Sun Belt,250,UT Arlington Mavericks,UT Arlington,Mavericks,UTA,Western Athletic Conference,30,exact
2017-18,111220,UT Martin,OVC,2630,UT Martin Skyhawks,UT Martin,Skyhawks,UTM,Ohio Valley Conference,20,exact
2017-18,111227,UTEP,C-USA,2638,UTEP Miners,UTEP,Miners,UTEP,Conference USA,11,exact
2017-18,111154,UTRGV,WAC,292,UT Rio Grande Valley Vaqueros,UT Rio Grande Valley,Vaqueros,RGV,Western Athletic Conference,30,dict
2017-18,111228,UTSA,C-USA,2636,UTSA Roadrunners,UTSA,Roadrunners,UTSA,Conference USA,11,exact
2017-18,111238,Utah,Pac-12,254,Utah Utes,Utah,Utes,UTAH,Pac-12 Conference,21,exact
2017-18,111237,Utah St.,MWC,328,Utah State Aggies,Utah State,Aggies,USU,Mountain West Conference,44,exact
2017-18,111288,Utah Valley,WAC,3084,Utah Valley Wolverines,Utah Valley,Wolverines,UVU,Western Athletic Conference,30,exact
2017-18,111243,VCU,Atlantic 10,2670,VCU Rams,VCU,Rams,VCU,Atlantic 10 Conference,3,exact
2017-18,111244,VMI,SoCon,2678,VMI Keydets,VMI,Keydets,VMI,Southern Conference,24,exact
2017-18,111239,Valparaiso,MVC,2674,Valparaiso Beacons,Valparaiso,Beacons,VAL,Missouri Valley Conference,18,exact
2017-18,111240,Vanderbilt,SEC,238,Vanderbilt Commodores,Vanderbilt,Commodores,VAN,Southeastern Conference,23,exact
2017-18,111241,Vermont,America East,261,Vermont Catamounts,Vermont,Catamounts,UVM,America East Conference,1,exact
2017-18,111242,Villanova,Big East,222,Villanova Wildcats,Villanova,Wildcats,VILL,Big East Conference,4,exact
2017-18,111246,Virginia,ACC,258,Virginia Cavaliers,Virginia,Cavaliers,UVA,Atlantic Coast Conference,2,exact
2017-18,111245,Virginia Tech,ACC,259,Virginia Tech Hokies,Virginia Tech,Hokies,VT,Atlantic Coast Conference,2,exact
2017-18,111247,Wagner,NEC,2681,Wagner Seahawks,Wagner,Seahawks,WAG,Northeast Conference,19,exact
2017-18,111248,Wake Forest,ACC,154,Wake Forest Demon Deacons,Wake Forest,Demon Deacons,WAKE,Atlantic Coast Conference,2,exact
2017-18,111250,Washington,Pac-12,264,Washington Huskies,Washington,Huskies,WASH,Pac-12 Conference,21,exact
2017-18,111249,Washington St.,Pac-12,265,Washington State Cougars,Washington State,Cougars,WSU,Pac-12 Conference,21,exact
2017-18,111251,Weber St.,Big Sky,2692,Weber State Wildcats,Weber State,Wildcats,WEB,Big Sky Conference,5,exact
2017-18,111252,West Virginia,Big 12,277,West Virginia Mountaineers,West Virginia,Mountaineers,WVU,Big 12 Conference,8,exact
2017-18,111253,Western Caro.,SoCon,2717,Western Carolina Catamounts,Western Carolina,Catamounts,WCU,Southern Conference,24,exact
2017-18,111254,Western Ill.,Summit League,2710,Western Illinois Leathernecks,Western Illinois,Leathernecks,WIU,Summit League,49,exact
2017-18,111255,Western Ky.,C-USA,98,Western Kentucky Hilltoppers,Western Kentucky,Hilltoppers,WKU,Conference USA,11,exact
2017-18,111256,Western Mich.,MAC,2711,Western Michigan Broncos,Western Michigan,Broncos,WMU,Mid-American Conference,14,exact
2017-18,111257,Wichita St.,AAC,2724,Wichita State Shockers,Wichita State,Shockers,WICH,American Athletic Conference,62,exact
2017-18,111258,William & Mary,CAA,2729,William & Mary Tribe,William & Mary,Tribe,W&M,Colonial Athletic Association,10,exact
2017-18,111259,Winthrop,Big South,2737,Winthrop Eagles,Winthrop,Eagles,WIN,Big South Conference,6,exact
2017-18,111261,Wisconsin,Big Ten,275,Wisconsin Badgers,Wisconsin,Badgers,WIS,Big Ten Conference,7,exact
2017-18,111281,Wofford,SoCon,2747,Wofford Terriers,Wofford,Terriers,WOF,Southern Conference,24,exact
2017-18,111263,Wright St.,Horizon,2750,Wright State Raiders,Wright State,Raiders,WRST,Horizon League,45,exact
2017-18,111264,Wyoming,MWC,2751,Wyoming Cowboys,Wyoming,Cowboys,WYO,Mountain West Conference,44,exact
2017-18,111265,Xavier,Big East,2752,Xavier Musketeers,Xavier,Musketeers,XAV,Big East Conference,4,exact
2017-18,111266,Yale,Ivy League,43,Yale Bulldogs,Yale,Bulldogs,YALE,Ivy League,12,exact
2017-18,111267,Youngstown St.,Horizon,2754,Youngstown State Penguins,Youngstown State,Penguins,YSU,Horizon League,45,exact
2018-19,450809,A&M-Corpus Christi,Southland,357,Texas A&M-Corpus Christi Islanders,Texas A&M-Corpus Christi,Islanders,AMCC,Southland Conference,25,dict
2018-19,450462,Abilene Christian,Southland,2000,Abilene Christian Wildcats,Abilene Christian,Wildcats,ACU,Western Athletic Conference,30,exact
2018-19,450758,Air Force,MWC,2005,Air Force Falcons,Air Force,Falcons,AF,Mountain West Conference,44,exact
2018-19,450463,Akron,MAC,2006,Akron Zips,Akron,Zips,AKR,Mid-American Conference,14,exact
2018-19,450466,Alabama,SEC,333,Alabama Crimson Tide,Alabama,Crimson Tide,ALA,Southeastern Conference,23,exact
2018-19,450464,Alabama A&M,SWAC,2010,Alabama A&M Bulldogs,Alabama A&M,Bulldogs,AAMU,Southwestern Athletic Conference,26,exact
2018-19,450465,Alabama St.,SWAC,2011,Alabama State Hornets,Alabama State,Hornets,ALST,Southwestern Athletic Conference,26,exact
2018-19,450469,Alcorn,SWAC,2016,Alcorn State Braves,Alcorn State,Braves,ALCN,Southwestern Athletic Conference,26,dict
2018-19,450470,American,Patriot,44,American University Eagles,American University,Eagles,AMER,Patriot League,22,exact
2018-19,450471,App State,Sun Belt,2026,App State Mountaineers,App State,Mountaineers,APP,Sun Belt Conference,27,exact
2018-19,450473,Arizona,Pac-12,12,Arizona Wildcats,Arizona,Wildcats,ARIZ,Pac-12 Conference,21,exact
2018-19,450472,Arizona St.,Pac-12,9,Arizona State Sun Devils,Arizona State,Sun Devils,ASU,Pac-12 Conference,21,exact
2018-19,450800,Ark.-Pine Bluff,SWAC,2029,Arkansas-Pine Bluff Golden Lions,Arkansas-Pine Bluff,Golden Lions,UAPB,Southwestern Athletic Conference,26,dict
2018-19,450475,Arkansas,SEC,8,Arkansas Razorbacks,Arkansas,Razorbacks,ARK,Southeastern Conference,23,exact
2018-19,450474,Arkansas St.,Sun Belt,2032,Arkansas State Red Wolves,Arkansas State,Red Wolves,ARST,Sun Belt Conference,27,exact
2018-19,450759,Army West Point,Patriot,349,Army Black Knights,Army,Black Knights,ARMY,Patriot League,22,dict
2018-19,450477,Auburn,SEC,2,Auburn Tigers,Auburn,Tigers,AUB,Southeastern Conference,23,exact
2018-19,450478,Austin Peay,OVC,2046,Austin Peay Governors,Austin Peay,Governors,APSU,ASUN Conference,46,exact
2018-19,450489,BYU,WCC,252,BYU Cougars,BYU,Cougars,BYU,West Coast Conference,29,exact
2018-19,450479,Ball St.,MAC,2050,Ball State Cardinals,Ball State,Cardinals,BALL,Mid-American Conference,14,exact
2018-19,450481,Baylor,Big 12,239,Baylor Bears,Baylor,Bears,BAY,Big 12 Conference,8,exact
2018-19,450807,Belmont,OVC,2057,Belmont Bruins,Belmont,Bruins,BEL,Missouri Valley Conference,18,exact
2018-19,450482,Bethune-Cookman,MEAC,2065,Bethune-Cookman Wildcats,Bethune-Cookman,Wildcats,BCU,Southwestern Athletic Conference,26,exact
2018-19,450483,Binghamton,America East,2066,Binghamton Bearcats,Binghamton,Bearcats,BING,America East Conference,1,exact
2018-19,450484,Boise St.,MWC,68,Boise State Broncos,Boise State,Broncos,BOIS,Mountain West Conference,44,exact
2018-19,450485,Boston College,ACC,103,Boston College Eagles,Boston College,Eagles,BC,Atlantic Coast Conference,2,exact
2018-19,450486,Boston U.,Patriot,104,Boston University Terriers,Boston University,Terriers,BU,Patriot League,22,exact
2018-19,450487,Bowling Green,MAC,189,Bowling Green Falcons,Bowling Green,Falcons,BGSU,Mid-American Conference,14,exact
2018-19,450488,Bradley,MVC,71,Bradley Braves,Bradley,Braves,BRAD,Missouri Valley Conference,18,exact
2018-19,450490,Brown,Ivy League,225,Brown Bears,Brown,Bears,BRWN,Ivy League,12,exact
2018-19,450491,Bryant,NEC,2803,Bryant Bulldogs,Bryant,Bulldogs,BRY,America East Conference,1,exact
2018-19,450492,Bucknell,Patriot,2083,Bucknell Bison,Bucknell,Bison,BUCK,Patriot League,22,exact
2018-19,450493,Buffalo,MAC,2084,Buffalo Bulls,Buffalo,Bulls,BUF,Mid-American Conference,14,exact
2018-19,450494,Butler,Big East,2086,Butler Bulldogs,Butler,Bulldogs,BTLR,Big East Conference,4,exact
2018-19,450496,CSU Bakersfield,WAC,2934,Cal State Bakersfield Roadrunners,Cal State Bakersfield,Roadrunners,CSUB,Big West Conference,9,alias
2018-19,450500,CSUN,Big West,2463,Cal State Northridge Matadors,Cal State Northridge,Matadors,CSUN,Big West Conference,9,exact
2018-19,450495,Cal Poly,Big West,13,Cal Poly Mustangs,Cal Poly,Mustangs,CP,Big West Conference,9,exact
2018-19,450498,Cal St. Fullerton,Big West,2239,Cal State Fullerton Titans,Cal State Fullerton,Titans,CSUF,Big West Conference,9,exact
2018-19,450503,California,Pac-12,25,California Golden Bears,California,Golden Bears,CAL,Pac-12 Conference,21,exact
2018-19,450508,Campbell,Big South,2097,Campbell Fighting Camels,Campbell,Fighting Camels,CAM,Big South Conference,6,exact
2018-19,450509,Canisius,MAAC,2099,Canisius Golden Griffins,Canisius,Golden Griffins,CAN,Metro Atlantic Athletic Conference,13,exact
2018-19,450792,Central Ark.,Southland,2110,Central Arkansas Bears,Central Arkansas,Bears,CARK,ASUN Conference,46,exact
2018-19,450510,Central Conn. St.,NEC,2115,Central Connecticut Blue Devils,Central Connecticut,Blue Devils,CCSU,Northeast Conference,19,dict
2018-19,450512,Central Mich.,MAC,2117,Central Michigan Chippewas,Central Michigan,Chippewas,CMU,Mid-American Conference,14,exact
2018-19,450480,Charleston So.,Big South,2127,Charleston Southern Buccaneers,Charleston Southern,Buccaneers,CHSO,Big South Conference,6,exact
2018-19,450637,Charlotte,C-USA,2429,Charlotte 49ers,Charlotte,49ers,CLT,Conference USA,11,exact
2018-19,450742,Chattanooga,SoCon,236,Chattanooga Mocs,Chattanooga,Mocs,UTC,Southern Conference,24,exact
2018-19,450513,Chicago St.,WAC,2130,Chicago State Cougars,Chicago State,Cougars,CHST,Division I Independents,43,exact
2018-19,450514,Cincinnati,AAC,2132,Cincinnati Bearcats,Cincinnati,Bearcats,CIN,American Athletic Conference,62,exact
2018-19,450516,Clemson,ACC,228,Clemson Tigers,Clemson,Tigers,CLEM,Atlantic Coast Conference,2,exact
2018-19,450517,Cleveland St.,Horizon,325,Cleveland State Vikings,Cleveland State,Vikings,CLE,Horizon League,45,exact
2018-19,450518,Coastal Carolina,Sun Belt,324,Coastal Carolina Chanticleers,Coastal Carolina,Chanticleers,CCU,Sun Belt Conference,27,exact
2018-19,450793,Col. of Charleston,CAA,232,Charleston Cougars,Charleston,Cougars,COFC,Colonial Athletic Association,10,dict
2018-19,450519,Colgate,Patriot,2142,Colgate Raiders,Colgate,Raiders,COLG,Patriot League,22,exact
2018-19,450521,Colorado,Pac-12,38,Colorado Buffaloes,Colorado,Buffaloes,COLO,Pac-12 Conference,21,exact
2018-19,450520,Colorado St.,MWC,36,Colorado State Rams,Colorado State,Rams,CSU,Mountain West Conference,44,exact
2018-19,450522,Columbia,Ivy League,171,Columbia Lions,Columbia,Lions,COLU,Ivy League,12,exact
2018-19,450524,Coppin St.,MEAC,2154,Coppin State Eagles,Coppin State,Eagles,COPP,Mid-Eastern Athletic Conference,16,exact
2018-19,450525,Cornell,Ivy League,172,Cornell Big Red,Cornell,Big Red,COR,Ivy League,12,exact
2018-19,450526,Creighton,Big East,156,Creighton Bluejays,Creighton,Bluejays,CREI,Big East Conference,4,exact
2018-19,450527,Dartmouth,Ivy League,159,Dartmouth Big Green,Dartmouth,Big Green,DART,Ivy League,12,exact
2018-19,450528,Davidson,Atlantic 10,2166,Davidson Wildcats,Davidson,Wildcats,DAV,Atlantic 10 Conference,3,exact
2018-19,450529,Dayton,Atlantic 10,2168,Dayton Flyers,Dayton,Flyers,DAY,Atlantic 10 Conference,3,exact
2018-19,450530,DePaul,Big East,305,DePaul Blue Demons,DePaul,Blue Demons,DEP,Big East Conference,4,exact
2018-19,450532,Delaware,CAA,48,Delaware Blue Hens,Delaware,Blue Hens,DEL,Colonial Athletic Association,10,exact
2018-19,450531,Delaware St.,MEAC,2169,Delaware State Hornets,Delaware State,Hornets,DSU,Mid-Eastern Athletic Conference,16,exact
2018-19,450533,Denver,Summit League,2172,Denver Pioneers,Denver,Pioneers,DEN,Summit League,49,exact
2018-19,450534,Detroit Mercy,Horizon,2174,Detroit Mercy Titans,Detroit Mercy,Titans,DETM,Horizon League,45,exact
2018-19,450535,Drake,MVC,2181,Drake Bulldogs,Drake,Bulldogs,DRKE,Missouri Valley Conference,18,exact
2018-19,450536,Drexel,CAA,2182,Drexel Dragons,Drexel,Dragons,DREX,Colonial Athletic Association,10,exact
2018-19,450537,Duke,ACC,150,Duke Blue Devils,Duke,Blue Devils,DUKE,Atlantic Coast Conference,2,exact
2018-19,450538,Duquesne,Atlantic 10,2184,Duquesne Dukes,Duquesne,Dukes,DUQ,Atlantic 10 Conference,3,exact
2018-19,450540,ETSU,SoCon,2193,East Tennessee State Buccaneers,East Tennessee State,Buccaneers,ETSU,Southern Conference,24,exact
2018-19,450539,East Carolina,AAC,151,East Carolina Pirates,East Carolina,Pirates,ECU,American Athletic Conference,62,exact
2018-19,450541,Eastern Ill.,OVC,2197,Eastern Illinois Panthers,Eastern Illinois,Panthers,EIU,Ohio Valley Conference,20,exact
2018-19,450542,Eastern Ky.,OVC,2198,Eastern Kentucky Colonels,Eastern Kentucky,Colonels,EKU,ASUN Conference,46,exact
2018-19,450543,Eastern Mich.,MAC,2199,Eastern Michigan Eagles,Eastern Michigan,Eagles,EMU,Mid-American Conference,14,exact
2018-19,450544,Eastern Wash.,Big Sky,331,Eastern Washington Eagles,Eastern Washington,Eagles,EWU,Big Sky Conference,5,exact
2018-19,450794,Elon,CAA,2210,Elon Phoenix,Elon,Phoenix,ELON,Colonial Athletic Association,10,exact
2018-19,450545,Evansville,MVC,339,Evansville Purple Aces,Evansville,Purple Aces,EVAN,Missouri Valley Conference,18,exact
2018-19,450811,FGCU,ASUN,526,Florida Gulf Coast Eagles,Florida Gulf Coast,Eagles,FGCU,ASUN Conference,46,exact
2018-19,450550,FIU,C-USA,2229,Florida International Panthers,Florida International,Panthers,FIU,Conference USA,11,exact
2018-19,450546,Fairfield,MAAC,2217,Fairfield Stags,Fairfield,Stags,FAIR,Metro Atlantic Athletic Conference,13,exact
2018-19,450547,Fairleigh Dickinson,NEC,161,Fairleigh Dickinson Knights,Fairleigh Dickinson,Knights,FDU,Northeast Conference,19,exact
2018-19,450549,Fla. Atlantic,C-USA,2226,Florida Atlantic Owls,Florida Atlantic,Owls,FAU,Conference USA,11,exact
2018-19,450552,Florida,SEC,57,Florida Gators,Florida,Gators,FLA,Southeastern Conference,23,exact
2018-19,450548,Florida A&M,MEAC,50,Florida A&M Rattlers,Florida A&M,Rattlers,FAMU,Southwestern Athletic Conference,26,exact
2018-19,450551,Florida St.,ACC,52,Florida State Seminoles,Florida State,Seminoles,FSU,Atlantic Coast Conference,2,exact
2018-19,450553,Fordham,Atlantic 10,2230,Fordham Rams,Fordham,Rams,FOR,Atlantic 10 Conference,3,exact
2018-19,450497,Fresno St.,MWC,278,Fresno State Bulldogs,Fresno State,Bulldogs,FRES,Mountain West Conference,44,exact
2018-19,450554,Furman,SoCon,231,Furman Paladins,Furman,Paladins,FUR,Southern Conference,24,exact
2018-19,450558,Ga. Southern,Sun Belt,290,Georgia Southern Eagles,Georgia Southern,Eagles,GASO,Sun Belt Conference,27,exact
2018-19,450795,Gardner-Webb,Big South,2241,Gardner-Webb Runnin' Bulldogs,Gardner-Webb,Runnin' Bulldogs,GWEB,Big South Conference,6,exact
2018-19,450555,George Mason,Atlantic 10,2244,George Mason Patriots,George Mason,Patriots,GMU,Atlantic 10 Conference,3,exact
2018-19,450556,George Washington,Atlantic 10,45,George Washington Revolutionaries,George Washington,Revolutionaries,GW,Atlantic 10 Conference,3,exact
2018-19,450557,Georgetown,Big East,46,Georgetown Hoyas,Georgetown,Hoyas,GTWN,Big East Conference,4,exact
2018-19,450561,Georgia,SEC,61,Georgia Bulldogs,Georgia,Bulldogs,UGA,Southeastern Conference,23,exact
2018-19,450559,Georgia St.,Sun Belt,2247,Georgia State Panthers,Georgia State,Panthers,GAST,Sun Belt Conference,27,exact
2018-19,450560,Georgia Tech,ACC,59,Georgia Tech Yellow Jackets,Georgia Tech,Yellow Jackets,GT,Atlantic Coast Conference,2,exact
2018-19,450562,Gonzaga,WCC,2250,Gonzaga Bulldogs,Gonzaga,Bulldogs,GONZ,West Coast Conference,29,exact
2018-19,450563,Grambling,SWAC,2755,Grambling Tigers,Grambling,Tigers,GRAM,Southwestern Athletic Conference,26,exact
2018-19,450796,Grand Canyon,WAC,2253,Grand Canyon Lopes,Grand Canyon,Lopes,GCU,Western Athletic Conference,30,exact
2018-19,450784,Green Bay,Horizon,2739,Green Bay Phoenix,Green Bay,Phoenix,GB,Horizon League,45,exact
2018-19,450564,Hampton,Big South,2261,Hampton Pirates,Hampton,Pirates,HAMP,Colonial Athletic Association,10,exact
2018-19,450565,Hartford,America East,42,Hartford Hawks,Hartford,Hawks,HART,Division I Independents,43,exact
2018-19,450566,Harvard,Ivy League,108,Harvard Crimson,Harvard,Crimson,HARV,Ivy League,12,exact
2018-19,450567,Hawaii,Big West,62,Hawai'i Rainbow Warriors,Hawai'i,Rainbow Warriors,HAW,Big West Conference,9,dict
2018-19,450808,High Point,Big South,2272,High Point Panthers,High Point,Panthers,HPU,Big South Conference,6,exact
2018-19,450568,Hofstra,CAA,2275,Hofstra Pride,Hofstra,Pride,HOF,Colonial Athletic Association,10,exact
2018-19,450569,Holy Cross,Patriot,107,Holy Cross Crusaders,Holy Cross,Crusaders,HC,Patriot League,22,exact
2018-19,450571,Houston,AAC,248,Houston Cougars,Houston,Cougars,HOU,American Athletic Conference,62,exact
2018-19,450570,Houston Christian,Southland,2277,Houston Christian Huskies,Houston Christian,Huskies,HCU,Southland Conference,25,exact
2018-19,450572,Howard,MEAC,47,Howard Bison,Howard,Bison,HOW,Mid-Eastern Athletic Conference,16,exact
2018-19,450801,IUPUI,Horizon,85,IU Indianapolis Jaguars,IU Indianapolis,Jaguars,IUIN,Horizon League,45,alias
2018-19,450574,Idaho,Big Sky,70,Idaho Vandals,Idaho,Vandals,IDHO,Big Sky Conference,5,exact
2018-19,450573,Idaho St.,Big Sky,304,Idaho State Bengals,Idaho State,Bengals,IDST,Big Sky Conference,5,exact
2018-19,450576,Illinois,Big Ten,356,Illinois Fighting Illini,Illinois,Fighting Illini,ILL,Big Ten Conference,7,exact
2018-19,450575,Illinois St.,MVC,2287,Illinois State Redbirds,Illinois State,Redbirds,ILST,Missouri Valley Conference,18,exact
2018-19,450579,Indiana,Big Ten,84,Indiana Hoosiers,Indiana,Hoosiers,IU,Big Ten Conference,7,exact
2018-19,450578,Indiana St.,MVC,282,Indiana State Sycamores,Indiana State,Sycamores,INST,Missouri Valley Conference,18,exact
2018-19,450581,Iona,MAAC,314,Iona Gaels,Iona,Gaels,IONA,Metro Atlantic Athletic Conference,13,exact
2018-19,450583,Iowa,Big Ten,2294,Iowa Hawkeyes,Iowa,Hawkeyes,IOWA,Big Ten Conference,7,exact
2018-19,450582,Iowa St.,Big 12,66,Iowa State Cyclones,Iowa State,Cyclones,ISU,Big 12 Conference,8,exact
2018-19,450584,Jackson St.,SWAC,2296,Jackson State Tigers,Jackson State,Tigers,JKST,Southwestern Athletic Conference,26,exact
2018-19,450586,Jacksonville,ASUN,294,Jacksonville Dolphins,Jacksonville,Dolphins,JAX,ASUN Conference,46,exact
2018-19,450585,Jacksonville St.,OVC,55,Jacksonville State Gamecocks,Jacksonville State,Gamecocks,JXST,ASUN Conference,46,exact
2018-19,450587,James Madison,CAA,256,James Madison Dukes,James Madison,Dukes,JMU,Sun Belt Conference,27,exact
2018-19,450589,Kansas,Big 12,2305,Kansas Jayhawks,Kansas,Jayhawks,KU,Big 12 Conference,8,exact
2018-19,450802,Kansas City,WAC,140,Kansas City Roos,Kansas City,Roos,KC,Summit League,49,exact
2018-19,450588,Kansas St.,Big 12,2306,Kansas State Wildcats,Kansas State,Wildcats,KSU,Big 12 Conference,8,exact
2018-19,450797,Kennesaw St.,ASUN,338,Kennesaw State Owls,Kennesaw State,Owls,KENN,ASUN Conference,46,exact
2018-19,450590,Kent St.,MAC,2309,Kent State Golden Flashes,Kent State,Golden Flashes,KENT,Mid-American Conference,14,exact
2018-19,450591,Kentucky,SEC,96,Kentucky Wildcats,Kentucky,Wildcats,UK,Southeastern Conference,23,exact
2018-19,450597,LIU Brooklyn,NEC,112358,Long Island University Sharks,Long Island University,Sharks,LIU,Northeast Conference,19,alias
2018-19,450604,LMU (CA),WCC,2351,Loyola Marymount Lions,Loyola Marymount,Lions,LMU,West Coast Conference,29,dict
2018-19,450599,LSU,SEC,99,LSU Tigers,LSU,Tigers,LSU,Southeastern Conference,23,exact
2018-19,450592,La Salle,Atlantic 10,2325,La Salle Explorers,La Salle,Explorers,LAS,Atlantic 10 Conference,3,exact
2018-19,450593,Lafayette,Patriot,322,Lafayette Leopards,Lafayette,Leopards,LAF,Patriot League,22,exact
2018-19,450594,Lamar University,Southland,2320,Lamar Cardinals,Lamar,Cardinals,LAM,Southland Conference,25,dict
2018-19,450595,Lehigh,Patriot,2329,Lehigh Mountain Hawks,Lehigh,Mountain Hawks,LEH,Patriot League,22,exact
2018-19,450596,Liberty,ASUN,2335,Liberty Flames,Liberty,Flames,LIB,ASUN Conference,46,exact
2018-19,450810,Lipscomb,ASUN,288,Lipscomb Bisons,Lipscomb,Bisons,LIP,ASUN Conference,46,exact
2018-19,450476,Little Rock,Sun Belt,2031,Little Rock Trojans,Little Rock,Trojans,LR,Ohio Valley Conference,20,exact
2018-19,450499,Long Beach St.,Big West,299,Long Beach State Beach,Long Beach State,Beach,LBSU,Big West Conference,9,exact
2018-19,450598,Longwood,Big South,2344,Longwood Lancers,Longwood,Lancers,LONG,Big South Conference,6,exact
2018-19,450733,Louisiana,Sun Belt,309,Louisiana Ragin' Cajuns,Louisiana,Ragin' Cajuns,UL,Sun Belt Conference,27,exact
2018-19,450600,Louisiana Tech,C-USA,2348,Louisiana Tech Bulldogs,Louisiana Tech,Bulldogs,LT,Conference USA,11,exact
2018-19,450601,Louisville,ACC,97,Louisville Cardinals,Louisville,Cardinals,LOU,Atlantic Coast Conference,2,exact
2018-19,450605,Loyola Chicago,MVC,2350,Loyola Chicago Ramblers,Loyola Chicago,Ramblers,LUC,Atlantic 10 Conference,3,exact
2018-19,450603,Loyola Maryland,Patriot,2352,Loyola Maryland Greyhounds,Loyola Maryland,Greyhounds,L-MD,Patriot League,22,exact
2018-19,450606,Maine,America East,311,Maine Black Bears,Maine,Black Bears,ME,America East Conference,1,exact
2018-19,450607,Manhattan,MAAC,2363,Manhattan Jaspers,Manhattan,Jaspers,MAN,Metro Atlantic Athletic Conference,13,exact
2018-19,450608,Marist,MAAC,2368,Marist Red Foxes,Marist,Red Foxes,MRST,Metro Atlantic Athletic Conference,13,exact
2018-19,450609,Marquette,Big East,269,Marquette Golden Eagles,Marquette,Golden Eagles,MARQ,Big East Conference,4,exact
2018-19,450610,Marshall,C-USA,276,Marshall Thundering Herd,Marshall,Thundering Herd,MRSH,Sun Belt Conference,27,exact
2018-19,450612,Maryland,Big Ten,120,Maryland Terrapins,Maryland,Terrapins,MD,Big Ten Conference,7,exact
2018-19,450614,Massachusetts,Atlantic 10,113,Massachusetts Minutemen,Massachusetts,Minutemen,MASS,Atlantic 10 Conference,3,exact
2018-19,450615,McNeese,Southland,2377,McNeese Cowboys,McNeese,Cowboys,MCN,Southland Conference,25,exact
2018-19,450616,Memphis,AAC,235,Memphis Tigers,Memphis,Tigers,MEM,American Athletic Conference,62,exact
2018-19,450617,Mercer,SoCon,2382,Mercer Bears,Mercer,Bears,MER,Southern Conference,24,exact
2018-19,450619,Miami (FL),ACC,2390,Miami Hurricanes,Miami,Hurricanes,MIA,Atlantic Coast Conference,2,dict
2018-19,450618,Miami (OH),MAC,193,Miami (OH) RedHawks,Miami (OH),RedHawks,M-OH,Mid-American Conference,14,exact
2018-19,450621,Michigan,Big Ten,130,Michigan Wolverines,Michigan,Wolverines,MICH,Big Ten Conference,7,exact
2018-19,450620,Michigan St.,Big Ten,127,Michigan State Spartans,Michigan State,Spartans,MSU,Big Ten Conference,7,exact
2018-19,450622,Middle Tenn.,C-USA,2393,Middle Tennessee Blue Raiders,Middle Tennessee,Blue Raiders,MTSU,Conference USA,11,exact
2018-19,450786,Milwaukee,Horizon,270,Milwaukee Panthers,Milwaukee,Panthers,MILW,Horizon League,45,exact
2018-19,450623,Minnesota,Big Ten,135,Minnesota Golden Gophers,Minnesota,Golden Gophers,MINN,Big Ten Conference,7,exact
2018-19,450624,Mississippi St.,SEC,344,Mississippi State Bulldogs,Mississippi State,Bulldogs,MSST,Southeastern Conference,23,exact
2018-19,450625,Mississippi Val.,SWAC,2400,Mississippi Valley State Delta Devils,Mississippi Valley State,Delta Devils,MVSU,Southwestern Athletic Conference,26,dict
2018-19,450627,Missouri,SEC,142,Missouri Tigers,Missouri,Tigers,MIZ,Southeastern Conference,23,exact
2018-19,450731,Missouri St.,MVC,2623,Missouri State Bears,Missouri State,Bears,MOST,Missouri Valley Conference,18,exact
2018-19,450628,Monmouth,MAAC,2405,Monmouth Hawks,Monmouth,Hawks,MONM,Colonial Athletic Association,10,exact
2018-19,450630,Montana,Big Sky,149,Montana Grizzlies,Montana,Grizzlies,MONT,Big Sky Conference,5,exact
2018-19,450629,Montana St.,Big Sky,147,Montana State Bobcats,Montana State,Bobcats,MTST,Big Sky Conference,5,exact
2018-19,450631,Morehead St.,OVC,2413,Morehead State Eagles,Morehead State,Eagles,MORE,Ohio Valley Conference,20,exact
2018-19,450632,Morgan St.,MEAC,2415,Morgan State Bears,Morgan State,Bears,MORG,Mid-Eastern Athletic Conference,16,exact
2018-19,450633,Mount St. Mary's,NEC,116,Mount St. Mary's Mountaineers,Mount St. Mary's,Mountaineers,MSM,Metro Atlantic Athletic Conference,13,exact
2018-19,450634,Murray St.,OVC,93,Murray State Racers,Murray State,Racers,MUR,Missouri Valley Conference,18,exact
2018-19,450652,N.C. A&T,MEAC,2448,North Carolina A&T Aggies,North Carolina A&T,Aggies,NCAT,Colonial Athletic Association,10,exact
2018-19,450653,N.C. Central,MEAC,2428,North Carolina Central Eagles,North Carolina Central,Eagles,NCCU,Mid-Eastern Athletic Conference,16,exact
2018-19,450654,NC State,ACC,152,NC State Wolfpack,NC State,Wolfpack,NCSU,Atlantic Coast Conference,2,exact
2018-19,450662,NIU,MAC,2459,Northern Illinois Huskies,Northern Illinois,Huskies,NIU,Mid-American Conference,14,exact
2018-19,450645,NJIT,ASUN,2885,NJIT Highlanders,NJIT,Highlanders,NJIT,America East Conference,1,exact
2018-19,450760,Navy,Patriot,2426,Navy Midshipmen,Navy,Midshipmen,NAVY,Patriot League,22,exact
2018-19,450640,Nebraska,Big Ten,158,Nebraska Cornhuskers,Nebraska,Cornhuskers,NEB,Big Ten Conference,7,exact
2018-19,450643,Nevada,MWC,2440,Nevada Wolf Pack,Nevada,Wolf Pack,NEV,Mountain West Conference,44,exact
2018-19,450644,New Hampshire,America East,160,New Hampshire Wildcats,New Hampshire,Wildcats,UNH,America East Conference,1,exact
2018-19,450647,New Mexico,MWC,167,New Mexico Lobos,New Mexico,Lobos,UNM,Mountain West Conference,44,exact
2018-19,450646,New Mexico St.,WAC,166,New Mexico State Aggies,New Mexico State,Aggies,NMSU,Western Athletic Conference,30,exact
2018-19,450648,New Orleans,Southland,2443,LSU New Orleans Privateers,LSU New Orleans,Privateers,NOLA,Southland Conference,25,exact
2018-19,450649,Niagara,MAAC,315,Niagara Purple Eagles,Niagara,Purple Eagles,NIA,Metro Atlantic Athletic Conference,13,exact
2018-19,450650,Nicholls,Southland,2447,Nicholls Colonels,Nicholls,Colonels,NICH,Southland Conference,25,exact
2018-19,450651,Norfolk St.,MEAC,2450,Norfolk State Spartans,Norfolk State,Spartans,NORF,Mid-Eastern Athletic Conference,16,exact
2018-19,450636,North Carolina,ACC,153,North Carolina Tar Heels,North Carolina,Tar Heels,UNC,Atlantic Coast Conference,2,exact
2018-19,450656,North Dakota,Summit League,155,North Dakota Fighting Hawks,North Dakota,Fighting Hawks,UND,Summit League,49,exact
2018-19,450655,North Dakota St.,Summit League,2449,North Dakota State Bison,North Dakota State,Bison,NDSU,Summit League,49,exact
2018-19,450803,North Florida,ASUN,2454,North Florida Ospreys,North Florida,Ospreys,UNF,ASUN Conference,46,exact
2018-19,450657,North Texas,C-USA,249,North Texas Mean Green,North Texas,Mean Green,UNT,Conference USA,11,exact
2018-19,450659,Northeastern,CAA,111,Northeastern Huskies,Northeastern,Huskies,NE,Colonial Athletic Association,10,exact
2018-19,450660,Northern Ariz.,Big Sky,2464,Northern Arizona Lumberjacks,Northern Arizona,Lumberjacks,NAU,Big Sky Conference,5,exact
2018-19,450661,Northern Colo.,Big Sky,2458,Northern Colorado Bears,Northern Colorado,Bears,UNCO,Big Sky Conference,5,exact
2018-19,450664,Northern Ky.,Horizon,94,Northern Kentucky Norse,Northern Kentucky,Norse,NKU,Horizon League,45,exact
2018-19,450666,Northwestern,Big Ten,77,Northwestern Wildcats,Northwestern,Wildcats,NU,Big Ten Conference,7,exact
2018-19,450665,Northwestern St.,Southland,2466,Northwestern State Demons,Northwestern State,Demons,NWST,Southland Conference,25,exact
2018-19,450667,Notre Dame,ACC,87,Notre Dame Fighting Irish,Notre Dame,Fighting Irish,ND,Atlantic Coast Conference,2,exact
2018-19,450668,Oakland,Horizon,2473,Oakland Golden Grizzlies,Oakland,Golden Grizzlies,OAK,Horizon League,45,exact
2018-19,450670,Ohio,MAC,195,Ohio Bobcats,Ohio,Bobcats,OHIO,Mid-American Conference,14,exact
2018-19,450669,Ohio St.,Big Ten,194,Ohio State Buckeyes,Ohio State,Buckeyes,OSU,Big Ten Conference,7,exact
2018-19,450672,Oklahoma,Big 12,201,Oklahoma Sooners,Oklahoma,Sooners,OU,Big 12 Conference,8,exact
2018-19,450671,Oklahoma St.,Big 12,197,Oklahoma State Cowboys,Oklahoma State,Cowboys,OKST,Big 12 Conference,8,exact
2018-19,450673,Old Dominion,C-USA,295,Old Dominion Monarchs,Old Dominion,Monarchs,ODU,Sun Belt Conference,27,exact
2018-19,450626,Ole Miss,SEC,145,Ole Miss Rebels,Ole Miss,Rebels,MISS,Southeastern Conference,23,exact
2018-19,450641,Omaha,Summit League,2437,Omaha Mavericks,Omaha,Mavericks,OMA,Summit League,49,exact
2018-19,450674,Oral Roberts,Summit League,198,Oral Roberts Golden Eagles,Oral Roberts,Golden Eagles,ORU,Summit League,49,exact
2018-19,450676,Oregon,Pac-12,2483,Oregon Ducks,Oregon,Ducks,ORE,Pac-12 Conference,21,exact
2018-19,450675,Oregon St.,Pac-12,204,Oregon State Beavers,Oregon State,Beavers,ORST,Pac-12 Conference,21,exact
2018-19,450677,Pacific,WCC,279,Pacific Tigers,Pacific,Tigers,PAC,West Coast Conference,29,exact
2018-19,450680,Penn,Ivy League,219,Pennsylvania Quakers,Pennsylvania,Quakers,PENN,Ivy League,12,exact
2018-19,450679,Penn St.,Big Ten,213,Penn State Nittany Lions,Penn State,Nittany Lions,PSU,Big Ten Conference,7,exact
2018-19,450681,Pepperdine,WCC,2492,Pepperdine Waves,Pepperdine,Waves,PEPP,West Coast Conference,29,exact
2018-19,450682,Pittsburgh,ACC,221,Pittsburgh Panthers,Pittsburgh,Panthers,PITT,Atlantic Coast Conference,2,exact
2018-19,450684,Portland,WCC,2501,Portland Pilots,Portland,Pilots,PORT,West Coast Conference,29,exact
2018-19,450683,Portland St.,Big Sky,2502,Portland State Vikings,Portland State,Vikings,PRST,Big Sky Conference,5,exact
2018-19,450685,Prairie View,SWAC,2504,Prairie View A&M Panthers,Prairie View A&M,Panthers,PV,Southwestern Athletic Conference,26,exact
2018-19,450798,Presbyterian,Big South,2506,Presbyterian Blue Hose,Presbyterian,Blue Hose,PRES,Big South Conference,6,exact
2018-19,450686,Princeton,Ivy League,163,Princeton Tigers,Princeton,Tigers,PRIN,Ivy League,12,exact
2018-19,450687,Providence,Big East,2507,Providence Friars,Providence,Friars,PROV,Big East Conference,4,exact
2018-19,450688,Purdue,Big Ten,2509,Purdue Boilermakers,Purdue,Boilermakers,PUR,Big Ten Conference,7,exact
2018-19,450580,Purdue Fort Wayne,Summit League,2870,Purdue Fort Wayne Mastodons,Purdue Fort Wayne,Mastodons,PFW,Horizon League,45,exact
2018-19,450689,Quinnipiac,MAAC,2514,Quinnipiac Bobcats,Quinnipiac,Bobcats,QUIN,Metro Atlantic Athletic Conference,13,exact
2018-19,450690,Radford,Big South,2515,Radford Highlanders,Radford,Highlanders,RAD,Big South Conference,6,exact
2018-19,450691,Rhode Island,Atlantic 10,227,Rhode Island Rams,Rhode Island,Rams,URI,Atlantic 10 Conference,3,exact
2018-19,450692,Rice,C-USA,242,Rice Owls,Rice,Owls,RICE,Conference USA,11,exact
2018-19,450693,Richmond,Atlantic 10,257,Richmond Spiders,Richmond,Spiders,RICH,Atlantic 10 Conference,3,exact
2018-19,450694,Rider,MAAC,2520,Rider Broncs,Rider,Broncs,RID,Metro Atlantic Athletic Conference,13,exact
2018-19,450695,Robert Morris,NEC,2523,Robert Morris Colonials,Robert Morris,Colonials,RMU,Horizon League,45,exact
2018-19,450696,Rutgers,Big Ten,164,Rutgers Scarlet Knights,Rutgers,Scarlet Knights,RUTG,Big Ten Conference,7,exact
2018-19,450735,SFA,Southland,2617,Stephen F. Austin Lumberjacks,Stephen F. Austin,Lumberjacks,SFA,Western Athletic Conference,30,exact
2018-19,450726,SIUE,OVC,2565,SIU Edwardsville Cougars,SIU Edwardsville,Cougars,SIUE,Ohio Valley Conference,20,exact
2018-19,450727,SMU,AAC,2567,SMU Mustangs,SMU,Mustangs,SMU,American Athletic Conference,62,exact
2018-19,450501,Sacramento St.,Big Sky,16,Sacramento State Hornets,Sacramento State,Hornets,SAC,Big Sky Conference,5,exact
2018-19,450697,Sacred Heart,NEC,2529,Sacred Heart Pioneers,Sacred Heart,Pioneers,SHU,Northeast Conference,19,exact
2018-19,450700,Saint Francis (PA),NEC,2598,St. Francis (PA) Red Flash,St. Francis (PA),Red Flash,SFPA,Northeast Conference,19,exact
2018-19,450702,Saint Joseph's,Atlantic 10,2603,Saint Joseph's Hawks,Saint Joseph's,Hawks,JOES,Atlantic 10 Conference,3,exact
2018-19,450703,Saint Louis,Atlantic 10,139,Saint Louis Billikens,Saint Louis,Billikens,SLU,Atlantic 10 Conference,3,exact
2018-19,450704,Saint Mary's (CA),WCC,2608,Saint Mary's Gaels,Saint Mary's,Gaels,SMC,West Coast Conference,29,dict
2018-19,450705,Saint Peter's,MAAC,2612,Saint Peter's Peacocks,Saint Peter's,Peacocks,SPU,Metro Atlantic Athletic Conference,13,exact
2018-19,450706,Sam Houston,Southland,2534,Sam Houston Bearkats,Sam Houston,Bearkats,SHSU,Western Athletic Conference,30,exact
2018-19,450707,Samford,SoCon,2535,Samford Bulldogs,Samford,Bulldogs,SAM,Southern Conference,24,exact
2018-19,450709,San Diego,WCC,301,San Diego Toreros,San Diego,Toreros,USD,West Coast Conference,29,exact
2018-19,450708,San Diego St.,MWC,21,San Diego State Aztecs,San Diego State,Aztecs,SDSU,Mountain West Conference,44,exact
2018-19,450710,San Francisco,WCC,2539,San Francisco Dons,San Francisco,Dons,SF,West Coast Conference,29,exact
2018-19,450711,San Jose St.,MWC,23,San José State Spartans,San José State,Spartans,SJSU,Mountain West Conference,44,dict
2018-19,450712,Santa Clara,WCC,2541,Santa Clara Broncos,Santa Clara,Broncos,SCU,West Coast Conference,29,exact
2018-19,450713,Savannah St.,MEAC,2542,Savannah State Tigers,Savannah State,Tigers,SAV,,,alias
2018-19,450799,Seattle U,WAC,2547,Seattle U Redhawks,Seattle U,Redhawks,SEA,Western Athletic Conference,30,exact
2018-19,450714,Seton Hall,Big East,2550,Seton Hall Pirates,Seton Hall,Pirates,HALL,Big East Conference,4,exact
2018-19,450715,Siena,MAAC,2561,Siena Saints,Siena,Saints,SIE,Metro Atlantic Athletic Conference,13,exact
2018-19,450716,South Alabama,Sun Belt,6,South Alabama Jaguars,South Alabama,Jaguars,USA,Sun Belt Conference,27,exact
2018-19,450718,South Carolina,SEC,2579,South Carolina Gamecocks,South Carolina,Gamecocks,SC,Southeastern Conference,23,exact
2018-19,450717,South Carolina St.,MEAC,2569,South Carolina State Bulldogs,South Carolina State,Bulldogs,SCST,Mid-Eastern Athletic Conference,16,exact
2018-19,450720,South Dakota,Summit League,233,South Dakota Coyotes,South Dakota,Coyotes,SDAK,Summit League,49,exact
2018-19,450719,South Dakota St.,Summit League,2571,South Dakota State Jackrabbits,South Dakota State,Jackrabbits,SDST,Summit League,49,exact
2018-19,450721,South Fla.,AAC,58,South Florida Bulls,South Florida,Bulls,USF,American Athletic Conference,62,exact
2018-19,450722,Southeast Mo. St.,OVC,2546,Southeast Missouri State Redhawks,Southeast Missouri State,Redhawks,SEMO,Ohio Valley Conference,20,exact
2018-19,450723,Southeastern La.,Southland,2545,SE Louisiana Lions,SE Louisiana,Lions,SELA,Southland Conference,25,dict
2018-19,450724,Southern California,Pac-12,30,USC Trojans,USC,Trojans,USC,Pac-12 Conference,21,dict
2018-19,450725,Southern Ill.,MVC,79,Southern Illinois Salukis,Southern Illinois,Salukis,SIU,Missouri Valley Conference,18,exact
2018-19,450728,Southern Miss.,C-USA,2572,Southern Miss Golden Eagles,Southern Miss,Golden Eagles,USM,Sun Belt Conference,27,dict
2018-19,450729,Southern U.,SWAC,2582,Southern Jaguars,Southern,Jaguars,SOU,Southwestern Athletic Conference,26,dict
2018-19,450730,Southern Utah,Big Sky,253,Southern Utah Thunderbirds,Southern Utah,Thunderbirds,SUU,Western Athletic Conference,30,exact
2018-19,450698,St. Bonaventure,Atlantic 10,179,St. Bonaventure Bonnies,St. Bonaventure,Bonnies,SBU,Atlantic 10 Conference,3,exact
2018-19,450699,St. Francis Brooklyn,NEC,2597,St. Francis Brooklyn Terriers,St. Francis Brooklyn,Terriers,SFNY,Northeast Conference,19,exact
2018-19,450701,St. John's (NY),Big East,2599,St. John's Red Storm,St. John's,Red Storm,SJU,Big East Conference,4,dict
2018-19,450734,Stanford,Pac-12,24,Stanford Cardinal,Stanford,Cardinal,STAN,Pac-12 Conference,21,exact
2018-19,450736,Stetson,ASUN,56,Stetson Hatters,Stetson,Hatters,STET,ASUN Conference,46,exact
2018-19,450737,Stony Brook,America East,2619,Stony Brook Seawolves,Stony Brook,Seawolves,STBK,Colonial Athletic Association,10,exact
2018-19,450738,Syracuse,ACC,183,Syracuse Orange,Syracuse,Orange,SYR,Atlantic Coast Conference,2,exact
2018-19,450746,TCU,Big 12,2628,TCU Horned Frogs,TCU,Horned Frogs,TCU,Big 12 Conference,8,exact
2018-19,450739,Temple,AAC,218,Temple Owls,Temple,Owls,TEM,American Athletic Conference,62,exact
2018-19,450743,Tennessee,SEC,2633,Tennessee Volunteers,Tennessee,Volunteers,TENN,Southeastern Conference,23,exact
2018-19,450740,Tennessee St.,OVC,2634,Tennessee State Tigers,Tennessee State,Tigers,TNST,Ohio Valley Conference,20,exact
2018-19,450741,Tennessee Tech,OVC,2635,Tennessee Tech Golden Eagles,Tennessee Tech,Golden Eagles,TNTC,Ohio Valley Conference,20,exact
2018-19,450750,Texas,Big 12,251,Texas Longhorns,Texas,Longhorns,TEX,Big 12 Conference,8,exact
2018-19,450745,Texas A&M,SEC,245,Texas A&M Aggies,Texas A&M,Aggies,TA&M,Southeastern Conference,23,exact
2018-19,450747,Texas Southern,SWAC,2640,Texas Southern Tigers,Texas Southern,Tigers,TXSO,Southwestern Athletic Conference,26,exact
2018-19,450732,Texas St.,Sun Belt,326,Texas State Bobcats,Texas State,Bobcats,TXST,Sun Belt Conference,27,exact
2018-19,450748,Texas Tech,Big 12,2641,Texas Tech Red Raiders,Texas Tech,Red Raiders,TTU,Big 12 Conference,8,exact
2018-19,450515,The Citadel,SoCon,2643,The Citadel Bulldogs,The Citadel,Bulldogs,CIT,Southern Conference,24,exact
2018-19,450753,Toledo,MAC,2649,Toledo Rockets,Toledo,Rockets,TOL,Mid-American Conference,14,exact
2018-19,450754,Towson,CAA,119,Towson Tigers,Towson,Tigers,TOW,Colonial Athletic Association,10,exact
2018-19,450755,Troy,Sun Belt,2653,Troy Trojans,Troy,Trojans,TROY,Sun Belt Conference,27,exact
2018-19,450756,Tulane,AAC,2655,Tulane Green Wave,Tulane,Green Wave,TULN,American Athletic Conference,62,exact
2018-19,450757,Tulsa,AAC,202,Tulsa Golden Hurricane,Tulsa,Golden Hurricane,TLSA,American Athletic Conference,62,exact
2018-19,450467,UAB,C-USA,5,UAB Blazers,UAB,Blazers,UAB,Conference USA,11,exact
2018-19,450468,UAlbany,America East,399,UAlbany Great Danes,UAlbany,Great Danes,UALB,America East Conference,1,exact
2018-19,450504,UC Davis,Big West,302,UC Davis Aggies,UC Davis,Aggies,UCD,Big West Conference,9,exact
2018-19,450505,UC Irvine,Big West,300,UC Irvine Anteaters,UC Irvine,Anteaters,UCI,Big West Conference,9,exact
2018-19,450507,UC Riverside,Big West,27,UC Riverside Highlanders,UC Riverside,Highlanders,UCR,Big West Conference,9,exact
2018-19,450502,UC Santa Barbara,Big West,2540,UC Santa Barbara Gauchos,UC Santa Barbara,Gauchos,UCSB,Big West Conference,9,exact
2018-19,450511,UCF,AAC,2116,UCF Knights,UCF,Knights,UCF,American Athletic Conference,62,exact
2018-19,450506,UCLA,Pac-12,26,UCLA Bruins,UCLA,Bruins,UCLA,Pac-12 Conference,21,exact
2018-19,450523,UConn,AAC,41,UConn Huskies,UConn,Huskies,CONN,Big East Conference,4,exact
2018-19,450577,UIC,Horizon,82,UIC Flames,UIC,Flames,UIC,Missouri Valley Conference,18,exact
2018-19,450804,UIW,Southland,2916,Incarnate Word Cardinals,Incarnate Word,Cardinals,UIW,Southland Conference,25,exact
2018-19,450658,ULM,Sun Belt,2433,UL Monroe Warhawks,UL Monroe,Warhawks,ULM,Sun Belt Conference,27,exact
2018-19,450611,UMBC,America East,2378,UMBC Retrievers,UMBC,Retrievers,UMBC,America East Conference,1,exact
2018-19,450613,UMES,MEAC,2379,Maryland Eastern Shore Hawks,Maryland Eastern Shore,Hawks,UMES,Mid-Eastern Athletic Conference,16,exact
2018-19,450602,UMass Lowell,America East,2349,UMass Lowell River Hawks,UMass Lowell,River Hawks,UML,America East Conference,1,exact
2018-19,450635,UNC Asheville,Big South,2427,UNC Asheville Bulldogs,UNC Asheville,Bulldogs,UNCA,Big South Conference,6,exact
2018-19,450638,UNC Greensboro,SoCon,2430,UNC Greensboro Spartans,UNC Greensboro,Spartans,UNCG,Southern Conference,24,exact
2018-19,450639,UNCW,CAA,350,UNC Wilmington Seahawks,UNC Wilmington,Seahawks,UNCW,Colonial Athletic Association,10,exact
2018-19,450663,UNI,MVC,2460,Northern Iowa Panthers,Northern Iowa,Panthers,UNI,Missouri Valley Conference,18,exact
2018-19,450642,UNLV,MWC,2439,UNLV Rebels,UNLV,Rebels,UNLV,Mountain West Conference,44,exact
2018-19,450806,USC Upstate,Big South,2908,South Carolina Upstate Spartans,South Carolina Upstate,Spartans,UPST,Big South Conference,6,dict
2018-19,450749,UT Arlington,Sun Belt,250,UT Arlington Mavericks,UT Arlington,Mavericks,UTA,Western Athletic Conference,30,exact
2018-19,450744,UT Martin,OVC,2630,UT Martin Skyhawks,UT Martin,Skyhawks,UTM,Ohio Valley Conference,20,exact
2018-19,450751,UTEP,C-USA,2638,UTEP Miners,UTEP,Miners,UTEP,Conference USA,11,exact
2018-19,450678,UTRGV,WAC,292,UT Rio Grande Valley Vaqueros,UT Rio Grande Valley,Vaqueros,RGV,Western Athletic Conference,30,dict
2018-19,450752,UTSA,C-USA,2636,UTSA Roadrunners,UTSA,Roadrunners,UTSA,Conference USA,11,exact
2018-19,450762,Utah,Pac-12,254,Utah Utes,Utah,Utes,UTAH,Pac-12 Conference,21,exact
2018-19,450761,Utah St.,MWC,328,Utah State Aggies,Utah State,Aggies,USU,Mountain West Conference,44,exact
2018-19,450812,Utah Valley,WAC,3084,Utah Valley Wolverines,Utah Valley,Wolverines,UVU,Western Athletic Conference,30,exact
2018-19,450767,VCU,Atlantic 10,2670,VCU Rams,VCU,Rams,VCU,Atlantic 10 Conference,3,exact
2018-19,450768,VMI,SoCon,2678,VMI Keydets,VMI,Keydets,VMI,Southern Conference,24,exact
2018-19,450763,Valparaiso,MVC,2674,Valparaiso Beacons,Valparaiso,Beacons,VAL,Missouri Valley Conference,18,exact
2018-19,450764,Vanderbilt,SEC,238,Vanderbilt Commodores,Vanderbilt,Commodores,VAN,Southeastern Conference,23,exact
2018-19,450765,Vermont,America East,261,Vermont Catamounts,Vermont,Catamounts,UVM,America East Conference,1,exact
2018-19,450766,Villanova,Big East,222,Villanova Wildcats,Villanova,Wildcats,VILL,Big East Conference,4,exact
2018-19,450770,Virginia,ACC,258,Virginia Cavaliers,Virginia,Cavaliers,UVA,Atlantic Coast Conference,2,exact
2018-19,450769,Virginia Tech,ACC,259,Virginia Tech Hokies,Virginia Tech,Hokies,VT,Atlantic Coast Conference,2,exact
2018-19,450771,Wagner,NEC,2681,Wagner Seahawks,Wagner,Seahawks,WAG,Northeast Conference,19,exact
2018-19,450772,Wake Forest,ACC,154,Wake Forest Demon Deacons,Wake Forest,Demon Deacons,WAKE,Atlantic Coast Conference,2,exact
2018-19,450774,Washington,Pac-12,264,Washington Huskies,Washington,Huskies,WASH,Pac-12 Conference,21,exact
2018-19,450773,Washington St.,Pac-12,265,Washington State Cougars,Washington State,Cougars,WSU,Pac-12 Conference,21,exact
2018-19,450775,Weber St.,Big Sky,2692,Weber State Wildcats,Weber State,Wildcats,WEB,Big Sky Conference,5,exact
2018-19,450776,West Virginia,Big 12,277,West Virginia Mountaineers,West Virginia,Mountaineers,WVU,Big 12 Conference,8,exact
2018-19,450777,Western Caro.,SoCon,2717,Western Carolina Catamounts,Western Carolina,Catamounts,WCU,Southern Conference,24,exact
2018-19,450778,Western Ill.,Summit League,2710,Western Illinois Leathernecks,Western Illinois,Leathernecks,WIU,Summit League,49,exact
2018-19,450779,Western Ky.,C-USA,98,Western Kentucky Hilltoppers,Western Kentucky,Hilltoppers,WKU,Conference USA,11,exact
2018-19,450780,Western Mich.,MAC,2711,Western Michigan Broncos,Western Michigan,Broncos,WMU,Mid-American Conference,14,exact
2018-19,450781,Wichita St.,AAC,2724,Wichita State Shockers,Wichita State,Shockers,WICH,American Athletic Conference,62,exact
2018-19,450782,William & Mary,CAA,2729,William & Mary Tribe,William & Mary,Tribe,W&M,Colonial Athletic Association,10,exact
2018-19,450783,Winthrop,Big South,2737,Winthrop Eagles,Winthrop,Eagles,WIN,Big South Conference,6,exact
2018-19,450785,Wisconsin,Big Ten,275,Wisconsin Badgers,Wisconsin,Badgers,WIS,Big Ten Conference,7,exact
2018-19,450805,Wofford,SoCon,2747,Wofford Terriers,Wofford,Terriers,WOF,Southern Conference,24,exact
2018-19,450787,Wright St.,Horizon,2750,Wright State Raiders,Wright State,Raiders,WRST,Horizon League,45,exact
2018-19,450788,Wyoming,MWC,2751,Wyoming Cowboys,Wyoming,Cowboys,WYO,Mountain West Conference,44,exact
2018-19,450789,Xavier,Big East,2752,Xavier Musketeers,Xavier,Musketeers,XAV,Big East Conference,4,exact
2018-19,450790,Yale,Ivy League,43,Yale Bulldogs,Yale,Bulldogs,YALE,Ivy League,12,exact
2018-19,450791,Youngstown St.,Horizon,2754,Youngstown State Penguins,Youngstown State,Penguins,YSU,Horizon League,45,exact
2019-20,486746,A&M-Corpus Christi,Southland,357,Texas A&M-Corpus Christi Islanders,Texas A&M-Corpus Christi,Islanders,AMCC,Southland Conference,25,dict
2019-20,486751,Abilene Christian,Southland,2000,Abilene Christian Wildcats,Abilene Christian,Wildcats,ACU,Western Athletic Conference,30,exact
2019-20,486695,Air Force,MWC,2005,Air Force Falcons,Air Force,Falcons,AF,Mountain West Conference,44,exact
2019-20,486752,Akron,MAC,2006,Akron Zips,Akron,Zips,AKR,Mid-American Conference,14,exact
2019-20,486755,Alabama,SEC,333,Alabama Crimson Tide,Alabama,Crimson Tide,ALA,Southeastern Conference,23,exact
2019-20,486753,Alabama A&M,SWAC,2010,Alabama A&M Bulldogs,Alabama A&M,Bulldogs,AAMU,Southwestern Athletic Conference,26,exact
2019-20,486754,Alabama St.,SWAC,2011,Alabama State Hornets,Alabama State,Hornets,ALST,Southwestern Athletic Conference,26,exact
2019-20,486758,Alcorn,SWAC,2016,Alcorn State Braves,Alcorn State,Braves,ALCN,Southwestern Athletic Conference,26,dict
2019-20,486759,American,Patriot,44,American University Eagles,American University,Eagles,AMER,Patriot League,22,exact
2019-20,486760,App State,Sun Belt,2026,App State Mountaineers,App State,Mountaineers,APP,Sun Belt Conference,27,exact
2019-20,486762,Arizona,Pac-12,12,Arizona Wildcats,Arizona,Wildcats,ARIZ,Pac-12 Conference,21,exact
2019-20,486761,Arizona St.,Pac-12,9,Arizona State Sun Devils,Arizona State,Sun Devils,ASU,Pac-12 Conference,21,exact
2019-20,486737,Ark.-Pine Bluff,SWAC,2029,Arkansas-Pine Bluff Golden Lions,Arkansas-Pine Bluff,Golden Lions,UAPB,Southwestern Athletic Conference,26,dict
2019-20,486764,Arkansas,SEC,8,Arkansas Razorbacks,Arkansas,Razorbacks,ARK,Southeastern Conference,23,exact
2019-20,486763,Arkansas St.,Sun Belt,2032,Arkansas State Red Wolves,Arkansas State,Red Wolves,ARST,Sun Belt Conference,27,exact
2019-20,486696,Army West Point,Patriot,349,Army Black Knights,Army,Black Knights,ARMY,Patriot League,22,dict
2019-20,486766,Auburn,SEC,2,Auburn Tigers,Auburn,Tigers,AUB,Southeastern Conference,23,exact
2019-20,486767,Austin Peay,OVC,2046,Austin Peay Governors,Austin Peay,Governors,APSU,ASUN Conference,46,exact
2019-20,486778,BYU,WCC,252,BYU Cougars,BYU,Cougars,BYU,West Coast Conference,29,exact
2019-20,486768,Ball St.,MAC,2050,Ball State Cardinals,Ball State,Cardinals,BALL,Mid-American Conference,14,exact
2019-20,486770,Baylor,Big 12,239,Baylor Bears,Baylor,Bears,BAY,Big 12 Conference,8,exact
2019-20,486744,Belmont,OVC,2057,Belmont Bruins,Belmont,Bruins,BEL,Missouri Valley Conference,18,exact
2019-20,486771,Bethune-Cookman,MEAC,2065,Bethune-Cookman Wildcats,Bethune-Cookman,Wildcats,BCU,Southwestern Athletic Conference,26,exact
2019-20,486772,Binghamton,America East,2066,Binghamton Bearcats,Binghamton,Bearcats,BING,America East Conference,1,exact
2019-20,486773,Boise St.,MWC,68,Boise State Broncos,Boise State,Broncos,BOIS,Mountain West Conference,44,exact
2019-20,486774,Boston College,ACC,103,Boston College Eagles,Boston College,Eagles,BC,Atlantic Coast Conference,2,exact
2019-20,486775,Boston U.,Patriot,104,Boston University Terriers,Boston University,Terriers,BU,Patriot League,22,exact
2019-20,486776,Bowling Green,MAC,189,Bowling Green Falcons,Bowling Green,Falcons,BGSU,Mid-American Conference,14,exact
2019-20,486777,Bradley,MVC,71,Bradley Braves,Bradley,Braves,BRAD,Missouri Valley Conference,18,exact
2019-20,486779,Brown,Ivy League,225,Brown Bears,Brown,Bears,BRWN,Ivy League,12,exact
2019-20,486780,Bryant,NEC,2803,Bryant Bulldogs,Bryant,Bulldogs,BRY,America East Conference,1,exact
2019-20,486781,Bucknell,Patriot,2083,Bucknell Bison,Bucknell,Bison,BUCK,Patriot League,22,exact
2019-20,486782,Buffalo,MAC,2084,Buffalo Bulls,Buffalo,Bulls,BUF,Mid-American Conference,14,exact
2019-20,486783,Butler,Big East,2086,Butler Bulldogs,Butler,Bulldogs,BTLR,Big East Conference,4,exact
2019-20,486785,CSU Bakersfield,WAC,2934,Cal State Bakersfield Roadrunners,Cal State Bakersfield,Roadrunners,CSUB,Big West Conference,9,alias
2019-20,486789,CSUN,Big West,2463,Cal State Northridge Matadors,Cal State Northridge,Matadors,CSUN,Big West Conference,9,exact
2019-20,486784,Cal Poly,Big West,13,Cal Poly Mustangs,Cal Poly,Mustangs,CP,Big West Conference,9,exact
2019-20,486787,Cal St. Fullerton,Big West,2239,Cal State Fullerton Titans,Cal State Fullerton,Titans,CSUF,Big West Conference,9,exact
2019-20,486792,California,Pac-12,25,California Golden Bears,California,Golden Bears,CAL,Pac-12 Conference,21,exact
2019-20,486797,Campbell,Big South,2097,Campbell Fighting Camels,Campbell,Fighting Camels,CAM,Big South Conference,6,exact
2019-20,486798,Canisius,MAAC,2099,Canisius Golden Griffins,Canisius,Golden Griffins,CAN,Metro Atlantic Athletic Conference,13,exact
2019-20,486729,Central Ark.,Southland,2110,Central Arkansas Bears,Central Arkansas,Bears,CARK,ASUN Conference,46,exact
2019-20,486799,Central Conn. St.,NEC,2115,Central Connecticut Blue Devils,Central Connecticut,Blue Devils,CCSU,Northeast Conference,19,dict
2019-20,486801,Central Mich.,MAC,2117,Central Michigan Chippewas,Central Michigan,Chippewas,CMU,Mid-American Conference,14,exact
2019-20,486769,Charleston So.,Big South,2127,Charleston Southern Buccaneers,Charleston Southern,Buccaneers,CHSO,Big South Conference,6,exact
2019-20,486926,Charlotte,C-USA,2429,Charlotte 49ers,Charlotte,49ers,CLT,Conference USA,11,exact
2019-20,486679,Chattanooga,SoCon,236,Chattanooga Mocs,Chattanooga,Mocs,UTC,Southern Conference,24,exact
2019-20,486802,Chicago St.,WAC,2130,Chicago State Cougars,Chicago State,Cougars,CHST,Division I Independents,43,exact
2019-20,486803,Cincinnati,AAC,2132,Cincinnati Bearcats,Cincinnati,Bearcats,CIN,American Athletic Conference,62,exact
2019-20,486805,Clemson,ACC,228,Clemson Tigers,Clemson,Tigers,CLEM,Atlantic Coast Conference,2,exact
2019-20,486806,Cleveland St.,Horizon,325,Cleveland State Vikings,Cleveland State,Vikings,CLE,Horizon League,45,exact
2019-20,486807,Coastal Carolina,Sun Belt,324,Coastal Carolina Chanticleers,Coastal Carolina,Chanticleers,CCU,Sun Belt Conference,27,exact
2019-20,486730,Col. of Charleston,CAA,232,Charleston Cougars,Charleston,Cougars,COFC,Colonial Athletic Association,10,dict
2019-20,486808,Colgate,Patriot,2142,Colgate Raiders,Colgate,Raiders,COLG,Patriot League,22,exact
2019-20,486810,Colorado,Pac-12,38,Colorado Buffaloes,Colorado,Buffaloes,COLO,Pac-12 Conference,21,exact
2019-20,486809,Colorado St.,MWC,36,Colorado State Rams,Colorado State,Rams,CSU,Mountain West Conference,44,exact
2019-20,486811,Columbia,Ivy League,171,Columbia Lions,Columbia,Lions,COLU,Ivy League,12,exact
2019-20,486813,Coppin St.,MEAC,2154,Coppin State Eagles,Coppin State,Eagles,COPP,Mid-Eastern Athletic Conference,16,exact
2019-20,486814,Cornell,Ivy League,172,Cornell Big Red,Cornell,Big Red,COR,Ivy League,12,exact
2019-20,486815,Creighton,Big East,156,Creighton Bluejays,Creighton,Bluejays,CREI,Big East Conference,4,exact
2019-20,486816,Dartmouth,Ivy League,159,Dartmouth Big Green,Dartmouth,Big Green,DART,Ivy League,12,exact
2019-20,486817,Davidson,Atlantic 10,2166,Davidson Wildcats,Davidson,Wildcats,DAV,Atlantic 10 Conference,3,exact
2019-20,486818,Dayton,Atlantic 10,2168,Dayton Flyers,Dayton,Flyers,DAY,Atlantic 10 Conference,3,exact
2019-20,486819,DePaul,Big East,305,DePaul Blue Demons,DePaul,Blue Demons,DEP,Big East Conference,4,exact
2019-20,486821,Delaware,CAA,48,Delaware Blue Hens,Delaware,Blue Hens,DEL,Colonial Athletic Association,10,exact
2019-20,486820,Delaware St.,MEAC,2169,Delaware State Hornets,Delaware State,Hornets,DSU,Mid-Eastern Athletic Conference,16,exact
2019-20,486822,Denver,Summit League,2172,Denver Pioneers,Denver,Pioneers,DEN,Summit League,49,exact
2019-20,486823,Detroit Mercy,Horizon,2174,Detroit Mercy Titans,Detroit Mercy,Titans,DETM,Horizon League,45,exact
2019-20,486824,Drake,MVC,2181,Drake Bulldogs,Drake,Bulldogs,DRKE,Missouri Valley Conference,18,exact
2019-20,486825,Drexel,CAA,2182,Drexel Dragons,Drexel,Dragons,DREX,Colonial Athletic Association,10,exact
2019-20,486826,Duke,ACC,150,Duke Blue Devils,Duke,Blue Devils,DUKE,Atlantic Coast Conference,2,exact
2019-20,486827,Duquesne,Atlantic 10,2184,Duquesne Dukes,Duquesne,Dukes,DUQ,Atlantic 10 Conference,3,exact
2019-20,486829,ETSU,SoCon,2193,East Tennessee State Buccaneers,East Tennessee State,Buccaneers,ETSU,Southern Conference,24,exact
2019-20,486828,East Carolina,AAC,151,East Carolina Pirates,East Carolina,Pirates,ECU,American Athletic Conference,62,exact
2019-20,486830,Eastern Ill.,OVC,2197,Eastern Illinois Panthers,Eastern Illinois,Panthers,EIU,Ohio Valley Conference,20,exact
2019-20,486831,Eastern Ky.,OVC,2198,Eastern Kentucky Colonels,Eastern Kentucky,Colonels,EKU,ASUN Conference,46,exact
2019-20,486832,Eastern Mich.,MAC,2199,Eastern Michigan Eagles,Eastern Michigan,Eagles,EMU,Mid-American Conference,14,exact
2019-20,486833,Eastern Wash.,Big Sky,331,Eastern Washington Eagles,Eastern Washington,Eagles,EWU,Big Sky Conference,5,exact
2019-20,486731,Elon,CAA,2210,Elon Phoenix,Elon,Phoenix,ELON,Colonial Athletic Association,10,exact
2019-20,486834,Evansville,MVC,339,Evansville Purple Aces,Evansville,Purple Aces,EVAN,Missouri Valley Conference,18,exact
2019-20,486748,FGCU,ASUN,526,Florida Gulf Coast Eagles,Florida Gulf Coast,Eagles,FGCU,ASUN Conference,46,exact
2019-20,486839,FIU,C-USA,2229,Florida International Panthers,Florida International,Panthers,FIU,Conference USA,11,exact
2019-20,486835,Fairfield,MAAC,2217,Fairfield Stags,Fairfield,Stags,FAIR,Metro Atlantic Athletic Conference,13,exact
2019-20,486836,Fairleigh Dickinson,NEC,161,Fairleigh Dickinson Knights,Fairleigh Dickinson,Knights,FDU,Northeast Conference,19,exact
2019-20,486838,Fla. Atlantic,C-USA,2226,Florida Atlantic Owls,Florida Atlantic,Owls,FAU,Conference USA,11,exact
2019-20,486841,Florida,SEC,57,Florida Gators,Florida,Gators,FLA,Southeastern Conference,23,exact
2019-20,486837,Florida A&M,MEAC,50,Florida A&M Rattlers,Florida A&M,Rattlers,FAMU,Southwestern Athletic Conference,26,exact
2019-20,486840,Florida St.,ACC,52,Florida State Seminoles,Florida State,Seminoles,FSU,Atlantic Coast Conference,2,exact
2019-20,486842,Fordham,Atlantic 10,2230,Fordham Rams,Fordham,Rams,FOR,Atlantic 10 Conference,3,exact
2019-20,486786,Fresno St.,MWC,278,Fresno State Bulldogs,Fresno State,Bulldogs,FRES,Mountain West Conference,44,exact
2019-20,486843,Furman,SoCon,231,Furman Paladins,Furman,Paladins,FUR,Southern Conference,24,exact
2019-20,486847,Ga. Southern,Sun Belt,290,Georgia Southern Eagles,Georgia Southern,Eagles,GASO,Sun Belt Conference,27,exact
2019-20,486732,Gardner-Webb,Big South,2241,Gardner-Webb Runnin' Bulldogs,Gardner-Webb,Runnin' Bulldogs,GWEB,Big South Conference,6,exact
2019-20,486844,George Mason,Atlantic 10,2244,George Mason Patriots,George Mason,Patriots,GMU,Atlantic 10 Conference,3,exact
2019-20,486845,George Washington,Atlantic 10,45,George Washington Revolutionaries,George Washington,Revolutionaries,GW,Atlantic 10 Conference,3,exact
2019-20,486846,Georgetown,Big East,46,Georgetown Hoyas,Georgetown,Hoyas,GTWN,Big East Conference,4,exact
2019-20,486850,Georgia,SEC,61,Georgia Bulldogs,Georgia,Bulldogs,UGA,Southeastern Conference,23,exact
2019-20,486848,Georgia St.,Sun Belt,2247,Georgia State Panthers,Georgia State,Panthers,GAST,Sun Belt Conference,27,exact
2019-20,486849,Georgia Tech,ACC,59,Georgia Tech Yellow Jackets,Georgia Tech,Yellow Jackets,GT,Atlantic Coast Conference,2,exact
2019-20,486851,Gonzaga,WCC,2250,Gonzaga Bulldogs,Gonzaga,Bulldogs,GONZ,West Coast Conference,29,exact
2019-20,486852,Grambling,SWAC,2755,Grambling Tigers,Grambling,Tigers,GRAM,Southwestern Athletic Conference,26,exact
2019-20,486733,Grand Canyon,WAC,2253,Grand Canyon Lopes,Grand Canyon,Lopes,GCU,Western Athletic Conference,30,exact
2019-20,486721,Green Bay,Horizon,2739,Green Bay Phoenix,Green Bay,Phoenix,GB,Horizon League,45,exact
2019-20,486853,Hampton,Big South,2261,Hampton Pirates,Hampton,Pirates,HAMP,Colonial Athletic Association,10,exact
2019-20,486854,Hartford,America East,42,Hartford Hawks,Hartford,Hawks,HART,Division I Independents,43,exact
2019-20,486855,Harvard,Ivy League,108,Harvard Crimson,Harvard,Crimson,HARV,Ivy League,12,exact
2019-20,486856,Hawaii,Big West,62,Hawai'i Rainbow Warriors,Hawai'i,Rainbow Warriors,HAW,Big West Conference,9,dict
2019-20,486745,High Point,Big South,2272,High Point Panthers,High Point,Panthers,HPU,Big South Conference,6,exact
2019-20,486857,Hofstra,CAA,2275,Hofstra Pride,Hofstra,Pride,HOF,Colonial Athletic Association,10,exact
2019-20,486858,Holy Cross,Patriot,107,Holy Cross Crusaders,Holy Cross,Crusaders,HC,Patriot League,22,exact
2019-20,486860,Houston,AAC,248,Houston Cougars,Houston,Cougars,HOU,American Athletic Conference,62,exact
2019-20,486859,Houston Christian,Southland,2277,Houston Christian Huskies,Houston Christian,Huskies,HCU,Southland Conference,25,exact
2019-20,486861,Howard,MEAC,47,Howard Bison,Howard,Bison,HOW,Mid-Eastern Athletic Conference,16,exact
2019-20,486738,IUPUI,Horizon,85,IU Indianapolis Jaguars,IU Indianapolis,Jaguars,IUIN,Horizon League,45,alias
2019-20,486863,Idaho,Big Sky,70,Idaho Vandals,Idaho,Vandals,IDHO,Big Sky Conference,5,exact
2019-20,486862,Idaho St.,Big Sky,304,Idaho State Bengals,Idaho State,Bengals,IDST,Big Sky Conference,5,exact
2019-20,486865,Illinois,Big Ten,356,Illinois Fighting Illini,Illinois,Fighting Illini,ILL,Big Ten Conference,7,exact
2019-20,486864,Illinois St.,MVC,2287,Illinois State Redbirds,Illinois State,Redbirds,ILST,Missouri Valley Conference,18,exact
2019-20,486868,Indiana,Big Ten,84,Indiana Hoosiers,Indiana,Hoosiers,IU,Big Ten Conference,7,exact
2019-20,486867,Indiana St.,MVC,282,Indiana State Sycamores,Indiana State,Sycamores,INST,Missouri Valley Conference,18,exact
2019-20,486870,Iona,MAAC,314,Iona Gaels,Iona,Gaels,IONA,Metro Atlantic Athletic Conference,13,exact
2019-20,486872,Iowa,Big Ten,2294,Iowa Hawkeyes,Iowa,Hawkeyes,IOWA,Big Ten Conference,7,exact
2019-20,486871,Iowa St.,Big 12,66,Iowa State Cyclones,Iowa State,Cyclones,ISU,Big 12 Conference,8,exact
2019-20,486873,Jackson St.,SWAC,2296,Jackson State Tigers,Jackson State,Tigers,JKST,Southwestern Athletic Conference,26,exact
2019-20,486875,Jacksonville,ASUN,294,Jacksonville Dolphins,Jacksonville,Dolphins,JAX,ASUN Conference,46,exact
2019-20,486874,Jacksonville St.,OVC,55,Jacksonville State Gamecocks,Jacksonville State,Gamecocks,JXST,ASUN Conference,46,exact
2019-20,486876,James Madison,CAA,256,James Madison Dukes,James Madison,Dukes,JMU,Sun Belt Conference,27,exact
2019-20,486878,Kansas,Big 12,2305,Kansas Jayhawks,Kansas,Jayhawks,KU,Big 12 Conference,8,exact
2019-20,486739,Kansas City,WAC,140,Kansas City Roos,Kansas City,Roos,KC,Summit League,49,exact
2019-20,486877,Kansas St.,Big 12,2306,Kansas State Wildcats,Kansas State,Wildcats,KSU,Big 12 Conference,8,exact
2019-20,486734,Kennesaw St.,ASUN,338,Kennesaw State Owls,Kennesaw State,Owls,KENN,ASUN Conference,46,exact
2019-20,486879,Kent St.,MAC,2309,Kent State Golden Flashes,Kent State,Golden Flashes,KENT,Mid-American Conference,14,exact
2019-20,486880,Kentucky,SEC,96,Kentucky Wildcats,Kentucky,Wildcats,UK,Southeastern Conference,23,exact
2019-20,486886,LIU,NEC,112358,Long Island University Sharks,Long Island University,Sharks,LIU,Northeast Conference,19,exact
2019-20,486893,LMU (CA),WCC,2351,Loyola Marymount Lions,Loyola Marymount,Lions,LMU,West Coast Conference,29,dict
2019-20,486888,LSU,SEC,99,LSU Tigers,LSU,Tigers,LSU,Southeastern Conference,23,exact
2019-20,486881,La Salle,Atlantic 10,2325,La Salle Explorers,La Salle,Explorers,LAS,Atlantic 10 Conference,3,exact
2019-20,486882,Lafayette,Patriot,322,Lafayette Leopards,Lafayette,Leopards,LAF,Patriot League,22,exact
2019-20,486883,Lamar University,Southland,2320,Lamar Cardinals,Lamar,Cardinals,LAM,Southland Conference,25,dict
2019-20,486884,Lehigh,Patriot,2329,Lehigh Mountain Hawks,Lehigh,Mountain Hawks,LEH,Patriot League,22,exact
2019-20,486885,Liberty,ASUN,2335,Liberty Flames,Liberty,Flames,LIB,ASUN Conference,46,exact
2019-20,486747,Lipscomb,ASUN,288,Lipscomb Bisons,Lipscomb,Bisons,LIP,ASUN Conference,46,exact
2019-20,486765,Little Rock,Sun Belt,2031,Little Rock Trojans,Little Rock,Trojans,LR,Ohio Valley Conference,20,exact
2019-20,486788,Long Beach St.,Big West,299,Long Beach State Beach,Long Beach State,Beach,LBSU,Big West Conference,9,exact
2019-20,486887,Longwood,Big South,2344,Longwood Lancers,Longwood,Lancers,LONG,Big South Conference,6,exact
2019-20,486670,Louisiana,Sun Belt,309,Louisiana Ragin' Cajuns,Louisiana,Ragin' Cajuns,UL,Sun Belt Conference,27,exact
2019-20,486889,Louisiana Tech,C-USA,2348,Louisiana Tech Bulldogs,Louisiana Tech,Bulldogs,LT,Conference USA,11,exact
2019-20,486890,Louisville,ACC,97,Louisville Cardinals,Louisville,Cardinals,LOU,Atlantic Coast Conference,2,exact
2019-20,486894,Loyola Chicago,MVC,2350,Loyola Chicago Ramblers,Loyola Chicago,Ramblers,LUC,Atlantic 10 Conference,3,exact
2019-20,486892,Loyola Maryland,Patriot,2352,Loyola Maryland Greyhounds,Loyola Maryland,Greyhounds,L-MD,Patriot League,22,exact
2019-20,486895,Maine,America East,311,Maine Black Bears,Maine,Black Bears,ME,America East Conference,1,exact
2019-20,486896,Manhattan,MAAC,2363,Manhattan Jaspers,Manhattan,Jaspers,MAN,Metro Atlantic Athletic Conference,13,exact
2019-20,486897,Marist,MAAC,2368,Marist Red Foxes,Marist,Red Foxes,MRST,Metro Atlantic Athletic Conference,13,exact
2019-20,486898,Marquette,Big East,269,Marquette Golden Eagles,Marquette,Golden Eagles,MARQ,Big East Conference,4,exact
2019-20,486899,Marshall,C-USA,276,Marshall Thundering Herd,Marshall,Thundering Herd,MRSH,Sun Belt Conference,27,exact
2019-20,486901,Maryland,Big Ten,120,Maryland Terrapins,Maryland,Terrapins,MD,Big Ten Conference,7,exact
2019-20,486903,Massachusetts,Atlantic 10,113,Massachusetts Minutemen,Massachusetts,Minutemen,MASS,Atlantic 10 Conference,3,exact
2019-20,486904,McNeese,Southland,2377,McNeese Cowboys,McNeese,Cowboys,MCN,Southland Conference,25,exact
2019-20,486905,Memphis,AAC,235,Memphis Tigers,Memphis,Tigers,MEM,American Athletic Conference,62,exact
2019-20,486906,Mercer,SoCon,2382,Mercer Bears,Mercer,Bears,MER,Southern Conference,24,exact
2019-20,486908,Miami (FL),ACC,2390,Miami Hurricanes,Miami,Hurricanes,MIA,Atlantic Coast Conference,2,dict
2019-20,486907,Miami (OH),MAC,193,Miami (OH) RedHawks,Miami (OH),RedHawks,M-OH,Mid-American Conference,14,exact
2019-20,486910,Michigan,Big Ten,130,Michigan Wolverines,Michigan,Wolverines,MICH,Big Ten Conference,7,exact
2019-20,486909,Michigan St.,Big Ten,127,Michigan State Spartans,Michigan State,Spartans,MSU,Big Ten Conference,7,exact
2019-20,486911,Middle Tenn.,C-USA,2393,Middle Tennessee Blue Raiders,Middle Tennessee,Blue Raiders,MTSU,Conference USA,11,exact
2019-20,486723,Milwaukee,Horizon,270,Milwaukee Panthers,Milwaukee,Panthers,MILW,Horizon League,45,exact
2019-20,486912,Minnesota,Big Ten,135,Minnesota Golden Gophers,Minnesota,Golden Gophers,MINN,Big Ten Conference,7,exact
2019-20,486913,Mississippi St.,SEC,344,Mississippi State Bulldogs,Mississippi State,Bulldogs,MSST,Southeastern Conference,23,exact
2019-20,486914,Mississippi Val.,SWAC,2400,Mississippi Valley State Delta Devils,Mississippi Valley State,Delta Devils,MVSU,Southwestern Athletic Conference,26,dict
2019-20,486916,Missouri,SEC,142,Missouri Tigers,Missouri,Tigers,MIZ,Southeastern Conference,23,exact
2019-20,486668,Missouri St.,MVC,2623,Missouri State Bears,Missouri State,Bears,MOST,Missouri Valley Conference,18,exact
2019-20,486917,Monmouth,MAAC,2405,Monmouth Hawks,Monmouth,Hawks,MONM,Colonial Athletic Association,10,exact
2019-20,486919,Montana,Big Sky,149,Montana Grizzlies,Montana,Grizzlies,MONT,Big Sky Conference,5,exact
2019-20,486918,Montana St.,Big Sky,147,Montana State Bobcats,Montana State,Bobcats,MTST,Big Sky Conference,5,exact
2019-20,486920,Morehead St.,OVC,2413,Morehead State Eagles,Morehead State,Eagles,MORE,Ohio Valley Conference,20,exact
2019-20,486921,Morgan St.,MEAC,2415,Morgan State Bears,Morgan State,Bears,MORG,Mid-Eastern Athletic Conference,16,exact
2019-20,487652,Mount St. Mary's,NEC,116,Mount St. Mary's Mountaineers,Mount St. Mary's,Mountaineers,MSM,Metro Atlantic Athletic Conference,13,exact
2019-20,486923,Murray St.,OVC,93,Murray State Racers,Murray State,Racers,MUR,Missouri Valley Conference,18,exact
2019-20,486941,N.C. A&T,MEAC,2448,North Carolina A&T Aggies,North Carolina A&T,Aggies,NCAT,Colonial Athletic Association,10,exact
2019-20,486942,N.C. Central,MEAC,2428,North Carolina Central Eagles,North Carolina Central,Eagles,NCCU,Mid-Eastern Athletic Conference,16,exact
2019-20,486943,NC State,ACC,152,NC State Wolfpack,NC State,Wolfpack,NCSU,Atlantic Coast Conference,2,exact
2019-20,486951,NIU,MAC,2459,Northern Illinois Huskies,Northern Illinois,Huskies,NIU,Mid-American Conference,14,exact
2019-20,486934,NJIT,ASUN,2885,NJIT Highlanders,NJIT,Highlanders,NJIT,America East Conference,1,exact
2019-20,486697,Navy,Patriot,2426,Navy Midshipmen,Navy,Midshipmen,NAVY,Patriot League,22,exact
2019-20,486929,Nebraska,Big Ten,158,Nebraska Cornhuskers,Nebraska,Cornhuskers,NEB,Big Ten Conference,7,exact
2019-20,486932,Nevada,MWC,2440,Nevada Wolf Pack,Nevada,Wolf Pack,NEV,Mountain West Conference,44,exact
2019-20,486933,New Hampshire,America East,160,New Hampshire Wildcats,New Hampshire,Wildcats,UNH,America East Conference,1,exact
2019-20,486936,New Mexico,MWC,167,New Mexico Lobos,New Mexico,Lobos,UNM,Mountain West Conference,44,exact
2019-20,486935,New Mexico St.,WAC,166,New Mexico State Aggies,New Mexico State,Aggies,NMSU,Western Athletic Conference,30,exact
2019-20,486937,New Orleans,Southland,2443,LSU New Orleans Privateers,LSU New Orleans,Privateers,NOLA,Southland Conference,25,exact
2019-20,486938,Niagara,MAAC,315,Niagara Purple Eagles,Niagara,Purple Eagles,NIA,Metro Atlantic Athletic Conference,13,exact
2019-20,486939,Nicholls,Southland,2447,Nicholls Colonels,Nicholls,Colonels,NICH,Southland Conference,25,exact
2019-20,486940,Norfolk St.,MEAC,2450,Norfolk State Spartans,Norfolk State,Spartans,NORF,Mid-Eastern Athletic Conference,16,exact
2019-20,486925,North Carolina,ACC,153,North Carolina Tar Heels,North Carolina,Tar Heels,UNC,Atlantic Coast Conference,2,exact
2019-20,486945,North Dakota,Summit League,155,North Dakota Fighting Hawks,North Dakota,Fighting Hawks,UND,Summit League,49,exact
2019-20,486944,North Dakota St.,Summit League,2449,North Dakota State Bison,North Dakota State,Bison,NDSU,Summit League,49,exact
2019-20,486740,North Florida,ASUN,2454,North Florida Ospreys,North Florida,Ospreys,UNF,ASUN Conference,46,exact
2019-20,486946,North Texas,C-USA,249,North Texas Mean Green,North Texas,Mean Green,UNT,Conference USA,11,exact
2019-20,486948,Northeastern,CAA,111,Northeastern Huskies,Northeastern,Huskies,NE,Colonial Athletic Association,10,exact
2019-20,486949,Northern Ariz.,Big Sky,2464,Northern Arizona Lumberjacks,Northern Arizona,Lumberjacks,NAU,Big Sky Conference,5,exact
2019-20,486950,Northern Colo.,Big Sky,2458,Northern Colorado Bears,Northern Colorado,Bears,UNCO,Big Sky Conference,5,exact
2019-20,486953,Northern Ky.,Horizon,94,Northern Kentucky Norse,Northern Kentucky,Norse,NKU,Horizon League,45,exact
2019-20,486955,Northwestern,Big Ten,77,Northwestern Wildcats,Northwestern,Wildcats,NU,Big Ten Conference,7,exact
2019-20,486954,Northwestern St.,Southland,2466,Northwestern State Demons,Northwestern State,Demons,NWST,Southland Conference,25,exact
2019-20,486956,Notre Dame,ACC,87,Notre Dame Fighting Irish,Notre Dame,Fighting Irish,ND,Atlantic Coast Conference,2,exact
2019-20,486957,Oakland,Horizon,2473,Oakland Golden Grizzlies,Oakland,Golden Grizzlies,OAK,Horizon League,45,exact
2019-20,486959,Ohio,MAC,195,Ohio Bobcats,Ohio,Bobcats,OHIO,Mid-American Conference,14,exact
2019-20,486958,Ohio St.,Big Ten,194,Ohio State Buckeyes,Ohio State,Buckeyes,OSU,Big Ten Conference,7,exact
2019-20,486961,Oklahoma,Big 12,201,Oklahoma Sooners,Oklahoma,Sooners,OU,Big 12 Conference,8,exact
2019-20,486960,Oklahoma St.,Big 12,197,Oklahoma State Cowboys,Oklahoma State,Cowboys,OKST,Big 12 Conference,8,exact
2019-20,486962,Old Dominion,C-USA,295,Old Dominion Monarchs,Old Dominion,Monarchs,ODU,Sun Belt Conference,27,exact
2019-20,486915,Ole Miss,SEC,145,Ole Miss Rebels,Ole Miss,Rebels,MISS,Southeastern Conference,23,exact
2019-20,486930,Omaha,Summit League,2437,Omaha Mavericks,Omaha,Mavericks,OMA,Summit League,49,exact
2019-20,486963,Oral Roberts,Summit League,198,Oral Roberts Golden Eagles,Oral Roberts,Golden Eagles,ORU,Summit League,49,exact
2019-20,486965,Oregon,Pac-12,2483,Oregon Ducks,Oregon,Ducks,ORE,Pac-12 Conference,21,exact
2019-20,486964,Oregon St.,Pac-12,204,Oregon State Beavers,Oregon State,Beavers,ORST,Pac-12 Conference,21,exact
2019-20,486966,Pacific,WCC,279,Pacific Tigers,Pacific,Tigers,PAC,West Coast Conference,29,exact
2019-20,486969,Penn,Ivy League,219,Pennsylvania Quakers,Pennsylvania,Quakers,PENN,Ivy League,12,exact
2019-20,486968,Penn St.,Big Ten,213,Penn State Nittany Lions,Penn State,Nittany Lions,PSU,Big Ten Conference,7,exact
2019-20,486970,Pepperdine,WCC,2492,Pepperdine Waves,Pepperdine,Waves,PEPP,West Coast Conference,29,exact
2019-20,486971,Pittsburgh,ACC,221,Pittsburgh Panthers,Pittsburgh,Panthers,PITT,Atlantic Coast Conference,2,exact
2019-20,486973,Portland,WCC,2501,Portland Pilots,Portland,Pilots,PORT,West Coast Conference,29,exact
2019-20,486972,Portland St.,Big Sky,2502,Portland State Vikings,Portland State,Vikings,PRST,Big Sky Conference,5,exact
2019-20,486974,Prairie View,SWAC,2504,Prairie View A&M Panthers,Prairie View A&M,Panthers,PV,Southwestern Athletic Conference,26,exact
2019-20,486735,Presbyterian,Big South,2506,Presbyterian Blue Hose,Presbyterian,Blue Hose,PRES,Big South Conference,6,exact
2019-20,486975,Princeton,Ivy League,163,Princeton Tigers,Princeton,Tigers,PRIN,Ivy League,12,exact
2019-20,486976,Providence,Big East,2507,Providence Friars,Providence,Friars,PROV,Big East Conference,4,exact
2019-20,486977,Purdue,Big Ten,2509,Purdue Boilermakers,Purdue,Boilermakers,PUR,Big Ten Conference,7,exact
2019-20,486869,Purdue Fort Wayne,Summit League,2870,Purdue Fort Wayne Mastodons,Purdue Fort Wayne,Mastodons,PFW,Horizon League,45,exact
2019-20,486978,Quinnipiac,MAAC,2514,Quinnipiac Bobcats,Quinnipiac,Bobcats,QUIN,Metro Atlantic Athletic Conference,13,exact
2019-20,486979,Radford,Big South,2515,Radford Highlanders,Radford,Highlanders,RAD,Big South Conference,6,exact
2019-20,486980,Rhode Island,Atlantic 10,227,Rhode Island Rams,Rhode Island,Rams,URI,Atlantic 10 Conference,3,exact
2019-20,486981,Rice,C-USA,242,Rice Owls,Rice,Owls,RICE,Conference USA,11,exact
2019-20,486982,Richmond,Atlantic 10,257,Richmond Spiders,Richmond,Spiders,RICH,Atlantic 10 Conference,3,exact
2019-20,486983,Rider,MAAC,2520,Rider Broncs,Rider,Broncs,RID,Metro Atlantic Athletic Conference,13,exact
2019-20,486984,Robert Morris,NEC,2523,Robert Morris Colonials,Robert Morris,Colonials,RMU,Horizon League,45,exact
2019-20,486985,Rutgers,Big Ten,164,Rutgers Scarlet Knights,Rutgers,Scarlet Knights,RUTG,Big Ten Conference,7,exact
2019-20,486672,SFA,Southland,2617,Stephen F. Austin Lumberjacks,Stephen F. Austin,Lumberjacks,SFA,Western Athletic Conference,30,exact
2019-20,486663,SIUE,OVC,2565,SIU Edwardsville Cougars,SIU Edwardsville,Cougars,SIUE,Ohio Valley Conference,20,exact
2019-20,486664,SMU,AAC,2567,SMU Mustangs,SMU,Mustangs,SMU,American Athletic Conference,62,exact
2019-20,486790,Sacramento St.,Big Sky,16,Sacramento State Hornets,Sacramento State,Hornets,SAC,Big Sky Conference,5,exact
2019-20,486986,Sacred Heart,NEC,2529,Sacred Heart Pioneers,Sacred Heart,Pioneers,SHU,Northeast Conference,19,exact
2019-20,486989,Saint Francis (PA),NEC,2598,St. Francis (PA) Red Flash,St. Francis (PA),Red Flash,SFPA,Northeast Conference,19,exact
2019-20,486991,Saint Joseph's,Atlantic 10,2603,Saint Joseph's Hawks,Saint Joseph's,Hawks,JOES,Atlantic 10 Conference,3,exact
2019-20,486992,Saint Louis,Atlantic 10,139,Saint Louis Billikens,Saint Louis,Billikens,SLU,Atlantic 10 Conference,3,exact
2019-20,486993,Saint Mary's (CA),WCC,2608,Saint Mary's Gaels,Saint Mary's,Gaels,SMC,West Coast Conference,29,dict
2019-20,486994,Saint Peter's,MAAC,2612,Saint Peter's Peacocks,Saint Peter's,Peacocks,SPU,Metro Atlantic Athletic Conference,13,exact
2019-20,486995,Sam Houston,Southland,2534,Sam Houston Bearkats,Sam Houston,Bearkats,SHSU,Western Athletic Conference,30,exact
2019-20,486996,Samford,SoCon,2535,Samford Bulldogs,Samford,Bulldogs,SAM,Southern Conference,24,exact
2019-20,486998,San Diego,WCC,301,San Diego Toreros,San Diego,Toreros,USD,West Coast Conference,29,exact
2019-20,486997,San Diego St.,MWC,21,San Diego State Aztecs,San Diego State,Aztecs,SDSU,Mountain West Conference,44,exact
2019-20,486999,San Francisco,WCC,2539,San Francisco Dons,San Francisco,Dons,SF,West Coast Conference,29,exact
2019-20,487000,San Jose St.,MWC,23,San José State Spartans,San José State,Spartans,SJSU,Mountain West Conference,44,dict
2019-20,486649,Santa Clara,WCC,2541,Santa Clara Broncos,Santa Clara,Broncos,SCU,West Coast Conference,29,exact
2019-20,486736,Seattle U,WAC,2547,Seattle U Redhawks,Seattle U,Redhawks,SEA,Western Athletic Conference,30,exact
2019-20,486651,Seton Hall,Big East,2550,Seton Hall Pirates,Seton Hall,Pirates,HALL,Big East Conference,4,exact
2019-20,486652,Siena,MAAC,2561,Siena Saints,Siena,Saints,SIE,Metro Atlantic Athletic Conference,13,exact
2019-20,486653,South Alabama,Sun Belt,6,South Alabama Jaguars,South Alabama,Jaguars,USA,Sun Belt Conference,27,exact
2019-20,486655,South Carolina,SEC,2579,South Carolina Gamecocks,South Carolina,Gamecocks,SC,Southeastern Conference,23,exact
2019-20,486654,South Carolina St.,MEAC,2569,South Carolina State Bulldogs,South Carolina State,Bulldogs,SCST,Mid-Eastern Athletic Conference,16,exact
2019-20,486657,South Dakota,Summit League,233,South Dakota Coyotes,South Dakota,Coyotes,SDAK,Summit League,49,exact
2019-20,486656,South Dakota St.,Summit League,2571,South Dakota State Jackrabbits,South Dakota State,Jackrabbits,SDST,Summit League,49,exact
2019-20,486658,South Fla.,AAC,58,South Florida Bulls,South Florida,Bulls,USF,American Athletic Conference,62,exact
2019-20,486659,Southeast Mo. St.,OVC,2546,Southeast Missouri State Redhawks,Southeast Missouri State,Redhawks,SEMO,Ohio Valley Conference,20,exact
2019-20,486660,Southeastern La.,Southland,2545,SE Louisiana Lions,SE Louisiana,Lions,SELA,Southland Conference,25,dict
2019-20,486661,Southern California,Pac-12,30,USC Trojans,USC,Trojans,USC,Pac-12 Conference,21,dict
2019-20,486662,Southern Ill.,MVC,79,Southern Illinois Salukis,Southern Illinois,Salukis,SIU,Missouri Valley Conference,18,exact
2019-20,486665,Southern Miss.,C-USA,2572,Southern Miss Golden Eagles,Southern Miss,Golden Eagles,USM,Sun Belt Conference,27,dict
2019-20,486666,Southern U.,SWAC,2582,Southern Jaguars,Southern,Jaguars,SOU,Southwestern Athletic Conference,26,dict
2019-20,486667,Southern Utah,Big Sky,253,Southern Utah Thunderbirds,Southern Utah,Thunderbirds,SUU,Western Athletic Conference,30,exact
2019-20,486987,St. Bonaventure,Atlantic 10,179,St. Bonaventure Bonnies,St. Bonaventure,Bonnies,SBU,Atlantic 10 Conference,3,exact
2019-20,486988,St. Francis Brooklyn,NEC,2597,St. Francis Brooklyn Terriers,St. Francis Brooklyn,Terriers,SFNY,Northeast Conference,19,exact
2019-20,486990,St. John's (NY),Big East,2599,St. John's Red Storm,St. John's,Red Storm,SJU,Big East Conference,4,dict
2019-20,486671,Stanford,Pac-12,24,Stanford Cardinal,Stanford,Cardinal,STAN,Pac-12 Conference,21,exact
2019-20,486673,Stetson,ASUN,56,Stetson Hatters,Stetson,Hatters,STET,ASUN Conference,46,exact
2019-20,486674,Stony Brook,America East,2619,Stony Brook Seawolves,Stony Brook,Seawolves,STBK,Colonial Athletic Association,10,exact
2019-20,486675,Syracuse,ACC,183,Syracuse Orange,Syracuse,Orange,SYR,Atlantic Coast Conference,2,exact
2019-20,486683,TCU,Big 12,2628,TCU Horned Frogs,TCU,Horned Frogs,TCU,Big 12 Conference,8,exact
2019-20,486676,Temple,AAC,218,Temple Owls,Temple,Owls,TEM,American Athletic Conference,62,exact
2019-20,486680,Tennessee,SEC,2633,Tennessee Volunteers,Tennessee,Volunteers,TENN,Southeastern Conference,23,exact
2019-20,486677,Tennessee St.,OVC,2634,Tennessee State Tigers,Tennessee State,Tigers,TNST,Ohio Valley Conference,20,exact
2019-20,486678,Tennessee Tech,OVC,2635,Tennessee Tech Golden Eagles,Tennessee Tech,Golden Eagles,TNTC,Ohio Valley Conference,20,exact
2019-20,486687,Texas,Big 12,251,Texas Longhorns,Texas,Longhorns,TEX,Big 12 Conference,8,exact
2019-20,486682,Texas A&M,SEC,245,Texas A&M Aggies,Texas A&M,Aggies,TA&M,Southeastern Conference,23,exact
2019-20,486684,Texas Southern,SWAC,2640,Texas Southern Tigers,Texas Southern,Tigers,TXSO,Southwestern Athletic Conference,26,exact
2019-20,486669,Texas St.,Sun Belt,326,Texas State Bobcats,Texas State,Bobcats,TXST,Sun Belt Conference,27,exact
2019-20,486685,Texas Tech,Big 12,2641,Texas Tech Red Raiders,Texas Tech,Red Raiders,TTU,Big 12 Conference,8,exact
2019-20,486804,The Citadel,SoCon,2643,The Citadel Bulldogs,The Citadel,Bulldogs,CIT,Southern Conference,24,exact
2019-20,486690,Toledo,MAC,2649,Toledo Rockets,Toledo,Rockets,TOL,Mid-American Conference,14,exact
2019-20,486691,Towson,CAA,119,Towson Tigers,Towson,Tigers,TOW,Colonial Athletic Association,10,exact
2019-20,486692,Troy,Sun Belt,2653,Troy Trojans,Troy,Trojans,TROY,Sun Belt Conference,27,exact
2019-20,486693,Tulane,AAC,2655,Tulane Green Wave,Tulane,Green Wave,TULN,American Athletic Conference,62,exact
2019-20,486694,Tulsa,AAC,202,Tulsa Golden Hurricane,Tulsa,Golden Hurricane,TLSA,American Athletic Conference,62,exact
2019-20,486756,UAB,C-USA,5,UAB Blazers,UAB,Blazers,UAB,Conference USA,11,exact
2019-20,486757,UAlbany,America East,399,UAlbany Great Danes,UAlbany,Great Danes,UALB,America East Conference,1,exact
2019-20,486793,UC Davis,Big West,302,UC Davis Aggies,UC Davis,Aggies,UCD,Big West Conference,9,exact
2019-20,486794,UC Irvine,Big West,300,UC Irvine Anteaters,UC Irvine,Anteaters,UCI,Big West Conference,9,exact
2019-20,486796,UC Riverside,Big West,27,UC Riverside Highlanders,UC Riverside,Highlanders,UCR,Big West Conference,9,exact
2019-20,486791,UC Santa Barbara,Big West,2540,UC Santa Barbara Gauchos,UC Santa Barbara,Gauchos,UCSB,Big West Conference,9,exact
2019-20,486800,UCF,AAC,2116,UCF Knights,UCF,Knights,UCF,American Athletic Conference,62,exact
2019-20,486795,UCLA,Pac-12,26,UCLA Bruins,UCLA,Bruins,UCLA,Pac-12 Conference,21,exact
2019-20,486812,UConn,AAC,41,UConn Huskies,UConn,Huskies,CONN,Big East Conference,4,exact
2019-20,486866,UIC,Horizon,82,UIC Flames,UIC,Flames,UIC,Missouri Valley Conference,18,exact
2019-20,486741,UIW,Southland,2916,Incarnate Word Cardinals,Incarnate Word,Cardinals,UIW,Southland Conference,25,exact
2019-20,486947,ULM,Sun Belt,2433,UL Monroe Warhawks,UL Monroe,Warhawks,ULM,Sun Belt Conference,27,exact
2019-20,486900,UMBC,America East,2378,UMBC Retrievers,UMBC,Retrievers,UMBC,America East Conference,1,exact
2019-20,486902,UMES,MEAC,2379,Maryland Eastern Shore Hawks,Maryland Eastern Shore,Hawks,UMES,Mid-Eastern Athletic Conference,16,exact
2019-20,486891,UMass Lowell,America East,2349,UMass Lowell River Hawks,UMass Lowell,River Hawks,UML,America East Conference,1,exact
2019-20,486924,UNC Asheville,Big South,2427,UNC Asheville Bulldogs,UNC Asheville,Bulldogs,UNCA,Big South Conference,6,exact
2019-20,486927,UNC Greensboro,SoCon,2430,UNC Greensboro Spartans,UNC Greensboro,Spartans,UNCG,Southern Conference,24,exact
2019-20,486928,UNCW,CAA,350,UNC Wilmington Seahawks,UNC Wilmington,Seahawks,UNCW,Colonial Athletic Association,10,exact
2019-20,486952,UNI,MVC,2460,Northern Iowa Panthers,Northern Iowa,Panthers,UNI,Missouri Valley Conference,18,exact
2019-20,486931,UNLV,MWC,2439,UNLV Rebels,UNLV,Rebels,UNLV,Mountain West Conference,44,exact
2019-20,486743,USC Upstate,Big South,2908,South Carolina Upstate Spartans,South Carolina Upstate,Spartans,UPST,Big South Conference,6,dict
2019-20,486686,UT Arlington,Sun Belt,250,UT Arlington Mavericks,UT Arlington,Mavericks,UTA,Western Athletic Conference,30,exact
2019-20,486681,UT Martin,OVC,2630,UT Martin Skyhawks,UT Martin,Skyhawks,UTM,Ohio Valley Conference,20,exact
2019-20,486688,UTEP,C-USA,2638,UTEP Miners,UTEP,Miners,UTEP,Conference USA,11,exact
2019-20,486967,UTRGV,WAC,292,UT Rio Grande Valley Vaqueros,UT Rio Grande Valley,Vaqueros,RGV,Western Athletic Conference,30,dict
2019-20,486689,UTSA,C-USA,2636,UTSA Roadrunners,UTSA,Roadrunners,UTSA,Conference USA,11,exact
2019-20,486699,Utah,Pac-12,254,Utah Utes,Utah,Utes,UTAH,Pac-12 Conference,21,exact
2019-20,486698,Utah St.,MWC,328,Utah State Aggies,Utah State,Aggies,USU,Mountain West Conference,44,exact
2019-20,486749,Utah Valley,WAC,3084,Utah Valley Wolverines,Utah Valley,Wolverines,UVU,Western Athletic Conference,30,exact
2019-20,486704,VCU,Atlantic 10,2670,VCU Rams,VCU,Rams,VCU,Atlantic 10 Conference,3,exact
2019-20,486705,VMI,SoCon,2678,VMI Keydets,VMI,Keydets,VMI,Southern Conference,24,exact
2019-20,486700,Valparaiso,MVC,2674,Valparaiso Beacons,Valparaiso,Beacons,VAL,Missouri Valley Conference,18,exact
2019-20,486701,Vanderbilt,SEC,238,Vanderbilt Commodores,Vanderbilt,Commodores,VAN,Southeastern Conference,23,exact
2019-20,486702,Vermont,America East,261,Vermont Catamounts,Vermont,Catamounts,UVM,America East Conference,1,exact
2019-20,486703,Villanova,Big East,222,Villanova Wildcats,Villanova,Wildcats,VILL,Big East Conference,4,exact
2019-20,486707,Virginia,ACC,258,Virginia Cavaliers,Virginia,Cavaliers,UVA,Atlantic Coast Conference,2,exact
2019-20,486706,Virginia Tech,ACC,259,Virginia Tech Hokies,Virginia Tech,Hokies,VT,Atlantic Coast Conference,2,exact
2019-20,486708,Wagner,NEC,2681,Wagner Seahawks,Wagner,Seahawks,WAG,Northeast Conference,19,exact
2019-20,486709,Wake Forest,ACC,154,Wake Forest Demon Deacons,Wake Forest,Demon Deacons,WAKE,Atlantic Coast Conference,2,exact
2019-20,486711,Washington,Pac-12,264,Washington Huskies,Washington,Huskies,WASH,Pac-12 Conference,21,exact
2019-20,486710,Washington St.,Pac-12,265,Washington State Cougars,Washington State,Cougars,WSU,Pac-12 Conference,21,exact
2019-20,486712,Weber St.,Big Sky,2692,Weber State Wildcats,Weber State,Wildcats,WEB,Big Sky Conference,5,exact
2019-20,486713,West Virginia,Big 12,277,West Virginia Mountaineers,West Virginia,Mountaineers,WVU,Big 12 Conference,8,exact
2019-20,486714,Western Caro.,SoCon,2717,Western Carolina Catamounts,Western Carolina,Catamounts,WCU,Southern Conference,24,exact
2019-20,486715,Western Ill.,Summit League,2710,Western Illinois Leathernecks,Western Illinois,Leathernecks,WIU,Summit League,49,exact
2019-20,486716,Western Ky.,C-USA,98,Western Kentucky Hilltoppers,Western Kentucky,Hilltoppers,WKU,Conference USA,11,exact
2019-20,486717,Western Mich.,MAC,2711,Western Michigan Broncos,Western Michigan,Broncos,WMU,Mid-American Conference,14,exact
2019-20,486718,Wichita St.,AAC,2724,Wichita State Shockers,Wichita State,Shockers,WICH,American Athletic Conference,62,exact
2019-20,486719,William & Mary,CAA,2729,William & Mary Tribe,William & Mary,Tribe,W&M,Colonial Athletic Association,10,exact
2019-20,486720,Winthrop,Big South,2737,Winthrop Eagles,Winthrop,Eagles,WIN,Big South Conference,6,exact
2019-20,486722,Wisconsin,Big Ten,275,Wisconsin Badgers,Wisconsin,Badgers,WIS,Big Ten Conference,7,exact
2019-20,486742,Wofford,SoCon,2747,Wofford Terriers,Wofford,Terriers,WOF,Southern Conference,24,exact
2019-20,486724,Wright St.,Horizon,2750,Wright State Raiders,Wright State,Raiders,WRST,Horizon League,45,exact
2019-20,486725,Wyoming,MWC,2751,Wyoming Cowboys,Wyoming,Cowboys,WYO,Mountain West Conference,44,exact
2019-20,486726,Xavier,Big East,2752,Xavier Musketeers,Xavier,Musketeers,XAV,Big East Conference,4,exact
2019-20,486727,Yale,Ivy League,43,Yale Bulldogs,Yale,Bulldogs,YALE,Ivy League,12,exact
2019-20,486728,Youngstown St.,Horizon,2754,Youngstown State Penguins,Youngstown State,Penguins,YSU,Horizon League,45,exact
2020-21,505566,A&M-Corpus Christi,Southland,357,Texas A&M-Corpus Christi Islanders,Texas A&M-Corpus Christi,Islanders,AMCC,Southland Conference,25,dict
2020-21,505571,Abilene Christian,Southland,2000,Abilene Christian Wildcats,Abilene Christian,Wildcats,ACU,Western Athletic Conference,30,exact
2020-21,505515,Air Force,MWC,2005,Air Force Falcons,Air Force,Falcons,AF,Mountain West Conference,44,exact
2020-21,505572,Akron,MAC,2006,Akron Zips,Akron,Zips,AKR,Mid-American Conference,14,exact
2020-21,505575,Alabama,SEC,333,Alabama Crimson Tide,Alabama,Crimson Tide,ALA,Southeastern Conference,23,exact
2020-21,505573,Alabama A&M,SWAC,2010,Alabama A&M Bulldogs,Alabama A&M,Bulldogs,AAMU,Southwestern Athletic Conference,26,exact
2020-21,505574,Alabama St.,SWAC,2011,Alabama State Hornets,Alabama State,Hornets,ALST,Southwestern Athletic Conference,26,exact
2020-21,505578,Alcorn,SWAC,2016,Alcorn State Braves,Alcorn State,Braves,ALCN,Southwestern Athletic Conference,26,dict
2020-21,505579,American,Patriot,44,American University Eagles,American University,Eagles,AMER,Patriot League,22,exact
2020-21,505580,App State,Sun Belt,2026,App State Mountaineers,App State,Mountaineers,APP,Sun Belt Conference,27,exact
2020-21,505582,Arizona,Pac-12,12,Arizona Wildcats,Arizona,Wildcats,ARIZ,Pac-12 Conference,21,exact
2020-21,505581,Arizona St.,Pac-12,9,Arizona State Sun Devils,Arizona State,Sun Devils,ASU,Pac-12 Conference,21,exact
2020-21,505557,Ark.-Pine Bluff,SWAC,2029,Arkansas-Pine Bluff Golden Lions,Arkansas-Pine Bluff,Golden Lions,UAPB,Southwestern Athletic Conference,26,dict
2020-21,505584,Arkansas,SEC,8,Arkansas Razorbacks,Arkansas,Razorbacks,ARK,Southeastern Conference,23,exact
2020-21,505583,Arkansas St.,Sun Belt,2032,Arkansas State Red Wolves,Arkansas State,Red Wolves,ARST,Sun Belt Conference,27,exact
2020-21,505516,Army West Point,Patriot,349,Army Black Knights,Army,Black Knights,ARMY,Patriot League,22,dict
2020-21,505586,Auburn,SEC,2,Auburn Tigers,Auburn,Tigers,AUB,Southeastern Conference,23,exact
2020-21,505587,Austin Peay,OVC,2046,Austin Peay Governors,Austin Peay,Governors,APSU,ASUN Conference,46,exact
2020-21,505598,BYU,WCC,252,BYU Cougars,BYU,Cougars,BYU,West Coast Conference,29,exact
2020-21,505588,Ball St.,MAC,2050,Ball State Cardinals,Ball State,Cardinals,BALL,Mid-American Conference,14,exact
2020-21,505590,Baylor,Big 12,239,Baylor Bears,Baylor,Bears,BAY,Big 12 Conference,8,exact
2020-21,505877,Bellarmine,ASUN,91,Bellarmine Knights,Bellarmine,Knights,BELL,ASUN Conference,46,exact
2020-21,505564,Belmont,OVC,2057,Belmont Bruins,Belmont,Bruins,BEL,Missouri Valley Conference,18,exact
2020-21,505591,Bethune-Cookman,MEAC,2065,Bethune-Cookman Wildcats,Bethune-Cookman,Wildcats,BCU,Southwestern Athletic Conference,26,exact
2020-21,505592,Binghamton,America East,2066,Binghamton Bearcats,Binghamton,Bearcats,BING,America East Conference,1,exact
2020-21,505593,Boise St.,MWC,68,Boise State Broncos,Boise State,Broncos,BOIS,Mountain West Conference,44,exact
2020-21,505594,Boston College,ACC,103,Boston College Eagles,Boston College,Eagles,BC,Atlantic Coast Conference,2,exact
2020-21,505595,Boston U.,Patriot,104,Boston University Terriers,Boston University,Terriers,BU,Patriot League,22,exact
2020-21,505596,Bowling Green,MAC,189,Bowling Green Falcons,Bowling Green,Falcons,BGSU,Mid-American Conference,14,exact
2020-21,505597,Bradley,MVC,71,Bradley Braves,Bradley,Braves,BRAD,Missouri Valley Conference,18,exact
2020-21,505599,Brown,Ivy League,225,Brown Bears,Brown,Bears,BRWN,Ivy League,12,exact
2020-21,505600,Bryant,NEC,2803,Bryant Bulldogs,Bryant,Bulldogs,BRY,America East Conference,1,exact
2020-21,505601,Bucknell,Patriot,2083,Bucknell Bison,Bucknell,Bison,BUCK,Patriot League,22,exact
2020-21,505602,Buffalo,MAC,2084,Buffalo Bulls,Buffalo,Bulls,BUF,Mid-American Conference,14,exact
2020-21,505603,Butler,Big East,2086,Butler Bulldogs,Butler,Bulldogs,BTLR,Big East Conference,4,exact
2020-21,505605,CSU Bakersfield,WAC,2934,Cal State Bakersfield Roadrunners,Cal State Bakersfield,Roadrunners,CSUB,Big West Conference,9,alias
2020-21,505609,CSUN,Big West,2463,Cal State Northridge Matadors,Cal State Northridge,Matadors,CSUN,Big West Conference,9,exact
2020-21,505604,Cal Poly,Big West,13,Cal Poly Mustangs,Cal Poly,Mustangs,CP,Big West Conference,9,exact
2020-21,505607,Cal St. Fullerton,Big West,2239,Cal State Fullerton Titans,Cal State Fullerton,Titans,CSUF,Big West Conference,9,exact
2020-21,505612,California,Pac-12,25,California Golden Bears,California,Golden Bears,CAL,Pac-12 Conference,21,exact
2020-21,505841,California Baptist,WAC,2856,California Baptist Lancers,California Baptist,Lancers,CBU,Western Athletic Conference,30,exact
2020-21,505617,Campbell,Big South,2097,Campbell Fighting Camels,Campbell,Fighting Camels,CAM,Big South Conference,6,exact
2020-21,505618,Canisius,MAAC,2099,Canisius Golden Griffins,Canisius,Golden Griffins,CAN,Metro Atlantic Athletic Conference,13,exact
2020-21,505549,Central Ark.,Southland,2110,Central Arkansas Bears,Central Arkansas,Bears,CARK,ASUN Conference,46,exact
2020-21,505619,Central Conn. St.,NEC,2115,Central Connecticut Blue Devils,Central Connecticut,Blue Devils,CCSU,Northeast Conference,19,dict
2020-21,505621,Central Mich.,MAC,2117,Central Michigan Chippewas,Central Michigan,Chippewas,CMU,Mid-American Conference,14,exact
2020-21,505589,Charleston So.,Big South,2127,Charleston Southern Buccaneers,Charleston Southern,Buccaneers,CHSO,Big South Conference,6,exact
2020-21,505746,Charlotte,C-USA,2429,Charlotte 49ers,Charlotte,49ers,CLT,Conference USA,11,exact
2020-21,505499,Chattanooga,SoCon,236,Chattanooga Mocs,Chattanooga,Mocs,UTC,Southern Conference,24,exact
2020-21,505622,Chicago St.,WAC,2130,Chicago State Cougars,Chicago State,Cougars,CHST,Division I Independents,43,exact
2020-21,505623,Cincinnati,AAC,2132,Cincinnati Bearcats,Cincinnati,Bearcats,CIN,American Athletic Conference,62,exact
2020-21,505625,Clemson,ACC,228,Clemson Tigers,Clemson,Tigers,CLEM,Atlantic Coast Conference,2,exact
2020-21,505626,Cleveland St.,Horizon,325,Cleveland State Vikings,Cleveland State,Vikings,CLE,Horizon League,45,exact
2020-21,505627,Coastal Carolina,Sun Belt,324,Coastal Carolina Chanticleers,Coastal Carolina,Chanticleers,CCU,Sun Belt Conference,27,exact
2020-21,505550,Col. of Charleston,CAA,232,Charleston Cougars,Charleston,Cougars,COFC,Colonial Athletic Association,10,dict
2020-21,505628,Colgate,Patriot,2142,Colgate Raiders,Colgate,Raiders,COLG,Patriot League,22,exact
2020-21,505630,Colorado,Pac-12,38,Colorado Buffaloes,Colorado,Buffaloes,COLO,Pac-12 Conference,21,exact
2020-21,505629,Colorado St.,MWC,36,Colorado State Rams,Colorado State,Rams,CSU,Mountain West Conference,44,exact
2020-21,505631,Columbia,Ivy League,171,Columbia Lions,Columbia,Lions,COLU,Ivy League,12,exact
2020-21,505633,Coppin St.,MEAC,2154,Coppin State Eagles,Coppin State,Eagles,COPP,Mid-Eastern Athletic Conference,16,exact
2020-21,505634,Cornell,Ivy League,172,Cornell Big Red,Cornell,Big Red,COR,Ivy League,12,exact
2020-21,505635,Creighton,Big East,156,Creighton Bluejays,Creighton,Bluejays,CREI,Big East Conference,4,exact
2020-21,505636,Dartmouth,Ivy League,159,Dartmouth Big Green,Dartmouth,Big Green,DART,Ivy League,12,exact
2020-21,505637,Davidson,Atlantic 10,2166,Davidson Wildcats,Davidson,Wildcats,DAV,Atlantic 10 Conference,3,exact
2020-21,505638,Dayton,Atlantic 10,2168,Dayton Flyers,Dayton,Flyers,DAY,Atlantic 10 Conference,3,exact
2020-21,505639,DePaul,Big East,305,DePaul Blue Demons,DePaul,Blue Demons,DEP,Big East Conference,4,exact
2020-21,505641,Delaware,CAA,48,Delaware Blue Hens,Delaware,Blue Hens,DEL,Colonial Athletic Association,10,exact
2020-21,505640,Delaware St.,MEAC,2169,Delaware State Hornets,Delaware State,Hornets,DSU,Mid-Eastern Athletic Conference,16,exact
2020-21,505642,Denver,Summit League,2172,Denver Pioneers,Denver,Pioneers,DEN,Summit League,49,exact
2020-21,505643,Detroit Mercy,Horizon,2174,Detroit Mercy Titans,Detroit Mercy,Titans,DETM,Horizon League,45,exact
2020-21,505644,Drake,MVC,2181,Drake Bulldogs,Drake,Bulldogs,DRKE,Missouri Valley Conference,18,exact
2020-21,505645,Drexel,CAA,2182,Drexel Dragons,Drexel,Dragons,DREX,Colonial Athletic Association,10,exact
2020-21,505646,Duke,ACC,150,Duke Blue Devils,Duke,Blue Devils,DUKE,Atlantic Coast Conference,2,exact
2020-21,505647,Duquesne,Atlantic 10,2184,Duquesne Dukes,Duquesne,Dukes,DUQ,Atlantic 10 Conference,3,exact
2020-21,505649,ETSU,SoCon,2193,East Tennessee State Buccaneers,East Tennessee State,Buccaneers,ETSU,Southern Conference,24,exact
2020-21,505648,East Carolina,AAC,151,East Carolina Pirates,East Carolina,Pirates,ECU,American Athletic Conference,62,exact
2020-21,505650,Eastern Ill.,OVC,2197,Eastern Illinois Panthers,Eastern Illinois,Panthers,EIU,Ohio Valley Conference,20,exact
2020-21,505651,Eastern Ky.,OVC,2198,Eastern Kentucky Colonels,Eastern Kentucky,Colonels,EKU,ASUN Conference,46,exact
2020-21,505652,Eastern Mich.,MAC,2199,Eastern Michigan Eagles,Eastern Michigan,Eagles,EMU,Mid-American Conference,14,exact
2020-21,505653,Eastern Wash.,Big Sky,331,Eastern Washington Eagles,Eastern Washington,Eagles,EWU,Big Sky Conference,5,exact
2020-21,505551,Elon,CAA,2210,Elon Phoenix,Elon,Phoenix,ELON,Colonial Athletic Association,10,exact
2020-21,505654,Evansville,MVC,339,Evansville Purple Aces,Evansville,Purple Aces,EVAN,Missouri Valley Conference,18,exact
2020-21,505568,FGCU,ASUN,526,Florida Gulf Coast Eagles,Florida Gulf Coast,Eagles,FGCU,ASUN Conference,46,exact
2020-21,505659,FIU,C-USA,2229,Florida International Panthers,Florida International,Panthers,FIU,Conference USA,11,exact
2020-21,505655,Fairfield,MAAC,2217,Fairfield Stags,Fairfield,Stags,FAIR,Metro Atlantic Athletic Conference,13,exact
2020-21,505656,Fairleigh Dickinson,NEC,161,Fairleigh Dickinson Knights,Fairleigh Dickinson,Knights,FDU,Northeast Conference,19,exact
2020-21,505658,Fla. Atlantic,C-USA,2226,Florida Atlantic Owls,Florida Atlantic,Owls,FAU,Conference USA,11,exact
2020-21,505661,Florida,SEC,57,Florida Gators,Florida,Gators,FLA,Southeastern Conference,23,exact
2020-21,505657,Florida A&M,MEAC,50,Florida A&M Rattlers,Florida A&M,Rattlers,FAMU,Southwestern Athletic Conference,26,exact
2020-21,505660,Florida St.,ACC,52,Florida State Seminoles,Florida State,Seminoles,FSU,Atlantic Coast Conference,2,exact
2020-21,505662,Fordham,Atlantic 10,2230,Fordham Rams,Fordham,Rams,FOR,Atlantic 10 Conference,3,exact
2020-21,505606,Fresno St.,MWC,278,Fresno State Bulldogs,Fresno State,Bulldogs,FRES,Mountain West Conference,44,exact
2020-21,505663,Furman,SoCon,231,Furman Paladins,Furman,Paladins,FUR,Southern Conference,24,exact
2020-21,505667,Ga. Southern,Sun Belt,290,Georgia Southern Eagles,Georgia Southern,Eagles,GASO,Sun Belt Conference,27,exact
2020-21,505552,Gardner-Webb,Big South,2241,Gardner-Webb Runnin' Bulldogs,Gardner-Webb,Runnin' Bulldogs,GWEB,Big South Conference,6,exact
2020-21,505664,George Mason,Atlantic 10,2244,George Mason Patriots,George Mason,Patriots,GMU,Atlantic 10 Conference,3,exact
2020-21,505665,George Washington,Atlantic 10,45,George Washington Revolutionaries,George Washington,Revolutionaries,GW,Atlantic 10 Conference,3,exact
2020-21,505666,Georgetown,Big East,46,Georgetown Hoyas,Georgetown,Hoyas,GTWN,Big East Conference,4,exact
2020-21,505670,Georgia,SEC,61,Georgia Bulldogs,Georgia,Bulldogs,UGA,Southeastern Conference,23,exact
2020-21,505668,Georgia St.,Sun Belt,2247,Georgia State Panthers,Georgia State,Panthers,GAST,Sun Belt Conference,27,exact
2020-21,505669,Georgia Tech,ACC,59,Georgia Tech Yellow Jackets,Georgia Tech,Yellow Jackets,GT,Atlantic Coast Conference,2,exact
2020-21,505671,Gonzaga,WCC,2250,Gonzaga Bulldogs,Gonzaga,Bulldogs,GONZ,West Coast Conference,29,exact
2020-21,505672,Grambling,SWAC,2755,Grambling Tigers,Grambling,Tigers,GRAM,Southwestern Athletic Conference,26,exact
2020-21,505553,Grand Canyon,WAC,2253,Grand Canyon Lopes,Grand Canyon,Lopes,GCU,Western Athletic Conference,30,exact
2020-21,505541,Green Bay,Horizon,2739,Green Bay Phoenix,Green Bay,Phoenix,GB,Horizon League,45,exact
2020-21,505673,Hampton,Big South,2261,Hampton Pirates,Hampton,Pirates,HAMP,Colonial Athletic Association,10,exact
2020-21,505674,Hartford,America East,42,Hartford Hawks,Hartford,Hawks,HART,Division I Independents,43,exact
2020-21,505675,Harvard,Ivy League,108,Harvard Crimson,Harvard,Crimson,HARV,Ivy League,12,exact
2020-21,505676,Hawaii,Big West,62,Hawai'i Rainbow Warriors,Hawai'i,Rainbow Warriors,HAW,Big West Conference,9,dict
2020-21,505565,High Point,Big South,2272,High Point Panthers,High Point,Panthers,HPU,Big South Conference,6,exact
2020-21,505677,Hofstra,CAA,2275,Hofstra Pride,Hofstra,Pride,HOF,Colonial Athletic Association,10,exact
2020-21,505678,Holy Cross,Patriot,107,Holy Cross Crusaders,Holy Cross,Crusaders,HC,Patriot League,22,exact
2020-21,505680,Houston,AAC,248,Houston Cougars,Houston,Cougars,HOU,American Athletic Conference,62,exact
2020-21,505679,Houston Christian,Southland,2277,Houston Christian Huskies,Houston Christian,Huskies,HCU,Southland Conference,25,exact
2020-21,505681,Howard,MEAC,47,Howard Bison,Howard,Bison,HOW,Mid-Eastern Athletic Conference,16,exact
2020-21,505558,IUPUI,Horizon,85,IU Indianapolis Jaguars,IU Indianapolis,Jaguars,IUIN,Horizon League,45,alias
2020-21,505683,Idaho,Big Sky,70,Idaho Vandals,Idaho,Vandals,IDHO,Big Sky Conference,5,exact
2020-21,505682,Idaho St.,Big Sky,304,Idaho State Bengals,Idaho State,Bengals,IDST,Big Sky Conference,5,exact
2020-21,505685,Illinois,Big Ten,356,Illinois Fighting Illini,Illinois,Fighting Illini,ILL,Big Ten Conference,7,exact
2020-21,505684,Illinois St.,MVC,2287,Illinois State Redbirds,Illinois State,Redbirds,ILST,Missouri Valley Conference,18,exact
2020-21,505688,Indiana,Big Ten,84,Indiana Hoosiers,Indiana,Hoosiers,IU,Big Ten Conference,7,exact
2020-21,505687,Indiana St.,MVC,282,Indiana State Sycamores,Indiana State,Sycamores,INST,Missouri Valley Conference,18,exact
2020-21,505690,Iona,MAAC,314,Iona Gaels,Iona,Gaels,IONA,Metro Atlantic Athletic Conference,13,exact
2020-21,505692,Iowa,Big Ten,2294,Iowa Hawkeyes,Iowa,Hawkeyes,IOWA,Big Ten Conference,7,exact
2020-21,505691,Iowa St.,Big 12,66,Iowa State Cyclones,Iowa State,Cyclones,ISU,Big 12 Conference,8,exact
2020-21,505693,Jackson St.,SWAC,2296,Jackson State Tigers,Jackson State,Tigers,JKST,Southwestern Athletic Conference,26,exact
2020-21,505695,Jacksonville,ASUN,294,Jacksonville Dolphins,Jacksonville,Dolphins,JAX,ASUN Conference,46,exact
2020-21,505694,Jacksonville St.,OVC,55,Jacksonville State Gamecocks,Jacksonville State,Gamecocks,JXST,ASUN Conference,46,exact
2020-21,505696,James Madison,CAA,256,James Madison Dukes,James Madison,Dukes,JMU,Sun Belt Conference,27,exact
2020-21,505698,Kansas,Big 12,2305,Kansas Jayhawks,Kansas,Jayhawks,KU,Big 12 Conference,8,exact
2020-21,505559,Kansas City,WAC,140,Kansas City Roos,Kansas City,Roos,KC,Summit League,49,exact
2020-21,505697,Kansas St.,Big 12,2306,Kansas State Wildcats,Kansas State,Wildcats,KSU,Big 12 Conference,8,exact
2020-21,505554,Kennesaw St.,ASUN,338,Kennesaw State Owls,Kennesaw State,Owls,KENN,ASUN Conference,46,exact
2020-21,505699,Kent St.,MAC,2309,Kent State Golden Flashes,Kent State,Golden Flashes,KENT,Mid-American Conference,14,exact
2020-21,505700,Kentucky,SEC,96,Kentucky Wildcats,Kentucky,Wildcats,UK,Southeastern Conference,23,exact
2020-21,505706,LIU,NEC,112358,Long Island University Sharks,Long Island University,Sharks,LIU,Northeast Conference,19,exact
2020-21,505713,LMU (CA),WCC,2351,Loyola Marymount Lions,Loyola Marymount,Lions,LMU,West Coast Conference,29,dict
2020-21,505708,LSU,SEC,99,LSU Tigers,LSU,Tigers,LSU,Southeastern Conference,23,exact
2020-21,505701,La Salle,Atlantic 10,2325,La Salle Explorers,La Salle,Explorers,LAS,Atlantic 10 Conference,3,exact
2020-21,505702,Lafayette,Patriot,322,Lafayette Leopards,Lafayette,Leopards,LAF,Patriot League,22,exact
2020-21,505703,Lamar University,Southland,2320,Lamar Cardinals,Lamar,Cardinals,LAM,Southland Conference,25,dict
2020-21,505704,Lehigh,Patriot,2329,Lehigh Mountain Hawks,Lehigh,Mountain Hawks,LEH,Patriot League,22,exact
2020-21,505705,Liberty,ASUN,2335,Liberty Flames,Liberty,Flames,LIB,ASUN Conference,46,exact
2020-21,505567,Lipscomb,ASUN,288,Lipscomb Bisons,Lipscomb,Bisons,LIP,ASUN Conference,46,exact
2020-21,505585,Little Rock,Sun Belt,2031,Little Rock Trojans,Little Rock,Trojans,LR,Ohio Valley Conference,20,exact
2020-21,505608,Long Beach St.,Big West,299,Long Beach State Beach,Long Beach State,Beach,LBSU,Big West Conference,9,exact
2020-21,505707,Longwood,Big South,2344,Longwood Lancers,Longwood,Lancers,LONG,Big South Conference,6,exact
2020-21,505490,Louisiana,Sun Belt,309,Louisiana Ragin' Cajuns,Louisiana,Ragin' Cajuns,UL,Sun Belt Conference,27,exact
2020-21,505709,Louisiana Tech,C-USA,2348,Louisiana Tech Bulldogs,Louisiana Tech,Bulldogs,LT,Conference USA,11,exact
2020-21,505710,Louisville,ACC,97,Louisville Cardinals,Louisville,Cardinals,LOU,Atlantic Coast Conference,2,exact
2020-21,505714,Loyola Chicago,MVC,2350,Loyola Chicago Ramblers,Loyola Chicago,Ramblers,LUC,Atlantic 10 Conference,3,exact
2020-21,505712,Loyola Maryland,Patriot,2352,Loyola Maryland Greyhounds,Loyola Maryland,Greyhounds,L-MD,Patriot League,22,exact
2020-21,505715,Maine,America East,311,Maine Black Bears,Maine,Black Bears,ME,America East Conference,1,exact
2020-21,505716,Manhattan,MAAC,2363,Manhattan Jaspers,Manhattan,Jaspers,MAN,Metro Atlantic Athletic Conference,13,exact
2020-21,505717,Marist,MAAC,2368,Marist Red Foxes,Marist,Red Foxes,MRST,Metro Atlantic Athletic Conference,13,exact
2020-21,505718,Marquette,Big East,269,Marquette Golden Eagles,Marquette,Golden Eagles,MARQ,Big East Conference,4,exact
2020-21,505719,Marshall,C-USA,276,Marshall Thundering Herd,Marshall,Thundering Herd,MRSH,Sun Belt Conference,27,exact
2020-21,505721,Maryland,Big Ten,120,Maryland Terrapins,Maryland,Terrapins,MD,Big Ten Conference,7,exact
2020-21,505723,Massachusetts,Atlantic 10,113,Massachusetts Minutemen,Massachusetts,Minutemen,MASS,Atlantic 10 Conference,3,exact
2020-21,505724,McNeese,Southland,2377,McNeese Cowboys,McNeese,Cowboys,MCN,Southland Conference,25,exact
2020-21,505725,Memphis,AAC,235,Memphis Tigers,Memphis,Tigers,MEM,American Athletic Conference,62,exact
2020-21,505726,Mercer,SoCon,2382,Mercer Bears,Mercer,Bears,MER,Southern Conference,24,exact
2020-21,505842,Merrimack,NEC,2771,Merrimack Warriors,Merrimack,Warriors,MRMK,Northeast Conference,19,exact
2020-21,505728,Miami (FL),ACC,2390,Miami Hurricanes,Miami,Hurricanes,MIA,Atlantic Coast Conference,2,dict
2020-21,505727,Miami (OH),MAC,193,Miami (OH) RedHawks,Miami (OH),RedHawks,M-OH,Mid-American Conference,14,exact
2020-21,505730,Michigan,Big Ten,130,Michigan Wolverines,Michigan,Wolverines,MICH,Big Ten Conference,7,exact
2020-21,505729,Michigan St.,Big Ten,127,Michigan State Spartans,Michigan State,Spartans,MSU,Big Ten Conference,7,exact
2020-21,505731,Middle Tenn.,C-USA,2393,Middle Tennessee Blue Raiders,Middle Tennessee,Blue Raiders,MTSU,Conference USA,11,exact
2020-21,505543,Milwaukee,Horizon,270,Milwaukee Panthers,Milwaukee,Panthers,MILW,Horizon League,45,exact
2020-21,505732,Minnesota,Big Ten,135,Minnesota Golden Gophers,Minnesota,Golden Gophers,MINN,Big Ten Conference,7,exact
2020-21,505733,Mississippi St.,SEC,344,Mississippi State Bulldogs,Mississippi State,Bulldogs,MSST,Southeastern Conference,23,exact
2020-21,505734,Mississippi Val.,SWAC,2400,Mississippi Valley State Delta Devils,Mississippi Valley State,Delta Devils,MVSU,Southwestern Athletic Conference,26,dict
2020-21,505736,Missouri,SEC,142,Missouri Tigers,Missouri,Tigers,MIZ,Southeastern Conference,23,exact
2020-21,505488,Missouri St.,MVC,2623,Missouri State Bears,Missouri State,Bears,MOST,Missouri Valley Conference,18,exact
2020-21,505737,Monmouth,MAAC,2405,Monmouth Hawks,Monmouth,Hawks,MONM,Colonial Athletic Association,10,exact
2020-21,505739,Montana,Big Sky,149,Montana Grizzlies,Montana,Grizzlies,MONT,Big Sky Conference,5,exact
2020-21,505738,Montana St.,Big Sky,147,Montana State Bobcats,Montana State,Bobcats,MTST,Big Sky Conference,5,exact
2020-21,505740,Morehead St.,OVC,2413,Morehead State Eagles,Morehead State,Eagles,MORE,Ohio Valley Conference,20,exact
2020-21,505741,Morgan St.,MEAC,2415,Morgan State Bears,Morgan State,Bears,MORG,Mid-Eastern Athletic Conference,16,exact
2020-21,505742,Mount St. Mary's,NEC,116,Mount St. Mary's Mountaineers,Mount St. Mary's,Mountaineers,MSM,Metro Atlantic Athletic Conference,13,exact
2020-21,505743,Murray St.,OVC,93,Murray State Racers,Murray State,Racers,MUR,Missouri Valley Conference,18,exact
2020-21,505761,N.C. A&T,MEAC,2448,North Carolina A&T Aggies,North Carolina A&T,Aggies,NCAT,Colonial Athletic Association,10,exact
2020-21,505762,N.C. Central,MEAC,2428,North Carolina Central Eagles,North Carolina Central,Eagles,NCCU,Mid-Eastern Athletic Conference,16,exact
2020-21,505763,NC State,ACC,152,NC State Wolfpack,NC State,Wolfpack,NCSU,Atlantic Coast Conference,2,exact
2020-21,505771,NIU,MAC,2459,Northern Illinois Huskies,Northern Illinois,Huskies,NIU,Mid-American Conference,14,exact
2020-21,505754,NJIT,ASUN,2885,NJIT Highlanders,NJIT,Highlanders,NJIT,America East Conference,1,exact
2020-21,505517,Navy,Patriot,2426,Navy Midshipmen,Navy,Midshipmen,NAVY,Patriot League,22,exact
2020-21,505749,Nebraska,Big Ten,158,Nebraska Cornhuskers,Nebraska,Cornhuskers,NEB,Big Ten Conference,7,exact
2020-21,505752,Nevada,MWC,2440,Nevada Wolf Pack,Nevada,Wolf Pack,NEV,Mountain West Conference,44,exact
2020-21,505753,New Hampshire,America East,160,New Hampshire Wildcats,New Hampshire,Wildcats,UNH,America East Conference,1,exact
2020-21,505756,New Mexico,MWC,167,New Mexico Lobos,New Mexico,Lobos,UNM,Mountain West Conference,44,exact
2020-21,505755,New Mexico St.,WAC,166,New Mexico State Aggies,New Mexico State,Aggies,NMSU,Western Athletic Conference,30,exact
2020-21,505757,New Orleans,Southland,2443,LSU New Orleans Privateers,LSU New Orleans,Privateers,NOLA,Southland Conference,25,exact
2020-21,505758,Niagara,MAAC,315,Niagara Purple Eagles,Niagara,Purple Eagles,NIA,Metro Atlantic Athletic Conference,13,exact
2020-21,505759,Nicholls,Southland,2447,Nicholls Colonels,Nicholls,Colonels,NICH,Southland Conference,25,exact
2020-21,505760,Norfolk St.,MEAC,2450,Norfolk State Spartans,Norfolk State,Spartans,NORF,Mid-Eastern Athletic Conference,16,exact
2020-21,505570,North Ala.,ASUN,2453,North Alabama Lions,North Alabama,Lions,UNA,ASUN Conference,46,exact
2020-21,505745,North Carolina,ACC,153,North Carolina Tar Heels,North Carolina,Tar Heels,UNC,Atlantic Coast Conference,2,exact
2020-21,505765,North Dakota,Summit League,155,North Dakota Fighting Hawks,North Dakota,Fighting Hawks,UND,Summit League,49,exact
2020-21,505764,North Dakota St.,Summit League,2449,North Dakota State Bison,North Dakota State,Bison,NDSU,Summit League,49,exact
2020-21,505560,North Florida,ASUN,2454,North Florida Ospreys,North Florida,Ospreys,UNF,ASUN Conference,46,exact
2020-21,505766,North Texas,C-USA,249,North Texas Mean Green,North Texas,Mean Green,UNT,Conference USA,11,exact
2020-21,505768,Northeastern,CAA,111,Northeastern Huskies,Northeastern,Huskies,NE,Colonial Athletic Association,10,exact
2020-21,505769,Northern Ariz.,Big Sky,2464,Northern Arizona Lumberjacks,Northern Arizona,Lumberjacks,NAU,Big Sky Conference,5,exact
2020-21,505770,Northern Colo.,Big Sky,2458,Northern Colorado Bears,Northern Colorado,Bears,UNCO,Big Sky Conference,5,exact
2020-21,505773,Northern Ky.,Horizon,94,Northern Kentucky Norse,Northern Kentucky,Norse,NKU,Horizon League,45,exact
2020-21,505775,Northwestern,Big Ten,77,Northwestern Wildcats,Northwestern,Wildcats,NU,Big Ten Conference,7,exact
2020-21,505774,Northwestern St.,Southland,2466,Northwestern State Demons,Northwestern State,Demons,NWST,Southland Conference,25,exact
2020-21,505776,Notre Dame,ACC,87,Notre Dame Fighting Irish,Notre Dame,Fighting Irish,ND,Atlantic Coast Conference,2,exact
2020-21,505777,Oakland,Horizon,2473,Oakland Golden Grizzlies,Oakland,Golden Grizzlies,OAK,Horizon League,45,exact
2020-21,505779,Ohio,MAC,195,Ohio Bobcats,Ohio,Bobcats,OHIO,Mid-American Conference,14,exact
2020-21,505778,Ohio St.,Big Ten,194,Ohio State Buckeyes,Ohio State,Buckeyes,OSU,Big Ten Conference,7,exact
2020-21,505781,Oklahoma,Big 12,201,Oklahoma Sooners,Oklahoma,Sooners,OU,Big 12 Conference,8,exact
2020-21,505780,Oklahoma St.,Big 12,197,Oklahoma State Cowboys,Oklahoma State,Cowboys,OKST,Big 12 Conference,8,exact
2020-21,505782,Old Dominion,C-USA,295,Old Dominion Monarchs,Old Dominion,Monarchs,ODU,Sun Belt Conference,27,exact
2020-21,505735,Ole Miss,SEC,145,Ole Miss Rebels,Ole Miss,Rebels,MISS,Southeastern Conference,23,exact
2020-21,505750,Omaha,Summit League,2437,Omaha Mavericks,Omaha,Mavericks,OMA,Summit League,49,exact
2020-21,505783,Oral Roberts,Summit League,198,Oral Roberts Golden Eagles,Oral Roberts,Golden Eagles,ORU,Summit League,49,exact
2020-21,505785,Oregon,Pac-12,2483,Oregon Ducks,Oregon,Ducks,ORE,Pac-12 Conference,21,exact
2020-21,505784,Oregon St.,Pac-12,204,Oregon State Beavers,Oregon State,Beavers,ORST,Pac-12 Conference,21,exact
2020-21,505786,Pacific,WCC,279,Pacific Tigers,Pacific,Tigers,PAC,West Coast Conference,29,exact
2020-21,505789,Penn,Ivy League,219,Pennsylvania Quakers,Pennsylvania,Quakers,PENN,Ivy League,12,exact
2020-21,505788,Penn St.,Big Ten,213,Penn State Nittany Lions,Penn State,Nittany Lions,PSU,Big Ten Conference,7,exact
2020-21,505790,Pepperdine,WCC,2492,Pepperdine Waves,Pepperdine,Waves,PEPP,West Coast Conference,29,exact
2020-21,505791,Pittsburgh,ACC,221,Pittsburgh Panthers,Pittsburgh,Panthers,PITT,Atlantic Coast Conference,2,exact
2020-21,505793,Portland,WCC,2501,Portland Pilots,Portland,Pilots,PORT,West Coast Conference,29,exact
2020-21,505792,Portland St.,Big Sky,2502,Portland State Vikings,Portland State,Vikings,PRST,Big Sky Conference,5,exact
2020-21,505794,Prairie View,SWAC,2504,Prairie View A&M Panthers,Prairie View A&M,Panthers,PV,Southwestern Athletic Conference,26,exact
2020-21,505555,Presbyterian,Big South,2506,Presbyterian Blue Hose,Presbyterian,Blue Hose,PRES,Big South Conference,6,exact
2020-21,505795,Princeton,Ivy League,163,Princeton Tigers,Princeton,Tigers,PRIN,Ivy League,12,exact
2020-21,505796,Providence,Big East,2507,Providence Friars,Providence,Friars,PROV,Big East Conference,4,exact
2020-21,505797,Purdue,Big Ten,2509,Purdue Boilermakers,Purdue,Boilermakers,PUR,Big Ten Conference,7,exact
2020-21,505689,Purdue Fort Wayne,Summit League,2870,Purdue Fort Wayne Mastodons,Purdue Fort Wayne,Mastodons,PFW,Horizon League,45,exact
2020-21,505798,Quinnipiac,MAAC,2514,Quinnipiac Bobcats,Quinnipiac,Bobcats,QUIN,Metro Atlantic Athletic Conference,13,exact
2020-21,505799,Radford,Big South,2515,Radford Highlanders,Radford,Highlanders,RAD,Big South Conference,6,exact
2020-21,505800,Rhode Island,Atlantic 10,227,Rhode Island Rams,Rhode Island,Rams,URI,Atlantic 10 Conference,3,exact
2020-21,505801,Rice,C-USA,242,Rice Owls,Rice,Owls,RICE,Conference USA,11,exact
2020-21,505802,Richmond,Atlantic 10,257,Richmond Spiders,Richmond,Spiders,RICH,Atlantic 10 Conference,3,exact
2020-21,505803,Rider,MAAC,2520,Rider Broncs,Rider,Broncs,RID,Metro Atlantic Athletic Conference,13,exact
2020-21,505804,Robert Morris,NEC,2523,Robert Morris Colonials,Robert Morris,Colonials,RMU,Horizon League,45,exact
2020-21,505805,Rutgers,Big Ten,164,Rutgers Scarlet Knights,Rutgers,Scarlet Knights,RUTG,Big Ten Conference,7,exact
2020-21,505492,SFA,Southland,2617,Stephen F. Austin Lumberjacks,Stephen F. Austin,Lumberjacks,SFA,Western Athletic Conference,30,exact
2020-21,505483,SIUE,OVC,2565,SIU Edwardsville Cougars,SIU Edwardsville,Cougars,SIUE,Ohio Valley Conference,20,exact
2020-21,505484,SMU,AAC,2567,SMU Mustangs,SMU,Mustangs,SMU,American Athletic Conference,62,exact
2020-21,505610,Sacramento St.,Big Sky,16,Sacramento State Hornets,Sacramento State,Hornets,SAC,Big Sky Conference,5,exact
2020-21,505806,Sacred Heart,NEC,2529,Sacred Heart Pioneers,Sacred Heart,Pioneers,SHU,Northeast Conference,19,exact
2020-21,505809,Saint Francis (PA),NEC,2598,St. Francis (PA) Red Flash,St. Francis (PA),Red Flash,SFPA,Northeast Conference,19,exact
2020-21,505831,Saint Joseph's,Atlantic 10,2603,Saint Joseph's Hawks,Saint Joseph's,Hawks,JOES,Atlantic 10 Conference,3,exact
2020-21,505832,Saint Louis,Atlantic 10,139,Saint Louis Billikens,Saint Louis,Billikens,SLU,Atlantic 10 Conference,3,exact
2020-21,505833,Saint Mary's (CA),WCC,2608,Saint Mary's Gaels,Saint Mary's,Gaels,SMC,West Coast Conference,29,dict
2020-21,505834,Saint Peter's,MAAC,2612,Saint Peter's Peacocks,Saint Peter's,Peacocks,SPU,Metro Atlantic Athletic Conference,13,exact
2020-21,505835,Sam Houston,Southland,2534,Sam Houston Bearkats,Sam Houston,Bearkats,SHSU,Western Athletic Conference,30,exact
2020-21,505836,Samford,SoCon,2535,Samford Bulldogs,Samford,Bulldogs,SAM,Southern Conference,24,exact
2020-21,505838,San Diego,WCC,301,San Diego Toreros,San Diego,Toreros,USD,West Coast Conference,29,exact
2020-21,505837,San Diego St.,MWC,21,San Diego State Aztecs,San Diego State,Aztecs,SDSU,Mountain West Conference,44,exact
2020-21,505839,San Francisco,WCC,2539,San Francisco Dons,San Francisco,Dons,SF,West Coast Conference,29,exact
2020-21,505840,San Jose St.,MWC,23,San José State Spartans,San José State,Spartans,SJSU,Mountain West Conference,44,dict
2020-21,505470,Santa Clara,WCC,2541,Santa Clara Broncos,Santa Clara,Broncos,SCU,West Coast Conference,29,exact
2020-21,505556,Seattle U,WAC,2547,Seattle U Redhawks,Seattle U,Redhawks,SEA,Western Athletic Conference,30,exact
2020-21,505471,Seton Hall,Big East,2550,Seton Hall Pirates,Seton Hall,Pirates,HALL,Big East Conference,4,exact
2020-21,505472,Siena,MAAC,2561,Siena Saints,Siena,Saints,SIE,Metro Atlantic Athletic Conference,13,exact
2020-21,505473,South Alabama,Sun Belt,6,South Alabama Jaguars,South Alabama,Jaguars,USA,Sun Belt Conference,27,exact
2020-21,505475,South Carolina,SEC,2579,South Carolina Gamecocks,South Carolina,Gamecocks,SC,Southeastern Conference,23,exact
2020-21,505474,South Carolina St.,MEAC,2569,South Carolina State Bulldogs,South Carolina State,Bulldogs,SCST,Mid-Eastern Athletic Conference,16,exact
2020-21,505477,South Dakota,Summit League,233,South Dakota Coyotes,South Dakota,Coyotes,SDAK,Summit League,49,exact
2020-21,505476,South Dakota St.,Summit League,2571,South Dakota State Jackrabbits,South Dakota State,Jackrabbits,SDST,Summit League,49,exact
2020-21,505478,South Fla.,AAC,58,South Florida Bulls,South Florida,Bulls,USF,American Athletic Conference,62,exact
2020-21,505479,Southeast Mo. St.,OVC,2546,Southeast Missouri State Redhawks,Southeast Missouri State,Redhawks,SEMO,Ohio Valley Conference,20,exact
2020-21,505480,Southeastern La.,Southland,2545,SE Louisiana Lions,SE Louisiana,Lions,SELA,Southland Conference,25,dict
2020-21,505481,Southern California,Pac-12,30,USC Trojans,USC,Trojans,USC,Pac-12 Conference,21,dict
2020-21,505482,Southern Ill.,MVC,79,Southern Illinois Salukis,Southern Illinois,Salukis,SIU,Missouri Valley Conference,18,exact
2020-21,505485,Southern Miss.,C-USA,2572,Southern Miss Golden Eagles,Southern Miss,Golden Eagles,USM,Sun Belt Conference,27,dict
2020-21,505486,Southern U.,SWAC,2582,Southern Jaguars,Southern,Jaguars,SOU,Southwestern Athletic Conference,26,dict
2020-21,505487,Southern Utah,Big Sky,253,Southern Utah Thunderbirds,Southern Utah,Thunderbirds,SUU,Western Athletic Conference,30,exact
2020-21,505807,St. Bonaventure,Atlantic 10,179,St. Bonaventure Bonnies,St. Bonaventure,Bonnies,SBU,Atlantic 10 Conference,3,exact
2020-21,505808,St. Francis Brooklyn,NEC,2597,St. Francis Brooklyn Terriers,St. Francis Brooklyn,Terriers,SFNY,Northeast Conference,19,exact
2020-21,505830,St. John's (NY),Big East,2599,St. John's Red Storm,St. John's,Red Storm,SJU,Big East Conference,4,dict
2020-21,505491,Stanford,Pac-12,24,Stanford Cardinal,Stanford,Cardinal,STAN,Pac-12 Conference,21,exact
2020-21,505493,Stetson,ASUN,56,Stetson Hatters,Stetson,Hatters,STET,ASUN Conference,46,exact
2020-21,505494,Stony Brook,America East,2619,Stony Brook Seawolves,Stony Brook,Seawolves,STBK,Colonial Athletic Association,10,exact
2020-21,505495,Syracuse,ACC,183,Syracuse Orange,Syracuse,Orange,SYR,Atlantic Coast Conference,2,exact
2020-21,505503,TCU,Big 12,2628,TCU Horned Frogs,TCU,Horned Frogs,TCU,Big 12 Conference,8,exact
2020-21,506541,Tarleton St.,WAC,2627,Tarleton State Texans,Tarleton State,Texans,TAR,Western Athletic Conference,30,exact
2020-21,505496,Temple,AAC,218,Temple Owls,Temple,Owls,TEM,American Athletic Conference,62,exact
2020-21,505500,Tennessee,SEC,2633,Tennessee Volunteers,Tennessee,Volunteers,TENN,Southeastern Conference,23,exact
2020-21,505497,Tennessee St.,OVC,2634,Tennessee State Tigers,Tennessee State,Tigers,TNST,Ohio Valley Conference,20,exact
2020-21,505498,Tennessee Tech,OVC,2635,Tennessee Tech Golden Eagles,Tennessee Tech,Golden Eagles,TNTC,Ohio Valley Conference,20,exact
2020-21,505507,Texas,Big 12,251,Texas Longhorns,Texas,Longhorns,TEX,Big 12 Conference,8,exact
2020-21,505502,Texas A&M,SEC,245,Texas A&M Aggies,Texas A&M,Aggies,TA&M,Southeastern Conference,23,exact
2020-21,505504,Texas Southern,SWAC,2640,Texas Southern Tigers,Texas Southern,Tigers,TXSO,Southwestern Athletic Conference,26,exact
2020-21,505489,Texas St.,Sun Belt,326,Texas State Bobcats,Texas State,Bobcats,TXST,Sun Belt Conference,27,exact
2020-21,505505,Texas Tech,Big 12,2641,Texas Tech Red Raiders,Texas Tech,Red Raiders,TTU,Big 12 Conference,8,exact
2020-21,505624,The Citadel,SoCon,2643,The Citadel Bulldogs,The Citadel,Bulldogs,CIT,Southern Conference,24,exact
2020-21,505510,Toledo,MAC,2649,Toledo Rockets,Toledo,Rockets,TOL,Mid-American Conference,14,exact
2020-21,505511,Towson,CAA,119,Towson Tigers,Towson,Tigers,TOW,Colonial Athletic Association,10,exact
2020-21,505512,Troy,Sun Belt,2653,Troy Trojans,Troy,Trojans,TROY,Sun Belt Conference,27,exact
2020-21,505513,Tulane,AAC,2655,Tulane Green Wave,Tulane,Green Wave,TULN,American Athletic Conference,62,exact
2020-21,505514,Tulsa,AAC,202,Tulsa Golden Hurricane,Tulsa,Golden Hurricane,TLSA,American Athletic Conference,62,exact
2020-21,505576,UAB,C-USA,5,UAB Blazers,UAB,Blazers,UAB,Conference USA,11,exact
2020-21,505577,UAlbany,America East,399,UAlbany Great Danes,UAlbany,Great Danes,UALB,America East Conference,1,exact
2020-21,505613,UC Davis,Big West,302,UC Davis Aggies,UC Davis,Aggies,UCD,Big West Conference,9,exact
2020-21,505614,UC Irvine,Big West,300,UC Irvine Anteaters,UC Irvine,Anteaters,UCI,Big West Conference,9,exact
2020-21,505616,UC Riverside,Big West,27,UC Riverside Highlanders,UC Riverside,Highlanders,UCR,Big West Conference,9,exact
2020-21,505932,UC San Diego,Big West,28,UC San Diego Tritons,UC San Diego,Tritons,UCSD,Big West Conference,9,exact
2020-21,505611,UC Santa Barbara,Big West,2540,UC Santa Barbara Gauchos,UC Santa Barbara,Gauchos,UCSB,Big West Conference,9,exact
2020-21,505620,UCF,AAC,2116,UCF Knights,UCF,Knights,UCF,American Athletic Conference,62,exact
2020-21,505615,UCLA,Pac-12,26,UCLA Bruins,UCLA,Bruins,UCLA,Pac-12 Conference,21,exact
2020-21,505632,UConn,AAC,41,UConn Huskies,UConn,Huskies,CONN,Big East Conference,4,exact
2020-21,505686,UIC,Horizon,82,UIC Flames,UIC,Flames,UIC,Missouri Valley Conference,18,exact
2020-21,505561,UIW,Southland,2916,Incarnate Word Cardinals,Incarnate Word,Cardinals,UIW,Southland Conference,25,exact
2020-21,505767,ULM,Sun Belt,2433,UL Monroe Warhawks,UL Monroe,Warhawks,ULM,Sun Belt Conference,27,exact
2020-21,505720,UMBC,America East,2378,UMBC Retrievers,UMBC,Retrievers,UMBC,America East Conference,1,exact
2020-21,505722,UMES,MEAC,2379,Maryland Eastern Shore Hawks,Maryland Eastern Shore,Hawks,UMES,Mid-Eastern Athletic Conference,16,exact
2020-21,505711,UMass Lowell,America East,2349,UMass Lowell River Hawks,UMass Lowell,River Hawks,UML,America East Conference,1,exact
2020-21,505744,UNC Asheville,Big South,2427,UNC Asheville Bulldogs,UNC Asheville,Bulldogs,UNCA,Big South Conference,6,exact
2020-21,505747,UNC Greensboro,SoCon,2430,UNC Greensboro Spartans,UNC Greensboro,Spartans,UNCG,Southern Conference,24,exact
2020-21,505748,UNCW,CAA,350,UNC Wilmington Seahawks,UNC Wilmington,Seahawks,UNCW,Colonial Athletic Association,10,exact
2020-21,505772,UNI,MVC,2460,Northern Iowa Panthers,Northern Iowa,Panthers,UNI,Missouri Valley Conference,18,exact
2020-21,505751,UNLV,MWC,2439,UNLV Rebels,UNLV,Rebels,UNLV,Mountain West Conference,44,exact
2020-21,505563,USC Upstate,Big South,2908,South Carolina Upstate Spartans,South Carolina Upstate,Spartans,UPST,Big South Conference,6,dict
2020-21,505506,UT Arlington,Sun Belt,250,UT Arlington Mavericks,UT Arlington,Mavericks,UTA,Western Athletic Conference,30,exact
2020-21,505501,UT Martin,OVC,2630,UT Martin Skyhawks,UT Martin,Skyhawks,UTM,Ohio Valley Conference,20,exact
2020-21,505508,UTEP,C-USA,2638,UTEP Miners,UTEP,Miners,UTEP,Conference USA,11,exact
2020-21,505787,UTRGV,WAC,292,UT Rio Grande Valley Vaqueros,UT Rio Grande Valley,Vaqueros,RGV,Western Athletic Conference,30,dict
2020-21,505509,UTSA,C-USA,2636,UTSA Roadrunners,UTSA,Roadrunners,UTSA,Conference USA,11,exact
2020-21,505519,Utah,Pac-12,254,Utah Utes,Utah,Utes,UTAH,Pac-12 Conference,21,exact
2020-21,505518,Utah St.,MWC,328,Utah State Aggies,Utah State,Aggies,USU,Mountain West Conference,44,exact
2020-21,506427,Utah Tech,WAC,3101,Utah Tech Trailblazers,Utah Tech,Trailblazers,UTU,Western Athletic Conference,30,exact
2020-21,505569,Utah Valley,WAC,3084,Utah Valley Wolverines,Utah Valley,Wolverines,UVU,Western Athletic Conference,30,exact
2020-21,505524,VCU,Atlantic 10,2670,VCU Rams,VCU,Rams,VCU,Atlantic 10 Conference,3,exact
2020-21,505525,VMI,SoCon,2678,VMI Keydets,VMI,Keydets,VMI,Southern Conference,24,exact
2020-21,505520,Valparaiso,MVC,2674,Valparaiso Beacons,Valparaiso,Beacons,VAL,Missouri Valley Conference,18,exact
2020-21,505521,Vanderbilt,SEC,238,Vanderbilt Commodores,Vanderbilt,Commodores,VAN,Southeastern Conference,23,exact
2020-21,505522,Vermont,America East,261,Vermont Catamounts,Vermont,Catamounts,UVM,America East Conference,1,exact
2020-21,505523,Villanova,Big East,222,Villanova Wildcats,Villanova,Wildcats,VILL,Big East Conference,4,exact
2020-21,505527,Virginia,ACC,258,Virginia Cavaliers,Virginia,Cavaliers,UVA,Atlantic Coast Conference,2,exact
2020-21,505526,Virginia Tech,ACC,259,Virginia Tech Hokies,Virginia Tech,Hokies,VT,Atlantic Coast Conference,2,exact
2020-21,505528,Wagner,NEC,2681,Wagner Seahawks,Wagner,Seahawks,WAG,Northeast Conference,19,exact
2020-21,505529,Wake Forest,ACC,154,Wake Forest Demon Deacons,Wake Forest,Demon Deacons,WAKE,Atlantic Coast Conference,2,exact
2020-21,505531,Washington,Pac-12,264,Washington Huskies,Washington,Huskies,WASH,Pac-12 Conference,21,exact
2020-21,505530,Washington St.,Pac-12,265,Washington State Cougars,Washington State,Cougars,WSU,Pac-12 Conference,21,exact
2020-21,505532,Weber St.,Big Sky,2692,Weber State Wildcats,Weber State,Wildcats,WEB,Big Sky Conference,5,exact
2020-21,505533,West Virginia,Big 12,277,West Virginia Mountaineers,West Virginia,Mountaineers,WVU,Big 12 Conference,8,exact
2020-21,505534,Western Caro.,SoCon,2717,Western Carolina Catamounts,Western Carolina,Catamounts,WCU,Southern Conference,24,exact
2020-21,505535,Western Ill.,Summit League,2710,Western Illinois Leathernecks,Western Illinois,Leathernecks,WIU,Summit League,49,exact
2020-21,505536,Western Ky.,C-USA,98,Western Kentucky Hilltoppers,Western Kentucky,Hilltoppers,WKU,Conference USA,11,exact
2020-21,505537,Western Mich.,MAC,2711,Western Michigan Broncos,Western Michigan,Broncos,WMU,Mid-American Conference,14,exact
2020-21,505538,Wichita St.,AAC,2724,Wichita State Shockers,Wichita State,Shockers,WICH,American Athletic Conference,62,exact
2020-21,505539,William & Mary,CAA,2729,William & Mary Tribe,William & Mary,Tribe,W&M,Colonial Athletic Association,10,exact
2020-21,505540,Winthrop,Big South,2737,Winthrop Eagles,Winthrop,Eagles,WIN,Big South Conference,6,exact
2020-21,505542,Wisconsin,Big Ten,275,Wisconsin Badgers,Wisconsin,Badgers,WIS,Big Ten Conference,7,exact
2020-21,505562,Wofford,SoCon,2747,Wofford Terriers,Wofford,Terriers,WOF,Southern Conference,24,exact
2020-21,505544,Wright St.,Horizon,2750,Wright State Raiders,Wright State,Raiders,WRST,Horizon League,45,exact
2020-21,505545,Wyoming,MWC,2751,Wyoming Cowboys,Wyoming,Cowboys,WYO,Mountain West Conference,44,exact
2020-21,505546,Xavier,Big East,2752,Xavier Musketeers,Xavier,Musketeers,XAV,Big East Conference,4,exact
2020-21,505547,Yale,Ivy League,43,Yale Bulldogs,Yale,Bulldogs,YALE,Ivy League,12,exact
2020-21,505548,Youngstown St.,Horizon,2754,Youngstown State Penguins,Youngstown State,Penguins,YSU,Horizon League,45,exact
2021-22,527481,A&M-Corpus Christi,Southland,357,Texas A&M-Corpus Christi Islanders,Texas A&M-Corpus Christi,Islanders,AMCC,Southland Conference,25,dict
2021-22,527486,Abilene Christian,WAC,2000,Abilene Christian Wildcats,Abilene Christian,Wildcats,ACU,Western Athletic Conference,30,exact
2021-22,527430,Air Force,MWC,2005,Air Force Falcons,Air Force,Falcons,AF,Mountain West Conference,44,exact
2021-22,527487,Akron,MAC,2006,Akron Zips,Akron,Zips,AKR,Mid-American Conference,14,exact
2021-22,527490,Alabama,SEC,333,Alabama Crimson Tide,Alabama,Crimson Tide,ALA,Southeastern Conference,23,exact
2021-22,527488,Alabama A&M,SWAC,2010,Alabama A&M Bulldogs,Alabama A&M,Bulldogs,AAMU,Southwestern Athletic Conference,26,exact
2021-22,527489,Alabama St.,SWAC,2011,Alabama State Hornets,Alabama State,Hornets,ALST,Southwestern Athletic Conference,26,exact
2021-22,527493,Alcorn,SWAC,2016,Alcorn State Braves,Alcorn State,Braves,ALCN,Southwestern Athletic Conference,26,dict
2021-22,527494,American,Patriot,44,American University Eagles,American University,Eagles,AMER,Patriot League,22,exact
2021-22,527495,App State,Sun Belt,2026,App State Mountaineers,App State,Mountaineers,APP,Sun Belt Conference,27,exact
2021-22,527497,Arizona,Pac-12,12,Arizona Wildcats,Arizona,Wildcats,ARIZ,Pac-12 Conference,21,exact
2021-22,527496,Arizona St.,Pac-12,9,Arizona State Sun Devils,Arizona State,Sun Devils,ASU,Pac-12 Conference,21,exact
2021-22,527472,Ark.-Pine Bluff,SWAC,2029,Arkansas-Pine Bluff Golden Lions,Arkansas-Pine Bluff,Golden Lions,UAPB,Southwestern Athletic Conference,26,dict
2021-22,527499,Arkansas,SEC,8,Arkansas Razorbacks,Arkansas,Razorbacks,ARK,Southeastern Conference,23,exact
2021-22,527498,Arkansas St.,Sun Belt,2032,Arkansas State Red Wolves,Arkansas State,Red Wolves,ARST,Sun Belt Conference,27,exact
2021-22,527431,Army West Point,Patriot,349,Army Black Knights,Army,Black Knights,ARMY,Patriot League,22,dict
2021-22,527501,Auburn,SEC,2,Auburn Tigers,Auburn,Tigers,AUB,Southeastern Conference,23,exact
2021-22,527502,Austin Peay,OVC,2046,Austin Peay Governors,Austin Peay,Governors,APSU,ASUN Conference,46,exact
2021-22,527513,BYU,WCC,252,BYU Cougars,BYU,Cougars,BYU,West Coast Conference,29,exact
2021-22,527503,Ball St.,MAC,2050,Ball State Cardinals,Ball State,Cardinals,BALL,Mid-American Conference,14,exact
2021-22,527505,Baylor,Big 12,239,Baylor Bears,Baylor,Bears,BAY,Big 12 Conference,8,exact
2021-22,527738,Bellarmine,ASUN,91,Bellarmine Knights,Bellarmine,Knights,BELL,ASUN Conference,46,exact
2021-22,527479,Belmont,OVC,2057,Belmont Bruins,Belmont,Bruins,BEL,Missouri Valley Conference,18,exact
2021-22,527506,Bethune-Cookman,SWAC,2065,Bethune-Cookman Wildcats,Bethune-Cookman,Wildcats,BCU,Southwestern Athletic Conference,26,exact
2021-22,527507,Binghamton,America East,2066,Binghamton Bearcats,Binghamton,Bearcats,BING,America East Conference,1,exact
2021-22,527508,Boise St.,MWC,68,Boise State Broncos,Boise State,Broncos,BOIS,Mountain West Conference,44,exact
2021-22,527509,Boston College,ACC,103,Boston College Eagles,Boston College,Eagles,BC,Atlantic Coast Conference,2,exact
2021-22,527510,Boston U.,Patriot,104,Boston University Terriers,Boston University,Terriers,BU,Patriot League,22,exact
2021-22,527511,Bowling Green,MAC,189,Bowling Green Falcons,Bowling Green,Falcons,BGSU,Mid-American Conference,14,exact
2021-22,527512,Bradley,MVC,71,Bradley Braves,Bradley,Braves,BRAD,Missouri Valley Conference,18,exact
2021-22,527514,Brown,Ivy League,225,Brown Bears,Brown,Bears,BRWN,Ivy League,12,exact
2021-22,527515,Bryant,NEC,2803,Bryant Bulldogs,Bryant,Bulldogs,BRY,America East Conference,1,exact
2021-22,527516,Bucknell,Patriot,2083,Bucknell Bison,Bucknell,Bison,BUCK,Patriot League,22,exact
2021-22,527517,Buffalo,MAC,2084,Buffalo Bulls,Buffalo,Bulls,BUF,Mid-American Conference,14,exact
2021-22,527518,Butler,Big East,2086,Butler Bulldogs,Butler,Bulldogs,BTLR,Big East Conference,4,exact
2021-22,527520,CSU Bakersfield,WAC,2934,Cal State Bakersfield Roadrunners,Cal State Bakersfield,Roadrunners,CSUB,Big West Conference,9,alias
2021-22,527524,CSUN,Big West,2463,Cal State Northridge Matadors,Cal State Northridge,Matadors,CSUN,Big West Conference,9,exact
2021-22,527519,Cal Poly,Big West,13,Cal Poly Mustangs,Cal Poly,Mustangs,CP,Big West Conference,9,exact
2021-22,527522,Cal St. Fullerton,Big West,2239,Cal State Fullerton Titans,Cal State Fullerton,Titans,CSUF,Big West Conference,9,exact
2021-22,527527,California,Pac-12,25,California Golden Bears,California,Golden Bears,CAL,Pac-12 Conference,21,exact
2021-22,527736,California Baptist,WAC,2856,California Baptist Lancers,California Baptist,Lancers,CBU,Western Athletic Conference,30,exact
2021-22,527532,Campbell,Big South,2097,Campbell Fighting Camels,Campbell,Fighting Camels,CAM,Big South Conference,6,exact
2021-22,527533,Canisius,MAAC,2099,Canisius Golden Griffins,Canisius,Golden Griffins,CAN,Metro Atlantic Athletic Conference,13,exact
2021-22,527464,Central Ark.,ASUN,2110,Central Arkansas Bears,Central Arkansas,Bears,CARK,ASUN Conference,46,exact
2021-22,527534,Central Conn. St.,NEC,2115,Central Connecticut Blue Devils,Central Connecticut,Blue Devils,CCSU,Northeast Conference,19,dict
2021-22,527536,Central Mich.,MAC,2117,Central Michigan Chippewas,Central Michigan,Chippewas,CMU,Mid-American Conference,14,exact
2021-22,527504,Charleston So.,Big South,2127,Charleston Southern Buccaneers,Charleston Southern,Buccaneers,CHSO,Big South Conference,6,exact
2021-22,527661,Charlotte,C-USA,2429,Charlotte 49ers,Charlotte,49ers,CLT,Conference USA,11,exact
2021-22,527414,Chattanooga,SoCon,236,Chattanooga Mocs,Chattanooga,Mocs,UTC,Southern Conference,24,exact
2021-22,527537,Chicago St.,WAC,2130,Chicago State Cougars,Chicago State,Cougars,CHST,Division I Independents,43,exact
2021-22,527538,Cincinnati,AAC,2132,Cincinnati Bearcats,Cincinnati,Bearcats,CIN,American Athletic Conference,62,exact
2021-22,527540,Clemson,ACC,228,Clemson Tigers,Clemson,Tigers,CLEM,Atlantic Coast Conference,2,exact
2021-22,527541,Cleveland St.,Horizon,325,Cleveland State Vikings,Cleveland State,Vikings,CLE,Horizon League,45,exact
2021-22,527542,Coastal Carolina,Sun Belt,324,Coastal Carolina Chanticleers,Coastal Carolina,Chanticleers,CCU,Sun Belt Conference,27,exact
2021-22,527465,Col. of Charleston,CAA,232,Charleston Cougars,Charleston,Cougars,COFC,Colonial Athletic Association,10,dict
2021-22,527543,Colgate,Patriot,2142,Colgate Raiders,Colgate,Raiders,COLG,Patriot League,22,exact
2021-22,527545,Colorado,Pac-12,38,Colorado Buffaloes,Colorado,Buffaloes,COLO,Pac-12 Conference,21,exact
2021-22,527544,Colorado St.,MWC,36,Colorado State Rams,Colorado State,Rams,CSU,Mountain West Conference,44,exact
2021-22,527546,Columbia,Ivy League,171,Columbia Lions,Columbia,Lions,COLU,Ivy League,12,exact
2021-22,527548,Coppin St.,MEAC,2154,Coppin State Eagles,Coppin State,Eagles,COPP,Mid-Eastern Athletic Conference,16,exact
2021-22,527549,Cornell,Ivy League,172,Cornell Big Red,Cornell,Big Red,COR,Ivy League,12,exact
2021-22,527550,Creighton,Big East,156,Creighton Bluejays,Creighton,Bluejays,CREI,Big East Conference,4,exact
2021-22,527551,Dartmouth,Ivy League,159,Dartmouth Big Green,Dartmouth,Big Green,DART,Ivy League,12,exact
2021-22,527552,Davidson,Atlantic 10,2166,Davidson Wildcats,Davidson,Wildcats,DAV,Atlantic 10 Conference,3,exact
2021-22,527553,Dayton,Atlantic 10,2168,Dayton Flyers,Dayton,Flyers,DAY,Atlantic 10 Conference,3,exact
2021-22,527554,DePaul,Big East,305,DePaul Blue Demons,DePaul,Blue Demons,DEP,Big East Conference,4,exact
2021-22,527556,Delaware,CAA,48,Delaware Blue Hens,Delaware,Blue Hens,DEL,Colonial Athletic Association,10,exact
2021-22,527555,Delaware St.,MEAC,2169,Delaware State Hornets,Delaware State,Hornets,DSU,Mid-Eastern Athletic Conference,16,exact
2021-22,527557,Denver,Summit League,2172,Denver Pioneers,Denver,Pioneers,DEN,Summit League,49,exact
2021-22,527558,Detroit Mercy,Horizon,2174,Detroit Mercy Titans,Detroit Mercy,Titans,DETM,Horizon League,45,exact
2021-22,527559,Drake,MVC,2181,Drake Bulldogs,Drake,Bulldogs,DRKE,Missouri Valley Conference,18,exact
2021-22,527560,Drexel,CAA,2182,Drexel Dragons,Drexel,Dragons,DREX,Colonial Athletic Association,10,exact
2021-22,527561,Duke,ACC,150,Duke Blue Devils,Duke,Blue Devils,DUKE,Atlantic Coast Conference,2,exact
2021-22,527562,Duquesne,Atlantic 10,2184,Duquesne Dukes,Duquesne,Dukes,DUQ,Atlantic 10 Conference,3,exact
2021-22,527564,ETSU,SoCon,2193,East Tennessee State Buccaneers,East Tennessee State,Buccaneers,ETSU,Southern Conference,24,exact
2021-22,527563,East Carolina,AAC,151,East Carolina Pirates,East Carolina,Pirates,ECU,American Athletic Conference,62,exact
2021-22,527565,Eastern Ill.,OVC,2197,Eastern Illinois Panthers,Eastern Illinois,Panthers,EIU,Ohio Valley Conference,20,exact
2021-22,527566,Eastern Ky.,ASUN,2198,Eastern Kentucky Colonels,Eastern Kentucky,Colonels,EKU,ASUN Conference,46,exact
2021-22,527567,Eastern Mich.,MAC,2199,Eastern Michigan Eagles,Eastern Michigan,Eagles,EMU,Mid-American Conference,14,exact
2021-22,527568,Eastern Wash.,Big Sky,331,Eastern Washington Eagles,Eastern Washington,Eagles,EWU,Big Sky Conference,5,exact
2021-22,527466,Elon,CAA,2210,Elon Phoenix,Elon,Phoenix,ELON,Colonial Athletic Association,10,exact
2021-22,527569,Evansville,MVC,339,Evansville Purple Aces,Evansville,Purple Aces,EVAN,Missouri Valley Conference,18,exact
2021-22,527483,FGCU,ASUN,526,Florida Gulf Coast Eagles,Florida Gulf Coast,Eagles,FGCU,ASUN Conference,46,exact
2021-22,527574,FIU,C-USA,2229,Florida International Panthers,Florida International,Panthers,FIU,Conference USA,11,exact
2021-22,527570,Fairfield,MAAC,2217,Fairfield Stags,Fairfield,Stags,FAIR,Metro Atlantic Athletic Conference,13,exact
2021-22,527571,Fairleigh Dickinson,NEC,161,Fairleigh Dickinson Knights,Fairleigh Dickinson,Knights,FDU,Northeast Conference,19,exact
2021-22,527573,Fla. Atlantic,C-USA,2226,Florida Atlantic Owls,Florida Atlantic,Owls,FAU,Conference USA,11,exact
2021-22,527576,Florida,SEC,57,Florida Gators,Florida,Gators,FLA,Southeastern Conference,23,exact
2021-22,527572,Florida A&M,SWAC,50,Florida A&M Rattlers,Florida A&M,Rattlers,FAMU,Southwestern Athletic Conference,26,exact
2021-22,527575,Florida St.,ACC,52,Florida State Seminoles,Florida State,Seminoles,FSU,Atlantic Coast Conference,2,exact
2021-22,527577,Fordham,Atlantic 10,2230,Fordham Rams,Fordham,Rams,FOR,Atlantic 10 Conference,3,exact
2021-22,527521,Fresno St.,MWC,278,Fresno State Bulldogs,Fresno State,Bulldogs,FRES,Mountain West Conference,44,exact
2021-22,527578,Furman,SoCon,231,Furman Paladins,Furman,Paladins,FUR,Southern Conference,24,exact
2021-22,527582,Ga. Southern,Sun Belt,290,Georgia Southern Eagles,Georgia Southern,Eagles,GASO,Sun Belt Conference,27,exact
2021-22,527467,Gardner-Webb,Big South,2241,Gardner-Webb Runnin' Bulldogs,Gardner-Webb,Runnin' Bulldogs,GWEB,Big South Conference,6,exact
2021-22,527579,George Mason,Atlantic 10,2244,George Mason Patriots,George Mason,Patriots,GMU,Atlantic 10 Conference,3,exact
2021-22,527580,George Washington,Atlantic 10,45,George Washington Revolutionaries,George Washington,Revolutionaries,GW,Atlantic 10 Conference,3,exact
2021-22,527581,Georgetown,Big East,46,Georgetown Hoyas,Georgetown,Hoyas,GTWN,Big East Conference,4,exact
2021-22,527585,Georgia,SEC,61,Georgia Bulldogs,Georgia,Bulldogs,UGA,Southeastern Conference,23,exact
2021-22,527583,Georgia St.,Sun Belt,2247,Georgia State Panthers,Georgia State,Panthers,GAST,Sun Belt Conference,27,exact
2021-22,527584,Georgia Tech,ACC,59,Georgia Tech Yellow Jackets,Georgia Tech,Yellow Jackets,GT,Atlantic Coast Conference,2,exact
2021-22,527586,Gonzaga,WCC,2250,Gonzaga Bulldogs,Gonzaga,Bulldogs,GONZ,West Coast Conference,29,exact
2021-22,527587,Grambling,SWAC,2755,Grambling Tigers,Grambling,Tigers,GRAM,Southwestern Athletic Conference,26,exact
2021-22,527468,Grand Canyon,WAC,2253,Grand Canyon Lopes,Grand Canyon,Lopes,GCU,Western Athletic Conference,30,exact
2021-22,527456,Green Bay,Horizon,2739,Green Bay Phoenix,Green Bay,Phoenix,GB,Horizon League,45,exact
2021-22,527588,Hampton,Big South,2261,Hampton Pirates,Hampton,Pirates,HAMP,Colonial Athletic Association,10,exact
2021-22,527589,Hartford,America East,42,Hartford Hawks,Hartford,Hawks,HART,Division I Independents,43,exact
2021-22,527590,Harvard,Ivy League,108,Harvard Crimson,Harvard,Crimson,HARV,Ivy League,12,exact
2021-22,527591,Hawaii,Big West,62,Hawai'i Rainbow Warriors,Hawai'i,Rainbow Warriors,HAW,Big West Conference,9,dict
2021-22,527480,High Point,Big South,2272,High Point Panthers,High Point,Panthers,HPU,Big South Conference,6,exact
2021-22,527592,Hofstra,CAA,2275,Hofstra Pride,Hofstra,Pride,HOF,Colonial Athletic Association,10,exact
2021-22,527593,Holy Cross,Patriot,107,Holy Cross Crusaders,Holy Cross,Crusaders,HC,Patriot League,22,exact
2021-22,527595,Houston,AAC,248,Houston Cougars,Houston,Cougars,HOU,American Athletic Conference,62,exact
2021-22,527594,Houston Christian,Southland,2277,Houston Christian Huskies,Houston Christian,Huskies,HCU,Southland Conference,25,exact
2021-22,527596,Howard,MEAC,47,Howard Bison,Howard,Bison,HOW,Mid-Eastern Athletic Conference,16,exact
2021-22,527473,IUPUI,Horizon,85,IU Indianapolis Jaguars,IU Indianapolis,Jaguars,IUIN,Horizon League,45,alias
2021-22,527598,Idaho,Big Sky,70,Idaho Vandals,Idaho,Vandals,IDHO,Big Sky Conference,5,exact
2021-22,527597,Idaho St.,Big Sky,304,Idaho State Bengals,Idaho State,Bengals,IDST,Big Sky Conference,5,exact
2021-22,527600,Illinois,Big Ten,356,Illinois Fighting Illini,Illinois,Fighting Illini,ILL,Big Ten Conference,7,exact
2021-22,527599,Illinois St.,MVC,2287,Illinois State Redbirds,Illinois State,Redbirds,ILST,Missouri Valley Conference,18,exact
2021-22,527603,Indiana,Big Ten,84,Indiana Hoosiers,Indiana,Hoosiers,IU,Big Ten Conference,7,exact
2021-22,527602,Indiana St.,MVC,282,Indiana State Sycamores,Indiana State,Sycamores,INST,Missouri Valley Conference,18,exact
2021-22,527605,Iona,MAAC,314,Iona Gaels,Iona,Gaels,IONA,Metro Atlantic Athletic Conference,13,exact
2021-22,527607,Iowa,Big Ten,2294,Iowa Hawkeyes,Iowa,Hawkeyes,IOWA,Big Ten Conference,7,exact
2021-22,527606,Iowa St.,Big 12,66,Iowa State Cyclones,Iowa State,Cyclones,ISU,Big 12 Conference,8,exact
2021-22,527608,Jackson St.,SWAC,2296,Jackson State Tigers,Jackson State,Tigers,JKST,Southwestern Athletic Conference,26,exact
2021-22,527610,Jacksonville,ASUN,294,Jacksonville Dolphins,Jacksonville,Dolphins,JAX,ASUN Conference,46,exact
2021-22,527609,Jacksonville St.,ASUN,55,Jacksonville State Gamecocks,Jacksonville State,Gamecocks,JXST,ASUN Conference,46,exact
2021-22,527611,James Madison,CAA,256,James Madison Dukes,James Madison,Dukes,JMU,Sun Belt Conference,27,exact
2021-22,527613,Kansas,Big 12,2305,Kansas Jayhawks,Kansas,Jayhawks,KU,Big 12 Conference,8,exact
2021-22,527474,Kansas City,WAC,140,Kansas City Roos,Kansas City,Roos,KC,Summit League,49,exact
2021-22,527612,Kansas St.,Big 12,2306,Kansas State Wildcats,Kansas State,Wildcats,KSU,Big 12 Conference,8,exact
2021-22,527469,Kennesaw St.,ASUN,338,Kennesaw State Owls,Kennesaw State,Owls,KENN,ASUN Conference,46,exact
2021-22,527614,Kent St.,MAC,2309,Kent State Golden Flashes,Kent State,Golden Flashes,KENT,Mid-American Conference,14,exact
2021-22,527615,Kentucky,SEC,96,Kentucky Wildcats,Kentucky,Wildcats,UK,Southeastern Conference,23,exact
2021-22,527621,LIU,NEC,112358,Long Island University Sharks,Long Island University,Sharks,LIU,Northeast Conference,19,exact
2021-22,527628,LMU (CA),WCC,2351,Loyola Marymount Lions,Loyola Marymount,Lions,LMU,West Coast Conference,29,dict
2021-22,527623,LSU,SEC,99,LSU Tigers,LSU,Tigers,LSU,Southeastern Conference,23,exact
2021-22,527616,La Salle,Atlantic 10,2325,La Salle Explorers,La Salle,Explorers,LAS,Atlantic 10 Conference,3,exact
2021-22,527617,Lafayette,Patriot,322,Lafayette Leopards,Lafayette,Leopards,LAF,Patriot League,22,exact
2021-22,527618,Lamar University,WAC,2320,Lamar Cardinals,Lamar,Cardinals,LAM,Southland Conference,25,dict
2021-22,527619,Lehigh,Patriot,2329,Lehigh Mountain Hawks,Lehigh,Mountain Hawks,LEH,Patriot League,22,exact
2021-22,527620,Liberty,ASUN,2335,Liberty Flames,Liberty,Flames,LIB,ASUN Conference,46,exact
2021-22,527482,Lipscomb,ASUN,288,Lipscomb Bisons,Lipscomb,Bisons,LIP,ASUN Conference,46,exact
2021-22,527500,Little Rock,Sun Belt,2031,Little Rock Trojans,Little Rock,Trojans,LR,Ohio Valley Conference,20,exact
2021-22,527523,Long Beach St.,Big West,299,Long Beach State Beach,Long Beach State,Beach,LBSU,Big West Conference,9,exact
2021-22,527622,Longwood,Big South,2344,Longwood Lancers,Longwood,Lancers,LONG,Big South Conference,6,exact
2021-22,527405,Louisiana,Sun Belt,309,Louisiana Ragin' Cajuns,Louisiana,Ragin' Cajuns,UL,Sun Belt Conference,27,exact
2021-22,527624,Louisiana Tech,C-USA,2348,Louisiana Tech Bulldogs,Louisiana Tech,Bulldogs,LT,Conference USA,11,exact
2021-22,527625,Louisville,ACC,97,Louisville Cardinals,Louisville,Cardinals,LOU,Atlantic Coast Conference,2,exact
2021-22,527629,Loyola Chicago,MVC,2350,Loyola Chicago Ramblers,Loyola Chicago,Ramblers,LUC,Atlantic 10 Conference,3,exact
2021-22,527627,Loyola Maryland,Patriot,2352,Loyola Maryland Greyhounds,Loyola Maryland,Greyhounds,L-MD,Patriot League,22,exact
2021-22,527630,Maine,America East,311,Maine Black Bears,Maine,Black Bears,ME,America East Conference,1,exact
2021-22,527631,Manhattan,MAAC,2363,Manhattan Jaspers,Manhattan,Jaspers,MAN,Metro Atlantic Athletic Conference,13,exact
2021-22,527632,Marist,MAAC,2368,Marist Red Foxes,Marist,Red Foxes,MRST,Metro Atlantic Athletic Conference,13,exact
2021-22,527633,Marquette,Big East,269,Marquette Golden Eagles,Marquette,Golden Eagles,MARQ,Big East Conference,4,exact
2021-22,527634,Marshall,C-USA,276,Marshall Thundering Herd,Marshall,Thundering Herd,MRSH,Sun Belt Conference,27,exact
2021-22,527636,Maryland,Big Ten,120,Maryland Terrapins,Maryland,Terrapins,MD,Big Ten Conference,7,exact
2021-22,527638,Massachusetts,Atlantic 10,113,Massachusetts Minutemen,Massachusetts,Minutemen,MASS,Atlantic 10 Conference,3,exact
2021-22,527639,McNeese,Southland,2377,McNeese Cowboys,McNeese,Cowboys,MCN,Southland Conference,25,exact
2021-22,527640,Memphis,AAC,235,Memphis Tigers,Memphis,Tigers,MEM,American Athletic Conference,62,exact
2021-22,527641,Mercer,SoCon,2382,Mercer Bears,Mercer,Bears,MER,Southern Conference,24,exact
2021-22,527737,Merrimack,NEC,2771,Merrimack Warriors,Merrimack,Warriors,MRMK,Northeast Conference,19,exact
2021-22,527643,Miami (FL),ACC,2390,Miami Hurricanes,Miami,Hurricanes,MIA,Atlantic Coast Conference,2,dict
2021-22,527642,Miami (OH),MAC,193,Miami (OH) RedHawks,Miami (OH),RedHawks,M-OH,Mid-American Conference,14,exact
2021-22,527645,Michigan,Big Ten,130,Michigan Wolverines,Michigan,Wolverines,MICH,Big Ten Conference,7,exact
2021-22,527644,Michigan St.,Big Ten,127,Michigan State Spartans,Michigan State,Spartans,MSU,Big Ten Conference,7,exact
2021-22,527646,Middle Tenn.,C-USA,2393,Middle Tennessee Blue Raiders,Middle Tennessee,Blue Raiders,MTSU,Conference USA,11,exact
2021-22,527458,Milwaukee,Horizon,270,Milwaukee Panthers,Milwaukee,Panthers,MILW,Horizon League,45,exact
2021-22,527647,Minnesota,Big Ten,135,Minnesota Golden Gophers,Minnesota,Golden Gophers,MINN,Big Ten Conference,7,exact
2021-22,527648,Mississippi St.,SEC,344,Mississippi State Bulldogs,Mississippi State,Bulldogs,MSST,Southeastern Conference,23,exact
2021-22,527649,Mississippi Val.,SWAC,2400,Mississippi Valley State Delta Devils,Mississippi Valley State,Delta Devils,MVSU,Southwestern Athletic Conference,26,dict
2021-22,527651,Missouri,SEC,142,Missouri Tigers,Missouri,Tigers,MIZ,Southeastern Conference,23,exact
2021-22,527403,Missouri St.,MVC,2623,Missouri State Bears,Missouri State,Bears,MOST,Missouri Valley Conference,18,exact
2021-22,527652,Monmouth,MAAC,2405,Monmouth Hawks,Monmouth,Hawks,MONM,Colonial Athletic Association,10,exact
2021-22,527654,Montana,Big Sky,149,Montana Grizzlies,Montana,Grizzlies,MONT,Big Sky Conference,5,exact
2021-22,527653,Montana St.,Big Sky,147,Montana State Bobcats,Montana State,Bobcats,MTST,Big Sky Conference,5,exact
2021-22,527655,Morehead St.,OVC,2413,Morehead State Eagles,Morehead State,Eagles,MORE,Ohio Valley Conference,20,exact
2021-22,527656,Morgan St.,MEAC,2415,Morgan State Bears,Morgan State,Bears,MORG,Mid-Eastern Athletic Conference,16,exact
2021-22,527657,Mount St. Mary's,NEC,116,Mount St. Mary's Mountaineers,Mount St. Mary's,Mountaineers,MSM,Metro Atlantic Athletic Conference,13,exact
2021-22,527658,Murray St.,OVC,93,Murray State Racers,Murray State,Racers,MUR,Missouri Valley Conference,18,exact
2021-22,527676,N.C. A&T,Big South,2448,North Carolina A&T Aggies,North Carolina A&T,Aggies,NCAT,Colonial Athletic Association,10,exact
2021-22,527677,N.C. Central,MEAC,2428,North Carolina Central Eagles,North Carolina Central,Eagles,NCCU,Mid-Eastern Athletic Conference,16,exact
2021-22,527678,NC State,ACC,152,NC State Wolfpack,NC State,Wolfpack,NCSU,Atlantic Coast Conference,2,exact
2021-22,527686,NIU,MAC,2459,Northern Illinois Huskies,Northern Illinois,Huskies,NIU,Mid-American Conference,14,exact
2021-22,527669,NJIT,ASUN,2885,NJIT Highlanders,NJIT,Highlanders,NJIT,America East Conference,1,exact
2021-22,527432,Navy,Patriot,2426,Navy Midshipmen,Navy,Midshipmen,NAVY,Patriot League,22,exact
2021-22,527664,Nebraska,Big Ten,158,Nebraska Cornhuskers,Nebraska,Cornhuskers,NEB,Big Ten Conference,7,exact
2021-22,527667,Nevada,MWC,2440,Nevada Wolf Pack,Nevada,Wolf Pack,NEV,Mountain West Conference,44,exact
2021-22,527668,New Hampshire,America East,160,New Hampshire Wildcats,New Hampshire,Wildcats,UNH,America East Conference,1,exact
2021-22,527671,New Mexico,MWC,167,New Mexico Lobos,New Mexico,Lobos,UNM,Mountain West Conference,44,exact
2021-22,527670,New Mexico St.,WAC,166,New Mexico State Aggies,New Mexico State,Aggies,NMSU,Western Athletic Conference,30,exact
2021-22,527672,New Orleans,Southland,2443,LSU New Orleans Privateers,LSU New Orleans,Privateers,NOLA,Southland Conference,25,exact
2021-22,527673,Niagara,MAAC,315,Niagara Purple Eagles,Niagara,Purple Eagles,NIA,Metro Atlantic Athletic Conference,13,exact
2021-22,527674,Nicholls,Southland,2447,Nicholls Colonels,Nicholls,Colonels,NICH,Southland Conference,25,exact
2021-22,527675,Norfolk St.,MEAC,2450,Norfolk State Spartans,Norfolk State,Spartans,NORF,Mid-Eastern Athletic Conference,16,exact
2021-22,527485,North Ala.,ASUN,2453,North Alabama Lions,North Alabama,Lions,UNA,ASUN Conference,46,exact
2021-22,527660,North Carolina,ACC,153,North Carolina Tar Heels,North Carolina,Tar Heels,UNC,Atlantic Coast Conference,2,exact
2021-22,527680,North Dakota,Summit League,155,North Dakota Fighting Hawks,North Dakota,Fighting Hawks,UND,Summit League,49,exact
2021-22,527679,North Dakota St.,Summit League,2449,North Dakota State Bison,North Dakota State,Bison,NDSU,Summit League,49,exact
2021-22,527475,North Florida,ASUN,2454,North Florida Ospreys,North Florida,Ospreys,UNF,ASUN Conference,46,exact
2021-22,527681,North Texas,C-USA,249,North Texas Mean Green,North Texas,Mean Green,UNT,Conference USA,11,exact
2021-22,527683,Northeastern,CAA,111,Northeastern Huskies,Northeastern,Huskies,NE,Colonial Athletic Association,10,exact
2021-22,527684,Northern Ariz.,Big Sky,2464,Northern Arizona Lumberjacks,Northern Arizona,Lumberjacks,NAU,Big Sky Conference,5,exact
2021-22,527685,Northern Colo.,Big Sky,2458,Northern Colorado Bears,Northern Colorado,Bears,UNCO,Big Sky Conference,5,exact
2021-22,527688,Northern Ky.,Horizon,94,Northern Kentucky Norse,Northern Kentucky,Norse,NKU,Horizon League,45,exact
2021-22,527690,Northwestern,Big Ten,77,Northwestern Wildcats,Northwestern,Wildcats,NU,Big Ten Conference,7,exact
2021-22,527689,Northwestern St.,Southland,2466,Northwestern State Demons,Northwestern State,Demons,NWST,Southland Conference,25,exact
2021-22,527691,Notre Dame,ACC,87,Notre Dame Fighting Irish,Notre Dame,Fighting Irish,ND,Atlantic Coast Conference,2,exact
2021-22,527692,Oakland,Horizon,2473,Oakland Golden Grizzlies,Oakland,Golden Grizzlies,OAK,Horizon League,45,exact
2021-22,527694,Ohio,MAC,195,Ohio Bobcats,Ohio,Bobcats,OHIO,Mid-American Conference,14,exact
2021-22,527693,Ohio St.,Big Ten,194,Ohio State Buckeyes,Ohio State,Buckeyes,OSU,Big Ten Conference,7,exact
2021-22,527696,Oklahoma,Big 12,201,Oklahoma Sooners,Oklahoma,Sooners,OU,Big 12 Conference,8,exact
2021-22,527695,Oklahoma St.,Big 12,197,Oklahoma State Cowboys,Oklahoma State,Cowboys,OKST,Big 12 Conference,8,exact
2021-22,527697,Old Dominion,C-USA,295,Old Dominion Monarchs,Old Dominion,Monarchs,ODU,Sun Belt Conference,27,exact
2021-22,527650,Ole Miss,SEC,145,Ole Miss Rebels,Ole Miss,Rebels,MISS,Southeastern Conference,23,exact
2021-22,527665,Omaha,Summit League,2437,Omaha Mavericks,Omaha,Mavericks,OMA,Summit League,49,exact
2021-22,527698,Oral Roberts,Summit League,198,Oral Roberts Golden Eagles,Oral Roberts,Golden Eagles,ORU,Summit League,49,exact
2021-22,527700,Oregon,Pac-12,2483,Oregon Ducks,Oregon,Ducks,ORE,Pac-12 Conference,21,exact
2021-22,527699,Oregon St.,Pac-12,204,Oregon State Beavers,Oregon State,Beavers,ORST,Pac-12 Conference,21,exact
2021-22,527701,Pacific,WCC,279,Pacific Tigers,Pacific,Tigers,PAC,West Coast Conference,29,exact
2021-22,527704,Penn,Ivy League,219,Pennsylvania Quakers,Pennsylvania,Quakers,PENN,Ivy League,12,exact
2021-22,527703,Penn St.,Big Ten,213,Penn State Nittany Lions,Penn State,Nittany Lions,PSU,Big Ten Conference,7,exact
2021-22,527705,Pepperdine,WCC,2492,Pepperdine Waves,Pepperdine,Waves,PEPP,West Coast Conference,29,exact
2021-22,527706,Pittsburgh,ACC,221,Pittsburgh Panthers,Pittsburgh,Panthers,PITT,Atlantic Coast Conference,2,exact
2021-22,527708,Portland,WCC,2501,Portland Pilots,Portland,Pilots,PORT,West Coast Conference,29,exact
2021-22,527707,Portland St.,Big Sky,2502,Portland State Vikings,Portland State,Vikings,PRST,Big Sky Conference,5,exact
2021-22,527709,Prairie View,SWAC,2504,Prairie View A&M Panthers,Prairie View A&M,Panthers,PV,Southwestern Athletic Conference,26,exact
2021-22,527470,Presbyterian,Big South,2506,Presbyterian Blue Hose,Presbyterian,Blue Hose,PRES,Big South Conference,6,exact
2021-22,527710,Princeton,Ivy League,163,Princeton Tigers,Princeton,Tigers,PRIN,Ivy League,12,exact
2021-22,527711,Providence,Big East,2507,Providence Friars,Providence,Friars,PROV,Big East Conference,4,exact
2021-22,527712,Purdue,Big Ten,2509,Purdue Boilermakers,Purdue,Boilermakers,PUR,Big Ten Conference,7,exact
2021-22,527604,Purdue Fort Wayne,Summit League,2870,Purdue Fort Wayne Mastodons,Purdue Fort Wayne,Mastodons,PFW,Horizon League,45,exact
2021-22,527713,Quinnipiac,MAAC,2514,Quinnipiac Bobcats,Quinnipiac,Bobcats,QUIN,Metro Atlantic Athletic Conference,13,exact
2021-22,527714,Radford,Big South,2515,Radford Highlanders,Radford,Highlanders,RAD,Big South Conference,6,exact
2021-22,527715,Rhode Island,Atlantic 10,227,Rhode Island Rams,Rhode Island,Rams,URI,Atlantic 10 Conference,3,exact
2021-22,527716,Rice,C-USA,242,Rice Owls,Rice,Owls,RICE,Conference USA,11,exact
2021-22,527717,Richmond,Atlantic 10,257,Richmond Spiders,Richmond,Spiders,RICH,Atlantic 10 Conference,3,exact
2021-22,527718,Rider,MAAC,2520,Rider Broncs,Rider,Broncs,RID,Metro Atlantic Athletic Conference,13,exact
2021-22,527719,Robert Morris,NEC,2523,Robert Morris Colonials,Robert Morris,Colonials,RMU,Horizon League,45,exact
2021-22,527720,Rutgers,Big Ten,164,Rutgers Scarlet Knights,Rutgers,Scarlet Knights,RUTG,Big Ten Conference,7,exact
2021-22,527407,SFA,WAC,2617,Stephen F. Austin Lumberjacks,Stephen F. Austin,Lumberjacks,SFA,Western Athletic Conference,30,exact
2021-22,527398,SIUE,OVC,2565,SIU Edwardsville Cougars,SIU Edwardsville,Cougars,SIUE,Ohio Valley Conference,20,exact
2021-22,527399,SMU,AAC,2567,SMU Mustangs,SMU,Mustangs,SMU,American Athletic Conference,62,exact
2021-22,527525,Sacramento St.,Big Sky,16,Sacramento State Hornets,Sacramento State,Hornets,SAC,Big Sky Conference,5,exact
2021-22,527721,Sacred Heart,NEC,2529,Sacred Heart Pioneers,Sacred Heart,Pioneers,SHU,Northeast Conference,19,exact
2021-22,527724,Saint Francis (PA),NEC,2598,St. Francis (PA) Red Flash,St. Francis (PA),Red Flash,SFPA,Northeast Conference,19,exact
2021-22,527726,Saint Joseph's,Atlantic 10,2603,Saint Joseph's Hawks,Saint Joseph's,Hawks,JOES,Atlantic 10 Conference,3,exact
2021-22,527727,Saint Louis,Atlantic 10,139,Saint Louis Billikens,Saint Louis,Billikens,SLU,Atlantic 10 Conference,3,exact
2021-22,527728,Saint Mary's (CA),WCC,2608,Saint Mary's Gaels,Saint Mary's,Gaels,SMC,West Coast Conference,29,dict
2021-22,527729,Saint Peter's,MAAC,2612,Saint Peter's Peacocks,Saint Peter's,Peacocks,SPU,Metro Atlantic Athletic Conference,13,exact
2021-22,527730,Sam Houston,WAC,2534,Sam Houston Bearkats,Sam Houston,Bearkats,SHSU,Western Athletic Conference,30,exact
2021-22,527731,Samford,SoCon,2535,Samford Bulldogs,Samford,Bulldogs,SAM,Southern Conference,24,exact
2021-22,527733,San Diego,WCC,301,San Diego Toreros,San Diego,Toreros,USD,West Coast Conference,29,exact
2021-22,527732,San Diego St.,MWC,21,San Diego State Aztecs,San Diego State,Aztecs,SDSU,Mountain West Conference,44,exact
2021-22,527734,San Francisco,WCC,2539,San Francisco Dons,San Francisco,Dons,SF,West Coast Conference,29,exact
2021-22,527735,San Jose St.,MWC,23,San José State Spartans,San José State,Spartans,SJSU,Mountain West Conference,44,dict
2021-22,527385,Santa Clara,WCC,2541,Santa Clara Broncos,Santa Clara,Broncos,SCU,West Coast Conference,29,exact
2021-22,527471,Seattle U,WAC,2547,Seattle U Redhawks,Seattle U,Redhawks,SEA,Western Athletic Conference,30,exact
2021-22,527386,Seton Hall,Big East,2550,Seton Hall Pirates,Seton Hall,Pirates,HALL,Big East Conference,4,exact
2021-22,527387,Siena,MAAC,2561,Siena Saints,Siena,Saints,SIE,Metro Atlantic Athletic Conference,13,exact
2021-22,527388,South Alabama,Sun Belt,6,South Alabama Jaguars,South Alabama,Jaguars,USA,Sun Belt Conference,27,exact
2021-22,527390,South Carolina,SEC,2579,South Carolina Gamecocks,South Carolina,Gamecocks,SC,Southeastern Conference,23,exact
2021-22,527389,South Carolina St.,MEAC,2569,South Carolina State Bulldogs,South Carolina State,Bulldogs,SCST,Mid-Eastern Athletic Conference,16,exact
2021-22,527392,South Dakota,Summit League,233,South Dakota Coyotes,South Dakota,Coyotes,SDAK,Summit League,49,exact
2021-22,527391,South Dakota St.,Summit League,2571,South Dakota State Jackrabbits,South Dakota State,Jackrabbits,SDST,Summit League,49,exact
2021-22,527393,South Fla.,AAC,58,South Florida Bulls,South Florida,Bulls,USF,American Athletic Conference,62,exact
2021-22,527394,Southeast Mo. St.,OVC,2546,Southeast Missouri State Redhawks,Southeast Missouri State,Redhawks,SEMO,Ohio Valley Conference,20,exact
2021-22,527395,Southeastern La.,Southland,2545,SE Louisiana Lions,SE Louisiana,Lions,SELA,Southland Conference,25,dict
2021-22,527396,Southern California,Pac-12,30,USC Trojans,USC,Trojans,USC,Pac-12 Conference,21,dict
2021-22,527397,Southern Ill.,MVC,79,Southern Illinois Salukis,Southern Illinois,Salukis,SIU,Missouri Valley Conference,18,exact
2021-22,527400,Southern Miss.,C-USA,2572,Southern Miss Golden Eagles,Southern Miss,Golden Eagles,USM,Sun Belt Conference,27,dict
2021-22,527401,Southern U.,SWAC,2582,Southern Jaguars,Southern,Jaguars,SOU,Southwestern Athletic Conference,26,dict
2021-22,527402,Southern Utah,Big Sky,253,Southern Utah Thunderbirds,Southern Utah,Thunderbirds,SUU,Western Athletic Conference,30,exact
2021-22,527722,St. Bonaventure,Atlantic 10,179,St. Bonaventure Bonnies,St. Bonaventure,Bonnies,SBU,Atlantic 10 Conference,3,exact
2021-22,527723,St. Francis Brooklyn,NEC,2597,St. Francis Brooklyn Terriers,St. Francis Brooklyn,Terriers,SFNY,Northeast Conference,19,exact
2021-22,527725,St. John's (NY),Big East,2599,St. John's Red Storm,St. John's,Red Storm,SJU,Big East Conference,4,dict
2021-22,528150,St. Thomas (MN),Summit League,2900,St. Thomas Tommies,St. Thomas,Tommies,STMN,Summit League,49,alias
2021-22,527406,Stanford,Pac-12,24,Stanford Cardinal,Stanford,Cardinal,STAN,Pac-12 Conference,21,exact
2021-22,527408,Stetson,ASUN,56,Stetson Hatters,Stetson,Hatters,STET,ASUN Conference,46,exact
2021-22,527409,Stony Brook,America East,2619,Stony Brook Seawolves,Stony Brook,Seawolves,STBK,Colonial Athletic Association,10,exact
2021-22,527410,Syracuse,ACC,183,Syracuse Orange,Syracuse,Orange,SYR,Atlantic Coast Conference,2,exact
2021-22,527418,TCU,Big 12,2628,TCU Horned Frogs,TCU,Horned Frogs,TCU,Big 12 Conference,8,exact
2021-22,527741,Tarleton St.,WAC,2627,Tarleton State Texans,Tarleton State,Texans,TAR,Western Athletic Conference,30,exact
2021-22,527411,Temple,AAC,218,Temple Owls,Temple,Owls,TEM,American Athletic Conference,62,exact
2021-22,527415,Tennessee,SEC,2633,Tennessee Volunteers,Tennessee,Volunteers,TENN,Southeastern Conference,23,exact
2021-22,527412,Tennessee St.,OVC,2634,Tennessee State Tigers,Tennessee State,Tigers,TNST,Ohio Valley Conference,20,exact
2021-22,527413,Tennessee Tech,OVC,2635,Tennessee Tech Golden Eagles,Tennessee Tech,Golden Eagles,TNTC,Ohio Valley Conference,20,exact
2021-22,527422,Texas,Big 12,251,Texas Longhorns,Texas,Longhorns,TEX,Big 12 Conference,8,exact
2021-22,527417,Texas A&M,SEC,245,Texas A&M Aggies,Texas A&M,Aggies,TA&M,Southeastern Conference,23,exact
2021-22,527419,Texas Southern,SWAC,2640,Texas Southern Tigers,Texas Southern,Tigers,TXSO,Southwestern Athletic Conference,26,exact
2021-22,527404,Texas St.,Sun Belt,326,Texas State Bobcats,Texas State,Bobcats,TXST,Sun Belt Conference,27,exact
2021-22,527420,Texas Tech,Big 12,2641,Texas Tech Red Raiders,Texas Tech,Red Raiders,TTU,Big 12 Conference,8,exact
2021-22,527539,The Citadel,SoCon,2643,The Citadel Bulldogs,The Citadel,Bulldogs,CIT,Southern Conference,24,exact
2021-22,527425,Toledo,MAC,2649,Toledo Rockets,Toledo,Rockets,TOL,Mid-American Conference,14,exact
2021-22,527426,Towson,CAA,119,Towson Tigers,Towson,Tigers,TOW,Colonial Athletic Association,10,exact
2021-22,527427,Troy,Sun Belt,2653,Troy Trojans,Troy,Trojans,TROY,Sun Belt Conference,27,exact
2021-22,527428,Tulane,AAC,2655,Tulane Green Wave,Tulane,Green Wave,TULN,American Athletic Conference,62,exact
2021-22,527429,Tulsa,AAC,202,Tulsa Golden Hurricane,Tulsa,Golden Hurricane,TLSA,American Athletic Conference,62,exact
2021-22,527491,UAB,C-USA,5,UAB Blazers,UAB,Blazers,UAB,Conference USA,11,exact
2021-22,527492,UAlbany,America East,399,UAlbany Great Danes,UAlbany,Great Danes,UALB,America East Conference,1,exact
2021-22,527528,UC Davis,Big West,302,UC Davis Aggies,UC Davis,Aggies,UCD,Big West Conference,9,exact
2021-22,527529,UC Irvine,Big West,300,UC Irvine Anteaters,UC Irvine,Anteaters,UCI,Big West Conference,9,exact
2021-22,527531,UC Riverside,Big West,27,UC Riverside Highlanders,UC Riverside,Highlanders,UCR,Big West Conference,9,exact
2021-22,527739,UC San Diego,Big West,28,UC San Diego Tritons,UC San Diego,Tritons,UCSD,Big West Conference,9,exact
2021-22,527526,UC Santa Barbara,Big West,2540,UC Santa Barbara Gauchos,UC Santa Barbara,Gauchos,UCSB,Big West Conference,9,exact
2021-22,527535,UCF,AAC,2116,UCF Knights,UCF,Knights,UCF,American Athletic Conference,62,exact
2021-22,527530,UCLA,Pac-12,26,UCLA Bruins,UCLA,Bruins,UCLA,Pac-12 Conference,21,exact
2021-22,527547,UConn,AAC,41,UConn Huskies,UConn,Huskies,CONN,Big East Conference,4,exact
2021-22,527601,UIC,Horizon,82,UIC Flames,UIC,Flames,UIC,Missouri Valley Conference,18,exact
2021-22,527476,UIW,Southland,2916,Incarnate Word Cardinals,Incarnate Word,Cardinals,UIW,Southland Conference,25,exact
2021-22,527682,ULM,Sun Belt,2433,UL Monroe Warhawks,UL Monroe,Warhawks,ULM,Sun Belt Conference,27,exact
2021-22,527635,UMBC,America East,2378,UMBC Retrievers,UMBC,Retrievers,UMBC,America East Conference,1,exact
2021-22,527637,UMES,MEAC,2379,Maryland Eastern Shore Hawks,Maryland Eastern Shore,Hawks,UMES,Mid-Eastern Athletic Conference,16,exact
2021-22,527626,UMass Lowell,America East,2349,UMass Lowell River Hawks,UMass Lowell,River Hawks,UML,America East Conference,1,exact
2021-22,527659,UNC Asheville,Big South,2427,UNC Asheville Bulldogs,UNC Asheville,Bulldogs,UNCA,Big South Conference,6,exact
2021-22,527662,UNC Greensboro,SoCon,2430,UNC Greensboro Spartans,UNC Greensboro,Spartans,UNCG,Southern Conference,24,exact
2021-22,527663,UNCW,CAA,350,UNC Wilmington Seahawks,UNC Wilmington,Seahawks,UNCW,Colonial Athletic Association,10,exact
2021-22,527687,UNI,MVC,2460,Northern Iowa Panthers,Northern Iowa,Panthers,UNI,Missouri Valley Conference,18,exact
2021-22,527666,UNLV,MWC,2439,UNLV Rebels,UNLV,Rebels,UNLV,Mountain West Conference,44,exact
2021-22,527478,USC Upstate,Big South,2908,South Carolina Upstate Spartans,South Carolina Upstate,Spartans,UPST,Big South Conference,6,dict
2021-22,527421,UT Arlington,Sun Belt,250,UT Arlington Mavericks,UT Arlington,Mavericks,UTA,Western Athletic Conference,30,exact
2021-22,527416,UT Martin,OVC,2630,UT Martin Skyhawks,UT Martin,Skyhawks,UTM,Ohio Valley Conference,20,exact
2021-22,527423,UTEP,C-USA,2638,UTEP Miners,UTEP,Miners,UTEP,Conference USA,11,exact
2021-22,527702,UTRGV,WAC,292,UT Rio Grande Valley Vaqueros,UT Rio Grande Valley,Vaqueros,RGV,Western Athletic Conference,30,dict
2021-22,527424,UTSA,C-USA,2636,UTSA Roadrunners,UTSA,Roadrunners,UTSA,Conference USA,11,exact
2021-22,527434,Utah,Pac-12,254,Utah Utes,Utah,Utes,UTAH,Pac-12 Conference,21,exact
2021-22,527433,Utah St.,MWC,328,Utah State Aggies,Utah State,Aggies,USU,Mountain West Conference,44,exact
2021-22,527740,Utah Tech,WAC,3101,Utah Tech Trailblazers,Utah Tech,Trailblazers,UTU,Western Athletic Conference,30,exact
2021-22,527484,Utah Valley,WAC,3084,Utah Valley Wolverines,Utah Valley,Wolverines,UVU,Western Athletic Conference,30,exact
2021-22,527439,VCU,Atlantic 10,2670,VCU Rams,VCU,Rams,VCU,Atlantic 10 Conference,3,exact
2021-22,527440,VMI,SoCon,2678,VMI Keydets,VMI,Keydets,VMI,Southern Conference,24,exact
2021-22,527435,Valparaiso,MVC,2674,Valparaiso Beacons,Valparaiso,Beacons,VAL,Missouri Valley Conference,18,exact
2021-22,527436,Vanderbilt,SEC,238,Vanderbilt Commodores,Vanderbilt,Commodores,VAN,Southeastern Conference,23,exact
2021-22,527437,Vermont,America East,261,Vermont Catamounts,Vermont,Catamounts,UVM,America East Conference,1,exact
2021-22,527438,Villanova,Big East,222,Villanova Wildcats,Villanova,Wildcats,VILL,Big East Conference,4,exact
2021-22,527442,Virginia,ACC,258,Virginia Cavaliers,Virginia,Cavaliers,UVA,Atlantic Coast Conference,2,exact
2021-22,527441,Virginia Tech,ACC,259,Virginia Tech Hokies,Virginia Tech,Hokies,VT,Atlantic Coast Conference,2,exact
2021-22,527443,Wagner,NEC,2681,Wagner Seahawks,Wagner,Seahawks,WAG,Northeast Conference,19,exact
2021-22,527444,Wake Forest,ACC,154,Wake Forest Demon Deacons,Wake Forest,Demon Deacons,WAKE,Atlantic Coast Conference,2,exact
2021-22,527446,Washington,Pac-12,264,Washington Huskies,Washington,Huskies,WASH,Pac-12 Conference,21,exact
2021-22,527445,Washington St.,Pac-12,265,Washington State Cougars,Washington State,Cougars,WSU,Pac-12 Conference,21,exact
2021-22,527447,Weber St.,Big Sky,2692,Weber State Wildcats,Weber State,Wildcats,WEB,Big Sky Conference,5,exact
2021-22,527448,West Virginia,Big 12,277,West Virginia Mountaineers,West Virginia,Mountaineers,WVU,Big 12 Conference,8,exact
2021-22,527449,Western Caro.,SoCon,2717,Western Carolina Catamounts,Western Carolina,Catamounts,WCU,Southern Conference,24,exact
2021-22,527450,Western Ill.,Summit League,2710,Western Illinois Leathernecks,Western Illinois,Leathernecks,WIU,Summit League,49,exact
2021-22,527451,Western Ky.,C-USA,98,Western Kentucky Hilltoppers,Western Kentucky,Hilltoppers,WKU,Conference USA,11,exact
2021-22,527452,Western Mich.,MAC,2711,Western Michigan Broncos,Western Michigan,Broncos,WMU,Mid-American Conference,14,exact
2021-22,527453,Wichita St.,AAC,2724,Wichita State Shockers,Wichita State,Shockers,WICH,American Athletic Conference,62,exact
2021-22,527454,William & Mary,CAA,2729,William & Mary Tribe,William & Mary,Tribe,W&M,Colonial Athletic Association,10,exact
2021-22,527455,Winthrop,Big South,2737,Winthrop Eagles,Winthrop,Eagles,WIN,Big South Conference,6,exact
2021-22,527457,Wisconsin,Big Ten,275,Wisconsin Badgers,Wisconsin,Badgers,WIS,Big Ten Conference,7,exact
2021-22,527477,Wofford,SoCon,2747,Wofford Terriers,Wofford,Terriers,WOF,Southern Conference,24,exact
2021-22,527459,Wright St.,Horizon,2750,Wright State Raiders,Wright State,Raiders,WRST,Horizon League,45,exact
2021-22,527460,Wyoming,MWC,2751,Wyoming Cowboys,Wyoming,Cowboys,WYO,Mountain West Conference,44,exact
2021-22,527461,Xavier,Big East,2752,Xavier Musketeers,Xavier,Musketeers,XAV,Big East Conference,4,exact
2021-22,527462,Yale,Ivy League,43,Yale Bulldogs,Yale,Bulldogs,YALE,Ivy League,12,exact
2021-22,527463,Youngstown St.,Horizon,2754,Youngstown State Penguins,Youngstown State,Penguins,YSU,Horizon League,45,exact
2022-23,541982,A&M-Corpus Christi,Southland,357,Texas A&M-Corpus Christi Islanders,Texas A&M-Corpus Christi,Islanders,AMCC,Southland Conference,25,dict
2022-23,541987,Abilene Christian,WAC,2000,Abilene Christian Wildcats,Abilene Christian,Wildcats,ACU,Western Athletic Conference,30,exact
2022-23,542492,Air Force,MWC,2005,Air Force Falcons,Air Force,Falcons,AF,Mountain West Conference,44,exact
2022-23,541988,Akron,MAC,2006,Akron Zips,Akron,Zips,AKR,Mid-American Conference,14,exact
2022-23,541991,Alabama,SEC,333,Alabama Crimson Tide,Alabama,Crimson Tide,ALA,Southeastern Conference,23,exact
2022-23,541989,Alabama A&M,SWAC,2010,Alabama A&M Bulldogs,Alabama A&M,Bulldogs,AAMU,Southwestern Athletic Conference,26,exact
2022-23,541990,Alabama St.,SWAC,2011,Alabama State Hornets,Alabama State,Hornets,ALST,Southwestern Athletic Conference,26,exact
2022-23,541994,Alcorn,SWAC,2016,Alcorn State Braves,Alcorn State,Braves,ALCN,Southwestern Athletic Conference,26,dict
2022-23,541995,American,Patriot,44,American University Eagles,American University,Eagles,AMER,Patriot League,22,exact
2022-23,541996,App State,Sun Belt,2026,App State Mountaineers,App State,Mountaineers,APP,Sun Belt Conference,27,exact
2022-23,541998,Arizona,Pac-12,12,Arizona Wildcats,Arizona,Wildcats,ARIZ,Pac-12 Conference,21,exact
2022-23,541997,Arizona St.,Pac-12,9,Arizona State Sun Devils,Arizona State,Sun Devils,ASU,Pac-12 Conference,21,exact
2022-23,541973,Ark.-Pine Bluff,SWAC,2029,Arkansas-Pine Bluff Golden Lions,Arkansas-Pine Bluff,Golden Lions,UAPB,Southwestern Athletic Conference,26,dict
2022-23,542000,Arkansas,SEC,8,Arkansas Razorbacks,Arkansas,Razorbacks,ARK,Southeastern Conference,23,exact
2022-23,541999,Arkansas St.,Sun Belt,2032,Arkansas State Red Wolves,Arkansas State,Red Wolves,ARST,Sun Belt Conference,27,exact
2022-23,542494,Army West Point,Patriot,349,Army Black Knights,Army,Black Knights,ARMY,Patriot League,22,dict
2022-23,542002,Auburn,SEC,2,Auburn Tigers,Auburn,Tigers,AUB,Southeastern Conference,23,exact
2022-23,542003,Austin Peay,ASUN,2046,Austin Peay Governors,Austin Peay,Governors,APSU,ASUN Conference,46,exact
2022-23,542014,BYU,WCC,252,BYU Cougars,BYU,Cougars,BYU,West Coast Conference,29,exact
2022-23,542004,Ball St.,MAC,2050,Ball State Cardinals,Ball State,Cardinals,BALL,Mid-American Conference,14,exact
2022-23,542006,Baylor,Big 12,239,Baylor Bears,Baylor,Bears,BAY,Big 12 Conference,8,exact
2022-23,542398,Bellarmine,ASUN,91,Bellarmine Knights,Bellarmine,Knights,BELL,ASUN Conference,46,exact
2022-23,541980,Belmont,MVC,2057,Belmont Bruins,Belmont,Bruins,BEL,Missouri Valley Conference,18,exact
2022-23,542007,Bethune-Cookman,SWAC,2065,Bethune-Cookman Wildcats,Bethune-Cookman,Wildcats,BCU,Southwestern Athletic Conference,26,exact
2022-23,542008,Binghamton,America East,2066,Binghamton Bearcats,Binghamton,Bearcats,BING,America East Conference,1,exact
2022-23,542009,Boise St.,MWC,68,Boise State Broncos,Boise State,Broncos,BOIS,Mountain West Conference,44,exact
2022-23,542010,Boston College,ACC,103,Boston College Eagles,Boston College,Eagles,BC,Atlantic Coast Conference,2,exact
2022-23,542011,Boston U.,Patriot,104,Boston University Terriers,Boston University,Terriers,BU,Patriot League,22,exact
2022-23,542012,Bowling Green,MAC,189,Bowling Green Falcons,Bowling Green,Falcons,BGSU,Mid-American Conference,14,exact
2022-23,542013,Bradley,MVC,71,Bradley Braves,Bradley,Braves,BRAD,Missouri Valley Conference,18,exact
2022-23,542015,Brown,Ivy League,225,Brown Bears,Brown,Bears,BRWN,Ivy League,12,exact
2022-23,542016,Bryant,America East,2803,Bryant Bulldogs,Bryant,Bulldogs,BRY,America East Conference,1,exact
2022-23,542017,Bucknell,Patriot,2083,Bucknell Bison,Bucknell,Bison,BUCK,Patriot League,22,exact
2022-23,542018,Buffalo,MAC,2084,Buffalo Bulls,Buffalo,Bulls,BUF,Mid-American Conference,14,exact
2022-23,542019,Butler,Big East,2086,Butler Bulldogs,Butler,Bulldogs,BTLR,Big East Conference,4,exact
2022-23,542021,CSU Bakersfield,WAC,2934,Cal State Bakersfield Roadrunners,Cal State Bakersfield,Roadrunners,CSUB,Big West Conference,9,alias
2022-23,542025,CSUN,Big West,2463,Cal State Northridge Matadors,Cal State Northridge,Matadors,CSUN,Big West Conference,9,exact
2022-23,542020,Cal Poly,Big West,13,Cal Poly Mustangs,Cal Poly,Mustangs,CP,Big West Conference,9,exact
2022-23,542023,Cal St. Fullerton,Big West,2239,Cal State Fullerton Titans,Cal State Fullerton,Titans,CSUF,Big West Conference,9,exact
2022-23,542028,California,Pac-12,25,California Golden Bears,California,Golden Bears,CAL,Pac-12 Conference,21,exact
2022-23,542395,California Baptist,WAC,2856,California Baptist Lancers,California Baptist,Lancers,CBU,Western Athletic Conference,30,exact
2022-23,542033,Campbell,Big South,2097,Campbell Fighting Camels,Campbell,Fighting Camels,CAM,Big South Conference,6,exact
2022-23,542034,Canisius,MAAC,2099,Canisius Golden Griffins,Canisius,Golden Griffins,CAN,Metro Atlantic Athletic Conference,13,exact
2022-23,542554,Central Ark.,ASUN,2110,Central Arkansas Bears,Central Arkansas,Bears,CARK,ASUN Conference,46,exact
2022-23,542035,Central Conn. St.,NEC,2115,Central Connecticut Blue Devils,Central Connecticut,Blue Devils,CCSU,Northeast Conference,19,dict
2022-23,542037,Central Mich.,MAC,2117,Central Michigan Chippewas,Central Michigan,Chippewas,CMU,Mid-American Conference,14,exact
2022-23,542005,Charleston So.,Big South,2127,Charleston Southern Buccaneers,Charleston Southern,Buccaneers,CHSO,Big South Conference,6,exact
2022-23,542251,Charlotte,C-USA,2429,Charlotte 49ers,Charlotte,49ers,CLT,Conference USA,11,exact
2022-23,542460,Chattanooga,SoCon,236,Chattanooga Mocs,Chattanooga,Mocs,UTC,Southern Conference,24,exact
2022-23,542038,Chicago St.,Independent,2130,Chicago State Cougars,Chicago State,Cougars,CHST,Division I Independents,43,exact
2022-23,542039,Cincinnati,AAC,2132,Cincinnati Bearcats,Cincinnati,Bearcats,CIN,American Athletic Conference,62,exact
2022-23,542041,Clemson,ACC,228,Clemson Tigers,Clemson,Tigers,CLEM,Atlantic Coast Conference,2,exact
2022-23,542042,Cleveland St.,Horizon,325,Cleveland State Vikings,Cleveland State,Vikings,CLE,Horizon League,45,exact
2022-23,542043,Coastal Carolina,Sun Belt,324,Coastal Carolina Chanticleers,Coastal Carolina,Chanticleers,CCU,Sun Belt Conference,27,exact
2022-23,541966,Col. of Charleston,CAA,232,Charleston Cougars,Charleston,Cougars,COFC,Colonial Athletic Association,10,dict
2022-23,542044,Colgate,Patriot,2142,Colgate Raiders,Colgate,Raiders,COLG,Patriot League,22,exact
2022-23,542046,Colorado,Pac-12,38,Colorado Buffaloes,Colorado,Buffaloes,COLO,Pac-12 Conference,21,exact
2022-23,542045,Colorado St.,MWC,36,Colorado State Rams,Colorado State,Rams,CSU,Mountain West Conference,44,exact
2022-23,542047,Columbia,Ivy League,171,Columbia Lions,Columbia,Lions,COLU,Ivy League,12,exact
2022-23,542049,Coppin St.,MEAC,2154,Coppin State Eagles,Coppin State,Eagles,COPP,Mid-Eastern Athletic Conference,16,exact
2022-23,542051,Cornell,Ivy League,172,Cornell Big Red,Cornell,Big Red,COR,Ivy League,12,exact
2022-23,542052,Creighton,Big East,156,Creighton Bluejays,Creighton,Bluejays,CREI,Big East Conference,4,exact
2022-23,542053,Dartmouth,Ivy League,159,Dartmouth Big Green,Dartmouth,Big Green,DART,Ivy League,12,exact
2022-23,542054,Davidson,Atlantic 10,2166,Davidson Wildcats,Davidson,Wildcats,DAV,Atlantic 10 Conference,3,exact
2022-23,542056,Dayton,Atlantic 10,2168,Dayton Flyers,Dayton,Flyers,DAY,Atlantic 10 Conference,3,exact
2022-23,542058,DePaul,Big East,305,DePaul Blue Demons,DePaul,Blue Demons,DEP,Big East Conference,4,exact
2022-23,542061,Delaware,CAA,48,Delaware Blue Hens,Delaware,Blue Hens,DEL,Colonial Athletic Association,10,exact
2022-23,542060,Delaware St.,MEAC,2169,Delaware State Hornets,Delaware State,Hornets,DSU,Mid-Eastern Athletic Conference,16,exact
2022-23,542062,Denver,Summit League,2172,Denver Pioneers,Denver,Pioneers,DEN,Summit League,49,exact
2022-23,542064,Detroit Mercy,Horizon,2174,Detroit Mercy Titans,Detroit Mercy,Titans,DETM,Horizon League,45,exact
2022-23,542066,Drake,MVC,2181,Drake Bulldogs,Drake,Bulldogs,DRKE,Missouri Valley Conference,18,exact
2022-23,542068,Drexel,CAA,2182,Drexel Dragons,Drexel,Dragons,DREX,Colonial Athletic Association,10,exact
2022-23,542070,Duke,ACC,150,Duke Blue Devils,Duke,Blue Devils,DUKE,Atlantic Coast Conference,2,exact
2022-23,542071,Duquesne,Atlantic 10,2184,Duquesne Dukes,Duquesne,Dukes,DUQ,Atlantic 10 Conference,3,exact
2022-23,542074,ETSU,SoCon,2193,East Tennessee State Buccaneers,East Tennessee State,Buccaneers,ETSU,Southern Conference,24,exact
2022-23,542073,East Carolina,AAC,151,East Carolina Pirates,East Carolina,Pirates,ECU,American Athletic Conference,62,exact
2022-23,542076,Eastern Ill.,OVC,2197,Eastern Illinois Panthers,Eastern Illinois,Panthers,EIU,Ohio Valley Conference,20,exact
2022-23,542078,Eastern Ky.,ASUN,2198,Eastern Kentucky Colonels,Eastern Kentucky,Colonels,EKU,ASUN Conference,46,exact
2022-23,542080,Eastern Mich.,MAC,2199,Eastern Michigan Eagles,Eastern Michigan,Eagles,EMU,Mid-American Conference,14,exact
2022-23,542081,Eastern Wash.,Big Sky,331,Eastern Washington Eagles,Eastern Washington,Eagles,EWU,Big Sky Conference,5,exact
2022-23,541967,Elon,CAA,2210,Elon Phoenix,Elon,Phoenix,ELON,Colonial Athletic Association,10,exact
2022-23,542082,Evansville,MVC,339,Evansville Purple Aces,Evansville,Purple Aces,EVAN,Missouri Valley Conference,18,exact
2022-23,541984,FGCU,ASUN,526,Florida Gulf Coast Eagles,Florida Gulf Coast,Eagles,FGCU,ASUN Conference,46,exact
2022-23,542091,FIU,C-USA,2229,Florida International Panthers,Florida International,Panthers,FIU,Conference USA,11,exact
2022-23,542085,Fairfield,MAAC,2217,Fairfield Stags,Fairfield,Stags,FAIR,Metro Atlantic Athletic Conference,13,exact
2022-23,542086,Fairleigh Dickinson,NEC,161,Fairleigh Dickinson Knights,Fairleigh Dickinson,Knights,FDU,Northeast Conference,19,exact
2022-23,542089,Fla. Atlantic,C-USA,2226,Florida Atlantic Owls,Florida Atlantic,Owls,FAU,Conference USA,11,exact
2022-23,542095,Florida,SEC,57,Florida Gators,Florida,Gators,FLA,Southeastern Conference,23,exact
2022-23,542087,Florida A&M,SWAC,50,Florida A&M Rattlers,Florida A&M,Rattlers,FAMU,Southwestern Athletic Conference,26,exact
2022-23,542093,Florida St.,ACC,52,Florida State Seminoles,Florida State,Seminoles,FSU,Atlantic Coast Conference,2,exact
2022-23,542096,Fordham,Atlantic 10,2230,Fordham Rams,Fordham,Rams,FOR,Atlantic 10 Conference,3,exact
2022-23,542022,Fresno St.,MWC,278,Fresno State Bulldogs,Fresno State,Bulldogs,FRES,Mountain West Conference,44,exact
2022-23,542098,Furman,SoCon,231,Furman Paladins,Furman,Paladins,FUR,Southern Conference,24,exact
2022-23,542106,Ga. Southern,Sun Belt,290,Georgia Southern Eagles,Georgia Southern,Eagles,GASO,Sun Belt Conference,27,exact
2022-23,541968,Gardner-Webb,Big South,2241,Gardner-Webb Runnin' Bulldogs,Gardner-Webb,Runnin' Bulldogs,GWEB,Big South Conference,6,exact
2022-23,542100,George Mason,Atlantic 10,2244,George Mason Patriots,George Mason,Patriots,GMU,Atlantic 10 Conference,3,exact
2022-23,542102,George Washington,Atlantic 10,45,George Washington Revolutionaries,George Washington,Revolutionaries,GW,Atlantic 10 Conference,3,exact
2022-23,542104,Georgetown,Big East,46,Georgetown Hoyas,Georgetown,Hoyas,GTWN,Big East Conference,4,exact
2022-23,542112,Georgia,SEC,61,Georgia Bulldogs,Georgia,Bulldogs,UGA,Southeastern Conference,23,exact
2022-23,542108,Georgia St.,Sun Belt,2247,Georgia State Panthers,Georgia State,Panthers,GAST,Sun Belt Conference,27,exact
2022-23,542110,Georgia Tech,ACC,59,Georgia Tech Yellow Jackets,Georgia Tech,Yellow Jackets,GT,Atlantic Coast Conference,2,exact
2022-23,542113,Gonzaga,WCC,2250,Gonzaga Bulldogs,Gonzaga,Bulldogs,GONZ,West Coast Conference,29,exact
2022-23,542115,Grambling,SWAC,2755,Grambling Tigers,Grambling,Tigers,GRAM,Southwestern Athletic Conference,26,exact
2022-23,541969,Grand Canyon,WAC,2253,Grand Canyon Lopes,Grand Canyon,Lopes,GCU,Western Athletic Conference,30,exact
2022-23,542541,Green Bay,Horizon,2739,Green Bay Phoenix,Green Bay,Phoenix,GB,Horizon League,45,exact
2022-23,542117,Hampton,CAA,2261,Hampton Pirates,Hampton,Pirates,HAMP,Colonial Athletic Association,10,exact
2022-23,542119,Hartford,America East,42,Hartford Hawks,Hartford,Hawks,HART,Division I Independents,43,exact
2022-23,542121,Harvard,Ivy League,108,Harvard Crimson,Harvard,Crimson,HARV,Ivy League,12,exact
2022-23,542123,Hawaii,Big West,62,Hawai'i Rainbow Warriors,Hawai'i,Rainbow Warriors,HAW,Big West Conference,9,dict
2022-23,541981,High Point,Big South,2272,High Point Panthers,High Point,Panthers,HPU,Big South Conference,6,exact
2022-23,542125,Hofstra,CAA,2275,Hofstra Pride,Hofstra,Pride,HOF,Colonial Athletic Association,10,exact
2022-23,542127,Holy Cross,Patriot,107,Holy Cross Crusaders,Holy Cross,Crusaders,HC,Patriot League,22,exact
2022-23,542130,Houston,AAC,248,Houston Cougars,Houston,Cougars,HOU,American Athletic Conference,62,exact
2022-23,542128,Houston Christian,Southland,2277,Houston Christian Huskies,Houston Christian,Huskies,HCU,Southland Conference,25,exact
2022-23,542132,Howard,MEAC,47,Howard Bison,Howard,Bison,HOW,Mid-Eastern Athletic Conference,16,exact
2022-23,541974,IUPUI,Horizon,85,IU Indianapolis Jaguars,IU Indianapolis,Jaguars,IUIN,Horizon League,45,alias
2022-23,542136,Idaho,Big Sky,70,Idaho Vandals,Idaho,Vandals,IDHO,Big Sky Conference,5,exact
2022-23,542134,Idaho St.,Big Sky,304,Idaho State Bengals,Idaho State,Bengals,IDST,Big Sky Conference,5,exact
2022-23,542138,Illinois,Big Ten,356,Illinois Fighting Illini,Illinois,Fighting Illini,ILL,Big Ten Conference,7,exact
2022-23,542137,Illinois St.,MVC,2287,Illinois State Redbirds,Illinois State,Redbirds,ILST,Missouri Valley Conference,18,exact
2022-23,542143,Indiana,Big Ten,84,Indiana Hoosiers,Indiana,Hoosiers,IU,Big Ten Conference,7,exact
2022-23,542141,Indiana St.,MVC,282,Indiana State Sycamores,Indiana State,Sycamores,INST,Missouri Valley Conference,18,exact
2022-23,542147,Iona,MAAC,314,Iona Gaels,Iona,Gaels,IONA,Metro Atlantic Athletic Conference,13,exact
2022-23,542152,Iowa,Big Ten,2294,Iowa Hawkeyes,Iowa,Hawkeyes,IOWA,Big Ten Conference,7,exact
2022-23,542150,Iowa St.,Big 12,66,Iowa State Cyclones,Iowa State,Cyclones,ISU,Big 12 Conference,8,exact
2022-23,542154,Jackson St.,SWAC,2296,Jackson State Tigers,Jackson State,Tigers,JKST,Southwestern Athletic Conference,26,exact
2022-23,542157,Jacksonville,ASUN,294,Jacksonville Dolphins,Jacksonville,Dolphins,JAX,ASUN Conference,46,exact
2022-23,542155,Jacksonville St.,ASUN,55,Jacksonville State Gamecocks,Jacksonville State,Gamecocks,JXST,ASUN Conference,46,exact
2022-23,542159,James Madison,Sun Belt,256,James Madison Dukes,James Madison,Dukes,JMU,Sun Belt Conference,27,exact
2022-23,542162,Kansas,Big 12,2305,Kansas Jayhawks,Kansas,Jayhawks,KU,Big 12 Conference,8,exact
2022-23,541975,Kansas City,WAC,140,Kansas City Roos,Kansas City,Roos,KC,Summit League,49,exact
2022-23,542161,Kansas St.,Big 12,2306,Kansas State Wildcats,Kansas State,Wildcats,KSU,Big 12 Conference,8,exact
2022-23,541970,Kennesaw St.,ASUN,338,Kennesaw State Owls,Kennesaw State,Owls,KENN,ASUN Conference,46,exact
2022-23,542165,Kent St.,MAC,2309,Kent State Golden Flashes,Kent State,Golden Flashes,KENT,Mid-American Conference,14,exact
2022-23,542167,Kentucky,SEC,96,Kentucky Wildcats,Kentucky,Wildcats,UK,Southeastern Conference,23,exact
2022-23,542179,LIU,NEC,112358,Long Island University Sharks,Long Island University,Sharks,LIU,Northeast Conference,19,exact
2022-23,542192,LMU (CA),WCC,2351,Loyola Marymount Lions,Loyola Marymount,Lions,LMU,West Coast Conference,29,dict
2022-23,542183,LSU,SEC,99,LSU Tigers,LSU,Tigers,LSU,Southeastern Conference,23,exact
2022-23,542170,La Salle,Atlantic 10,2325,La Salle Explorers,La Salle,Explorers,LAS,Atlantic 10 Conference,3,exact
2022-23,542171,Lafayette,Patriot,322,Lafayette Leopards,Lafayette,Leopards,LAF,Patriot League,22,exact
2022-23,542173,Lamar University,WAC,2320,Lamar Cardinals,Lamar,Cardinals,LAM,Southland Conference,25,dict
2022-23,542175,Lehigh,Patriot,2329,Lehigh Mountain Hawks,Lehigh,Mountain Hawks,LEH,Patriot League,22,exact
2022-23,542177,Liberty,ASUN,2335,Liberty Flames,Liberty,Flames,LIB,ASUN Conference,46,exact
2022-23,542986,Lindenwood,OVC,2815,Lindenwood Lions,Lindenwood,Lions,LIN,,,exact
2022-23,541983,Lipscomb,ASUN,288,Lipscomb Bisons,Lipscomb,Bisons,LIP,ASUN Conference,46,exact
2022-23,542001,Little Rock,OVC,2031,Little Rock Trojans,Little Rock,Trojans,LR,Ohio Valley Conference,20,exact
2022-23,542024,Long Beach St.,Big West,299,Long Beach State Beach,Long Beach State,Beach,LBSU,Big West Conference,9,exact
2022-23,542181,Longwood,Big South,2344,Longwood Lancers,Longwood,Lancers,LONG,Big South Conference,6,exact
2022-23,542442,Louisiana,Sun Belt,309,Louisiana Ragin' Cajuns,Louisiana,Ragin' Cajuns,UL,Sun Belt Conference,27,exact
2022-23,542185,Louisiana Tech,C-USA,2348,Louisiana Tech Bulldogs,Louisiana Tech,Bulldogs,LT,Conference USA,11,exact
2022-23,542187,Louisville,ACC,97,Louisville Cardinals,Louisville,Cardinals,LOU,Atlantic Coast Conference,2,exact
2022-23,542193,Loyola Chicago,Atlantic 10,2350,Loyola Chicago Ramblers,Loyola Chicago,Ramblers,LUC,Atlantic 10 Conference,3,exact
2022-23,542190,Loyola Maryland,Patriot,2352,Loyola Maryland Greyhounds,Loyola Maryland,Greyhounds,L-MD,Patriot League,22,exact
2022-23,542195,Maine,America East,311,Maine Black Bears,Maine,Black Bears,ME,America East Conference,1,exact
2022-23,542196,Manhattan,MAAC,2363,Manhattan Jaspers,Manhattan,Jaspers,MAN,Metro Atlantic Athletic Conference,13,exact
2022-23,542198,Marist,MAAC,2368,Marist Red Foxes,Marist,Red Foxes,MRST,Metro Atlantic Athletic Conference,13,exact
2022-23,542200,Marquette,Big East,269,Marquette Golden Eagles,Marquette,Golden Eagles,MARQ,Big East Conference,4,exact
2022-23,542202,Marshall,Sun Belt,276,Marshall Thundering Herd,Marshall,Thundering Herd,MRSH,Sun Belt Conference,27,exact
2022-23,542205,Maryland,Big Ten,120,Maryland Terrapins,Maryland,Terrapins,MD,Big Ten Conference,7,exact
2022-23,542209,Massachusetts,Atlantic 10,113,Massachusetts Minutemen,Massachusetts,Minutemen,MASS,Atlantic 10 Conference,3,exact
2022-23,542210,McNeese,Southland,2377,McNeese Cowboys,McNeese,Cowboys,MCN,Southland Conference,25,exact
2022-23,542211,Memphis,AAC,235,Memphis Tigers,Memphis,Tigers,MEM,American Athletic Conference,62,exact
2022-23,542213,Mercer,SoCon,2382,Mercer Bears,Mercer,Bears,MER,Southern Conference,24,exact
2022-23,542397,Merrimack,NEC,2771,Merrimack Warriors,Merrimack,Warriors,MRMK,Northeast Conference,19,exact
2022-23,542216,Miami (FL),ACC,2390,Miami Hurricanes,Miami,Hurricanes,MIA,Atlantic Coast Conference,2,dict
2022-23,542214,Miami (OH),MAC,193,Miami (OH) RedHawks,Miami (OH),RedHawks,M-OH,Mid-American Conference,14,exact
2022-23,542222,Michigan,Big Ten,130,Michigan Wolverines,Michigan,Wolverines,MICH,Big Ten Conference,7,exact
2022-23,542219,Michigan St.,Big Ten,127,Michigan State Spartans,Michigan State,Spartans,MSU,Big Ten Conference,7,exact
2022-23,542223,Middle Tenn.,C-USA,2393,Middle Tennessee Blue Raiders,Middle Tennessee,Blue Raiders,MTSU,Conference USA,11,exact
2022-23,542544,Milwaukee,Horizon,270,Milwaukee Panthers,Milwaukee,Panthers,MILW,Horizon League,45,exact
2022-23,542225,Minnesota,Big Ten,135,Minnesota Golden Gophers,Minnesota,Golden Gophers,MINN,Big Ten Conference,7,exact
2022-23,542227,Mississippi St.,SEC,344,Mississippi State Bulldogs,Mississippi State,Bulldogs,MSST,Southeastern Conference,23,exact
2022-23,542230,Mississippi Val.,SWAC,2400,Mississippi Valley State Delta Devils,Mississippi Valley State,Delta Devils,MVSU,Southwestern Athletic Conference,26,dict
2022-23,542234,Missouri,SEC,142,Missouri Tigers,Missouri,Tigers,MIZ,Southeastern Conference,23,exact
2022-23,542438,Missouri St.,MVC,2623,Missouri State Bears,Missouri State,Bears,MOST,Missouri Valley Conference,18,exact
2022-23,542235,Monmouth,CAA,2405,Monmouth Hawks,Monmouth,Hawks,MONM,Colonial Athletic Association,10,exact
2022-23,542239,Montana,Big Sky,149,Montana Grizzlies,Montana,Grizzlies,MONT,Big Sky Conference,5,exact
2022-23,542237,Montana St.,Big Sky,147,Montana State Bobcats,Montana State,Bobcats,MTST,Big Sky Conference,5,exact
2022-23,542240,Morehead St.,OVC,2413,Morehead State Eagles,Morehead State,Eagles,MORE,Ohio Valley Conference,20,exact
2022-23,542242,Morgan St.,MEAC,2415,Morgan State Bears,Morgan State,Bears,MORG,Mid-Eastern Athletic Conference,16,exact
2022-23,542244,Mount St. Mary's,MAAC,116,Mount St. Mary's Mountaineers,Mount St. Mary's,Mountaineers,MSM,Metro Atlantic Athletic Conference,13,exact
2022-23,542246,Murray St.,MVC,93,Murray State Racers,Murray State,Racers,MUR,Missouri Valley Conference,18,exact
2022-23,542278,N.C. A&T,CAA,2448,North Carolina A&T Aggies,North Carolina A&T,Aggies,NCAT,Colonial Athletic Association,10,exact
2022-23,542281,N.C. Central,MEAC,2428,North Carolina Central Eagles,North Carolina Central,Eagles,NCCU,Mid-Eastern Athletic Conference,16,exact
2022-23,542283,NC State,ACC,152,NC State Wolfpack,NC State,Wolfpack,NCSU,Atlantic Coast Conference,2,exact
2022-23,542298,NIU,MAC,2459,Northern Illinois Huskies,Northern Illinois,Huskies,NIU,Mid-American Conference,14,exact
2022-23,542266,NJIT,ASUN,2885,NJIT Highlanders,NJIT,Highlanders,NJIT,America East Conference,1,exact
2022-23,542496,Navy,Patriot,2426,Navy Midshipmen,Navy,Midshipmen,NAVY,Patriot League,22,exact
2022-23,542257,Nebraska,Big Ten,158,Nebraska Cornhuskers,Nebraska,Cornhuskers,NEB,Big Ten Conference,7,exact
2022-23,542262,Nevada,MWC,2440,Nevada Wolf Pack,Nevada,Wolf Pack,NEV,Mountain West Conference,44,exact
2022-23,542264,New Hampshire,America East,160,New Hampshire Wildcats,New Hampshire,Wildcats,UNH,America East Conference,1,exact
2022-23,542269,New Mexico,MWC,167,New Mexico Lobos,New Mexico,Lobos,UNM,Mountain West Conference,44,exact
2022-23,542268,New Mexico St.,WAC,166,New Mexico State Aggies,New Mexico State,Aggies,NMSU,Western Athletic Conference,30,exact
2022-23,542271,New Orleans,Southland,2443,LSU New Orleans Privateers,LSU New Orleans,Privateers,NOLA,Southland Conference,25,exact
2022-23,542273,Niagara,MAAC,315,Niagara Purple Eagles,Niagara,Purple Eagles,NIA,Metro Atlantic Athletic Conference,13,exact
2022-23,542274,Nicholls,Southland,2447,Nicholls Colonels,Nicholls,Colonels,NICH,Southland Conference,25,exact
2022-23,542276,Norfolk St.,MEAC,2450,Norfolk State Spartans,Norfolk State,Spartans,NORF,Mid-Eastern Athletic Conference,16,exact
2022-23,541986,North Ala.,ASUN,2453,North Alabama Lions,North Alabama,Lions,UNA,ASUN Conference,46,exact
2022-23,542249,North Carolina,ACC,153,North Carolina Tar Heels,North Carolina,Tar Heels,UNC,Atlantic Coast Conference,2,exact
2022-23,542287,North Dakota,Summit League,155,North Dakota Fighting Hawks,North Dakota,Fighting Hawks,UND,Summit League,49,exact
2022-23,542285,North Dakota St.,Summit League,2449,North Dakota State Bison,North Dakota State,Bison,NDSU,Summit League,49,exact
2022-23,541976,North Florida,ASUN,2454,North Florida Ospreys,North Florida,Ospreys,UNF,ASUN Conference,46,exact
2022-23,542289,North Texas,C-USA,249,North Texas Mean Green,North Texas,Mean Green,UNT,Conference USA,11,exact
2022-23,542292,Northeastern,CAA,111,Northeastern Huskies,Northeastern,Huskies,NE,Colonial Athletic Association,10,exact
2022-23,542294,Northern Ariz.,Big Sky,2464,Northern Arizona Lumberjacks,Northern Arizona,Lumberjacks,NAU,Big Sky Conference,5,exact
2022-23,542296,Northern Colo.,Big Sky,2458,Northern Colorado Bears,Northern Colorado,Bears,UNCO,Big Sky Conference,5,exact
2022-23,542301,Northern Ky.,Horizon,94,Northern Kentucky Norse,Northern Kentucky,Norse,NKU,Horizon League,45,exact
2022-23,542307,Northwestern,Big Ten,77,Northwestern Wildcats,Northwestern,Wildcats,NU,Big Ten Conference,7,exact
2022-23,542305,Northwestern St.,Southland,2466,Northwestern State Demons,Northwestern State,Demons,NWST,Southland Conference,25,exact
2022-23,542309,Notre Dame,ACC,87,Notre Dame Fighting Irish,Notre Dame,Fighting Irish,ND,Atlantic Coast Conference,2,exact
2022-23,542311,Oakland,Horizon,2473,Oakland Golden Grizzlies,Oakland,Golden Grizzlies,OAK,Horizon League,45,exact
2022-23,542316,Ohio,MAC,195,Ohio Bobcats,Ohio,Bobcats,OHIO,Mid-American Conference,14,exact
2022-23,542314,Ohio St.,Big Ten,194,Ohio State Buckeyes,Ohio State,Buckeyes,OSU,Big Ten Conference,7,exact
2022-23,542319,Oklahoma,Big 12,201,Oklahoma Sooners,Oklahoma,Sooners,OU,Big 12 Conference,8,exact
2022-23,542317,Oklahoma St.,Big 12,197,Oklahoma State Cowboys,Oklahoma State,Cowboys,OKST,Big 12 Conference,8,exact
2022-23,542321,Old Dominion,Sun Belt,295,Old Dominion Monarchs,Old Dominion,Monarchs,ODU,Sun Belt Conference,27,exact
2022-23,542232,Ole Miss,SEC,145,Ole Miss Rebels,Ole Miss,Rebels,MISS,Southeastern Conference,23,exact
2022-23,542259,Omaha,Summit League,2437,Omaha Mavericks,Omaha,Mavericks,OMA,Summit League,49,exact
2022-23,542323,Oral Roberts,Summit League,198,Oral Roberts Golden Eagles,Oral Roberts,Golden Eagles,ORU,Summit League,49,exact
2022-23,542327,Oregon,Pac-12,2483,Oregon Ducks,Oregon,Ducks,ORE,Pac-12 Conference,21,exact
2022-23,542325,Oregon St.,Pac-12,204,Oregon State Beavers,Oregon State,Beavers,ORST,Pac-12 Conference,21,exact
2022-23,542329,Pacific,WCC,279,Pacific Tigers,Pacific,Tigers,PAC,West Coast Conference,29,exact
2022-23,542335,Penn,Ivy League,219,Pennsylvania Quakers,Pennsylvania,Quakers,PENN,Ivy League,12,exact
2022-23,542333,Penn St.,Big Ten,213,Penn State Nittany Lions,Penn State,Nittany Lions,PSU,Big Ten Conference,7,exact
2022-23,542337,Pepperdine,WCC,2492,Pepperdine Waves,Pepperdine,Waves,PEPP,West Coast Conference,29,exact
2022-23,542339,Pittsburgh,ACC,221,Pittsburgh Panthers,Pittsburgh,Panthers,PITT,Atlantic Coast Conference,2,exact
2022-23,542342,Portland,WCC,2501,Portland Pilots,Portland,Pilots,PORT,West Coast Conference,29,exact
2022-23,542341,Portland St.,Big Sky,2502,Portland State Vikings,Portland State,Vikings,PRST,Big Sky Conference,5,exact
2022-23,542344,Prairie View,SWAC,2504,Prairie View A&M Panthers,Prairie View A&M,Panthers,PV,Southwestern Athletic Conference,26,exact
2022-23,541971,Presbyterian,Big South,2506,Presbyterian Blue Hose,Presbyterian,Blue Hose,PRES,Big South Conference,6,exact
2022-23,542346,Princeton,Ivy League,163,Princeton Tigers,Princeton,Tigers,PRIN,Ivy League,12,exact
2022-23,542349,Providence,Big East,2507,Providence Friars,Providence,Friars,PROV,Big East Conference,4,exact
2022-23,542350,Purdue,Big Ten,2509,Purdue Boilermakers,Purdue,Boilermakers,PUR,Big Ten Conference,7,exact
2022-23,542145,Purdue Fort Wayne,Summit League,2870,Purdue Fort Wayne Mastodons,Purdue Fort Wayne,Mastodons,PFW,Horizon League,45,exact
2022-23,542941,Queens (NC),ASUN,2511,Queens University Royals,Queens University,Royals,QUC,,,dict
2022-23,542352,Quinnipiac,MAAC,2514,Quinnipiac Bobcats,Quinnipiac,Bobcats,QUIN,Metro Atlantic Athletic Conference,13,exact
2022-23,542354,Radford,Big South,2515,Radford Highlanders,Radford,Highlanders,RAD,Big South Conference,6,exact
2022-23,542356,Rhode Island,Atlantic 10,227,Rhode Island Rams,Rhode Island,Rams,URI,Atlantic 10 Conference,3,exact
2022-23,542357,Rice,C-USA,242,Rice Owls,Rice,Owls,RICE,Conference USA,11,exact
2022-23,542359,Richmond,Atlantic 10,257,Richmond Spiders,Richmond,Spiders,RICH,Atlantic 10 Conference,3,exact
2022-23,542361,Rider,MAAC,2520,Rider Broncs,Rider,Broncs,RID,Metro Atlantic Athletic Conference,13,exact
2022-23,542363,Robert Morris,NEC,2523,Robert Morris Colonials,Robert Morris,Colonials,RMU,Horizon League,45,exact
2022-23,542366,Rutgers,Big Ten,164,Rutgers Scarlet Knights,Rutgers,Scarlet Knights,RUTG,Big Ten Conference,7,exact
2022-23,542445,SFA,WAC,2617,Stephen F. Austin Lumberjacks,Stephen F. Austin,Lumberjacks,SFA,Western Athletic Conference,30,exact
2022-23,542429,SIUE,OVC,2565,SIU Edwardsville Cougars,SIU Edwardsville,Cougars,SIUE,Ohio Valley Conference,20,exact
2022-23,542431,SMU,AAC,2567,SMU Mustangs,SMU,Mustangs,SMU,American Athletic Conference,62,exact
2022-23,542026,Sacramento St.,Big Sky,16,Sacramento State Hornets,Sacramento State,Hornets,SAC,Big Sky Conference,5,exact
2022-23,542368,Sacred Heart,NEC,2529,Sacred Heart Pioneers,Sacred Heart,Pioneers,SHU,Northeast Conference,19,exact
2022-23,542374,Saint Francis (PA),NEC,2598,St. Francis (PA) Red Flash,St. Francis (PA),Red Flash,SFPA,Northeast Conference,19,exact
2022-23,542377,Saint Joseph's,Atlantic 10,2603,Saint Joseph's Hawks,Saint Joseph's,Hawks,JOES,Atlantic 10 Conference,3,exact
2022-23,542379,Saint Louis,Atlantic 10,139,Saint Louis Billikens,Saint Louis,Billikens,SLU,Atlantic 10 Conference,3,exact
2022-23,542381,Saint Mary's (CA),WCC,2608,Saint Mary's Gaels,Saint Mary's,Gaels,SMC,West Coast Conference,29,dict
2022-23,542383,Saint Peter's,MAAC,2612,Saint Peter's Peacocks,Saint Peter's,Peacocks,SPU,Metro Atlantic Athletic Conference,13,exact
2022-23,542385,Sam Houston,WAC,2534,Sam Houston Bearkats,Sam Houston,Bearkats,SHSU,Western Athletic Conference,30,exact
2022-23,542387,Samford,SoCon,2535,Samford Bulldogs,Samford,Bulldogs,SAM,Southern Conference,24,exact
2022-23,542390,San Diego,WCC,301,San Diego Toreros,San Diego,Toreros,USD,West Coast Conference,29,exact
2022-23,542388,San Diego St.,MWC,21,San Diego State Aztecs,San Diego State,Aztecs,SDSU,Mountain West Conference,44,exact
2022-23,542391,San Francisco,WCC,2539,San Francisco Dons,San Francisco,Dons,SF,West Coast Conference,29,exact
2022-23,542393,San Jose St.,MWC,23,San José State Spartans,San José State,Spartans,SJSU,Mountain West Conference,44,dict
2022-23,542407,Santa Clara,WCC,2541,Santa Clara Broncos,Santa Clara,Broncos,SCU,West Coast Conference,29,exact
2022-23,541972,Seattle U,WAC,2547,Seattle U Redhawks,Seattle U,Redhawks,SEA,Western Athletic Conference,30,exact
2022-23,542410,Seton Hall,Big East,2550,Seton Hall Pirates,Seton Hall,Pirates,HALL,Big East Conference,4,exact
2022-23,542411,Siena,MAAC,2561,Siena Saints,Siena,Saints,SIE,Metro Atlantic Athletic Conference,13,exact
2022-23,542413,South Alabama,Sun Belt,6,South Alabama Jaguars,South Alabama,Jaguars,USA,Sun Belt Conference,27,exact
2022-23,542416,South Carolina,SEC,2579,South Carolina Gamecocks,South Carolina,Gamecocks,SC,Southeastern Conference,23,exact
2022-23,542414,South Carolina St.,MEAC,2569,South Carolina State Bulldogs,South Carolina State,Bulldogs,SCST,Mid-Eastern Athletic Conference,16,exact
2022-23,542419,South Dakota,Summit League,233,South Dakota Coyotes,South Dakota,Coyotes,SDAK,Summit League,49,exact
2022-23,542417,South Dakota St.,Summit League,2571,South Dakota State Jackrabbits,South Dakota State,Jackrabbits,SDST,Summit League,49,exact
2022-23,542420,South Fla.,AAC,58,South Florida Bulls,South Florida,Bulls,USF,American Athletic Conference,62,exact
2022-23,542422,Southeast Mo. St.,OVC,2546,Southeast Missouri State Redhawks,Southeast Missouri State,Redhawks,SEMO,Ohio Valley Conference,20,exact
2022-23,542424,Southeastern La.,Southland,2545,SE Louisiana Lions,SE Louisiana,Lions,SELA,Southland Conference,25,dict
2022-23,542425,Southern California,Pac-12,30,USC Trojans,USC,Trojans,USC,Pac-12 Conference,21,dict
2022-23,542427,Southern Ill.,MVC,79,Southern Illinois Salukis,Southern Illinois,Salukis,SIU,Missouri Valley Conference,18,exact
2022-23,542773,Southern Ind.,OVC,88,Southern Indiana Screaming Eagles,Southern Indiana,Screaming Eagles,USI,,,alias
2022-23,542433,Southern Miss.,Sun Belt,2572,Southern Miss Golden Eagles,Southern Miss,Golden Eagles,USM,Sun Belt Conference,27,dict
2022-23,542434,Southern U.,SWAC,2582,Southern Jaguars,Southern,Jaguars,SOU,Southwestern Athletic Conference,26,dict
2022-23,542436,Southern Utah,WAC,253,Southern Utah Thunderbirds,Southern Utah,Thunderbirds,SUU,Western Athletic Conference,30,exact
2022-23,542370,St. Bonaventure,Atlantic 10,179,St. Bonaventure Bonnies,St. Bonaventure,Bonnies,SBU,Atlantic 10 Conference,3,exact
2022-23,542372,St. Francis Brooklyn,NEC,2597,St. Francis Brooklyn Terriers,St. Francis Brooklyn,Terriers,SFNY,Northeast Conference,19,exact
2022-23,542376,St. John's (NY),Big East,2599,St. John's Red Storm,St. John's,Red Storm,SJU,Big East Conference,4,dict
2022-23,542406,St. Thomas (MN),Summit League,2900,St. Thomas Tommies,St. Thomas,Tommies,STMN,Summit League,49,alias
2022-23,542444,Stanford,Pac-12,24,Stanford Cardinal,Stanford,Cardinal,STAN,Pac-12 Conference,21,exact
2022-23,542447,Stetson,ASUN,56,Stetson Hatters,Stetson,Hatters,STET,ASUN Conference,46,exact
2022-23,542774,Stonehill,NEC,284,Stonehill Skyhawks,Stonehill,Skyhawks,STO,Northeast Conference,19,exact
2022-23,542449,Stony Brook,America East,2619,Stony Brook Seawolves,Stony Brook,Seawolves,STBK,Colonial Athletic Association,10,exact
2022-23,542451,Syracuse,ACC,183,Syracuse Orange,Syracuse,Orange,SYR,Atlantic Coast Conference,2,exact
2022-23,542469,TCU,Big 12,2628,TCU Horned Frogs,TCU,Horned Frogs,TCU,Big 12 Conference,8,exact
2022-23,542404,Tarleton St.,WAC,2627,Tarleton State Texans,Tarleton State,Texans,TAR,Western Athletic Conference,30,exact
2022-23,542454,Temple,AAC,218,Temple Owls,Temple,Owls,TEM,American Athletic Conference,62,exact
2022-23,542462,Tennessee,SEC,2633,Tennessee Volunteers,Tennessee,Volunteers,TENN,Southeastern Conference,23,exact
2022-23,542456,Tennessee St.,OVC,2634,Tennessee State Tigers,Tennessee State,Tigers,TNST,Ohio Valley Conference,20,exact
2022-23,542457,Tennessee Tech,OVC,2635,Tennessee Tech Golden Eagles,Tennessee Tech,Golden Eagles,TNTC,Ohio Valley Conference,20,exact
2022-23,542631,Tex. A&M-Commerce,Southland,2837,East Texas A&M Lions,East Texas A&M,Lions,ETAM,Southland Conference,25,alias
2022-23,542477,Texas,Big 12,251,Texas Longhorns,Texas,Longhorns,TEX,Big 12 Conference,8,exact
2022-23,542467,Texas A&M,SEC,245,Texas A&M Aggies,Texas A&M,Aggies,TA&M,Southeastern Conference,23,exact
2022-23,542471,Texas Southern,SWAC,2640,Texas Southern Tigers,Texas Southern,Tigers,TXSO,Southwestern Athletic Conference,26,exact
2022-23,542440,Texas St.,Sun Belt,326,Texas State Bobcats,Texas State,Bobcats,TXST,Sun Belt Conference,27,exact
2022-23,542473,Texas Tech,Big 12,2641,Texas Tech Red Raiders,Texas Tech,Red Raiders,TTU,Big 12 Conference,8,exact
2022-23,542040,The Citadel,SoCon,2643,The Citadel Bulldogs,The Citadel,Bulldogs,CIT,Southern Conference,24,exact
2022-23,542483,Toledo,MAC,2649,Toledo Rockets,Toledo,Rockets,TOL,Mid-American Conference,14,exact
2022-23,542485,Towson,CAA,119,Towson Tigers,Towson,Tigers,TOW,Colonial Athletic Association,10,exact
2022-23,542487,Troy,Sun Belt,2653,Troy Trojans,Troy,Trojans,TROY,Sun Belt Conference,27,exact
2022-23,542489,Tulane,AAC,2655,Tulane Green Wave,Tulane,Green Wave,TULN,American Athletic Conference,62,exact
2022-23,542491,Tulsa,AAC,202,Tulsa Golden Hurricane,Tulsa,Golden Hurricane,TLSA,American Athletic Conference,62,exact
2022-23,541992,UAB,C-USA,5,UAB Blazers,UAB,Blazers,UAB,Conference USA,11,exact
2022-23,541993,UAlbany,America East,399,UAlbany Great Danes,UAlbany,Great Danes,UALB,America East Conference,1,exact
2022-23,542029,UC Davis,Big West,302,UC Davis Aggies,UC Davis,Aggies,UCD,Big West Conference,9,exact
2022-23,542030,UC Irvine,Big West,300,UC Irvine Anteaters,UC Irvine,Anteaters,UCI,Big West Conference,9,exact
2022-23,542032,UC Riverside,Big West,27,UC Riverside Highlanders,UC Riverside,Highlanders,UCR,Big West Conference,9,exact
2022-23,542400,UC San Diego,Big West,28,UC San Diego Tritons,UC San Diego,Tritons,UCSD,Big West Conference,9,exact
2022-23,542027,UC Santa Barbara,Big West,2540,UC Santa Barbara Gauchos,UC Santa Barbara,Gauchos,UCSB,Big West Conference,9,exact
2022-23,542036,UCF,AAC,2116,UCF Knights,UCF,Knights,UCF,American Athletic Conference,62,exact
2022-23,542031,UCLA,Pac-12,26,UCLA Bruins,UCLA,Bruins,UCLA,Pac-12 Conference,21,exact
2022-23,542048,UConn,AAC,41,UConn Huskies,UConn,Huskies,CONN,Big East Conference,4,exact
2022-23,542140,UIC,MVC,82,UIC Flames,UIC,Flames,UIC,Missouri Valley Conference,18,exact
2022-23,541977,UIW,Southland,2916,Incarnate Word Cardinals,Incarnate Word,Cardinals,UIW,Southland Conference,25,exact
2022-23,542290,ULM,Sun Belt,2433,UL Monroe Warhawks,UL Monroe,Warhawks,ULM,Sun Belt Conference,27,exact
2022-23,542204,UMBC,America East,2378,UMBC Retrievers,UMBC,Retrievers,UMBC,America East Conference,1,exact
2022-23,542207,UMES,MEAC,2379,Maryland Eastern Shore Hawks,Maryland Eastern Shore,Hawks,UMES,Mid-Eastern Athletic Conference,16,exact
2022-23,542188,UMass Lowell,America East,2349,UMass Lowell River Hawks,UMass Lowell,River Hawks,UML,America East Conference,1,exact
2022-23,542248,UNC Asheville,Big South,2427,UNC Asheville Bulldogs,UNC Asheville,Bulldogs,UNCA,Big South Conference,6,exact
2022-23,542253,UNC Greensboro,SoCon,2430,UNC Greensboro Spartans,UNC Greensboro,Spartans,UNCG,Southern Conference,24,exact
2022-23,542255,UNCW,CAA,350,UNC Wilmington Seahawks,UNC Wilmington,Seahawks,UNCW,Colonial Athletic Association,10,exact
2022-23,542299,UNI,MVC,2460,Northern Iowa Panthers,Northern Iowa,Panthers,UNI,Missouri Valley Conference,18,exact
2022-23,542260,UNLV,MWC,2439,UNLV Rebels,UNLV,Rebels,UNLV,Mountain West Conference,44,exact
2022-23,541979,USC Upstate,Big South,2908,South Carolina Upstate Spartans,South Carolina Upstate,Spartans,UPST,Big South Conference,6,dict
2022-23,542475,UT Arlington,WAC,250,UT Arlington Mavericks,UT Arlington,Mavericks,UTA,Western Athletic Conference,30,exact
2022-23,542465,UT Martin,OVC,2630,UT Martin Skyhawks,UT Martin,Skyhawks,UTM,Ohio Valley Conference,20,exact
2022-23,542479,UTEP,C-USA,2638,UTEP Miners,UTEP,Miners,UTEP,Conference USA,11,exact
2022-23,542331,UTRGV,WAC,292,UT Rio Grande Valley Vaqueros,UT Rio Grande Valley,Vaqueros,RGV,Western Athletic Conference,30,dict
2022-23,542481,UTSA,C-USA,2636,UTSA Roadrunners,UTSA,Roadrunners,UTSA,Conference USA,11,exact
2022-23,542501,Utah,Pac-12,254,Utah Utes,Utah,Utes,UTAH,Pac-12 Conference,21,exact
2022-23,542499,Utah St.,MWC,328,Utah State Aggies,Utah State,Aggies,USU,Mountain West Conference,44,exact
2022-23,542402,Utah Tech,WAC,3101,Utah Tech Trailblazers,Utah Tech,Trailblazers,UTU,Western Athletic Conference,30,exact
2022-23,541985,Utah Valley,WAC,3084,Utah Valley Wolverines,Utah Valley,Wolverines,UVU,Western Athletic Conference,30,exact
2022-23,542509,VCU,Atlantic 10,2670,VCU Rams,VCU,Rams,VCU,Atlantic 10 Conference,3,exact
2022-23,542511,VMI,SoCon,2678,VMI Keydets,VMI,Keydets,VMI,Southern Conference,24,exact
2022-23,542502,Valparaiso,MVC,2674,Valparaiso Beacons,Valparaiso,Beacons,VAL,Missouri Valley Conference,18,exact
2022-23,542504,Vanderbilt,SEC,238,Vanderbilt Commodores,Vanderbilt,Commodores,VAN,Southeastern Conference,23,exact
2022-23,542505,Vermont,America East,261,Vermont Catamounts,Vermont,Catamounts,UVM,America East Conference,1,exact
2022-23,542507,Villanova,Big East,222,Villanova Wildcats,Villanova,Wildcats,VILL,Big East Conference,4,exact
2022-23,542515,Virginia,ACC,258,Virginia Cavaliers,Virginia,Cavaliers,UVA,Atlantic Coast Conference,2,exact
2022-23,542513,Virginia Tech,ACC,259,Virginia Tech Hokies,Virginia Tech,Hokies,VT,Atlantic Coast Conference,2,exact
2022-23,542517,Wagner,NEC,2681,Wagner Seahawks,Wagner,Seahawks,WAG,Northeast Conference,19,exact
2022-23,542519,Wake Forest,ACC,154,Wake Forest Demon Deacons,Wake Forest,Demon Deacons,WAKE,Atlantic Coast Conference,2,exact
2022-23,542523,Washington,Pac-12,264,Washington Huskies,Washington,Huskies,WASH,Pac-12 Conference,21,exact
2022-23,542521,Washington St.,Pac-12,265,Washington State Cougars,Washington State,Cougars,WSU,Pac-12 Conference,21,exact
2022-23,542524,Weber St.,Big Sky,2692,Weber State Wildcats,Weber State,Wildcats,WEB,Big Sky Conference,5,exact
2022-23,542526,West Virginia,Big 12,277,West Virginia Mountaineers,West Virginia,Mountaineers,WVU,Big 12 Conference,8,exact
2022-23,542529,Western Caro.,SoCon,2717,Western Carolina Catamounts,Western Carolina,Catamounts,WCU,Southern Conference,24,exact
2022-23,542530,Western Ill.,Summit League,2710,Western Illinois Leathernecks,Western Illinois,Leathernecks,WIU,Summit League,49,exact
2022-23,542532,Western Ky.,C-USA,98,Western Kentucky Hilltoppers,Western Kentucky,Hilltoppers,WKU,Conference USA,11,exact
2022-23,542534,Western Mich.,MAC,2711,Western Michigan Broncos,Western Michigan,Broncos,WMU,Mid-American Conference,14,exact
2022-23,542535,Wichita St.,AAC,2724,Wichita State Shockers,Wichita State,Shockers,WICH,American Athletic Conference,62,exact
2022-23,542537,William & Mary,CAA,2729,William & Mary Tribe,William & Mary,Tribe,W&M,Colonial Athletic Association,10,exact
2022-23,542539,Winthrop,Big South,2737,Winthrop Eagles,Winthrop,Eagles,WIN,Big South Conference,6,exact
2022-23,542542,Wisconsin,Big Ten,275,Wisconsin Badgers,Wisconsin,Badgers,WIS,Big Ten Conference,7,exact
2022-23,541978,Wofford,SoCon,2747,Wofford Terriers,Wofford,Terriers,WOF,Southern Conference,24,exact
2022-23,542545,Wright St.,Horizon,2750,Wright State Raiders,Wright State,Raiders,WRST,Horizon League,45,exact
2022-23,542547,Wyoming,MWC,2751,Wyoming Cowboys,Wyoming,Cowboys,WYO,Mountain West Conference,44,exact
2022-23,542549,Xavier,Big East,2752,Xavier Musketeers,Xavier,Musketeers,XAV,Big East Conference,4,exact
2022-23,542550,Yale,Ivy League,43,Yale Bulldogs,Yale,Bulldogs,YALE,Ivy League,12,exact
2022-23,542552,Youngstown St.,Horizon,2754,Youngstown State Penguins,Youngstown State,Penguins,YSU,Horizon League,45,exact
2023-24,560639,A&M-Corpus Christi,Southland,357,Texas A&M-Corpus Christi Islanders,Texas A&M-Corpus Christi,Islanders,AMCC,Southland Conference,25,dict
2023-24,560649,Abilene Christian,WAC,2000,Abilene Christian Wildcats,Abilene Christian,Wildcats,ACU,Western Athletic Conference,30,exact
2023-24,561195,Air Force,MWC,2005,Air Force Falcons,Air Force,Falcons,AF,Mountain West Conference,44,exact
2023-24,560651,Akron,MAC,2006,Akron Zips,Akron,Zips,AKR,Mid-American Conference,14,exact
2023-24,560658,Alabama,SEC,333,Alabama Crimson Tide,Alabama,Crimson Tide,ALA,Southeastern Conference,23,exact
2023-24,560654,Alabama A&M,SWAC,2010,Alabama A&M Bulldogs,Alabama A&M,Bulldogs,AAMU,Southwestern Athletic Conference,26,exact
2023-24,560655,Alabama St.,SWAC,2011,Alabama State Hornets,Alabama State,Hornets,ALST,Southwestern Athletic Conference,26,exact
2023-24,560664,Alcorn,SWAC,2016,Alcorn State Braves,Alcorn State,Braves,ALCN,Southwestern Athletic Conference,26,dict
2023-24,560666,American,Patriot,44,American University Eagles,American University,Eagles,AMER,Patriot League,22,exact
2023-24,560667,App State,Sun Belt,2026,App State Mountaineers,App State,Mountaineers,APP,Sun Belt Conference,27,exact
2023-24,560672,Arizona,Pac-12,12,Arizona Wildcats,Arizona,Wildcats,ARIZ,Pac-12 Conference,21,exact
2023-24,560669,Arizona St.,Pac-12,9,Arizona State Sun Devils,Arizona State,Sun Devils,ASU,Pac-12 Conference,21,exact
2023-24,560622,Ark.-Pine Bluff,SWAC,2029,Arkansas-Pine Bluff Golden Lions,Arkansas-Pine Bluff,Golden Lions,UAPB,Southwestern Athletic Conference,26,dict
2023-24,560676,Arkansas,SEC,8,Arkansas Razorbacks,Arkansas,Razorbacks,ARK,Southeastern Conference,23,exact
2023-24,560674,Arkansas St.,Sun Belt,2032,Arkansas State Red Wolves,Arkansas State,Red Wolves,ARST,Sun Belt Conference,27,exact
2023-24,561197,Army West Point,Patriot,349,Army Black Knights,Army,Black Knights,ARMY,Patriot League,22,dict
2023-24,560680,Auburn,SEC,2,Auburn Tigers,Auburn,Tigers,AUB,Southeastern Conference,23,exact
2023-24,560682,Austin Peay,ASUN,2046,Austin Peay Governors,Austin Peay,Governors,APSU,ASUN Conference,46,exact
2023-24,560702,BYU,Big 12,252,BYU Cougars,BYU,Cougars,BYU,West Coast Conference,29,exact
2023-24,560683,Ball St.,MAC,2050,Ball State Cardinals,Ball State,Cardinals,BALL,Mid-American Conference,14,exact
2023-24,560687,Baylor,Big 12,239,Baylor Bears,Baylor,Bears,BAY,Big 12 Conference,8,exact
2023-24,561098,Bellarmine,ASUN,91,Bellarmine Knights,Bellarmine,Knights,BELL,ASUN Conference,46,exact
2023-24,560635,Belmont,MVC,2057,Belmont Bruins,Belmont,Bruins,BEL,Missouri Valley Conference,18,exact
2023-24,560689,Bethune-Cookman,SWAC,2065,Bethune-Cookman Wildcats,Bethune-Cookman,Wildcats,BCU,Southwestern Athletic Conference,26,exact
2023-24,560691,Binghamton,America East,2066,Binghamton Bearcats,Binghamton,Bearcats,BING,America East Conference,1,exact
2023-24,560693,Boise St.,MWC,68,Boise State Broncos,Boise State,Broncos,BOIS,Mountain West Conference,44,exact
2023-24,560695,Boston College,ACC,103,Boston College Eagles,Boston College,Eagles,BC,Atlantic Coast Conference,2,exact
2023-24,560696,Boston U.,Patriot,104,Boston University Terriers,Boston University,Terriers,BU,Patriot League,22,exact
2023-24,560699,Bowling Green,MAC,189,Bowling Green Falcons,Bowling Green,Falcons,BGSU,Mid-American Conference,14,exact
2023-24,560700,Bradley,MVC,71,Bradley Braves,Bradley,Braves,BRAD,Missouri Valley Conference,18,exact
2023-24,560704,Brown,Ivy League,225,Brown Bears,Brown,Bears,BRWN,Ivy League,12,exact
2023-24,560705,Bryant,America East,2803,Bryant Bulldogs,Bryant,Bulldogs,BRY,America East Conference,1,exact
2023-24,560707,Bucknell,Patriot,2083,Bucknell Bison,Bucknell,Bison,BUCK,Patriot League,22,exact
2023-24,560709,Buffalo,MAC,2084,Buffalo Bulls,Buffalo,Bulls,BUF,Mid-American Conference,14,exact
2023-24,560711,Butler,Big East,2086,Butler Bulldogs,Butler,Bulldogs,BTLR,Big East Conference,4,exact
2023-24,560714,CSU Bakersfield,WAC,2934,Cal State Bakersfield Roadrunners,Cal State Bakersfield,Roadrunners,CSUB,Big West Conference,9,alias
2023-24,560723,CSUN,Big West,2463,Cal State Northridge Matadors,Cal State Northridge,Matadors,CSUN,Big West Conference,9,exact
2023-24,560712,Cal Poly,Big West,13,Cal Poly Mustangs,Cal Poly,Mustangs,CP,Big West Conference,9,exact
2023-24,560718,Cal St. Fullerton,Big West,2239,Cal State Fullerton Titans,Cal State Fullerton,Titans,CSUF,Big West Conference,9,exact
2023-24,560729,California,Pac-12,25,California Golden Bears,California,Golden Bears,CAL,Pac-12 Conference,21,exact
2023-24,561094,California Baptist,WAC,2856,California Baptist Lancers,California Baptist,Lancers,CBU,Western Athletic Conference,30,exact
2023-24,560820,Campbell,CAA,2097,Campbell Fighting Camels,Campbell,Fighting Camels,CAM,Big South Conference,6,exact
2023-24,560822,Canisius,MAAC,2099,Canisius Golden Griffins,Canisius,Golden Griffins,CAN,Metro Atlantic Athletic Conference,13,exact
2023-24,561265,Central Ark.,ASUN,2110,Central Arkansas Bears,Central Arkansas,Bears,CARK,ASUN Conference,46,exact
2023-24,560824,Central Conn. St.,NEC,2115,Central Connecticut Blue Devils,Central Connecticut,Blue Devils,CCSU,Northeast Conference,19,dict
2023-24,560828,Central Mich.,MAC,2117,Central Michigan Chippewas,Central Michigan,Chippewas,CMU,Mid-American Conference,14,exact
2023-24,560685,Charleston So.,Big South,2127,Charleston Southern Buccaneers,Charleston Southern,Buccaneers,CHSO,Big South Conference,6,exact
2023-24,560798,Charlotte,AAC,2429,Charlotte 49ers,Charlotte,49ers,CLT,Conference USA,11,exact
2023-24,561164,Chattanooga,SoCon,236,Chattanooga Mocs,Chattanooga,Mocs,UTC,Southern Conference,24,exact
2023-24,560830,Chicago St.,Independent,2130,Chicago State Cougars,Chicago State,Cougars,CHST,Division I Independents,43,exact
2023-24,560832,Cincinnati,Big 12,2132,Cincinnati Bearcats,Cincinnati,Bearcats,CIN,American Athletic Conference,62,exact
2023-24,560836,Clemson,ACC,228,Clemson Tigers,Clemson,Tigers,CLEM,Atlantic Coast Conference,2,exact
2023-24,560838,Cleveland St.,Horizon,325,Cleveland State Vikings,Cleveland State,Vikings,CLE,Horizon League,45,exact
2023-24,560840,Coastal Carolina,Sun Belt,324,Coastal Carolina Chanticleers,Coastal Carolina,Chanticleers,CCU,Sun Belt Conference,27,exact
2023-24,560608,Col. of Charleston,CAA,232,Charleston Cougars,Charleston,Cougars,COFC,Colonial Athletic Association,10,dict
2023-24,560843,Colgate,Patriot,2142,Colgate Raiders,Colgate,Raiders,COLG,Patriot League,22,exact
2023-24,560847,Colorado,Pac-12,38,Colorado Buffaloes,Colorado,Buffaloes,COLO,Pac-12 Conference,21,exact
2023-24,560845,Colorado St.,MWC,36,Colorado State Rams,Colorado State,Rams,CSU,Mountain West Conference,44,exact
2023-24,560849,Columbia,Ivy League,171,Columbia Lions,Columbia,Lions,COLU,Ivy League,12,exact
2023-24,560853,Coppin St.,MEAC,2154,Coppin State Eagles,Coppin State,Eagles,COPP,Mid-Eastern Athletic Conference,16,exact
2023-24,560855,Cornell,Ivy League,172,Cornell Big Red,Cornell,Big Red,COR,Ivy League,12,exact
2023-24,560857,Creighton,Big East,156,Creighton Bluejays,Creighton,Bluejays,CREI,Big East Conference,4,exact
2023-24,560859,Dartmouth,Ivy League,159,Dartmouth Big Green,Dartmouth,Big Green,DART,Ivy League,12,exact
2023-24,560861,Davidson,Atlantic 10,2166,Davidson Wildcats,Davidson,Wildcats,DAV,Atlantic 10 Conference,3,exact
2023-24,560863,Dayton,Atlantic 10,2168,Dayton Flyers,Dayton,Flyers,DAY,Atlantic 10 Conference,3,exact
2023-24,560865,DePaul,Big East,305,DePaul Blue Demons,DePaul,Blue Demons,DEP,Big East Conference,4,exact
2023-24,560869,Delaware,CAA,48,Delaware Blue Hens,Delaware,Blue Hens,DEL,Colonial Athletic Association,10,exact
2023-24,560867,Delaware St.,MEAC,2169,Delaware State Hornets,Delaware State,Hornets,DSU,Mid-Eastern Athletic Conference,16,exact
2023-24,560871,Denver,Summit League,2172,Denver Pioneers,Denver,Pioneers,DEN,Summit League,49,exact
2023-24,560873,Detroit Mercy,Horizon,2174,Detroit Mercy Titans,Detroit Mercy,Titans,DETM,Horizon League,45,exact
2023-24,560875,Drake,MVC,2181,Drake Bulldogs,Drake,Bulldogs,DRKE,Missouri Valley Conference,18,exact
2023-24,560877,Drexel,CAA,2182,Drexel Dragons,Drexel,Dragons,DREX,Colonial Athletic Association,10,exact
2023-24,560879,Duke,ACC,150,Duke Blue Devils,Duke,Blue Devils,DUKE,Atlantic Coast Conference,2,exact
2023-24,560881,Duquesne,Atlantic 10,2184,Duquesne Dukes,Duquesne,Dukes,DUQ,Atlantic 10 Conference,3,exact
2023-24,560885,ETSU,SoCon,2193,East Tennessee State Buccaneers,East Tennessee State,Buccaneers,ETSU,Southern Conference,24,exact
2023-24,560883,East Carolina,AAC,151,East Carolina Pirates,East Carolina,Pirates,ECU,American Athletic Conference,62,exact
2023-24,560887,Eastern Ill.,OVC,2197,Eastern Illinois Panthers,Eastern Illinois,Panthers,EIU,Ohio Valley Conference,20,exact
2023-24,560889,Eastern Ky.,ASUN,2198,Eastern Kentucky Colonels,Eastern Kentucky,Colonels,EKU,ASUN Conference,46,exact
2023-24,560891,Eastern Mich.,MAC,2199,Eastern Michigan Eagles,Eastern Michigan,Eagles,EMU,Mid-American Conference,14,exact
2023-24,560892,Eastern Wash.,Big Sky,331,Eastern Washington Eagles,Eastern Washington,Eagles,EWU,Big Sky Conference,5,exact
2023-24,560610,Elon,CAA,2210,Elon Phoenix,Elon,Phoenix,ELON,Colonial Athletic Association,10,exact
2023-24,560893,Evansville,MVC,339,Evansville Purple Aces,Evansville,Purple Aces,EVAN,Missouri Valley Conference,18,exact
2023-24,560643,FGCU,ASUN,526,Florida Gulf Coast Eagles,Florida Gulf Coast,Eagles,FGCU,ASUN Conference,46,exact
2023-24,560903,FIU,C-USA,2229,Florida International Panthers,Florida International,Panthers,FIU,Conference USA,11,exact
2023-24,560895,Fairfield,MAAC,2217,Fairfield Stags,Fairfield,Stags,FAIR,Metro Atlantic Athletic Conference,13,exact
2023-24,560897,Fairleigh Dickinson,NEC,161,Fairleigh Dickinson Knights,Fairleigh Dickinson,Knights,FDU,Northeast Conference,19,exact
2023-24,560901,Fla. Atlantic,AAC,2226,Florida Atlantic Owls,Florida Atlantic,Owls,FAU,Conference USA,11,exact
2023-24,560908,Florida,SEC,57,Florida Gators,Florida,Gators,FLA,Southeastern Conference,23,exact
2023-24,560899,Florida A&M,SWAC,50,Florida A&M Rattlers,Florida A&M,Rattlers,FAMU,Southwestern Athletic Conference,26,exact
2023-24,560905,Florida St.,ACC,52,Florida State Seminoles,Florida State,Seminoles,FSU,Atlantic Coast Conference,2,exact
2023-24,560909,Fordham,Atlantic 10,2230,Fordham Rams,Fordham,Rams,FOR,Atlantic 10 Conference,3,exact
2023-24,560716,Fresno St.,MWC,278,Fresno State Bulldogs,Fresno State,Bulldogs,FRES,Mountain West Conference,44,exact
2023-24,560911,Furman,SoCon,231,Furman Paladins,Furman,Paladins,FUR,Southern Conference,24,exact
2023-24,560919,Ga. Southern,Sun Belt,290,Georgia Southern Eagles,Georgia Southern,Eagles,GASO,Sun Belt Conference,27,exact
2023-24,560612,Gardner-Webb,Big South,2241,Gardner-Webb Runnin' Bulldogs,Gardner-Webb,Runnin' Bulldogs,GWEB,Big South Conference,6,exact
2023-24,560913,George Mason,Atlantic 10,2244,George Mason Patriots,George Mason,Patriots,GMU,Atlantic 10 Conference,3,exact
2023-24,560915,George Washington,Atlantic 10,45,George Washington Revolutionaries,George Washington,Revolutionaries,GW,Atlantic 10 Conference,3,exact
2023-24,560917,Georgetown,Big East,46,Georgetown Hoyas,Georgetown,Hoyas,GTWN,Big East Conference,4,exact
2023-24,560924,Georgia,SEC,61,Georgia Bulldogs,Georgia,Bulldogs,UGA,Southeastern Conference,23,exact
2023-24,560920,Georgia St.,Sun Belt,2247,Georgia State Panthers,Georgia State,Panthers,GAST,Sun Belt Conference,27,exact
2023-24,560922,Georgia Tech,ACC,59,Georgia Tech Yellow Jackets,Georgia Tech,Yellow Jackets,GT,Atlantic Coast Conference,2,exact
2023-24,560926,Gonzaga,WCC,2250,Gonzaga Bulldogs,Gonzaga,Bulldogs,GONZ,West Coast Conference,29,exact
2023-24,560929,Grambling,SWAC,2755,Grambling Tigers,Grambling,Tigers,GRAM,Southwestern Athletic Conference,26,exact
2023-24,560614,Grand Canyon,WAC,2253,Grand Canyon Lopes,Grand Canyon,Lopes,GCU,Western Athletic Conference,30,exact
2023-24,561249,Green Bay,Horizon,2739,Green Bay Phoenix,Green Bay,Phoenix,GB,Horizon League,45,exact
2023-24,560931,Hampton,CAA,2261,Hampton Pirates,Hampton,Pirates,HAMP,Colonial Athletic Association,10,exact
2023-24,560935,Harvard,Ivy League,108,Harvard Crimson,Harvard,Crimson,HARV,Ivy League,12,exact
2023-24,560937,Hawaii,Big West,62,Hawai'i Rainbow Warriors,Hawai'i,Rainbow Warriors,HAW,Big West Conference,9,dict
2023-24,560637,High Point,Big South,2272,High Point Panthers,High Point,Panthers,HPU,Big South Conference,6,exact
2023-24,560939,Hofstra,CAA,2275,Hofstra Pride,Hofstra,Pride,HOF,Colonial Athletic Association,10,exact
2023-24,560941,Holy Cross,Patriot,107,Holy Cross Crusaders,Holy Cross,Crusaders,HC,Patriot League,22,exact
2023-24,560945,Houston,Big 12,248,Houston Cougars,Houston,Cougars,HOU,American Athletic Conference,62,exact
2023-24,560943,Houston Christian,Southland,2277,Houston Christian Huskies,Houston Christian,Huskies,HCU,Southland Conference,25,exact
2023-24,560947,Howard,MEAC,47,Howard Bison,Howard,Bison,HOW,Mid-Eastern Athletic Conference,16,exact
2023-24,560624,IUPUI,Horizon,85,IU Indianapolis Jaguars,IU Indianapolis,Jaguars,IUIN,Horizon League,45,alias
2023-24,560951,Idaho,Big Sky,70,Idaho Vandals,Idaho,Vandals,IDHO,Big Sky Conference,5,exact
2023-24,560949,Idaho St.,Big Sky,304,Idaho State Bengals,Idaho State,Bengals,IDST,Big Sky Conference,5,exact
2023-24,560955,Illinois,Big Ten,356,Illinois Fighting Illini,Illinois,Fighting Illini,ILL,Big Ten Conference,7,exact
2023-24,560953,Illinois St.,MVC,2287,Illinois State Redbirds,Illinois State,Redbirds,ILST,Missouri Valley Conference,18,exact
2023-24,560558,Indiana,Big Ten,84,Indiana Hoosiers,Indiana,Hoosiers,IU,Big Ten Conference,7,exact
2023-24,560557,Indiana St.,MVC,282,Indiana State Sycamores,Indiana State,Sycamores,INST,Missouri Valley Conference,18,exact
2023-24,560562,Iona,MAAC,314,Iona Gaels,Iona,Gaels,IONA,Metro Atlantic Athletic Conference,13,exact
2023-24,560567,Iowa,Big Ten,2294,Iowa Hawkeyes,Iowa,Hawkeyes,IOWA,Big Ten Conference,7,exact
2023-24,560565,Iowa St.,Big 12,66,Iowa State Cyclones,Iowa State,Cyclones,ISU,Big 12 Conference,8,exact
2023-24,560569,Jackson St.,SWAC,2296,Jackson State Tigers,Jackson State,Tigers,JKST,Southwestern Athletic Conference,26,exact
2023-24,560573,Jacksonville,ASUN,294,Jacksonville Dolphins,Jacksonville,Dolphins,JAX,ASUN Conference,46,exact
2023-24,560571,Jacksonville St.,C-USA,55,Jacksonville State Gamecocks,Jacksonville State,Gamecocks,JXST,ASUN Conference,46,exact
2023-24,560575,James Madison,Sun Belt,256,James Madison Dukes,James Madison,Dukes,JMU,Sun Belt Conference,27,exact
2023-24,560579,Kansas,Big 12,2305,Kansas Jayhawks,Kansas,Jayhawks,KU,Big 12 Conference,8,exact
2023-24,560626,Kansas City,WAC,140,Kansas City Roos,Kansas City,Roos,KC,Summit League,49,exact
2023-24,560577,Kansas St.,Big 12,2306,Kansas State Wildcats,Kansas State,Wildcats,KSU,Big 12 Conference,8,exact
2023-24,560616,Kennesaw St.,ASUN,338,Kennesaw State Owls,Kennesaw State,Owls,KENN,ASUN Conference,46,exact
2023-24,560581,Kent St.,MAC,2309,Kent State Golden Flashes,Kent State,Golden Flashes,KENT,Mid-American Conference,14,exact
2023-24,560583,Kentucky,SEC,96,Kentucky Wildcats,Kentucky,Wildcats,UK,Southeastern Conference,23,exact
2023-24,560596,LIU,NEC,112358,Long Island University Sharks,Long Island University,Sharks,LIU,Northeast Conference,19,exact
2023-24,560733,LMU (CA),WCC,2351,Loyola Marymount Lions,Loyola Marymount,Lions,LMU,West Coast Conference,29,dict
2023-24,560600,LSU,SEC,99,LSU Tigers,LSU,Tigers,LSU,Southeastern Conference,23,exact
2023-24,560585,La Salle,Atlantic 10,2325,La Salle Explorers,La Salle,Explorers,LAS,Atlantic 10 Conference,3,exact
2023-24,560587,Lafayette,Patriot,322,Lafayette Leopards,Lafayette,Leopards,LAF,Patriot League,22,exact
2023-24,560589,Lamar University,WAC,2320,Lamar Cardinals,Lamar,Cardinals,LAM,Southland Conference,25,dict
2023-24,561749,Le Moyne,NEC,2330,Le Moyne Dolphins,Le Moyne,Dolphins,LEM,,,exact
2023-24,560591,Lehigh,Patriot,2329,Lehigh Mountain Hawks,Lehigh,Mountain Hawks,LEH,Patriot League,22,exact
2023-24,560593,Liberty,C-USA,2335,Liberty Flames,Liberty,Flames,LIB,ASUN Conference,46,exact
2023-24,560555,Lindenwood,OVC,2815,Lindenwood Lions,Lindenwood,Lions,LIN,,,exact
2023-24,560641,Lipscomb,ASUN,288,Lipscomb Bisons,Lipscomb,Bisons,LIP,ASUN Conference,46,exact
2023-24,560678,Little Rock,OVC,2031,Little Rock Trojans,Little Rock,Trojans,LR,Ohio Valley Conference,20,exact
2023-24,560721,Long Beach St.,Big West,299,Long Beach State Beach,Long Beach State,Beach,LBSU,Big West Conference,9,exact
2023-24,560598,Longwood,Big South,2344,Longwood Lancers,Longwood,Lancers,LONG,Big South Conference,6,exact
2023-24,561145,Louisiana,Sun Belt,309,Louisiana Ragin' Cajuns,Louisiana,Ragin' Cajuns,UL,Sun Belt Conference,27,exact
2023-24,560602,Louisiana Tech,C-USA,2348,Louisiana Tech Bulldogs,Louisiana Tech,Bulldogs,LT,Conference USA,11,exact
2023-24,560604,Louisville,ACC,97,Louisville Cardinals,Louisville,Cardinals,LOU,Atlantic Coast Conference,2,exact
2023-24,560735,Loyola Chicago,Atlantic 10,2350,Loyola Chicago Ramblers,Loyola Chicago,Ramblers,LUC,Atlantic 10 Conference,3,exact
2023-24,560731,Loyola Maryland,Patriot,2352,Loyola Maryland Greyhounds,Loyola Maryland,Greyhounds,L-MD,Patriot League,22,exact
2023-24,560736,Maine,America East,311,Maine Black Bears,Maine,Black Bears,ME,America East Conference,1,exact
2023-24,560738,Manhattan,MAAC,2363,Manhattan Jaspers,Manhattan,Jaspers,MAN,Metro Atlantic Athletic Conference,13,exact
2023-24,560740,Marist,MAAC,2368,Marist Red Foxes,Marist,Red Foxes,MRST,Metro Atlantic Athletic Conference,13,exact
2023-24,560742,Marquette,Big East,269,Marquette Golden Eagles,Marquette,Golden Eagles,MARQ,Big East Conference,4,exact
2023-24,560744,Marshall,Sun Belt,276,Marshall Thundering Herd,Marshall,Thundering Herd,MRSH,Sun Belt Conference,27,exact
2023-24,560747,Maryland,Big Ten,120,Maryland Terrapins,Maryland,Terrapins,MD,Big Ten Conference,7,exact
2023-24,560752,Massachusetts,Atlantic 10,113,Massachusetts Minutemen,Massachusetts,Minutemen,MASS,Atlantic 10 Conference,3,exact
2023-24,560755,McNeese,Southland,2377,McNeese Cowboys,McNeese,Cowboys,MCN,Southland Conference,25,exact
2023-24,560756,Memphis,AAC,235,Memphis Tigers,Memphis,Tigers,MEM,American Athletic Conference,62,exact
2023-24,560758,Mercer,SoCon,2382,Mercer Bears,Mercer,Bears,MER,Southern Conference,24,exact
2023-24,561096,Merrimack,NEC,2771,Merrimack Warriors,Merrimack,Warriors,MRMK,Northeast Conference,19,exact
2023-24,560763,Miami (FL),ACC,2390,Miami Hurricanes,Miami,Hurricanes,MIA,Atlantic Coast Conference,2,dict
2023-24,560761,Miami (OH),MAC,193,Miami (OH) RedHawks,Miami (OH),RedHawks,M-OH,Mid-American Conference,14,exact
2023-24,560767,Michigan,Big Ten,130,Michigan Wolverines,Michigan,Wolverines,MICH,Big Ten Conference,7,exact
2023-24,560765,Michigan St.,Big Ten,127,Michigan State Spartans,Michigan State,Spartans,MSU,Big Ten Conference,7,exact
2023-24,560769,Middle Tenn.,C-USA,2393,Middle Tennessee Blue Raiders,Middle Tennessee,Blue Raiders,MTSU,Conference USA,11,exact
2023-24,561253,Milwaukee,Horizon,270,Milwaukee Panthers,Milwaukee,Panthers,MILW,Horizon League,45,exact
2023-24,560772,Minnesota,Big Ten,135,Minnesota Golden Gophers,Minnesota,Golden Gophers,MINN,Big Ten Conference,7,exact
2023-24,560773,Mississippi St.,SEC,344,Mississippi State Bulldogs,Mississippi State,Bulldogs,MSST,Southeastern Conference,23,exact
2023-24,560775,Mississippi Val.,SWAC,2400,Mississippi Valley State Delta Devils,Mississippi Valley State,Delta Devils,MVSU,Southwestern Athletic Conference,26,dict
2023-24,560780,Missouri,SEC,142,Missouri Tigers,Missouri,Tigers,MIZ,Southeastern Conference,23,exact
2023-24,561141,Missouri St.,MVC,2623,Missouri State Bears,Missouri State,Bears,MOST,Missouri Valley Conference,18,exact
2023-24,560781,Monmouth,CAA,2405,Monmouth Hawks,Monmouth,Hawks,MONM,Colonial Athletic Association,10,exact
2023-24,560785,Montana,Big Sky,149,Montana Grizzlies,Montana,Grizzlies,MONT,Big Sky Conference,5,exact
2023-24,560783,Montana St.,Big Sky,147,Montana State Bobcats,Montana State,Bobcats,MTST,Big Sky Conference,5,exact
2023-24,560787,Morehead St.,OVC,2413,Morehead State Eagles,Morehead State,Eagles,MORE,Ohio Valley Conference,20,exact
2023-24,560789,Morgan St.,MEAC,2415,Morgan State Bears,Morgan State,Bears,MORG,Mid-Eastern Athletic Conference,16,exact
2023-24,560791,Mount St. Mary's,MAAC,116,Mount St. Mary's Mountaineers,Mount St. Mary's,Mountaineers,MSM,Metro Atlantic Athletic Conference,13,exact
2023-24,560792,Murray St.,MVC,93,Murray State Racers,Murray State,Racers,MUR,Missouri Valley Conference,18,exact
2023-24,560974,N.C. A&T,CAA,2448,North Carolina A&T Aggies,North Carolina A&T,Aggies,NCAT,Colonial Athletic Association,10,exact
2023-24,560976,N.C. Central,MEAC,2428,North Carolina Central Eagles,North Carolina Central,Eagles,NCCU,Mid-Eastern Athletic Conference,16,exact
2023-24,560978,NC State,ACC,152,NC State Wolfpack,NC State,Wolfpack,NCSU,Atlantic Coast Conference,2,exact
2023-24,560994,NIU,MAC,2459,Northern Illinois Huskies,Northern Illinois,Huskies,NIU,Mid-American Conference,14,exact
2023-24,560961,NJIT,ASUN,2885,NJIT Highlanders,NJIT,Highlanders,NJIT,America East Conference,1,exact
2023-24,561199,Navy,Patriot,2426,Navy Midshipmen,Navy,Midshipmen,NAVY,Patriot League,22,exact
2023-24,560804,Nebraska,Big Ten,158,Nebraska Cornhuskers,Nebraska,Cornhuskers,NEB,Big Ten Conference,7,exact
2023-24,560810,Nevada,MWC,2440,Nevada Wolf Pack,Nevada,Wolf Pack,NEV,Mountain West Conference,44,exact
2023-24,560958,New Hampshire,America East,160,New Hampshire Wildcats,New Hampshire,Wildcats,UNH,America East Conference,1,exact
2023-24,560964,New Mexico,MWC,167,New Mexico Lobos,New Mexico,Lobos,UNM,Mountain West Conference,44,exact
2023-24,560963,New Mexico St.,C-USA,166,New Mexico State Aggies,New Mexico State,Aggies,NMSU,Western Athletic Conference,30,exact
2023-24,560966,New Orleans,Southland,2443,LSU New Orleans Privateers,LSU New Orleans,Privateers,NOLA,Southland Conference,25,exact
2023-24,560968,Niagara,MAAC,315,Niagara Purple Eagles,Niagara,Purple Eagles,NIA,Metro Atlantic Athletic Conference,13,exact
2023-24,560970,Nicholls,Southland,2447,Nicholls Colonels,Nicholls,Colonels,NICH,Southland Conference,25,exact
2023-24,560972,Norfolk St.,MEAC,2450,Norfolk State Spartans,Norfolk State,Spartans,NORF,Mid-Eastern Athletic Conference,16,exact
2023-24,560647,North Ala.,ASUN,2453,North Alabama Lions,North Alabama,Lions,UNA,ASUN Conference,46,exact
2023-24,560796,North Carolina,ACC,153,North Carolina Tar Heels,North Carolina,Tar Heels,UNC,Atlantic Coast Conference,2,exact
2023-24,560981,North Dakota,Summit League,155,North Dakota Fighting Hawks,North Dakota,Fighting Hawks,UND,Summit League,49,exact
2023-24,560980,North Dakota St.,Summit League,2449,North Dakota State Bison,North Dakota State,Bison,NDSU,Summit League,49,exact
2023-24,560628,North Florida,ASUN,2454,North Florida Ospreys,North Florida,Ospreys,UNF,ASUN Conference,46,exact
2023-24,560983,North Texas,AAC,249,North Texas Mean Green,North Texas,Mean Green,UNT,Conference USA,11,exact
2023-24,560988,Northeastern,CAA,111,Northeastern Huskies,Northeastern,Huskies,NE,Colonial Athletic Association,10,exact
2023-24,560989,Northern Ariz.,Big Sky,2464,Northern Arizona Lumberjacks,Northern Arizona,Lumberjacks,NAU,Big Sky Conference,5,exact
2023-24,560992,Northern Colo.,Big Sky,2458,Northern Colorado Bears,Northern Colorado,Bears,UNCO,Big Sky Conference,5,exact
2023-24,560998,Northern Ky.,Horizon,94,Northern Kentucky Norse,Northern Kentucky,Norse,NKU,Horizon League,45,exact
2023-24,561002,Northwestern,Big Ten,77,Northwestern Wildcats,Northwestern,Wildcats,NU,Big Ten Conference,7,exact
2023-24,561000,Northwestern St.,Southland,2466,Northwestern State Demons,Northwestern State,Demons,NWST,Southland Conference,25,exact
2023-24,561004,Notre Dame,ACC,87,Notre Dame Fighting Irish,Notre Dame,Fighting Irish,ND,Atlantic Coast Conference,2,exact
2023-24,561006,Oakland,Horizon,2473,Oakland Golden Grizzlies,Oakland,Golden Grizzlies,OAK,Horizon League,45,exact
2023-24,561010,Ohio,MAC,195,Ohio Bobcats,Ohio,Bobcats,OHIO,Mid-American Conference,14,exact
2023-24,561008,Ohio St.,Big Ten,194,Ohio State Buckeyes,Ohio State,Buckeyes,OSU,Big Ten Conference,7,exact
2023-24,561014,Oklahoma,Big 12,201,Oklahoma Sooners,Oklahoma,Sooners,OU,Big 12 Conference,8,exact
2023-24,561012,Oklahoma St.,Big 12,197,Oklahoma State Cowboys,Oklahoma State,Cowboys,OKST,Big 12 Conference,8,exact
2023-24,561016,Old Dominion,Sun Belt,295,Old Dominion Monarchs,Old Dominion,Monarchs,ODU,Sun Belt Conference,27,exact
2023-24,560777,Ole Miss,SEC,145,Ole Miss Rebels,Ole Miss,Rebels,MISS,Southeastern Conference,23,exact
2023-24,560806,Omaha,Summit League,2437,Omaha Mavericks,Omaha,Mavericks,OMA,Summit League,49,exact
2023-24,561018,Oral Roberts,Summit League,198,Oral Roberts Golden Eagles,Oral Roberts,Golden Eagles,ORU,Summit League,49,exact
2023-24,561022,Oregon,Pac-12,2483,Oregon Ducks,Oregon,Ducks,ORE,Pac-12 Conference,21,exact
2023-24,561020,Oregon St.,Pac-12,204,Oregon State Beavers,Oregon State,Beavers,ORST,Pac-12 Conference,21,exact
2023-24,561024,Pacific,WCC,279,Pacific Tigers,Pacific,Tigers,PAC,West Coast Conference,29,exact
2023-24,561029,Penn,Ivy League,219,Pennsylvania Quakers,Pennsylvania,Quakers,PENN,Ivy League,12,exact
2023-24,561028,Penn St.,Big Ten,213,Penn State Nittany Lions,Penn State,Nittany Lions,PSU,Big Ten Conference,7,exact
2023-24,561031,Pepperdine,WCC,2492,Pepperdine Waves,Pepperdine,Waves,PEPP,West Coast Conference,29,exact
2023-24,561033,Pittsburgh,ACC,221,Pittsburgh Panthers,Pittsburgh,Panthers,PITT,Atlantic Coast Conference,2,exact
2023-24,561036,Portland,WCC,2501,Portland Pilots,Portland,Pilots,PORT,West Coast Conference,29,exact
2023-24,561035,Portland St.,Big Sky,2502,Portland State Vikings,Portland State,Vikings,PRST,Big Sky Conference,5,exact
2023-24,561038,Prairie View,SWAC,2504,Prairie View A&M Panthers,Prairie View A&M,Panthers,PV,Southwestern Athletic Conference,26,exact
2023-24,560618,Presbyterian,Big South,2506,Presbyterian Blue Hose,Presbyterian,Blue Hose,PRES,Big South Conference,6,exact
2023-24,561040,Princeton,Ivy League,163,Princeton Tigers,Princeton,Tigers,PRIN,Ivy League,12,exact
2023-24,561042,Providence,Big East,2507,Providence Friars,Providence,Friars,PROV,Big East Conference,4,exact
2023-24,561044,Purdue,Big Ten,2509,Purdue Boilermakers,Purdue,Boilermakers,PUR,Big Ten Conference,7,exact
2023-24,560560,Purdue Fort Wayne,Summit League,2870,Purdue Fort Wayne Mastodons,Purdue Fort Wayne,Mastodons,PFW,Horizon League,45,exact
2023-24,560552,Queens (NC),ASUN,2511,Queens University Royals,Queens University,Royals,QUC,,,dict
2023-24,561047,Quinnipiac,MAAC,2514,Quinnipiac Bobcats,Quinnipiac,Bobcats,QUIN,Metro Atlantic Athletic Conference,13,exact
2023-24,561049,Radford,Big South,2515,Radford Highlanders,Radford,Highlanders,RAD,Big South Conference,6,exact
2023-24,561050,Rhode Island,Atlantic 10,227,Rhode Island Rams,Rhode Island,Rams,URI,Atlantic 10 Conference,3,exact
2023-24,561052,Rice,AAC,242,Rice Owls,Rice,Owls,RICE,Conference USA,11,exact
2023-24,561055,Richmond,Atlantic 10,257,Richmond Spiders,Richmond,Spiders,RICH,Atlantic 10 Conference,3,exact
2023-24,561056,Rider,MAAC,2520,Rider Broncs,Rider,Broncs,RID,Metro Atlantic Athletic Conference,13,exact
2023-24,561059,Robert Morris,NEC,2523,Robert Morris Colonials,Robert Morris,Colonials,RMU,Horizon League,45,exact
2023-24,561061,Rutgers,Big Ten,164,Rutgers Scarlet Knights,Rutgers,Scarlet Knights,RUTG,Big Ten Conference,7,exact
2023-24,561150,SFA,WAC,2617,Stephen F. Austin Lumberjacks,Stephen F. Austin,Lumberjacks,SFA,Western Athletic Conference,30,exact
2023-24,561131,SIUE,OVC,2565,SIU Edwardsville Cougars,SIU Edwardsville,Cougars,SIUE,Ohio Valley Conference,20,exact
2023-24,561133,SMU,AAC,2567,SMU Mustangs,SMU,Mustangs,SMU,American Athletic Conference,62,exact
2023-24,560726,Sacramento St.,Big Sky,16,Sacramento State Hornets,Sacramento State,Hornets,SAC,Big Sky Conference,5,exact
2023-24,561063,Sacred Heart,NEC,2529,Sacred Heart Pioneers,Sacred Heart,Pioneers,SHU,Northeast Conference,19,exact
2023-24,561072,Saint Francis (PA),NEC,2598,St. Francis (PA) Red Flash,St. Francis (PA),Red Flash,SFPA,Northeast Conference,19,exact
2023-24,561077,Saint Joseph's,Atlantic 10,2603,Saint Joseph's Hawks,Saint Joseph's,Hawks,JOES,Atlantic 10 Conference,3,exact
2023-24,561078,Saint Louis,Atlantic 10,139,Saint Louis Billikens,Saint Louis,Billikens,SLU,Atlantic 10 Conference,3,exact
2023-24,561080,Saint Mary's (CA),WCC,2608,Saint Mary's Gaels,Saint Mary's,Gaels,SMC,West Coast Conference,29,dict
2023-24,561082,Saint Peter's,MAAC,2612,Saint Peter's Peacocks,Saint Peter's,Peacocks,SPU,Metro Atlantic Athletic Conference,13,exact
2023-24,561084,Sam Houston,C-USA,2534,Sam Houston Bearkats,Sam Houston,Bearkats,SHSU,Western Athletic Conference,30,exact
2023-24,561086,Samford,SoCon,2535,Samford Bulldogs,Samford,Bulldogs,SAM,Southern Conference,24,exact
2023-24,561090,San Diego,WCC,301,San Diego Toreros,San Diego,Toreros,USD,West Coast Conference,29,exact
2023-24,561088,San Diego St.,MWC,21,San Diego State Aztecs,San Diego State,Aztecs,SDSU,Mountain West Conference,44,exact
2023-24,561091,San Francisco,WCC,2539,San Francisco Dons,San Francisco,Dons,SF,West Coast Conference,29,exact
2023-24,561092,San Jose St.,MWC,23,San José State Spartans,San José State,Spartans,SJSU,Mountain West Conference,44,dict
2023-24,561108,Santa Clara,WCC,2541,Santa Clara Broncos,Santa Clara,Broncos,SCU,West Coast Conference,29,exact
2023-24,560620,Seattle U,WAC,2547,Seattle U Redhawks,Seattle U,Redhawks,SEA,Western Athletic Conference,30,exact
2023-24,561110,Seton Hall,Big East,2550,Seton Hall Pirates,Seton Hall,Pirates,HALL,Big East Conference,4,exact
2023-24,561112,Siena,MAAC,2561,Siena Saints,Siena,Saints,SIE,Metro Atlantic Athletic Conference,13,exact
2023-24,561113,South Alabama,Sun Belt,6,South Alabama Jaguars,South Alabama,Jaguars,USA,Sun Belt Conference,27,exact
2023-24,561117,South Carolina,SEC,2579,South Carolina Gamecocks,South Carolina,Gamecocks,SC,Southeastern Conference,23,exact
2023-24,561115,South Carolina St.,MEAC,2569,South Carolina State Bulldogs,South Carolina State,Bulldogs,SCST,Mid-Eastern Athletic Conference,16,exact
2023-24,561121,South Dakota,Summit League,233,South Dakota Coyotes,South Dakota,Coyotes,SDAK,Summit League,49,exact
2023-24,561119,South Dakota St.,Summit League,2571,South Dakota State Jackrabbits,South Dakota State,Jackrabbits,SDST,Summit League,49,exact
2023-24,561122,South Fla.,AAC,58,South Florida Bulls,South Florida,Bulls,USF,American Athletic Conference,62,exact
2023-24,561124,Southeast Mo. St.,OVC,2546,Southeast Missouri State Redhawks,Southeast Missouri State,Redhawks,SEMO,Ohio Valley Conference,20,exact
2023-24,561126,Southeastern La.,Southland,2545,SE Louisiana Lions,SE Louisiana,Lions,SELA,Southland Conference,25,dict
2023-24,561127,Southern California,Pac-12,30,USC Trojans,USC,Trojans,USC,Pac-12 Conference,21,dict
2023-24,561129,Southern Ill.,MVC,79,Southern Illinois Salukis,Southern Illinois,Salukis,SIU,Missouri Valley Conference,18,exact
2023-24,561269,Southern Ind.,OVC,88,Southern Indiana Screaming Eagles,Southern Indiana,Screaming Eagles,USI,,,alias
2023-24,561134,Southern Miss.,Sun Belt,2572,Southern Miss Golden Eagles,Southern Miss,Golden Eagles,USM,Sun Belt Conference,27,dict
2023-24,561136,Southern U.,SWAC,2582,Southern Jaguars,Southern,Jaguars,SOU,Southwestern Athletic Conference,26,dict
2023-24,561139,Southern Utah,WAC,253,Southern Utah Thunderbirds,Southern Utah,Thunderbirds,SUU,Western Athletic Conference,30,exact
2023-24,561067,St. Bonaventure,Atlantic 10,179,St. Bonaventure Bonnies,St. Bonaventure,Bonnies,SBU,Atlantic 10 Conference,3,exact
2023-24,561074,St. John's (NY),Big East,2599,St. John's Red Storm,St. John's,Red Storm,SJU,Big East Conference,4,dict
2023-24,561106,St. Thomas (MN),Summit League,2900,St. Thomas Tommies,St. Thomas,Tommies,STMN,Summit League,49,alias
2023-24,561147,Stanford,Pac-12,24,Stanford Cardinal,Stanford,Cardinal,STAN,Pac-12 Conference,21,exact
2023-24,561152,Stetson,ASUN,56,Stetson Hatters,Stetson,Hatters,STET,ASUN Conference,46,exact
2023-24,561271,Stonehill,NEC,284,Stonehill Skyhawks,Stonehill,Skyhawks,STO,Northeast Conference,19,exact
2023-24,561154,Stony Brook,America East,2619,Stony Brook Seawolves,Stony Brook,Seawolves,STBK,Colonial Athletic Association,10,exact
2023-24,561156,Syracuse,ACC,183,Syracuse Orange,Syracuse,Orange,SYR,Atlantic Coast Conference,2,exact
2023-24,561172,TCU,Big 12,2628,TCU Horned Frogs,TCU,Horned Frogs,TCU,Big 12 Conference,8,exact
2023-24,561104,Tarleton St.,WAC,2627,Tarleton State Texans,Tarleton State,Texans,TAR,Western Athletic Conference,30,exact
2023-24,561158,Temple,AAC,218,Temple Owls,Temple,Owls,TEM,American Athletic Conference,62,exact
2023-24,561166,Tennessee,SEC,2633,Tennessee Volunteers,Tennessee,Volunteers,TENN,Southeastern Conference,23,exact
2023-24,561160,Tennessee St.,OVC,2634,Tennessee State Tigers,Tennessee State,Tigers,TNST,Ohio Valley Conference,20,exact
2023-24,561162,Tennessee Tech,OVC,2635,Tennessee Tech Golden Eagles,Tennessee Tech,Golden Eagles,TNTC,Ohio Valley Conference,20,exact
2023-24,561267,Tex. A&M-Commerce,Southland,2837,East Texas A&M Lions,East Texas A&M,Lions,ETAM,Southland Conference,25,alias
2023-24,561179,Texas,Big 12,251,Texas Longhorns,Texas,Longhorns,TEX,Big 12 Conference,8,exact
2023-24,561170,Texas A&M,SEC,245,Texas A&M Aggies,Texas A&M,Aggies,TA&M,Southeastern Conference,23,exact
2023-24,561174,Texas Southern,SWAC,2640,Texas Southern Tigers,Texas Southern,Tigers,TXSO,Southwestern Athletic Conference,26,exact
2023-24,561143,Texas St.,Sun Belt,326,Texas State Bobcats,Texas State,Bobcats,TXST,Sun Belt Conference,27,exact
2023-24,561176,Texas Tech,Big 12,2641,Texas Tech Red Raiders,Texas Tech,Red Raiders,TTU,Big 12 Conference,8,exact
2023-24,560834,The Citadel,SoCon,2643,The Citadel Bulldogs,The Citadel,Bulldogs,CIT,Southern Conference,24,exact
2023-24,561186,Toledo,MAC,2649,Toledo Rockets,Toledo,Rockets,TOL,Mid-American Conference,14,exact
2023-24,561188,Towson,CAA,119,Towson Tigers,Towson,Tigers,TOW,Colonial Athletic Association,10,exact
2023-24,561190,Troy,Sun Belt,2653,Troy Trojans,Troy,Trojans,TROY,Sun Belt Conference,27,exact
2023-24,561192,Tulane,AAC,2655,Tulane Green Wave,Tulane,Green Wave,TULN,American Athletic Conference,62,exact
2023-24,561194,Tulsa,AAC,202,Tulsa Golden Hurricane,Tulsa,Golden Hurricane,TLSA,American Athletic Conference,62,exact
2023-24,560659,UAB,AAC,5,UAB Blazers,UAB,Blazers,UAB,Conference USA,11,exact
2023-24,560662,UAlbany,America East,399,UAlbany Great Danes,UAlbany,Great Danes,UALB,America East Conference,1,exact
2023-24,560813,UC Davis,Big West,302,UC Davis Aggies,UC Davis,Aggies,UCD,Big West Conference,9,exact
2023-24,560815,UC Irvine,Big West,300,UC Irvine Anteaters,UC Irvine,Anteaters,UCI,Big West Conference,9,exact
2023-24,560819,UC Riverside,Big West,27,UC Riverside Highlanders,UC Riverside,Highlanders,UCR,Big West Conference,9,exact
2023-24,561100,UC San Diego,Big West,28,UC San Diego Tritons,UC San Diego,Tritons,UCSD,Big West Conference,9,exact
2023-24,560727,UC Santa Barbara,Big West,2540,UC Santa Barbara Gauchos,UC Santa Barbara,Gauchos,UCSB,Big West Conference,9,exact
2023-24,560826,UCF,Big 12,2116,UCF Knights,UCF,Knights,UCF,American Athletic Conference,62,exact
2023-24,560817,UCLA,Pac-12,26,UCLA Bruins,UCLA,Bruins,UCLA,Pac-12 Conference,21,exact
2023-24,560851,UConn,AAC,41,UConn Huskies,UConn,Huskies,CONN,Big East Conference,4,exact
2023-24,560956,UIC,MVC,82,UIC Flames,UIC,Flames,UIC,Missouri Valley Conference,18,exact
2023-24,560631,UIW,Southland,2916,Incarnate Word Cardinals,Incarnate Word,Cardinals,UIW,Southland Conference,25,exact
2023-24,560985,ULM,Sun Belt,2433,UL Monroe Warhawks,UL Monroe,Warhawks,ULM,Sun Belt Conference,27,exact
2023-24,560746,UMBC,America East,2378,UMBC Retrievers,UMBC,Retrievers,UMBC,America East Conference,1,exact
2023-24,560750,UMES,MEAC,2379,Maryland Eastern Shore Hawks,Maryland Eastern Shore,Hawks,UMES,Mid-Eastern Athletic Conference,16,exact
2023-24,560606,UMass Lowell,America East,2349,UMass Lowell River Hawks,UMass Lowell,River Hawks,UML,America East Conference,1,exact
2023-24,560795,UNC Asheville,Big South,2427,UNC Asheville Bulldogs,UNC Asheville,Bulldogs,UNCA,Big South Conference,6,exact
2023-24,560800,UNC Greensboro,SoCon,2430,UNC Greensboro Spartans,UNC Greensboro,Spartans,UNCG,Southern Conference,24,exact
2023-24,560802,UNCW,CAA,350,UNC Wilmington Seahawks,UNC Wilmington,Seahawks,UNCW,Colonial Athletic Association,10,exact
2023-24,560995,UNI,MVC,2460,Northern Iowa Panthers,Northern Iowa,Panthers,UNI,Missouri Valley Conference,18,exact
2023-24,560808,UNLV,MWC,2439,UNLV Rebels,UNLV,Rebels,UNLV,Mountain West Conference,44,exact
2023-24,560633,USC Upstate,Big South,2908,South Carolina Upstate Spartans,South Carolina Upstate,Spartans,UPST,Big South Conference,6,dict
2023-24,561178,UT Arlington,WAC,250,UT Arlington Mavericks,UT Arlington,Mavericks,UTA,Western Athletic Conference,30,exact
2023-24,561168,UT Martin,OVC,2630,UT Martin Skyhawks,UT Martin,Skyhawks,UTM,Ohio Valley Conference,20,exact
2023-24,561182,UTEP,C-USA,2638,UTEP Miners,UTEP,Miners,UTEP,Conference USA,11,exact
2023-24,561026,UTRGV,WAC,292,UT Rio Grande Valley Vaqueros,UT Rio Grande Valley,Vaqueros,RGV,Western Athletic Conference,30,dict
2023-24,561184,UTSA,AAC,2636,UTSA Roadrunners,UTSA,Roadrunners,UTSA,Conference USA,11,exact
2023-24,561204,Utah,Pac-12,254,Utah Utes,Utah,Utes,UTAH,Pac-12 Conference,21,exact
2023-24,561202,Utah St.,MWC,328,Utah State Aggies,Utah State,Aggies,USU,Mountain West Conference,44,exact
2023-24,561102,Utah Tech,WAC,3101,Utah Tech Trailblazers,Utah Tech,Trailblazers,UTU,Western Athletic Conference,30,exact
2023-24,560646,Utah Valley,WAC,3084,Utah Valley Wolverines,Utah Valley,Wolverines,UVU,Western Athletic Conference,30,exact
2023-24,561214,VCU,Atlantic 10,2670,VCU Rams,VCU,Rams,VCU,Atlantic 10 Conference,3,exact
2023-24,561216,VMI,SoCon,2678,VMI Keydets,VMI,Keydets,VMI,Southern Conference,24,exact
2023-24,561206,Valparaiso,MVC,2674,Valparaiso Beacons,Valparaiso,Beacons,VAL,Missouri Valley Conference,18,exact
2023-24,561208,Vanderbilt,SEC,238,Vanderbilt Commodores,Vanderbilt,Commodores,VAN,Southeastern Conference,23,exact
2023-24,561210,Vermont,America East,261,Vermont Catamounts,Vermont,Catamounts,UVM,America East Conference,1,exact
2023-24,561212,Villanova,Big East,222,Villanova Wildcats,Villanova,Wildcats,VILL,Big East Conference,4,exact
2023-24,561220,Virginia,ACC,258,Virginia Cavaliers,Virginia,Cavaliers,UVA,Atlantic Coast Conference,2,exact
2023-24,561218,Virginia Tech,ACC,259,Virginia Tech Hokies,Virginia Tech,Hokies,VT,Atlantic Coast Conference,2,exact
2023-24,561222,Wagner,NEC,2681,Wagner Seahawks,Wagner,Seahawks,WAG,Northeast Conference,19,exact
2023-24,561224,Wake Forest,ACC,154,Wake Forest Demon Deacons,Wake Forest,Demon Deacons,WAKE,Atlantic Coast Conference,2,exact
2023-24,561228,Washington,Pac-12,264,Washington Huskies,Washington,Huskies,WASH,Pac-12 Conference,21,exact
2023-24,561226,Washington St.,Pac-12,265,Washington State Cougars,Washington State,Cougars,WSU,Pac-12 Conference,21,exact
2023-24,561230,Weber St.,Big Sky,2692,Weber State Wildcats,Weber State,Wildcats,WEB,Big Sky Conference,5,exact
2023-24,561232,West Virginia,Big 12,277,West Virginia Mountaineers,West Virginia,Mountaineers,WVU,Big 12 Conference,8,exact
2023-24,561235,Western Caro.,SoCon,2717,Western Carolina Catamounts,Western Carolina,Catamounts,WCU,Southern Conference,24,exact
2023-24,561238,Western Ill.,OVC,2710,Western Illinois Leathernecks,Western Illinois,Leathernecks,WIU,Summit League,49,exact
2023-24,561239,Western Ky.,C-USA,98,Western Kentucky Hilltoppers,Western Kentucky,Hilltoppers,WKU,Conference USA,11,exact
2023-24,561241,Western Mich.,MAC,2711,Western Michigan Broncos,Western Michigan,Broncos,WMU,Mid-American Conference,14,exact
2023-24,561243,Wichita St.,AAC,2724,Wichita State Shockers,Wichita State,Shockers,WICH,American Athletic Conference,62,exact
2023-24,561245,William & Mary,CAA,2729,William & Mary Tribe,William & Mary,Tribe,W&M,Colonial Athletic Association,10,exact
2023-24,561247,Winthrop,Big South,2737,Winthrop Eagles,Winthrop,Eagles,WIN,Big South Conference,6,exact
2023-24,561251,Wisconsin,Big Ten,275,Wisconsin Badgers,Wisconsin,Badgers,WIS,Big Ten Conference,7,exact
2023-24,560632,Wofford,SoCon,2747,Wofford Terriers,Wofford,Terriers,WOF,Southern Conference,24,exact
2023-24,561255,Wright St.,Horizon,2750,Wright State Raiders,Wright State,Raiders,WRST,Horizon League,45,exact
2023-24,561258,Wyoming,MWC,2751,Wyoming Cowboys,Wyoming,Cowboys,WYO,Mountain West Conference,44,exact
2023-24,561259,Xavier,Big East,2752,Xavier Musketeers,Xavier,Musketeers,XAV,Big East Conference,4,exact
2023-24,561262,Yale,Ivy League,43,Yale Bulldogs,Yale,Bulldogs,YALE,Ivy League,12,exact
2023-24,561264,Youngstown St.,Horizon,2754,Youngstown State Penguins,Youngstown State,Penguins,YSU,Horizon League,45,exact
2024-25,590505,A&M-Corpus Christi,Southland,357,Texas A&M-Corpus Christi Islanders,Texas A&M-Corpus Christi,Islanders,AMCC,Southland Conference,25,dict
2024-25,590510,Abilene Christian,WAC,2000,Abilene Christian Wildcats,Abilene Christian,Wildcats,ACU,Western Athletic Conference,30,exact
2024-25,590762,Air Force,MWC,2005,Air Force Falcons,Air Force,Falcons,AF,Mountain West Conference,44,exact
2024-25,590801,Akron,MAC,2006,Akron Zips,Akron,Zips,AKR,Mid-American Conference,14,exact
2024-25,590513,Alabama,SEC,333,Alabama Crimson Tide,Alabama,Crimson Tide,ALA,Southeastern Conference,23,exact
2024-25,590511,Alabama A&M,SWAC,2010,Alabama A&M Bulldogs,Alabama A&M,Bulldogs,AAMU,Southwestern Athletic Conference,26,exact
2024-25,590512,Alabama St.,SWAC,2011,Alabama State Hornets,Alabama State,Hornets,ALST,Southwestern Athletic Conference,26,exact
2024-25,590515,Alcorn,SWAC,2016,Alcorn State Braves,Alcorn State,Braves,ALCN,Southwestern Athletic Conference,26,dict
2024-25,590516,American,Patriot,44,American University Eagles,American University,Eagles,AMER,Patriot League,22,exact
2024-25,590517,App State,Sun Belt,2026,App State Mountaineers,App State,Mountaineers,APP,Sun Belt Conference,27,exact
2024-25,590519,Arizona,Big 12,12,Arizona Wildcats,Arizona,Wildcats,ARIZ,Pac-12 Conference,21,exact
2024-25,590518,Arizona St.,Big 12,9,Arizona State Sun Devils,Arizona State,Sun Devils,ASU,Pac-12 Conference,21,exact
2024-25,590496,Ark.-Pine Bluff,SWAC,2029,Arkansas-Pine Bluff Golden Lions,Arkansas-Pine Bluff,Golden Lions,UAPB,Southwestern Athletic Conference,26,dict
2024-25,590521,Arkansas,SEC,8,Arkansas Razorbacks,Arkansas,Razorbacks,ARK,Southeastern Conference,23,exact
2024-25,590520,Arkansas St.,Sun Belt,2032,Arkansas State Red Wolves,Arkansas State,Red Wolves,ARST,Sun Belt Conference,27,exact
2024-25,590763,Army West Point,Patriot,349,Army Black Knights,Army,Black Knights,ARMY,Patriot League,22,dict
2024-25,590803,Auburn,SEC,2,Auburn Tigers,Auburn,Tigers,AUB,Southeastern Conference,23,exact
2024-25,590523,Austin Peay,ASUN,2046,Austin Peay Governors,Austin Peay,Governors,APSU,ASUN Conference,46,exact
2024-25,590534,BYU,Big 12,252,BYU Cougars,BYU,Cougars,BYU,West Coast Conference,29,exact
2024-25,590524,Ball St.,MAC,2050,Ball State Cardinals,Ball State,Cardinals,BALL,Mid-American Conference,14,exact
2024-25,590526,Baylor,Big 12,239,Baylor Bears,Baylor,Bears,BAY,Big 12 Conference,8,exact
2024-25,590714,Bellarmine,NA,91,Bellarmine Knights,Bellarmine,Knights,BELL,ASUN Conference,46,exact
2024-25,590503,Belmont,MVC,2057,Belmont Bruins,Belmont,Bruins,BEL,Missouri Valley Conference,18,exact
2024-25,590527,Bethune-Cookman,SWAC,2065,Bethune-Cookman Wildcats,Bethune-Cookman,Wildcats,BCU,Southwestern Athletic Conference,26,exact
2024-25,590528,Binghamton,America East,2066,Binghamton Bearcats,Binghamton,Bearcats,BING,America East Conference,1,exact
2024-25,590529,Boise St.,MWC,68,Boise State Broncos,Boise State,Broncos,BOIS,Mountain West Conference,44,exact
2024-25,590530,Boston College,ACC,103,Boston College Eagles,Boston College,Eagles,BC,Atlantic Coast Conference,2,exact
2024-25,590531,Boston U.,Patriot,104,Boston University Terriers,Boston University,Terriers,BU,Patriot League,22,exact
2024-25,590532,Bowling Green,MAC,189,Bowling Green Falcons,Bowling Green,Falcons,BGSU,Mid-American Conference,14,exact
2024-25,590533,Bradley,MVC,71,Bradley Braves,Bradley,Braves,BRAD,Missouri Valley Conference,18,exact
2024-25,590535,Brown,Ivy League,225,Brown Bears,Brown,Bears,BRWN,Ivy League,12,exact
2024-25,590536,Bryant,America East,2803,Bryant Bulldogs,Bryant,Bulldogs,BRY,America East Conference,1,exact
2024-25,590537,Bucknell,Patriot,2083,Bucknell Bison,Bucknell,Bison,BUCK,Patriot League,22,exact
2024-25,590538,Buffalo,MAC,2084,Buffalo Bulls,Buffalo,Bulls,BUF,Mid-American Conference,14,exact
2024-25,590539,Butler,Big East,2086,Butler Bulldogs,Butler,Bulldogs,BTLR,Big East Conference,4,exact
2024-25,590541,CSU Bakersfield,WAC,2934,Cal State Bakersfield Roadrunners,Cal State Bakersfield,Roadrunners,CSUB,Big West Conference,9,alias
2024-25,590544,CSUN,Big West,2463,Cal State Northridge Matadors,Cal State Northridge,Matadors,CSUN,Big West Conference,9,exact
2024-25,590540,Cal Poly,Big West,13,Cal Poly Mustangs,Cal Poly,Mustangs,CP,Big West Conference,9,exact
2024-25,590543,Cal St. Fullerton,Big West,2239,Cal State Fullerton Titans,Cal State Fullerton,Titans,CSUF,Big West Conference,9,exact
2024-25,590547,California,ACC,25,California Golden Bears,California,Golden Bears,CAL,Pac-12 Conference,21,exact
2024-25,590712,California Baptist,NA,2856,California Baptist Lancers,California Baptist,Lancers,CBU,Western Athletic Conference,30,exact
2024-25,590590,Campbell,CAA,2097,Campbell Fighting Camels,Campbell,Fighting Camels,CAM,Big South Conference,6,exact
2024-25,590591,Canisius,MAAC,2099,Canisius Golden Griffins,Canisius,Golden Griffins,CAN,Metro Atlantic Athletic Conference,13,exact
2024-25,590792,Central Ark.,ASUN,2110,Central Arkansas Bears,Central Arkansas,Bears,CARK,ASUN Conference,46,exact
2024-25,590592,Central Conn. St.,NEC,2115,Central Connecticut Blue Devils,Central Connecticut,Blue Devils,CCSU,Northeast Conference,19,dict
2024-25,590594,Central Mich.,MAC,2117,Central Michigan Chippewas,Central Michigan,Chippewas,CMU,Mid-American Conference,14,exact
2024-25,590525,Charleston So.,Big South,2127,Charleston Southern Buccaneers,Charleston Southern,Buccaneers,CHSO,Big South Conference,6,exact
2024-25,590579,Charlotte,AAC,2429,Charlotte 49ers,Charlotte,49ers,CLT,Conference USA,11,exact
2024-25,590746,Chattanooga,SoCon,236,Chattanooga Mocs,Chattanooga,Mocs,UTC,Southern Conference,24,exact
2024-25,590595,Chicago St.,NEC,2130,Chicago State Cougars,Chicago State,Cougars,CHST,Division I Independents,43,exact
2024-25,590596,Cincinnati,Big 12,2132,Cincinnati Bearcats,Cincinnati,Bearcats,CIN,American Athletic Conference,62,exact
2024-25,590598,Clemson,ACC,228,Clemson Tigers,Clemson,Tigers,CLEM,Atlantic Coast Conference,2,exact
2024-25,590599,Cleveland St.,Horizon,325,Cleveland State Vikings,Cleveland State,Vikings,CLE,Horizon League,45,exact
2024-25,590600,Coastal Carolina,Sun Belt,324,Coastal Carolina Chanticleers,Coastal Carolina,Chanticleers,CCU,Sun Belt Conference,27,exact
2024-25,590799,Col. of Charleston,CAA,232,Charleston Cougars,Charleston,Cougars,COFC,Colonial Athletic Association,10,dict
2024-25,590808,Colgate,Patriot,2142,Colgate Raiders,Colgate,Raiders,COLG,Patriot League,22,exact
2024-25,590602,Colorado,Big 12,38,Colorado Buffaloes,Colorado,Buffaloes,COLO,Pac-12 Conference,21,exact
2024-25,590601,Colorado St.,MWC,36,Colorado State Rams,Colorado State,Rams,CSU,Mountain West Conference,44,exact
2024-25,590603,Columbia,Ivy League,171,Columbia Lions,Columbia,Lions,COLU,Ivy League,12,exact
2024-25,590604,Coppin St.,MEAC,2154,Coppin State Eagles,Coppin State,Eagles,COPP,Mid-Eastern Athletic Conference,16,exact
2024-25,590605,Cornell,Ivy League,172,Cornell Big Red,Cornell,Big Red,COR,Ivy League,12,exact
2024-25,590606,Creighton,Big East,156,Creighton Bluejays,Creighton,Bluejays,CREI,Big East Conference,4,exact
2024-25,590607,Dartmouth,Ivy League,159,Dartmouth Big Green,Dartmouth,Big Green,DART,Ivy League,12,exact
2024-25,590608,Davidson,Atlantic 10,2166,Davidson Wildcats,Davidson,Wildcats,DAV,Atlantic 10 Conference,3,exact
2024-25,590609,Dayton,Atlantic 10,2168,Dayton Flyers,Dayton,Flyers,DAY,Atlantic 10 Conference,3,exact
2024-25,590610,DePaul,Big East,305,DePaul Blue Demons,DePaul,Blue Demons,DEP,Big East Conference,4,exact
2024-25,590612,Delaware,CAA,48,Delaware Blue Hens,Delaware,Blue Hens,DEL,Colonial Athletic Association,10,exact
2024-25,590611,Delaware St.,MEAC,2169,Delaware State Hornets,Delaware State,Hornets,DSU,Mid-Eastern Athletic Conference,16,exact
2024-25,590613,Denver,Summit League,2172,Denver Pioneers,Denver,Pioneers,DEN,Summit League,49,exact
2024-25,590614,Detroit Mercy,Horizon,2174,Detroit Mercy Titans,Detroit Mercy,Titans,DETM,Horizon League,45,exact
2024-25,590810,Drake,MVC,2181,Drake Bulldogs,Drake,Bulldogs,DRKE,Missouri Valley Conference,18,exact
2024-25,590615,Drexel,CAA,2182,Drexel Dragons,Drexel,Dragons,DREX,Colonial Athletic Association,10,exact
2024-25,590616,Duke,ACC,150,Duke Blue Devils,Duke,Blue Devils,DUKE,Atlantic Coast Conference,2,exact
2024-25,590811,Duquesne,Atlantic 10,2184,Duquesne Dukes,Duquesne,Dukes,DUQ,Atlantic 10 Conference,3,exact
2024-25,590618,ETSU,SoCon,2193,East Tennessee State Buccaneers,East Tennessee State,Buccaneers,ETSU,Southern Conference,24,exact
2024-25,590617,East Carolina,AAC,151,East Carolina Pirates,East Carolina,Pirates,ECU,American Athletic Conference,62,exact
2024-25,590619,Eastern Ill.,OVC,2197,Eastern Illinois Panthers,Eastern Illinois,Panthers,EIU,Ohio Valley Conference,20,exact
2024-25,590620,Eastern Ky.,ASUN,2198,Eastern Kentucky Colonels,Eastern Kentucky,Colonels,EKU,ASUN Conference,46,exact
2024-25,590621,Eastern Mich.,MAC,2199,Eastern Michigan Eagles,Eastern Michigan,Eagles,EMU,Mid-American Conference,14,exact
2024-25,590622,Eastern Wash.,Big Sky,331,Eastern Washington Eagles,Eastern Washington,Eagles,EWU,Big Sky Conference,5,exact
2024-25,590491,Elon,CAA,2210,Elon Phoenix,Elon,Phoenix,ELON,Colonial Athletic Association,10,exact
2024-25,590623,Evansville,MVC,339,Evansville Purple Aces,Evansville,Purple Aces,EVAN,Missouri Valley Conference,18,exact
2024-25,590507,FGCU,ASUN,526,Florida Gulf Coast Eagles,Florida Gulf Coast,Eagles,FGCU,ASUN Conference,46,exact
2024-25,590628,FIU,C-USA,2229,Florida International Panthers,Florida International,Panthers,FIU,Conference USA,11,exact
2024-25,590624,Fairfield,MAAC,2217,Fairfield Stags,Fairfield,Stags,FAIR,Metro Atlantic Athletic Conference,13,exact
2024-25,590625,Fairleigh Dickinson,NEC,161,Fairleigh Dickinson Knights,Fairleigh Dickinson,Knights,FDU,Northeast Conference,19,exact
2024-25,590627,Fla. Atlantic,AAC,2226,Florida Atlantic Owls,Florida Atlantic,Owls,FAU,Conference USA,11,exact
2024-25,590630,Florida,SEC,57,Florida Gators,Florida,Gators,FLA,Southeastern Conference,23,exact
2024-25,590626,Florida A&M,SWAC,50,Florida A&M Rattlers,Florida A&M,Rattlers,FAMU,Southwestern Athletic Conference,26,exact
2024-25,590629,Florida St.,ACC,52,Florida State Seminoles,Florida State,Seminoles,FSU,Atlantic Coast Conference,2,exact
2024-25,590631,Fordham,Atlantic 10,2230,Fordham Rams,Fordham,Rams,FOR,Atlantic 10 Conference,3,exact
2024-25,590542,Fresno St.,MWC,278,Fresno State Bulldogs,Fresno State,Bulldogs,FRES,Mountain West Conference,44,exact
2024-25,590632,Furman,SoCon,231,Furman Paladins,Furman,Paladins,FUR,Southern Conference,24,exact
2024-25,590636,Ga. Southern,Sun Belt,290,Georgia Southern Eagles,Georgia Southern,Eagles,GASO,Sun Belt Conference,27,exact
2024-25,590492,Gardner-Webb,Big South,2241,Gardner-Webb Runnin' Bulldogs,Gardner-Webb,Runnin' Bulldogs,GWEB,Big South Conference,6,exact
2024-25,590633,George Mason,Atlantic 10,2244,George Mason Patriots,George Mason,Patriots,GMU,Atlantic 10 Conference,3,exact
2024-25,590634,George Washington,Atlantic 10,45,George Washington Revolutionaries,George Washington,Revolutionaries,GW,Atlantic 10 Conference,3,exact
2024-25,590635,Georgetown,Big East,46,Georgetown Hoyas,Georgetown,Hoyas,GTWN,Big East Conference,4,exact
2024-25,590639,Georgia,SEC,61,Georgia Bulldogs,Georgia,Bulldogs,UGA,Southeastern Conference,23,exact
2024-25,590637,Georgia St.,Sun Belt,2247,Georgia State Panthers,Georgia State,Panthers,GAST,Sun Belt Conference,27,exact
2024-25,590638,Georgia Tech,ACC,59,Georgia Tech Yellow Jackets,Georgia Tech,Yellow Jackets,GT,Atlantic Coast Conference,2,exact
2024-25,590640,Gonzaga,WCC,2250,Gonzaga Bulldogs,Gonzaga,Bulldogs,GONZ,West Coast Conference,29,exact
2024-25,590812,Grambling,SWAC,2755,Grambling Tigers,Grambling,Tigers,GRAM,Southwestern Athletic Conference,26,exact
2024-25,590800,Grand Canyon,WAC,2253,Grand Canyon Lopes,Grand Canyon,Lopes,GCU,Western Athletic Conference,30,exact
2024-25,590785,Green Bay,Horizon,2739,Green Bay Phoenix,Green Bay,Phoenix,GB,Horizon League,45,exact
2024-25,590641,Hampton,CAA,2261,Hampton Pirates,Hampton,Pirates,HAMP,Colonial Athletic Association,10,exact
2024-25,590642,Harvard,Ivy League,108,Harvard Crimson,Harvard,Crimson,HARV,Ivy League,12,exact
2024-25,590643,Hawaii,Big West,62,Hawai'i Rainbow Warriors,Hawai'i,Rainbow Warriors,HAW,Big West Conference,9,dict
2024-25,590504,High Point,Big South,2272,High Point Panthers,High Point,Panthers,HPU,Big South Conference,6,exact
2024-25,590644,Hofstra,CAA,2275,Hofstra Pride,Hofstra,Pride,HOF,Colonial Athletic Association,10,exact
2024-25,590645,Holy Cross,Patriot,107,Holy Cross Crusaders,Holy Cross,Crusaders,HC,Patriot League,22,exact
2024-25,590647,Houston,Big 12,248,Houston Cougars,Houston,Cougars,HOU,American Athletic Conference,62,exact
2024-25,590646,Houston Christian,Southland,2277,Houston Christian Huskies,Houston Christian,Huskies,HCU,Southland Conference,25,exact
2024-25,590813,Howard,MEAC,47,Howard Bison,Howard,Bison,HOW,Mid-Eastern Athletic Conference,16,exact
2024-25,590497,IU Indy,Horizon,85,IU Indianapolis Jaguars,IU Indianapolis,Jaguars,IUIN,Horizon League,45,exact
2024-25,590649,Idaho,Big Sky,70,Idaho Vandals,Idaho,Vandals,IDHO,Big Sky Conference,5,exact
2024-25,590648,Idaho St.,Big Sky,304,Idaho State Bengals,Idaho State,Bengals,IDST,Big Sky Conference,5,exact
2024-25,590814,Illinois,Big Ten,356,Illinois Fighting Illini,Illinois,Fighting Illini,ILL,Big Ten Conference,7,exact
2024-25,590650,Illinois St.,MVC,2287,Illinois State Redbirds,Illinois State,Redbirds,ILST,Missouri Valley Conference,18,exact
2024-25,590470,Indiana,Big Ten,84,Indiana Hoosiers,Indiana,Hoosiers,IU,Big Ten Conference,7,exact
2024-25,590469,Indiana St.,MVC,282,Indiana State Sycamores,Indiana State,Sycamores,INST,Missouri Valley Conference,18,exact
2024-25,590472,Iona,MAAC,314,Iona Gaels,Iona,Gaels,IONA,Metro Atlantic Athletic Conference,13,exact
2024-25,590473,Iowa,Big Ten,2294,Iowa Hawkeyes,Iowa,Hawkeyes,IOWA,Big Ten Conference,7,exact
2024-25,590796,Iowa St.,Big 12,66,Iowa State Cyclones,Iowa State,Cyclones,ISU,Big 12 Conference,8,exact
2024-25,590474,Jackson St.,SWAC,2296,Jackson State Tigers,Jackson State,Tigers,JKST,Southwestern Athletic Conference,26,exact
2024-25,590476,Jacksonville,ASUN,294,Jacksonville Dolphins,Jacksonville,Dolphins,JAX,ASUN Conference,46,exact
2024-25,590475,Jacksonville St.,C-USA,55,Jacksonville State Gamecocks,Jacksonville State,Gamecocks,JXST,ASUN Conference,46,exact
2024-25,590797,James Madison,Sun Belt,256,James Madison Dukes,James Madison,Dukes,JMU,Sun Belt Conference,27,exact
2024-25,590478,Kansas,Big 12,2305,Kansas Jayhawks,Kansas,Jayhawks,KU,Big 12 Conference,8,exact
2024-25,590498,Kansas City,WAC,140,Kansas City Roos,Kansas City,Roos,KC,Summit League,49,exact
2024-25,590477,Kansas St.,Big 12,2306,Kansas State Wildcats,Kansas State,Wildcats,KSU,Big 12 Conference,8,exact
2024-25,590493,Kennesaw St.,C-USA,338,Kennesaw State Owls,Kennesaw State,Owls,KENN,ASUN Conference,46,exact
2024-25,590479,Kent St.,MAC,2309,Kent State Golden Flashes,Kent State,Golden Flashes,KENT,Mid-American Conference,14,exact
2024-25,590480,Kentucky,SEC,96,Kentucky Wildcats,Kentucky,Wildcats,UK,Southeastern Conference,23,exact
2024-25,590486,LIU,NEC,112358,Long Island University Sharks,Long Island University,Sharks,LIU,Northeast Conference,19,exact
2024-25,590549,LMU (CA),WCC,2351,Loyola Marymount Lions,Loyola Marymount,Lions,LMU,West Coast Conference,29,dict
2024-25,590487,LSU,SEC,99,LSU Tigers,LSU,Tigers,LSU,Southeastern Conference,23,exact
2024-25,590481,La Salle,Atlantic 10,2325,La Salle Explorers,La Salle,Explorers,LAS,Atlantic 10 Conference,3,exact
2024-25,590482,Lafayette,Patriot,322,Lafayette Leopards,Lafayette,Leopards,LAF,Patriot League,22,exact
2024-25,590483,Lamar University,WAC,2320,Lamar Cardinals,Lamar,Cardinals,LAM,Southland Conference,25,dict
2024-25,590466,Le Moyne,NEC,2330,Le Moyne Dolphins,Le Moyne,Dolphins,LEM,,,exact
2024-25,590484,Lehigh,Patriot,2329,Lehigh Mountain Hawks,Lehigh,Mountain Hawks,LEH,Patriot League,22,exact
2024-25,590485,Liberty,C-USA,2335,Liberty Flames,Liberty,Flames,LIB,ASUN Conference,46,exact
2024-25,590468,Lindenwood,OVC,2815,Lindenwood Lions,Lindenwood,Lions,LIN,,,exact
2024-25,590506,Lipscomb,ASUN,288,Lipscomb Bisons,Lipscomb,Bisons,LIP,ASUN Conference,46,exact
2024-25,590522,Little Rock,OVC,2031,Little Rock Trojans,Little Rock,Trojans,LR,Ohio Valley Conference,20,exact
2024-25,590804,Long Beach St.,Big West,299,Long Beach State Beach,Long Beach State,Beach,LBSU,Big West Conference,9,exact
2024-25,590798,Longwood,Big South,2344,Longwood Lancers,Longwood,Lancers,LONG,Big South Conference,6,exact
2024-25,590738,Louisiana,Sun Belt,309,Louisiana Ragin' Cajuns,Louisiana,Ragin' Cajuns,UL,Sun Belt Conference,27,exact
2024-25,590488,Louisiana Tech,C-USA,2348,Louisiana Tech Bulldogs,Louisiana Tech,Bulldogs,LT,Conference USA,11,exact
2024-25,590489,Louisville,ACC,97,Louisville Cardinals,Louisville,Cardinals,LOU,Atlantic Coast Conference,2,exact
2024-25,590550,Loyola Chicago,Atlantic 10,2350,Loyola Chicago Ramblers,Loyola Chicago,Ramblers,LUC,Atlantic 10 Conference,3,exact
2024-25,590548,Loyola Maryland,Patriot,2352,Loyola Maryland Greyhounds,Loyola Maryland,Greyhounds,L-MD,Patriot League,22,exact
2024-25,590551,Maine,America East,311,Maine Black Bears,Maine,Black Bears,ME,America East Conference,1,exact
2024-25,590552,Manhattan,MAAC,2363,Manhattan Jaspers,Manhattan,Jaspers,MAN,Metro Atlantic Athletic Conference,13,exact
2024-25,590553,Marist,MAAC,2368,Marist Red Foxes,Marist,Red Foxes,MRST,Metro Atlantic Athletic Conference,13,exact
2024-25,590554,Marquette,Big East,269,Marquette Golden Eagles,Marquette,Golden Eagles,MARQ,Big East Conference,4,exact
2024-25,590555,Marshall,Sun Belt,276,Marshall Thundering Herd,Marshall,Thundering Herd,MRSH,Sun Belt Conference,27,exact
2024-25,590557,Maryland,Big Ten,120,Maryland Terrapins,Maryland,Terrapins,MD,Big Ten Conference,7,exact
2024-25,590559,Massachusetts,Atlantic 10,113,Massachusetts Minutemen,Massachusetts,Minutemen,MASS,Atlantic 10 Conference,3,exact
2024-25,590805,McNeese,Southland,2377,McNeese Cowboys,McNeese,Cowboys,MCN,Southland Conference,25,exact
2024-25,590560,Memphis,AAC,235,Memphis Tigers,Memphis,Tigers,MEM,American Athletic Conference,62,exact
2024-25,590561,Mercer,SoCon,2382,Mercer Bears,Mercer,Bears,MER,Southern Conference,24,exact
2024-25,591002,Mercyhurst,NEC,2385,Mercyhurst Lakers,Mercyhurst,Lakers,MERC,,,exact
2024-25,590713,Merrimack,MAAC,2771,Merrimack Warriors,Merrimack,Warriors,MRMK,Northeast Conference,19,exact
2024-25,590563,Miami (FL),ACC,2390,Miami Hurricanes,Miami,Hurricanes,MIA,Atlantic Coast Conference,2,dict
2024-25,590562,Miami (OH),MAC,193,Miami (OH) RedHawks,Miami (OH),RedHawks,M-OH,Mid-American Conference,14,exact
2024-25,590565,Michigan,Big Ten,130,Michigan Wolverines,Michigan,Wolverines,MICH,Big Ten Conference,7,exact
2024-25,590564,Michigan St.,Big Ten,127,Michigan State Spartans,Michigan State,Spartans,MSU,Big Ten Conference,7,exact
2024-25,590566,Middle Tenn.,C-USA,2393,Middle Tennessee Blue Raiders,Middle Tennessee,Blue Raiders,MTSU,Conference USA,11,exact
2024-25,590787,Milwaukee,Horizon,270,Milwaukee Panthers,Milwaukee,Panthers,MILW,Horizon League,45,exact
2024-25,590567,Minnesota,Big Ten,135,Minnesota Golden Gophers,Minnesota,Golden Gophers,MINN,Big Ten Conference,7,exact
2024-25,590568,Mississippi St.,SEC,344,Mississippi State Bulldogs,Mississippi State,Bulldogs,MSST,Southeastern Conference,23,exact
2024-25,590569,Mississippi Val.,SWAC,2400,Mississippi Valley State Delta Devils,Mississippi Valley State,Delta Devils,MVSU,Southwestern Athletic Conference,26,dict
2024-25,590571,Missouri,SEC,142,Missouri Tigers,Missouri,Tigers,MIZ,Southeastern Conference,23,exact
2024-25,590736,Missouri St.,MVC,2623,Missouri State Bears,Missouri State,Bears,MOST,Missouri Valley Conference,18,exact
2024-25,590572,Monmouth,CAA,2405,Monmouth Hawks,Monmouth,Hawks,MONM,Colonial Athletic Association,10,exact
2024-25,590573,Montana,Big Sky,149,Montana Grizzlies,Montana,Grizzlies,MONT,Big Sky Conference,5,exact
2024-25,590806,Montana St.,Big Sky,147,Montana State Bobcats,Montana State,Bobcats,MTST,Big Sky Conference,5,exact
2024-25,590807,Morehead St.,OVC,2413,Morehead State Eagles,Morehead State,Eagles,MORE,Ohio Valley Conference,20,exact
2024-25,590574,Morgan St.,MEAC,2415,Morgan State Bears,Morgan State,Bears,MORG,Mid-Eastern Athletic Conference,16,exact
2024-25,590575,Mount St. Mary's,MAAC,116,Mount St. Mary's Mountaineers,Mount St. Mary's,Mountaineers,MSM,Metro Atlantic Athletic Conference,13,exact
2024-25,590576,Murray St.,MVC,93,Murray State Racers,Murray State,Racers,MUR,Missouri Valley Conference,18,exact
2024-25,590659,N.C. A&T,CAA,2448,North Carolina A&T Aggies,North Carolina A&T,Aggies,NCAT,Colonial Athletic Association,10,exact
2024-25,590660,N.C. Central,MEAC,2428,North Carolina Central Eagles,North Carolina Central,Eagles,NCCU,Mid-Eastern Athletic Conference,16,exact
2024-25,590816,NC State,ACC,152,NC State Wolfpack,NC State,Wolfpack,NCSU,Atlantic Coast Conference,2,exact
2024-25,590668,NIU,MAC,2459,Northern Illinois Huskies,Northern Illinois,Huskies,NIU,Mid-American Conference,14,exact
2024-25,590653,NJIT,ASUN,2885,NJIT Highlanders,NJIT,Highlanders,NJIT,America East Conference,1,exact
2024-25,590764,Navy,Patriot,2426,Navy Midshipmen,Navy,Midshipmen,NAVY,Patriot League,22,exact
2024-25,590582,Nebraska,Big Ten,158,Nebraska Cornhuskers,Nebraska,Cornhuskers,NEB,Big Ten Conference,7,exact
2024-25,590585,Nevada,MWC,2440,Nevada Wolf Pack,Nevada,Wolf Pack,NEV,Mountain West Conference,44,exact
2024-25,590652,New Hampshire,America East,160,New Hampshire Wildcats,New Hampshire,Wildcats,UNH,America East Conference,1,exact
2024-25,590815,New Mexico,MWC,167,New Mexico Lobos,New Mexico,Lobos,UNM,Mountain West Conference,44,exact
2024-25,590654,New Mexico St.,C-USA,166,New Mexico State Aggies,New Mexico State,Aggies,NMSU,Western Athletic Conference,30,exact
2024-25,590655,New Orleans,Southland,2443,LSU New Orleans Privateers,LSU New Orleans,Privateers,NOLA,Southland Conference,25,exact
2024-25,590656,Niagara,MAAC,315,Niagara Purple Eagles,Niagara,Purple Eagles,NIA,Metro Atlantic Athletic Conference,13,exact
2024-25,590657,Nicholls,Southland,2447,Nicholls Colonels,Nicholls,Colonels,NICH,Southland Conference,25,exact
2024-25,590658,Norfolk St.,MEAC,2450,Norfolk State Spartans,Norfolk State,Spartans,NORF,Mid-Eastern Athletic Conference,16,exact
2024-25,590509,North Ala.,NA,2453,North Alabama Lions,North Alabama,Lions,UNA,ASUN Conference,46,exact
2024-25,590578,North Carolina,ACC,153,North Carolina Tar Heels,North Carolina,Tar Heels,UNC,Atlantic Coast Conference,2,exact
2024-25,590662,North Dakota,Summit League,155,North Dakota Fighting Hawks,North Dakota,Fighting Hawks,UND,Summit League,49,exact
2024-25,590661,North Dakota St.,Summit League,2449,North Dakota State Bison,North Dakota State,Bison,NDSU,Summit League,49,exact
2024-25,590499,North Florida,ASUN,2454,North Florida Ospreys,North Florida,Ospreys,UNF,ASUN Conference,46,exact
2024-25,590663,North Texas,AAC,249,North Texas Mean Green,North Texas,Mean Green,UNT,Conference USA,11,exact
2024-25,590665,Northeastern,CAA,111,Northeastern Huskies,Northeastern,Huskies,NE,Colonial Athletic Association,10,exact
2024-25,590666,Northern Ariz.,Big Sky,2464,Northern Arizona Lumberjacks,Northern Arizona,Lumberjacks,NAU,Big Sky Conference,5,exact
2024-25,590667,Northern Colo.,Big Sky,2458,Northern Colorado Bears,Northern Colorado,Bears,UNCO,Big Sky Conference,5,exact
2024-25,590670,Northern Ky.,Horizon,94,Northern Kentucky Norse,Northern Kentucky,Norse,NKU,Horizon League,45,exact
2024-25,590672,Northwestern,Big Ten,77,Northwestern Wildcats,Northwestern,Wildcats,NU,Big Ten Conference,7,exact
2024-25,590671,Northwestern St.,Southland,2466,Northwestern State Demons,Northwestern State,Demons,NWST,Southland Conference,25,exact
2024-25,590673,Notre Dame,ACC,87,Notre Dame Fighting Irish,Notre Dame,Fighting Irish,ND,Atlantic Coast Conference,2,exact
2024-25,590817,Oakland,Horizon,2473,Oakland Golden Grizzlies,Oakland,Golden Grizzlies,OAK,Horizon League,45,exact
2024-25,590675,Ohio,MAC,195,Ohio Bobcats,Ohio,Bobcats,OHIO,Mid-American Conference,14,exact
2024-25,590674,Ohio St.,Big Ten,194,Ohio State Buckeyes,Ohio State,Buckeyes,OSU,Big Ten Conference,7,exact
2024-25,590677,Oklahoma,SEC,201,Oklahoma Sooners,Oklahoma,Sooners,OU,Big 12 Conference,8,exact
2024-25,590676,Oklahoma St.,Big 12,197,Oklahoma State Cowboys,Oklahoma State,Cowboys,OKST,Big 12 Conference,8,exact
2024-25,590678,Old Dominion,Sun Belt,295,Old Dominion Monarchs,Old Dominion,Monarchs,ODU,Sun Belt Conference,27,exact
2024-25,590570,Ole Miss,SEC,145,Ole Miss Rebels,Ole Miss,Rebels,MISS,Southeastern Conference,23,exact
2024-25,590583,Omaha,Summit League,2437,Omaha Mavericks,Omaha,Mavericks,OMA,Summit League,49,exact
2024-25,590679,Oral Roberts,Summit League,198,Oral Roberts Golden Eagles,Oral Roberts,Golden Eagles,ORU,Summit League,49,exact
2024-25,590818,Oregon,Big Ten,2483,Oregon Ducks,Oregon,Ducks,ORE,Pac-12 Conference,21,exact
2024-25,590680,Oregon St.,WCC,204,Oregon State Beavers,Oregon State,Beavers,ORST,Pac-12 Conference,21,exact
2024-25,590681,Pacific,WCC,279,Pacific Tigers,Pacific,Tigers,PAC,West Coast Conference,29,exact
2024-25,590684,Penn,Ivy League,219,Pennsylvania Quakers,Pennsylvania,Quakers,PENN,Ivy League,12,exact
2024-25,590683,Penn St.,Big Ten,213,Penn State Nittany Lions,Penn State,Nittany Lions,PSU,Big Ten Conference,7,exact
2024-25,590685,Pepperdine,WCC,2492,Pepperdine Waves,Pepperdine,Waves,PEPP,West Coast Conference,29,exact
2024-25,590686,Pittsburgh,ACC,221,Pittsburgh Panthers,Pittsburgh,Panthers,PITT,Atlantic Coast Conference,2,exact
2024-25,590688,Portland,WCC,2501,Portland Pilots,Portland,Pilots,PORT,West Coast Conference,29,exact
2024-25,590687,Portland St.,Big Sky,2502,Portland State Vikings,Portland State,Vikings,PRST,Big Sky Conference,5,exact
2024-25,590689,Prairie View,SWAC,2504,Prairie View A&M Panthers,Prairie View A&M,Panthers,PV,Southwestern Athletic Conference,26,exact
2024-25,590494,Presbyterian,Big South,2506,Presbyterian Blue Hose,Presbyterian,Blue Hose,PRES,Big South Conference,6,exact
2024-25,590690,Princeton,Ivy League,163,Princeton Tigers,Princeton,Tigers,PRIN,Ivy League,12,exact
2024-25,590691,Providence,Big East,2507,Providence Friars,Providence,Friars,PROV,Big East Conference,4,exact
2024-25,590692,Purdue,Big Ten,2509,Purdue Boilermakers,Purdue,Boilermakers,PUR,Big Ten Conference,7,exact
2024-25,590471,Purdue Fort Wayne,Summit League,2870,Purdue Fort Wayne Mastodons,Purdue Fort Wayne,Mastodons,PFW,Horizon League,45,exact
2024-25,590467,Queens (NC),ASUN,2511,Queens University Royals,Queens University,Royals,QUC,,,dict
2024-25,590693,Quinnipiac,MAAC,2514,Quinnipiac Bobcats,Quinnipiac,Bobcats,QUIN,Metro Atlantic Athletic Conference,13,exact
2024-25,590694,Radford,Big South,2515,Radford Highlanders,Radford,Highlanders,RAD,Big South Conference,6,exact
2024-25,590695,Rhode Island,Atlantic 10,227,Rhode Island Rams,Rhode Island,Rams,URI,Atlantic 10 Conference,3,exact
2024-25,590696,Rice,AAC,242,Rice Owls,Rice,Owls,RICE,Conference USA,11,exact
2024-25,590697,Richmond,Atlantic 10,257,Richmond Spiders,Richmond,Spiders,RICH,Atlantic 10 Conference,3,exact
2024-25,590698,Rider,MAAC,2520,Rider Broncs,Rider,Broncs,RID,Metro Atlantic Athletic Conference,13,exact
2024-25,590699,Robert Morris,NEC,2523,Robert Morris Colonials,Robert Morris,Colonials,RMU,Horizon League,45,exact
2024-25,590700,Rutgers,Big Ten,164,Rutgers Scarlet Knights,Rutgers,Scarlet Knights,RUTG,Big Ten Conference,7,exact
2024-25,590740,SFA,Southland,2617,Stephen F. Austin Lumberjacks,Stephen F. Austin,Lumberjacks,SFA,Western Athletic Conference,30,exact
2024-25,590731,SIUE,OVC,2565,SIU Edwardsville Cougars,SIU Edwardsville,Cougars,SIUE,Ohio Valley Conference,20,exact
2024-25,590732,SMU,ACC,2567,SMU Mustangs,SMU,Mustangs,SMU,American Athletic Conference,62,exact
2024-25,590545,Sacramento St.,Big Sky,16,Sacramento State Hornets,Sacramento State,Hornets,SAC,Big Sky Conference,5,exact
2024-25,590701,Sacred Heart,MAAC,2529,Sacred Heart Pioneers,Sacred Heart,Pioneers,SHU,Northeast Conference,19,exact
2024-25,590703,Saint Francis (PA),NEC,2598,St. Francis (PA) Red Flash,St. Francis (PA),Red Flash,SFPA,Northeast Conference,19,exact
2024-25,590705,Saint Joseph's,Atlantic 10,2603,Saint Joseph's Hawks,Saint Joseph's,Hawks,JOES,Atlantic 10 Conference,3,exact
2024-25,590706,Saint Louis,Atlantic 10,139,Saint Louis Billikens,Saint Louis,Billikens,SLU,Atlantic 10 Conference,3,exact
2024-25,590819,Saint Mary's (CA),WCC,2608,Saint Mary's Gaels,Saint Mary's,Gaels,SMC,West Coast Conference,29,dict
2024-25,590820,Saint Peter's,MAAC,2612,Saint Peter's Peacocks,Saint Peter's,Peacocks,SPU,Metro Atlantic Athletic Conference,13,exact
2024-25,590707,Sam Houston,C-USA,2534,Sam Houston Bearkats,Sam Houston,Bearkats,SHSU,Western Athletic Conference,30,exact
2024-25,590821,Samford,SoCon,2535,Samford Bulldogs,Samford,Bulldogs,SAM,Southern Conference,24,exact
2024-25,590709,San Diego,WCC,301,San Diego Toreros,San Diego,Toreros,USD,West Coast Conference,29,exact
2024-25,590708,San Diego St.,MWC,21,San Diego State Aztecs,San Diego State,Aztecs,SDSU,Mountain West Conference,44,exact
2024-25,590710,San Francisco,WCC,2539,San Francisco Dons,San Francisco,Dons,SF,West Coast Conference,29,exact
2024-25,590711,San Jose St.,MWC,23,San José State Spartans,San José State,Spartans,SJSU,Mountain West Conference,44,dict
2024-25,590719,Santa Clara,WCC,2541,Santa Clara Broncos,Santa Clara,Broncos,SCU,West Coast Conference,29,exact
2024-25,590495,Seattle U,WAC,2547,Seattle U Redhawks,Seattle U,Redhawks,SEA,Western Athletic Conference,30,exact
2024-25,590720,Seton Hall,Big East,2550,Seton Hall Pirates,Seton Hall,Pirates,HALL,Big East Conference,4,exact
2024-25,590721,Siena,MAAC,2561,Siena Saints,Siena,Saints,SIE,Metro Atlantic Athletic Conference,13,exact
2024-25,590722,South Alabama,Sun Belt,6,South Alabama Jaguars,South Alabama,Jaguars,USA,Sun Belt Conference,27,exact
2024-25,590724,South Carolina,SEC,2579,South Carolina Gamecocks,South Carolina,Gamecocks,SC,Southeastern Conference,23,exact
2024-25,590723,South Carolina St.,MEAC,2569,South Carolina State Bulldogs,South Carolina State,Bulldogs,SCST,Mid-Eastern Athletic Conference,16,exact
2024-25,590725,South Dakota,Summit League,233,South Dakota Coyotes,South Dakota,Coyotes,SDAK,Summit League,49,exact
2024-25,590822,South Dakota St.,Summit League,2571,South Dakota State Jackrabbits,South Dakota State,Jackrabbits,SDST,Summit League,49,exact
2024-25,590726,South Fla.,AAC,58,South Florida Bulls,South Florida,Bulls,USF,American Athletic Conference,62,exact
2024-25,590727,Southeast Mo. St.,OVC,2546,Southeast Missouri State Redhawks,Southeast Missouri State,Redhawks,SEMO,Ohio Valley Conference,20,exact
2024-25,590728,Southeastern La.,Southland,2545,SE Louisiana Lions,SE Louisiana,Lions,SELA,Southland Conference,25,dict
2024-25,590729,Southern California,Big Ten,30,USC Trojans,USC,Trojans,USC,Pac-12 Conference,21,dict
2024-25,590730,Southern Ill.,MVC,79,Southern Illinois Salukis,Southern Illinois,Salukis,SIU,Missouri Valley Conference,18,exact
2024-25,590794,Southern Ind.,OVC,88,Southern Indiana Screaming Eagles,Southern Indiana,Screaming Eagles,USI,,,alias
2024-25,590733,Southern Miss.,Sun Belt,2572,Southern Miss Golden Eagles,Southern Miss,Golden Eagles,USM,Sun Belt Conference,27,dict
2024-25,590734,Southern U.,SWAC,2582,Southern Jaguars,Southern,Jaguars,SOU,Southwestern Athletic Conference,26,dict
2024-25,590735,Southern Utah,WAC,253,Southern Utah Thunderbirds,Southern Utah,Thunderbirds,SUU,Western Athletic Conference,30,exact
2024-25,590702,St. Bonaventure,Atlantic 10,179,St. Bonaventure Bonnies,St. Bonaventure,Bonnies,SBU,Atlantic 10 Conference,3,exact
2024-25,590704,St. John's (NY),Big East,2599,St. John's Red Storm,St. John's,Red Storm,SJU,Big East Conference,4,dict
2024-25,590718,St. Thomas (MN),Summit League,2900,St. Thomas Tommies,St. Thomas,Tommies,STMN,Summit League,49,alias
2024-25,590739,Stanford,ACC,24,Stanford Cardinal,Stanford,Cardinal,STAN,Pac-12 Conference,21,exact
2024-25,590823,Stetson,ASUN,56,Stetson Hatters,Stetson,Hatters,STET,ASUN Conference,46,exact
2024-25,590795,Stonehill,NEC,284,Stonehill Skyhawks,Stonehill,Skyhawks,STO,Northeast Conference,19,exact
2024-25,590741,Stony Brook,America East,2619,Stony Brook Seawolves,Stony Brook,Seawolves,STBK,Colonial Athletic Association,10,exact
2024-25,590742,Syracuse,ACC,183,Syracuse Orange,Syracuse,Orange,SYR,Atlantic Coast Conference,2,exact
2024-25,590750,TCU,Big 12,2628,TCU Horned Frogs,TCU,Horned Frogs,TCU,Big 12 Conference,8,exact
2024-25,590717,Tarleton St.,NA,2627,Tarleton State Texans,Tarleton State,Texans,TAR,Western Athletic Conference,30,exact
2024-25,590743,Temple,AAC,218,Temple Owls,Temple,Owls,TEM,American Athletic Conference,62,exact
2024-25,590747,Tennessee,SEC,2633,Tennessee Volunteers,Tennessee,Volunteers,TENN,Southeastern Conference,23,exact
2024-25,590744,Tennessee St.,OVC,2634,Tennessee State Tigers,Tennessee State,Tigers,TNST,Ohio Valley Conference,20,exact
2024-25,590745,Tennessee Tech,OVC,2635,Tennessee Tech Golden Eagles,Tennessee Tech,Golden Eagles,TNTC,Ohio Valley Conference,20,exact
2024-25,590793,Tex. A&M-Commerce,Southland,2837,East Texas A&M Lions,East Texas A&M,Lions,ETAM,Southland Conference,25,alias
2024-25,590754,Texas,SEC,251,Texas Longhorns,Texas,Longhorns,TEX,Big 12 Conference,8,exact
2024-25,590749,Texas A&M,SEC,245,Texas A&M Aggies,Texas A&M,Aggies,TA&M,Southeastern Conference,23,exact
2024-25,590751,Texas Southern,SWAC,2640,Texas Southern Tigers,Texas Southern,Tigers,TXSO,Southwestern Athletic Conference,26,exact
2024-25,590737,Texas St.,Sun Belt,326,Texas State Bobcats,Texas State,Bobcats,TXST,Sun Belt Conference,27,exact
2024-25,590752,Texas Tech,Big 12,2641,Texas Tech Red Raiders,Texas Tech,Red Raiders,TTU,Big 12 Conference,8,exact
2024-25,590597,The Citadel,SoCon,2643,The Citadel Bulldogs,The Citadel,Bulldogs,CIT,Southern Conference,24,exact
2024-25,590757,Toledo,MAC,2649,Toledo Rockets,Toledo,Rockets,TOL,Mid-American Conference,14,exact
2024-25,590758,Towson,CAA,119,Towson Tigers,Towson,Tigers,TOW,Colonial Athletic Association,10,exact
2024-25,590759,Troy,Sun Belt,2653,Troy Trojans,Troy,Trojans,TROY,Sun Belt Conference,27,exact
2024-25,590760,Tulane,AAC,2655,Tulane Green Wave,Tulane,Green Wave,TULN,American Athletic Conference,62,exact
2024-25,590761,Tulsa,AAC,202,Tulsa Golden Hurricane,Tulsa,Golden Hurricane,TLSA,American Athletic Conference,62,exact
2024-25,590802,UAB,AAC,5,UAB Blazers,UAB,Blazers,UAB,Conference USA,11,exact
2024-25,590514,UAlbany,America East,399,UAlbany Great Danes,UAlbany,Great Danes,UALB,America East Conference,1,exact
2024-25,590586,UC Davis,Big West,302,UC Davis Aggies,UC Davis,Aggies,UCD,Big West Conference,9,exact
2024-25,590587,UC Irvine,Big West,300,UC Irvine Anteaters,UC Irvine,Anteaters,UCI,Big West Conference,9,exact
2024-25,590589,UC Riverside,Big West,27,UC Riverside Highlanders,UC Riverside,Highlanders,UCR,Big West Conference,9,exact
2024-25,590715,UC San Diego,NA,28,UC San Diego Tritons,UC San Diego,Tritons,UCSD,Big West Conference,9,exact
2024-25,590546,UC Santa Barbara,Big West,2540,UC Santa Barbara Gauchos,UC Santa Barbara,Gauchos,UCSB,Big West Conference,9,exact
2024-25,590593,UCF,Big 12,2116,UCF Knights,UCF,Knights,UCF,American Athletic Conference,62,exact
2024-25,590588,UCLA,Big Ten,26,UCLA Bruins,UCLA,Bruins,UCLA,Pac-12 Conference,21,exact
2024-25,590809,UConn,AAC,41,UConn Huskies,UConn,Huskies,CONN,Big East Conference,4,exact
2024-25,590651,UIC,MVC,82,UIC Flames,UIC,Flames,UIC,Missouri Valley Conference,18,exact
2024-25,590500,UIW,Southland,2916,Incarnate Word Cardinals,Incarnate Word,Cardinals,UIW,Southland Conference,25,exact
2024-25,590664,ULM,Sun Belt,2433,UL Monroe Warhawks,UL Monroe,Warhawks,ULM,Sun Belt Conference,27,exact
2024-25,590556,UMBC,America East,2378,UMBC Retrievers,UMBC,Retrievers,UMBC,America East Conference,1,exact
2024-25,590558,UMES,MEAC,2379,Maryland Eastern Shore Hawks,Maryland Eastern Shore,Hawks,UMES,Mid-Eastern Athletic Conference,16,exact
2024-25,590490,UMass Lowell,America East,2349,UMass Lowell River Hawks,UMass Lowell,River Hawks,UML,America East Conference,1,exact
2024-25,590577,UNC Asheville,Big South,2427,UNC Asheville Bulldogs,UNC Asheville,Bulldogs,UNCA,Big South Conference,6,exact
2024-25,590580,UNC Greensboro,SoCon,2430,UNC Greensboro Spartans,UNC Greensboro,Spartans,UNCG,Southern Conference,24,exact
2024-25,590581,UNCW,CAA,350,UNC Wilmington Seahawks,UNC Wilmington,Seahawks,UNCW,Colonial Athletic Association,10,exact
2024-25,590669,UNI,MVC,2460,Northern Iowa Panthers,Northern Iowa,Panthers,UNI,Missouri Valley Conference,18,exact
2024-25,590584,UNLV,MWC,2439,UNLV Rebels,UNLV,Rebels,UNLV,Mountain West Conference,44,exact
2024-25,590502,USC Upstate,Big South,2908,South Carolina Upstate Spartans,South Carolina Upstate,Spartans,UPST,Big South Conference,6,dict
2024-25,590753,UT Arlington,WAC,250,UT Arlington Mavericks,UT Arlington,Mavericks,UTA,Western Athletic Conference,30,exact
2024-25,590748,UT Martin,OVC,2630,UT Martin Skyhawks,UT Martin,Skyhawks,UTM,Ohio Valley Conference,20,exact
2024-25,590755,UTEP,C-USA,2638,UTEP Miners,UTEP,Miners,UTEP,Conference USA,11,exact
2024-25,590682,UTRGV,Southland,292,UT Rio Grande Valley Vaqueros,UT Rio Grande Valley,Vaqueros,RGV,Western Athletic Conference,30,dict
2024-25,590756,UTSA,AAC,2636,UTSA Roadrunners,UTSA,Roadrunners,UTSA,Conference USA,11,exact
2024-25,590766,Utah,Big 12,254,Utah Utes,Utah,Utes,UTAH,Pac-12 Conference,21,exact
2024-25,590765,Utah St.,MWC,328,Utah State Aggies,Utah State,Aggies,USU,Mountain West Conference,44,exact
2024-25,590716,Utah Tech,WAC,3101,Utah Tech Trailblazers,Utah Tech,Trailblazers,UTU,Western Athletic Conference,30,exact
2024-25,590508,Utah Valley,WAC,3084,Utah Valley Wolverines,Utah Valley,Wolverines,UVU,Western Athletic Conference,30,exact
2024-25,590770,VCU,Atlantic 10,2670,VCU Rams,VCU,Rams,VCU,Atlantic 10 Conference,3,exact
2024-25,590771,VMI,SoCon,2678,VMI Keydets,VMI,Keydets,VMI,Southern Conference,24,exact
2024-25,590767,Valparaiso,MVC,2674,Valparaiso Beacons,Valparaiso,Beacons,VAL,Missouri Valley Conference,18,exact
2024-25,590768,Vanderbilt,SEC,238,Vanderbilt Commodores,Vanderbilt,Commodores,VAN,Southeastern Conference,23,exact
2024-25,590824,Vermont,America East,261,Vermont Catamounts,Vermont,Catamounts,UVM,America East Conference,1,exact
2024-25,590769,Villanova,Big East,222,Villanova Wildcats,Villanova,Wildcats,VILL,Big East Conference,4,exact
2024-25,590773,Virginia,ACC,258,Virginia Cavaliers,Virginia,Cavaliers,UVA,Atlantic Coast Conference,2,exact
2024-25,590772,Virginia Tech,ACC,259,Virginia Tech Hokies,Virginia Tech,Hokies,VT,Atlantic Coast Conference,2,exact
2024-25,590825,Wagner,NEC,2681,Wagner Seahawks,Wagner,Seahawks,WAG,Northeast Conference,19,exact
2024-25,590774,Wake Forest,ACC,154,Wake Forest Demon Deacons,Wake Forest,Demon Deacons,WAKE,Atlantic Coast Conference,2,exact
2024-25,590776,Washington,Big Ten,264,Washington Huskies,Washington,Huskies,WASH,Pac-12 Conference,21,exact
2024-25,590775,Washington St.,WCC,265,Washington State Cougars,Washington State,Cougars,WSU,Pac-12 Conference,21,exact
2024-25,590777,Weber St.,Big Sky,2692,Weber State Wildcats,Weber State,Wildcats,WEB,Big Sky Conference,5,exact
2024-25,591125,West Ga.,ASUN,2698,West Georgia Wolves,West Georgia,Wolves,WGA,,,exact
2024-25,590778,West Virginia,Big 12,277,West Virginia Mountaineers,West Virginia,Mountaineers,WVU,Big 12 Conference,8,exact
2024-25,590779,Western Caro.,SoCon,2717,Western Carolina Catamounts,Western Carolina,Catamounts,WCU,Southern Conference,24,exact
2024-25,590780,Western Ill.,OVC,2710,Western Illinois Leathernecks,Western Illinois,Leathernecks,WIU,Summit League,49,exact
2024-25,590826,Western Ky.,C-USA,98,Western Kentucky Hilltoppers,Western Kentucky,Hilltoppers,WKU,Conference USA,11,exact
2024-25,590781,Western Mich.,MAC,2711,Western Michigan Broncos,Western Michigan,Broncos,WMU,Mid-American Conference,14,exact
2024-25,590782,Wichita St.,AAC,2724,Wichita State Shockers,Wichita State,Shockers,WICH,American Athletic Conference,62,exact
2024-25,590783,William & Mary,CAA,2729,William & Mary Tribe,William & Mary,Tribe,W&M,Colonial Athletic Association,10,exact
2024-25,590784,Winthrop,Big South,2737,Winthrop Eagles,Winthrop,Eagles,WIN,Big South Conference,6,exact
2024-25,590786,Wisconsin,Big Ten,275,Wisconsin Badgers,Wisconsin,Badgers,WIS,Big Ten Conference,7,exact
2024-25,590501,Wofford,SoCon,2747,Wofford Terriers,Wofford,Terriers,WOF,Southern Conference,24,exact
2024-25,590788,Wright St.,Horizon,2750,Wright State Raiders,Wright State,Raiders,WRST,Horizon League,45,exact
2024-25,590789,Wyoming,MWC,2751,Wyoming Cowboys,Wyoming,Cowboys,WYO,Mountain West Conference,44,exact
2024-25,590790,Xavier,Big East,2752,Xavier Musketeers,Xavier,Musketeers,XAV,Big East Conference,4,exact
2024-25,590827,Yale,Ivy League,43,Yale Bulldogs,Yale,Bulldogs,YALE,Ivy League,12,exact
2024-25,590791,Youngstown St.,Horizon,2754,Youngstown State Penguins,Youngstown State,Penguins,YSU,Horizon League,45,exact
2025-26,609609,A&M-Corpus Christi,Southland,357,Texas A&M-Corpus Christi Islanders,Texas A&M-Corpus Christi,Islanders,AMCC,Southland Conference,25,dict
2025-26,609614,Abilene Christian,WAC,2000,Abilene Christian Wildcats,Abilene Christian,Wildcats,ACU,Western Athletic Conference,30,exact
2025-26,609502,Air Force,MWC,2005,Air Force Falcons,Air Force,Falcons,AF,Mountain West Conference,44,exact
2025-26,609541,Akron,MAC,2006,Akron Zips,Akron,Zips,AKR,Mid-American Conference,14,exact
2025-26,609617,Alabama,SEC,333,Alabama Crimson Tide,Alabama,Crimson Tide,ALA,Southeastern Conference,23,exact
2025-26,609615,Alabama A&M,SWAC,2010,Alabama A&M Bulldogs,Alabama A&M,Bulldogs,AAMU,Southwestern Athletic Conference,26,exact
2025-26,609616,Alabama St.,SWAC,2011,Alabama State Hornets,Alabama State,Hornets,ALST,Southwestern Athletic Conference,26,exact
2025-26,609619,Alcorn,SWAC,2016,Alcorn State Braves,Alcorn State,Braves,ALCN,Southwestern Athletic Conference,26,dict
2025-26,609620,American,Patriot,44,American University Eagles,American University,Eagles,AMER,Patriot League,22,exact
2025-26,609621,App State,Sun Belt,2026,App State Mountaineers,App State,Mountaineers,APP,Sun Belt Conference,27,exact
2025-26,609623,Arizona,Big 12,12,Arizona Wildcats,Arizona,Wildcats,ARIZ,Pac-12 Conference,21,exact
2025-26,609622,Arizona St.,Big 12,9,Arizona State Sun Devils,Arizona State,Sun Devils,ASU,Pac-12 Conference,21,exact
2025-26,609600,Ark.-Pine Bluff,SWAC,2029,Arkansas-Pine Bluff Golden Lions,Arkansas-Pine Bluff,Golden Lions,UAPB,Southwestern Athletic Conference,26,dict
2025-26,609625,Arkansas,SEC,8,Arkansas Razorbacks,Arkansas,Razorbacks,ARK,Southeastern Conference,23,exact
2025-26,609624,Arkansas St.,Sun Belt,2032,Arkansas State Red Wolves,Arkansas State,Red Wolves,ARST,Sun Belt Conference,27,exact
2025-26,609503,Army West Point,Patriot,349,Army Black Knights,Army,Black Knights,ARMY,Patriot League,22,dict
2025-26,609543,Auburn,SEC,2,Auburn Tigers,Auburn,Tigers,AUB,Southeastern Conference,23,exact
2025-26,609627,Austin Peay,ASUN,2046,Austin Peay Governors,Austin Peay,Governors,APSU,ASUN Conference,46,exact
2025-26,609638,BYU,Big 12,252,BYU Cougars,BYU,Cougars,BYU,West Coast Conference,29,exact
2025-26,609628,Ball St.,MAC,2050,Ball State Cardinals,Ball State,Cardinals,BALL,Mid-American Conference,14,exact
2025-26,609630,Baylor,Big 12,239,Baylor Bears,Baylor,Bears,BAY,Big 12 Conference,8,exact
2025-26,609882,Bellarmine,ASUN,91,Bellarmine Knights,Bellarmine,Knights,BELL,ASUN Conference,46,exact
2025-26,609607,Belmont,MVC,2057,Belmont Bruins,Belmont,Bruins,BEL,Missouri Valley Conference,18,exact
2025-26,609631,Bethune-Cookman,SWAC,2065,Bethune-Cookman Wildcats,Bethune-Cookman,Wildcats,BCU,Southwestern Athletic Conference,26,exact
2025-26,609632,Binghamton,America East,2066,Binghamton Bearcats,Binghamton,Bearcats,BING,America East Conference,1,exact
2025-26,609633,Boise St.,MWC,68,Boise State Broncos,Boise State,Broncos,BOIS,Mountain West Conference,44,exact
2025-26,609634,Boston College,ACC,103,Boston College Eagles,Boston College,Eagles,BC,Atlantic Coast Conference,2,exact
2025-26,609635,Boston U.,Patriot,104,Boston University Terriers,Boston University,Terriers,BU,Patriot League,22,exact
2025-26,609636,Bowling Green,MAC,189,Bowling Green Falcons,Bowling Green,Falcons,BGSU,Mid-American Conference,14,exact
2025-26,609637,Bradley,MVC,71,Bradley Braves,Bradley,Braves,BRAD,Missouri Valley Conference,18,exact
2025-26,609639,Brown,Ivy League,225,Brown Bears,Brown,Bears,BRWN,Ivy League,12,exact
2025-26,609640,Bryant,America East,2803,Bryant Bulldogs,Bryant,Bulldogs,BRY,America East Conference,1,exact
2025-26,609641,Bucknell,Patriot,2083,Bucknell Bison,Bucknell,Bison,BUCK,Patriot League,22,exact
2025-26,609642,Buffalo,MAC,2084,Buffalo Bulls,Buffalo,Bulls,BUF,Mid-American Conference,14,exact
2025-26,609643,Butler,Big East,2086,Butler Bulldogs,Butler,Bulldogs,BTLR,Big East Conference,4,exact
2025-26,609645,CSU Bakersfield,Big West,2934,Cal State Bakersfield Roadrunners,Cal State Bakersfield,Roadrunners,CSUB,Big West Conference,9,alias
2025-26,609648,CSUN,Big West,2463,Cal State Northridge Matadors,Cal State Northridge,Matadors,CSUN,Big West Conference,9,exact
2025-26,609644,Cal Poly,Big West,13,Cal Poly Mustangs,Cal Poly,Mustangs,CP,Big West Conference,9,exact
2025-26,609647,Cal St. Fullerton,Big West,2239,Cal State Fullerton Titans,Cal State Fullerton,Titans,CSUF,Big West Conference,9,exact
2025-26,609651,California,ACC,25,California Golden Bears,California,Golden Bears,CAL,Pac-12 Conference,21,exact
2025-26,609878,California Baptist,WAC,2856,California Baptist Lancers,California Baptist,Lancers,CBU,Western Athletic Conference,30,exact
2025-26,609694,Campbell,CAA,2097,Campbell Fighting Camels,Campbell,Fighting Camels,CAM,Big South Conference,6,exact
2025-26,609695,Canisius,MAAC,2099,Canisius Golden Griffins,Canisius,Golden Griffins,CAN,Metro Atlantic Athletic Conference,13,exact
2025-26,609532,Central Ark.,ASUN,2110,Central Arkansas Bears,Central Arkansas,Bears,CARK,ASUN Conference,46,exact
2025-26,609696,Central Conn. St.,NEC,2115,Central Connecticut Blue Devils,Central Connecticut,Blue Devils,CCSU,Northeast Conference,19,dict
2025-26,609698,Central Mich.,MAC,2117,Central Michigan Chippewas,Central Michigan,Chippewas,CMU,Mid-American Conference,14,exact
2025-26,609629,Charleston So.,Big South,2127,Charleston Southern Buccaneers,Charleston Southern,Buccaneers,CHSO,Big South Conference,6,exact
2025-26,609683,Charlotte,AAC,2429,Charlotte 49ers,Charlotte,49ers,CLT,Conference USA,11,exact
2025-26,609486,Chattanooga,SoCon,236,Chattanooga Mocs,Chattanooga,Mocs,UTC,Southern Conference,24,exact
2025-26,609699,Chicago St.,NEC,2130,Chicago State Cougars,Chicago State,Cougars,CHST,Division I Independents,43,exact
2025-26,609700,Cincinnati,Big 12,2132,Cincinnati Bearcats,Cincinnati,Bearcats,CIN,American Athletic Conference,62,exact
2025-26,609702,Clemson,ACC,228,Clemson Tigers,Clemson,Tigers,CLEM,Atlantic Coast Conference,2,exact
2025-26,609703,Cleveland St.,Horizon,325,Cleveland State Vikings,Cleveland State,Vikings,CLE,Horizon League,45,exact
2025-26,609704,Coastal Carolina,Sun Belt,324,Coastal Carolina Chanticleers,Coastal Carolina,Chanticleers,CCU,Sun Belt Conference,27,exact
2025-26,609539,Col. of Charleston,CAA,232,Charleston Cougars,Charleston,Cougars,COFC,Colonial Athletic Association,10,dict
2025-26,609548,Colgate,Patriot,2142,Colgate Raiders,Colgate,Raiders,COLG,Patriot League,22,exact
2025-26,609706,Colorado,Big 12,38,Colorado Buffaloes,Colorado,Buffaloes,COLO,Pac-12 Conference,21,exact
2025-26,609705,Colorado St.,MWC,36,Colorado State Rams,Colorado State,Rams,CSU,Mountain West Conference,44,exact
2025-26,609707,Columbia,Ivy League,171,Columbia Lions,Columbia,Lions,COLU,Ivy League,12,exact
2025-26,609708,Coppin St.,MEAC,2154,Coppin State Eagles,Coppin State,Eagles,COPP,Mid-Eastern Athletic Conference,16,exact
2025-26,609709,Cornell,Ivy League,172,Cornell Big Red,Cornell,Big Red,COR,Ivy League,12,exact
2025-26,609710,Creighton,Big East,156,Creighton Bluejays,Creighton,Bluejays,CREI,Big East Conference,4,exact
2025-26,609711,Dartmouth,Ivy League,159,Dartmouth Big Green,Dartmouth,Big Green,DART,Ivy League,12,exact
2025-26,609712,Davidson,Atlantic 10,2166,Davidson Wildcats,Davidson,Wildcats,DAV,Atlantic 10 Conference,3,exact
2025-26,609713,Dayton,Atlantic 10,2168,Dayton Flyers,Dayton,Flyers,DAY,Atlantic 10 Conference,3,exact
2025-26,609714,DePaul,Big East,305,DePaul Blue Demons,DePaul,Blue Demons,DEP,Big East Conference,4,exact
2025-26,609716,Delaware,C-USA,48,Delaware Blue Hens,Delaware,Blue Hens,DEL,Colonial Athletic Association,10,exact
2025-26,609715,Delaware St.,MEAC,2169,Delaware State Hornets,Delaware State,Hornets,DSU,Mid-Eastern Athletic Conference,16,exact
2025-26,609717,Denver,Summit League,2172,Denver Pioneers,Denver,Pioneers,DEN,Summit League,49,exact
2025-26,609718,Detroit Mercy,Horizon,2174,Detroit Mercy Titans,Detroit Mercy,Titans,DETM,Horizon League,45,exact
2025-26,609550,Drake,MVC,2181,Drake Bulldogs,Drake,Bulldogs,DRKE,Missouri Valley Conference,18,exact
2025-26,609719,Drexel,CAA,2182,Drexel Dragons,Drexel,Dragons,DREX,Colonial Athletic Association,10,exact
2025-26,609720,Duke,ACC,150,Duke Blue Devils,Duke,Blue Devils,DUKE,Atlantic Coast Conference,2,exact
2025-26,609551,Duquesne,Atlantic 10,2184,Duquesne Dukes,Duquesne,Dukes,DUQ,Atlantic 10 Conference,3,exact
2025-26,609722,ETSU,SoCon,2193,East Tennessee State Buccaneers,East Tennessee State,Buccaneers,ETSU,Southern Conference,24,exact
2025-26,609721,East Carolina,AAC,151,East Carolina Pirates,East Carolina,Pirates,ECU,American Athletic Conference,62,exact
2025-26,609533,East Texas A&M,Southland,2837,East Texas A&M Lions,East Texas A&M,Lions,ETAM,Southland Conference,25,exact
2025-26,609723,Eastern Ill.,OVC,2197,Eastern Illinois Panthers,Eastern Illinois,Panthers,EIU,Ohio Valley Conference,20,exact
2025-26,609724,Eastern Ky.,ASUN,2198,Eastern Kentucky Colonels,Eastern Kentucky,Colonels,EKU,ASUN Conference,46,exact
2025-26,609725,Eastern Mich.,MAC,2199,Eastern Michigan Eagles,Eastern Michigan,Eagles,EMU,Mid-American Conference,14,exact
2025-26,609726,Eastern Wash.,Big Sky,331,Eastern Washington Eagles,Eastern Washington,Eagles,EWU,Big Sky Conference,5,exact
2025-26,609595,Elon,CAA,2210,Elon Phoenix,Elon,Phoenix,ELON,Colonial Athletic Association,10,exact
2025-26,609727,Evansville,MVC,339,Evansville Purple Aces,Evansville,Purple Aces,EVAN,Missouri Valley Conference,18,exact
2025-26,609729,FDU,NEC,161,Fairleigh Dickinson Knights,Fairleigh Dickinson,Knights,FDU,Northeast Conference,19,exact
2025-26,609611,FGCU,ASUN,526,Florida Gulf Coast Eagles,Florida Gulf Coast,Eagles,FGCU,ASUN Conference,46,exact
2025-26,609732,FIU,C-USA,2229,Florida International Panthers,Florida International,Panthers,FIU,Conference USA,11,exact
2025-26,609728,Fairfield,MAAC,2217,Fairfield Stags,Fairfield,Stags,FAIR,Metro Atlantic Athletic Conference,13,exact
2025-26,609731,Fla. Atlantic,AAC,2226,Florida Atlantic Owls,Florida Atlantic,Owls,FAU,Conference USA,11,exact
2025-26,609734,Florida,SEC,57,Florida Gators,Florida,Gators,FLA,Southeastern Conference,23,exact
2025-26,609730,Florida A&M,SWAC,50,Florida A&M Rattlers,Florida A&M,Rattlers,FAMU,Southwestern Athletic Conference,26,exact
2025-26,609733,Florida St.,ACC,52,Florida State Seminoles,Florida State,Seminoles,FSU,Atlantic Coast Conference,2,exact
2025-26,609735,Fordham,Atlantic 10,2230,Fordham Rams,Fordham,Rams,FOR,Atlantic 10 Conference,3,exact
2025-26,609646,Fresno St.,MWC,278,Fresno State Bulldogs,Fresno State,Bulldogs,FRES,Mountain West Conference,44,exact
2025-26,609736,Furman,SoCon,231,Furman Paladins,Furman,Paladins,FUR,Southern Conference,24,exact
2025-26,609740,Ga. Southern,Sun Belt,290,Georgia Southern Eagles,Georgia Southern,Eagles,GASO,Sun Belt Conference,27,exact
2025-26,609596,Gardner-Webb,Big South,2241,Gardner-Webb Runnin' Bulldogs,Gardner-Webb,Runnin' Bulldogs,GWEB,Big South Conference,6,exact
2025-26,609737,George Mason,Atlantic 10,2244,George Mason Patriots,George Mason,Patriots,GMU,Atlantic 10 Conference,3,exact
2025-26,609738,George Washington,Atlantic 10,45,George Washington Revolutionaries,George Washington,Revolutionaries,GW,Atlantic 10 Conference,3,exact
2025-26,609739,Georgetown,Big East,46,Georgetown Hoyas,Georgetown,Hoyas,GTWN,Big East Conference,4,exact
2025-26,609743,Georgia,SEC,61,Georgia Bulldogs,Georgia,Bulldogs,UGA,Southeastern Conference,23,exact
2025-26,609741,Georgia St.,Sun Belt,2247,Georgia State Panthers,Georgia State,Panthers,GAST,Sun Belt Conference,27,exact
2025-26,609742,Georgia Tech,ACC,59,Georgia Tech Yellow Jackets,Georgia Tech,Yellow Jackets,GT,Atlantic Coast Conference,2,exact
2025-26,609744,Gonzaga,WCC,2250,Gonzaga Bulldogs,Gonzaga,Bulldogs,GONZ,West Coast Conference,29,exact
2025-26,609552,Grambling,SWAC,2755,Grambling Tigers,Grambling,Tigers,GRAM,Southwestern Athletic Conference,26,exact
2025-26,609540,Grand Canyon,MWC,2253,Grand Canyon Lopes,Grand Canyon,Lopes,GCU,Western Athletic Conference,30,exact
2025-26,609525,Green Bay,Horizon,2739,Green Bay Phoenix,Green Bay,Phoenix,GB,Horizon League,45,exact
2025-26,609745,Hampton,CAA,2261,Hampton Pirates,Hampton,Pirates,HAMP,Colonial Athletic Association,10,exact
2025-26,609746,Harvard,Ivy League,108,Harvard Crimson,Harvard,Crimson,HARV,Ivy League,12,exact
2025-26,609747,Hawaii,Big West,62,Hawai'i Rainbow Warriors,Hawai'i,Rainbow Warriors,HAW,Big West Conference,9,dict
2025-26,609608,High Point,Big South,2272,High Point Panthers,High Point,Panthers,HPU,Big South Conference,6,exact
2025-26,609748,Hofstra,CAA,2275,Hofstra Pride,Hofstra,Pride,HOF,Colonial Athletic Association,10,exact
2025-26,609749,Holy Cross,Patriot,107,Holy Cross Crusaders,Holy Cross,Crusaders,HC,Patriot League,22,exact
2025-26,609752,Houston,Big 12,248,Houston Cougars,Houston,Cougars,HOU,American Athletic Conference,62,exact
2025-26,609750,Houston Christian,Southland,2277,Houston Christian Huskies,Houston Christian,Huskies,HCU,Southland Conference,25,exact
2025-26,609553,Howard,MEAC,47,Howard Bison,Howard,Bison,HOW,Mid-Eastern Athletic Conference,16,exact
2025-26,609601,IU Indy,Horizon,85,IU Indianapolis Jaguars,IU Indianapolis,Jaguars,IUIN,Horizon League,45,exact
2025-26,609756,Idaho,Big Sky,70,Idaho Vandals,Idaho,Vandals,IDHO,Big Sky Conference,5,exact
2025-26,609753,Idaho St.,Big Sky,304,Idaho State Bengals,Idaho State,Bengals,IDST,Big Sky Conference,5,exact
2025-26,609554,Illinois,Big Ten,356,Illinois Fighting Illini,Illinois,Fighting Illini,ILL,Big Ten Conference,7,exact
2025-26,609758,Illinois St.,MVC,2287,Illinois State Redbirds,Illinois State,Redbirds,ILST,Missouri Valley Conference,18,exact
2025-26,609574,Indiana,Big Ten,84,Indiana Hoosiers,Indiana,Hoosiers,IU,Big Ten Conference,7,exact
2025-26,609573,Indiana St.,MVC,282,Indiana State Sycamores,Indiana State,Sycamores,INST,Missouri Valley Conference,18,exact
2025-26,609576,Iona,MAAC,314,Iona Gaels,Iona,Gaels,IONA,Metro Atlantic Athletic Conference,13,exact
2025-26,609577,Iowa,Big Ten,2294,Iowa Hawkeyes,Iowa,Hawkeyes,IOWA,Big Ten Conference,7,exact
2025-26,609536,Iowa St.,Big 12,66,Iowa State Cyclones,Iowa State,Cyclones,ISU,Big 12 Conference,8,exact
2025-26,609578,Jackson St.,SWAC,2296,Jackson State Tigers,Jackson State,Tigers,JKST,Southwestern Athletic Conference,26,exact
2025-26,609580,Jacksonville,ASUN,294,Jacksonville Dolphins,Jacksonville,Dolphins,JAX,ASUN Conference,46,exact
2025-26,609579,Jacksonville St.,C-USA,55,Jacksonville State Gamecocks,Jacksonville State,Gamecocks,JXST,ASUN Conference,46,exact
2025-26,609537,James Madison,Sun Belt,256,James Madison Dukes,James Madison,Dukes,JMU,Sun Belt Conference,27,exact
2025-26,609582,Kansas,Big 12,2305,Kansas Jayhawks,Kansas,Jayhawks,KU,Big 12 Conference,8,exact
2025-26,609602,Kansas City,Summit League,140,Kansas City Roos,Kansas City,Roos,KC,Summit League,49,exact
2025-26,609581,Kansas St.,Big 12,2306,Kansas State Wildcats,Kansas State,Wildcats,KSU,Big 12 Conference,8,exact
2025-26,609597,Kennesaw St.,C-USA,338,Kennesaw State Owls,Kennesaw State,Owls,KENN,ASUN Conference,46,exact
2025-26,609583,Kent St.,MAC,2309,Kent State Golden Flashes,Kent State,Golden Flashes,KENT,Mid-American Conference,14,exact
2025-26,609584,Kentucky,SEC,96,Kentucky Wildcats,Kentucky,Wildcats,UK,Southeastern Conference,23,exact
2025-26,609590,LIU,NEC,112358,Long Island University Sharks,Long Island University,Sharks,LIU,Northeast Conference,19,exact
2025-26,609653,LMU (CA),WCC,2351,Loyola Marymount Lions,Loyola Marymount,Lions,LMU,West Coast Conference,29,dict
2025-26,609591,LSU,SEC,99,LSU Tigers,LSU,Tigers,LSU,Southeastern Conference,23,exact
2025-26,609585,La Salle,Atlantic 10,2325,La Salle Explorers,La Salle,Explorers,LAS,Atlantic 10 Conference,3,exact
2025-26,609586,Lafayette,Patriot,322,Lafayette Leopards,Lafayette,Leopards,LAF,Patriot League,22,exact
2025-26,609587,Lamar University,Southland,2320,Lamar Cardinals,Lamar,Cardinals,LAM,Southland Conference,25,dict
2025-26,609570,Le Moyne,NEC,2330,Le Moyne Dolphins,Le Moyne,Dolphins,LEM,,,exact
2025-26,609588,Lehigh,Patriot,2329,Lehigh Mountain Hawks,Lehigh,Mountain Hawks,LEH,Patriot League,22,exact
2025-26,609589,Liberty,C-USA,2335,Liberty Flames,Liberty,Flames,LIB,ASUN Conference,46,exact
2025-26,609572,Lindenwood,OVC,2815,Lindenwood Lions,Lindenwood,Lions,LIN,,,exact
2025-26,609610,Lipscomb,ASUN,288,Lipscomb Bisons,Lipscomb,Bisons,LIP,ASUN Conference,46,exact
2025-26,609626,Little Rock,OVC,2031,Little Rock Trojans,Little Rock,Trojans,LR,Ohio Valley Conference,20,exact
2025-26,609544,Long Beach St.,Big West,299,Long Beach State Beach,Long Beach State,Beach,LBSU,Big West Conference,9,exact
2025-26,609538,Longwood,Big South,2344,Longwood Lancers,Longwood,Lancers,LONG,Big South Conference,6,exact
2025-26,609478,Louisiana,Sun Belt,309,Louisiana Ragin' Cajuns,Louisiana,Ragin' Cajuns,UL,Sun Belt Conference,27,exact
2025-26,609592,Louisiana Tech,C-USA,2348,Louisiana Tech Bulldogs,Louisiana Tech,Bulldogs,LT,Conference USA,11,exact
2025-26,609593,Louisville,ACC,97,Louisville Cardinals,Louisville,Cardinals,LOU,Atlantic Coast Conference,2,exact
2025-26,609654,Loyola Chicago,Atlantic 10,2350,Loyola Chicago Ramblers,Loyola Chicago,Ramblers,LUC,Atlantic 10 Conference,3,exact
2025-26,609652,Loyola Maryland,Patriot,2352,Loyola Maryland Greyhounds,Loyola Maryland,Greyhounds,L-MD,Patriot League,22,exact
2025-26,609655,Maine,America East,311,Maine Black Bears,Maine,Black Bears,ME,America East Conference,1,exact
2025-26,609656,Manhattan,MAAC,2363,Manhattan Jaspers,Manhattan,Jaspers,MAN,Metro Atlantic Athletic Conference,13,exact
2025-26,609657,Marist,MAAC,2368,Marist Red Foxes,Marist,Red Foxes,MRST,Metro Atlantic Athletic Conference,13,exact
2025-26,609658,Marquette,Big East,269,Marquette Golden Eagles,Marquette,Golden Eagles,MARQ,Big East Conference,4,exact
2025-26,609659,Marshall,Sun Belt,276,Marshall Thundering Herd,Marshall,Thundering Herd,MRSH,Sun Belt Conference,27,exact
2025-26,609661,Maryland,Big Ten,120,Maryland Terrapins,Maryland,Terrapins,MD,Big Ten Conference,7,exact
2025-26,609663,Massachusetts,MAC,113,Massachusetts Minutemen,Massachusetts,Minutemen,MASS,Atlantic 10 Conference,3,exact
2025-26,609545,McNeese,Southland,2377,McNeese Cowboys,McNeese,Cowboys,MCN,Southland Conference,25,exact
2025-26,609664,Memphis,AAC,235,Memphis Tigers,Memphis,Tigers,MEM,American Athletic Conference,62,exact
2025-26,609665,Mercer,SoCon,2382,Mercer Bears,Mercer,Bears,MER,Southern Conference,24,exact
2025-26,609568,Mercyhurst,NEC,2385,Mercyhurst Lakers,Mercyhurst,Lakers,MERC,,,exact
2025-26,609880,Merrimack,MAAC,2771,Merrimack Warriors,Merrimack,Warriors,MRMK,Northeast Conference,19,exact
2025-26,609667,Miami (FL),ACC,2390,Miami Hurricanes,Miami,Hurricanes,MIA,Atlantic Coast Conference,2,dict
2025-26,609666,Miami (OH),MAC,193,Miami (OH) RedHawks,Miami (OH),RedHawks,M-OH,Mid-American Conference,14,exact
2025-26,609669,Michigan,Big Ten,130,Michigan Wolverines,Michigan,Wolverines,MICH,Big Ten Conference,7,exact
2025-26,609668,Michigan St.,Big Ten,127,Michigan State Spartans,Michigan State,Spartans,MSU,Big Ten Conference,7,exact
2025-26,609670,Middle Tenn.,C-USA,2393,Middle Tennessee Blue Raiders,Middle Tennessee,Blue Raiders,MTSU,Conference USA,11,exact
2025-26,609527,Milwaukee,Horizon,270,Milwaukee Panthers,Milwaukee,Panthers,MILW,Horizon League,45,exact
2025-26,609671,Minnesota,Big Ten,135,Minnesota Golden Gophers,Minnesota,Golden Gophers,MINN,Big Ten Conference,7,exact
2025-26,609672,Mississippi St.,SEC,344,Mississippi State Bulldogs,Mississippi State,Bulldogs,MSST,Southeastern Conference,23,exact
2025-26,609673,Mississippi Val.,SWAC,2400,Mississippi Valley State Delta Devils,Mississippi Valley State,Delta Devils,MVSU,Southwestern Athletic Conference,26,dict
2025-26,609675,Missouri,SEC,142,Missouri Tigers,Missouri,Tigers,MIZ,Southeastern Conference,23,exact
2025-26,609476,Missouri St.,C-USA,2623,Missouri State Bears,Missouri State,Bears,MOST,Missouri Valley Conference,18,exact
2025-26,609676,Monmouth,CAA,2405,Monmouth Hawks,Monmouth,Hawks,MONM,Colonial Athletic Association,10,exact
2025-26,609677,Montana,Big Sky,149,Montana Grizzlies,Montana,Grizzlies,MONT,Big Sky Conference,5,exact
2025-26,609546,Montana St.,Big Sky,147,Montana State Bobcats,Montana State,Bobcats,MTST,Big Sky Conference,5,exact
2025-26,609547,Morehead St.,OVC,2413,Morehead State Eagles,Morehead State,Eagles,MORE,Ohio Valley Conference,20,exact
2025-26,609678,Morgan St.,MEAC,2415,Morgan State Bears,Morgan State,Bears,MORG,Mid-Eastern Athletic Conference,16,exact
2025-26,609679,Mount St. Mary's,MAAC,116,Mount St. Mary's Mountaineers,Mount St. Mary's,Mountaineers,MSM,Metro Atlantic Athletic Conference,13,exact
2025-26,609680,Murray St.,MVC,93,Murray State Racers,Murray State,Racers,MUR,Missouri Valley Conference,18,exact
2025-26,609775,N.C. A&T,CAA,2448,North Carolina A&T Aggies,North Carolina A&T,Aggies,NCAT,Colonial Athletic Association,10,exact
2025-26,609777,N.C. Central,MEAC,2428,North Carolina Central Eagles,North Carolina Central,Eagles,NCCU,Mid-Eastern Athletic Conference,16,exact
2025-26,609556,NC State,ACC,152,NC State Wolfpack,NC State,Wolfpack,NCSU,Atlantic Coast Conference,2,exact
2025-26,609792,NIU,MAC,2459,Northern Illinois Huskies,Northern Illinois,Huskies,NIU,Mid-American Conference,14,exact
2025-26,609764,NJIT,America East,2885,NJIT Highlanders,NJIT,Highlanders,NJIT,America East Conference,1,exact
2025-26,609504,Navy,Patriot,2426,Navy Midshipmen,Navy,Midshipmen,NAVY,Patriot League,22,exact
2025-26,609686,Nebraska,Big Ten,158,Nebraska Cornhuskers,Nebraska,Cornhuskers,NEB,Big Ten Conference,7,exact
2025-26,609689,Nevada,MWC,2440,Nevada Wolf Pack,Nevada,Wolf Pack,NEV,Mountain West Conference,44,exact
2025-26,609762,New Hampshire,America East,160,New Hampshire Wildcats,New Hampshire,Wildcats,UNH,America East Conference,1,exact
2025-26,610406,New Haven,NEC,2441,New Haven Chargers,New Haven,Chargers,NHVN,,,exact
2025-26,609555,New Mexico,MWC,167,New Mexico Lobos,New Mexico,Lobos,UNM,Mountain West Conference,44,exact
2025-26,609765,New Mexico St.,C-USA,166,New Mexico State Aggies,New Mexico State,Aggies,NMSU,Western Athletic Conference,30,exact
2025-26,609767,New Orleans,Southland,2443,LSU New Orleans Privateers,LSU New Orleans,Privateers,NOLA,Southland Conference,25,exact
2025-26,609769,Niagara,MAAC,315,Niagara Purple Eagles,Niagara,Purple Eagles,NIA,Metro Atlantic Athletic Conference,13,exact
2025-26,609771,Nicholls,Southland,2447,Nicholls Colonels,Nicholls,Colonels,NICH,Southland Conference,25,exact
2025-26,609773,Norfolk St.,MEAC,2450,Norfolk State Spartans,Norfolk State,Spartans,NORF,Mid-Eastern Athletic Conference,16,exact
2025-26,609613,North Ala.,ASUN,2453,North Alabama Lions,North Alabama,Lions,UNA,ASUN Conference,46,exact
2025-26,609682,North Carolina,ACC,153,North Carolina Tar Heels,North Carolina,Tar Heels,UNC,Atlantic Coast Conference,2,exact
2025-26,609781,North Dakota,Summit League,155,North Dakota Fighting Hawks,North Dakota,Fighting Hawks,UND,Summit League,49,exact
2025-26,609779,North Dakota St.,Summit League,2449,North Dakota State Bison,North Dakota State,Bison,NDSU,Summit League,49,exact
2025-26,609603,North Florida,ASUN,2454,North Florida Ospreys,North Florida,Ospreys,UNF,ASUN Conference,46,exact
2025-26,609783,North Texas,AAC,249,North Texas Mean Green,North Texas,Mean Green,UNT,Conference USA,11,exact
2025-26,609786,Northeastern,CAA,111,Northeastern Huskies,Northeastern,Huskies,NE,Colonial Athletic Association,10,exact
2025-26,609788,Northern Ariz.,Big Sky,2464,Northern Arizona Lumberjacks,Northern Arizona,Lumberjacks,NAU,Big Sky Conference,5,exact
2025-26,609790,Northern Colo.,Big Sky,2458,Northern Colorado Bears,Northern Colorado,Bears,UNCO,Big Sky Conference,5,exact
2025-26,609796,Northern Ky.,Horizon,94,Northern Kentucky Norse,Northern Kentucky,Norse,NKU,Horizon League,45,exact
2025-26,609799,Northwestern,Big Ten,77,Northwestern Wildcats,Northwestern,Wildcats,NU,Big Ten Conference,7,exact
2025-26,609797,Northwestern St.,Southland,2466,Northwestern State Demons,Northwestern State,Demons,NWST,Southland Conference,25,exact
2025-26,609801,Notre Dame,ACC,87,Notre Dame Fighting Irish,Notre Dame,Fighting Irish,ND,Atlantic Coast Conference,2,exact
2025-26,609557,Oakland,Horizon,2473,Oakland Golden Grizzlies,Oakland,Golden Grizzlies,OAK,Horizon League,45,exact
2025-26,609805,Ohio,MAC,195,Ohio Bobcats,Ohio,Bobcats,OHIO,Mid-American Conference,14,exact
2025-26,609803,Ohio St.,Big Ten,194,Ohio State Buckeyes,Ohio State,Buckeyes,OSU,Big Ten Conference,7,exact
2025-26,609808,Oklahoma,SEC,201,Oklahoma Sooners,Oklahoma,Sooners,OU,Big 12 Conference,8,exact
2025-26,609807,Oklahoma St.,Big 12,197,Oklahoma State Cowboys,Oklahoma State,Cowboys,OKST,Big 12 Conference,8,exact
2025-26,609810,Old Dominion,Sun Belt,295,Old Dominion Monarchs,Old Dominion,Monarchs,ODU,Sun Belt Conference,27,exact
2025-26,609674,Ole Miss,SEC,145,Ole Miss Rebels,Ole Miss,Rebels,MISS,Southeastern Conference,23,exact
2025-26,609687,Omaha,Summit League,2437,Omaha Mavericks,Omaha,Mavericks,OMA,Summit League,49,exact
2025-26,609812,Oral Roberts,Summit League,198,Oral Roberts Golden Eagles,Oral Roberts,Golden Eagles,ORU,Summit League,49,exact
2025-26,609558,Oregon,Big Ten,2483,Oregon Ducks,Oregon,Ducks,ORE,Pac-12 Conference,21,exact
2025-26,609813,Oregon St.,WCC,204,Oregon State Beavers,Oregon State,Beavers,ORST,Pac-12 Conference,21,exact
2025-26,609815,Pacific,WCC,279,Pacific Tigers,Pacific,Tigers,PAC,West Coast Conference,29,exact
2025-26,609821,Penn,Ivy League,219,Pennsylvania Quakers,Pennsylvania,Quakers,PENN,Ivy League,12,exact
2025-26,609819,Penn St.,Big Ten,213,Penn State Nittany Lions,Penn State,Nittany Lions,PSU,Big Ten Conference,7,exact
2025-26,609822,Pepperdine,WCC,2492,Pepperdine Waves,Pepperdine,Waves,PEPP,West Coast Conference,29,exact
2025-26,609824,Pittsburgh,ACC,221,Pittsburgh Panthers,Pittsburgh,Panthers,PITT,Atlantic Coast Conference,2,exact
2025-26,609828,Portland,WCC,2501,Portland Pilots,Portland,Pilots,PORT,West Coast Conference,29,exact
2025-26,609826,Portland St.,Big Sky,2502,Portland State Vikings,Portland State,Vikings,PRST,Big Sky Conference,5,exact
2025-26,609830,Prairie View,SWAC,2504,Prairie View A&M Panthers,Prairie View A&M,Panthers,PV,Southwestern Athletic Conference,26,exact
2025-26,609598,Presbyterian,Big South,2506,Presbyterian Blue Hose,Presbyterian,Blue Hose,PRES,Big South Conference,6,exact
2025-26,609832,Princeton,Ivy League,163,Princeton Tigers,Princeton,Tigers,PRIN,Ivy League,12,exact
2025-26,609834,Providence,Big East,2507,Providence Friars,Providence,Friars,PROV,Big East Conference,4,exact
2025-26,609836,Purdue,Big Ten,2509,Purdue Boilermakers,Purdue,Boilermakers,PUR,Big Ten Conference,7,exact
2025-26,609575,Purdue Fort Wayne,Horizon,2870,Purdue Fort Wayne Mastodons,Purdue Fort Wayne,Mastodons,PFW,Horizon League,45,exact
2025-26,609571,Queens (NC),ASUN,2511,Queens University Royals,Queens University,Royals,QUC,,,dict
2025-26,609838,Quinnipiac,MAAC,2514,Quinnipiac Bobcats,Quinnipiac,Bobcats,QUIN,Metro Atlantic Athletic Conference,13,exact
2025-26,609840,Radford,Big South,2515,Radford Highlanders,Radford,Highlanders,RAD,Big South Conference,6,exact
2025-26,609841,Rhode Island,Atlantic 10,227,Rhode Island Rams,Rhode Island,Rams,URI,Atlantic 10 Conference,3,exact
2025-26,609843,Rice,AAC,242,Rice Owls,Rice,Owls,RICE,Conference USA,11,exact
2025-26,609845,Richmond,Atlantic 10,257,Richmond Spiders,Richmond,Spiders,RICH,Atlantic 10 Conference,3,exact
2025-26,609848,Rider,MAAC,2520,Rider Broncs,Rider,Broncs,RID,Metro Atlantic Athletic Conference,13,exact
2025-26,609850,Robert Morris,Horizon,2523,Robert Morris Colonials,Robert Morris,Colonials,RMU,Horizon League,45,exact
2025-26,609851,Rutgers,Big Ten,164,Rutgers Scarlet Knights,Rutgers,Scarlet Knights,RUTG,Big Ten Conference,7,exact
2025-26,609480,SFA,Southland,2617,Stephen F. Austin Lumberjacks,Stephen F. Austin,Lumberjacks,SFA,Western Athletic Conference,30,exact
2025-26,609471,SIUE,OVC,2565,SIU Edwardsville Cougars,SIU Edwardsville,Cougars,SIUE,Ohio Valley Conference,20,exact
2025-26,609472,SMU,ACC,2567,SMU Mustangs,SMU,Mustangs,SMU,American Athletic Conference,62,exact
2025-26,609649,Sacramento St.,Big Sky,16,Sacramento State Hornets,Sacramento State,Hornets,SAC,Big Sky Conference,5,exact
2025-26,609854,Sacred Heart,MAAC,2529,Sacred Heart Pioneers,Sacred Heart,Pioneers,SHU,Northeast Conference,19,exact
2025-26,609859,Saint Francis,NEC,2598,St. Francis (PA) Red Flash,St. Francis (PA),Red Flash,SFPA,Northeast Conference,19,alias
2025-26,609864,Saint Joseph's,Atlantic 10,2603,Saint Joseph's Hawks,Saint Joseph's,Hawks,JOES,Atlantic 10 Conference,3,exact
2025-26,609866,Saint Louis,Atlantic 10,139,Saint Louis Billikens,Saint Louis,Billikens,SLU,Atlantic 10 Conference,3,exact
2025-26,609559,Saint Mary's (CA),WCC,2608,Saint Mary's Gaels,Saint Mary's,Gaels,SMC,West Coast Conference,29,dict
2025-26,609560,Saint Peter's,MAAC,2612,Saint Peter's Peacocks,Saint Peter's,Peacocks,SPU,Metro Atlantic Athletic Conference,13,exact
2025-26,609868,Sam Houston,C-USA,2534,Sam Houston Bearkats,Sam Houston,Bearkats,SHSU,Western Athletic Conference,30,exact
2025-26,609561,Samford,SoCon,2535,Samford Bulldogs,Samford,Bulldogs,SAM,Southern Conference,24,exact
2025-26,609871,San Diego,WCC,301,San Diego Toreros,San Diego,Toreros,USD,West Coast Conference,29,exact
2025-26,609870,San Diego St.,MWC,21,San Diego State Aztecs,San Diego State,Aztecs,SDSU,Mountain West Conference,44,exact
2025-26,609874,San Francisco,WCC,2539,San Francisco Dons,San Francisco,Dons,SF,West Coast Conference,29,exact
2025-26,609876,San Jose St.,MWC,23,San José State Spartans,San José State,Spartans,SJSU,Mountain West Conference,44,dict
2025-26,609891,Santa Clara,WCC,2541,Santa Clara Broncos,Santa Clara,Broncos,SCU,West Coast Conference,29,exact
2025-26,609599,Seattle U,WCC,2547,Seattle U Redhawks,Seattle U,Redhawks,SEA,Western Athletic Conference,30,exact
2025-26,609893,Seton Hall,Big East,2550,Seton Hall Pirates,Seton Hall,Pirates,HALL,Big East Conference,4,exact
2025-26,609895,Siena,MAAC,2561,Siena Saints,Siena,Saints,SIE,Metro Atlantic Athletic Conference,13,exact
2025-26,609897,South Alabama,Sun Belt,6,South Alabama Jaguars,South Alabama,Jaguars,USA,Sun Belt Conference,27,exact
2025-26,609901,South Carolina,SEC,2579,South Carolina Gamecocks,South Carolina,Gamecocks,SC,Southeastern Conference,23,exact
2025-26,609899,South Carolina St.,MEAC,2569,South Carolina State Bulldogs,South Carolina State,Bulldogs,SCST,Mid-Eastern Athletic Conference,16,exact
2025-26,609903,South Dakota,Summit League,233,South Dakota Coyotes,South Dakota,Coyotes,SDAK,Summit League,49,exact
2025-26,609562,South Dakota St.,Summit League,2571,South Dakota State Jackrabbits,South Dakota State,Jackrabbits,SDST,Summit League,49,exact
2025-26,609905,South Fla.,AAC,58,South Florida Bulls,South Florida,Bulls,USF,American Athletic Conference,62,exact
2025-26,609907,Southeast Mo. St.,OVC,2546,Southeast Missouri State Redhawks,Southeast Missouri State,Redhawks,SEMO,Ohio Valley Conference,20,exact
2025-26,609909,Southeastern La.,Southland,2545,SE Louisiana Lions,SE Louisiana,Lions,SELA,Southland Conference,25,dict
2025-26,609469,Southern California,Big Ten,30,USC Trojans,USC,Trojans,USC,Pac-12 Conference,21,dict
2025-26,609470,Southern Ill.,MVC,79,Southern Illinois Salukis,Southern Illinois,Salukis,SIU,Missouri Valley Conference,18,exact
2025-26,609534,Southern Ind.,OVC,88,Southern Indiana Screaming Eagles,Southern Indiana,Screaming Eagles,USI,,,alias
2025-26,609473,Southern Miss.,Sun Belt,2572,Southern Miss Golden Eagles,Southern Miss,Golden Eagles,USM,Sun Belt Conference,27,dict
2025-26,609474,Southern U.,SWAC,2582,Southern Jaguars,Southern,Jaguars,SOU,Southwestern Athletic Conference,26,dict
2025-26,609475,Southern Utah,WAC,253,Southern Utah Thunderbirds,Southern Utah,Thunderbirds,SUU,Western Athletic Conference,30,exact
2025-26,609856,St. Bonaventure,Atlantic 10,179,St. Bonaventure Bonnies,St. Bonaventure,Bonnies,SBU,Atlantic 10 Conference,3,exact
2025-26,609861,St. John's (NY),Big East,2599,St. John's Red Storm,St. John's,Red Storm,SJU,Big East Conference,4,dict
2025-26,609889,St. Thomas (MN),Summit League,2900,St. Thomas Tommies,St. Thomas,Tommies,STMN,Summit League,49,alias
2025-26,609479,Stanford,ACC,24,Stanford Cardinal,Stanford,Cardinal,STAN,Pac-12 Conference,21,exact
2025-26,609563,Stetson,ASUN,56,Stetson Hatters,Stetson,Hatters,STET,ASUN Conference,46,exact
2025-26,609535,Stonehill,NEC,284,Stonehill Skyhawks,Stonehill,Skyhawks,STO,Northeast Conference,19,exact
2025-26,609481,Stony Brook,CAA,2619,Stony Brook Seawolves,Stony Brook,Seawolves,STBK,Colonial Athletic Association,10,exact
2025-26,609482,Syracuse,ACC,183,Syracuse Orange,Syracuse,Orange,SYR,Atlantic Coast Conference,2,exact
2025-26,609490,TCU,Big 12,2628,TCU Horned Frogs,TCU,Horned Frogs,TCU,Big 12 Conference,8,exact
2025-26,609887,Tarleton St.,WAC,2627,Tarleton State Texans,Tarleton State,Texans,TAR,Western Athletic Conference,30,exact
2025-26,609483,Temple,AAC,218,Temple Owls,Temple,Owls,TEM,American Athletic Conference,62,exact
2025-26,609487,Tennessee,SEC,2633,Tennessee Volunteers,Tennessee,Volunteers,TENN,Southeastern Conference,23,exact
2025-26,609484,Tennessee St.,OVC,2634,Tennessee State Tigers,Tennessee State,Tigers,TNST,Ohio Valley Conference,20,exact
2025-26,609485,Tennessee Tech,OVC,2635,Tennessee Tech Golden Eagles,Tennessee Tech,Golden Eagles,TNTC,Ohio Valley Conference,20,exact
2025-26,609494,Texas,SEC,251,Texas Longhorns,Texas,Longhorns,TEX,Big 12 Conference,8,exact
2025-26,609489,Texas A&M,SEC,245,Texas A&M Aggies,Texas A&M,Aggies,TA&M,Southeastern Conference,23,exact
2025-26,609491,Texas Southern,SWAC,2640,Texas Southern Tigers,Texas Southern,Tigers,TXSO,Southwestern Athletic Conference,26,exact
2025-26,609477,Texas St.,Sun Belt,326,Texas State Bobcats,Texas State,Bobcats,TXST,Sun Belt Conference,27,exact
2025-26,609492,Texas Tech,Big 12,2641,Texas Tech Red Raiders,Texas Tech,Red Raiders,TTU,Big 12 Conference,8,exact
2025-26,609701,The Citadel,SoCon,2643,The Citadel Bulldogs,The Citadel,Bulldogs,CIT,Southern Conference,24,exact
2025-26,609497,Toledo,MAC,2649,Toledo Rockets,Toledo,Rockets,TOL,Mid-American Conference,14,exact
2025-26,609498,Towson,CAA,119,Towson Tigers,Towson,Tigers,TOW,Colonial Athletic Association,10,exact
2025-26,609499,Troy,Sun Belt,2653,Troy Trojans,Troy,Trojans,TROY,Sun Belt Conference,27,exact
2025-26,609500,Tulane,AAC,2655,Tulane Green Wave,Tulane,Green Wave,TULN,American Athletic Conference,62,exact
2025-26,609501,Tulsa,AAC,202,Tulsa Golden Hurricane,Tulsa,Golden Hurricane,TLSA,American Athletic Conference,62,exact
2025-26,609542,UAB,AAC,5,UAB Blazers,UAB,Blazers,UAB,Conference USA,11,exact
2025-26,609618,UAlbany,America East,399,UAlbany Great Danes,UAlbany,Great Danes,UALB,America East Conference,1,exact
2025-26,609690,UC Davis,Big West,302,UC Davis Aggies,UC Davis,Aggies,UCD,Big West Conference,9,exact
2025-26,609691,UC Irvine,Big West,300,UC Irvine Anteaters,UC Irvine,Anteaters,UCI,Big West Conference,9,exact
2025-26,609693,UC Riverside,Big West,27,UC Riverside Highlanders,UC Riverside,Highlanders,UCR,Big West Conference,9,exact
2025-26,609883,UC San Diego,Big West,28,UC San Diego Tritons,UC San Diego,Tritons,UCSD,Big West Conference,9,exact
2025-26,609650,UC Santa Barbara,Big West,2540,UC Santa Barbara Gauchos,UC Santa Barbara,Gauchos,UCSB,Big West Conference,9,exact
2025-26,609697,UCF,Big 12,2116,UCF Knights,UCF,Knights,UCF,American Athletic Conference,62,exact
2025-26,609692,UCLA,Big Ten,26,UCLA Bruins,UCLA,Bruins,UCLA,Pac-12 Conference,21,exact
2025-26,609549,UConn,Big East,41,UConn Huskies,UConn,Huskies,CONN,Big East Conference,4,exact
2025-26,609759,UIC,MVC,82,UIC Flames,UIC,Flames,UIC,Missouri Valley Conference,18,exact
2025-26,609604,UIW,Southland,2916,Incarnate Word Cardinals,Incarnate Word,Cardinals,UIW,Southland Conference,25,exact
2025-26,609785,ULM,Sun Belt,2433,UL Monroe Warhawks,UL Monroe,Warhawks,ULM,Sun Belt Conference,27,exact
2025-26,609660,UMBC,America East,2378,UMBC Retrievers,UMBC,Retrievers,UMBC,America East Conference,1,exact
2025-26,609662,UMES,MEAC,2379,Maryland Eastern Shore Hawks,Maryland Eastern Shore,Hawks,UMES,Mid-Eastern Athletic Conference,16,exact
2025-26,609594,UMass Lowell,America East,2349,UMass Lowell River Hawks,UMass Lowell,River Hawks,UML,America East Conference,1,exact
2025-26,609681,UNC Asheville,Big South,2427,UNC Asheville Bulldogs,UNC Asheville,Bulldogs,UNCA,Big South Conference,6,exact
2025-26,609684,UNC Greensboro,SoCon,2430,UNC Greensboro Spartans,UNC Greensboro,Spartans,UNCG,Southern Conference,24,exact
2025-26,609685,UNCW,CAA,350,UNC Wilmington Seahawks,UNC Wilmington,Seahawks,UNCW,Colonial Athletic Association,10,exact
2025-26,609793,UNI,MVC,2460,Northern Iowa Panthers,Northern Iowa,Panthers,UNI,Missouri Valley Conference,18,exact
2025-26,609688,UNLV,MWC,2439,UNLV Rebels,UNLV,Rebels,UNLV,Mountain West Conference,44,exact
2025-26,609606,USC Upstate,Big South,2908,South Carolina Upstate Spartans,South Carolina Upstate,Spartans,UPST,Big South Conference,6,dict
2025-26,609493,UT Arlington,WAC,250,UT Arlington Mavericks,UT Arlington,Mavericks,UTA,Western Athletic Conference,30,exact
2025-26,609488,UT Martin,OVC,2630,UT Martin Skyhawks,UT Martin,Skyhawks,UTM,Ohio Valley Conference,20,exact
2025-26,609495,UTEP,C-USA,2638,UTEP Miners,UTEP,Miners,UTEP,Conference USA,11,exact
2025-26,609817,UTRGV,Southland,292,UT Rio Grande Valley Vaqueros,UT Rio Grande Valley,Vaqueros,RGV,Western Athletic Conference,30,dict
2025-26,609496,UTSA,AAC,2636,UTSA Roadrunners,UTSA,Roadrunners,UTSA,Conference USA,11,exact
2025-26,609506,Utah,Big 12,254,Utah Utes,Utah,Utes,UTAH,Pac-12 Conference,21,exact
2025-26,609505,Utah St.,MWC,328,Utah State Aggies,Utah State,Aggies,USU,Mountain West Conference,44,exact
2025-26,609885,Utah Tech,WAC,3101,Utah Tech Trailblazers,Utah Tech,Trailblazers,UTU,Western Athletic Conference,30,exact
2025-26,609612,Utah Valley,WAC,3084,Utah Valley Wolverines,Utah Valley,Wolverines,UVU,Western Athletic Conference,30,exact
2025-26,609510,VCU,Atlantic 10,2670,VCU Rams,VCU,Rams,VCU,Atlantic 10 Conference,3,exact
2025-26,609511,VMI,SoCon,2678,VMI Keydets,VMI,Keydets,VMI,Southern Conference,24,exact
2025-26,609507,Valparaiso,MVC,2674,Valparaiso Beacons,Valparaiso,Beacons,VAL,Missouri Valley Conference,18,exact
2025-26,609508,Vanderbilt,SEC,238,Vanderbilt Commodores,Vanderbilt,Commodores,VAN,Southeastern Conference,23,exact
2025-26,609564,Vermont,America East,261,Vermont Catamounts,Vermont,Catamounts,UVM,America East Conference,1,exact
2025-26,609509,Villanova,Big East,222,Villanova Wildcats,Villanova,Wildcats,VILL,Big East Conference,4,exact
2025-26,609513,Virginia,ACC,258,Virginia Cavaliers,Virginia,Cavaliers,UVA,Atlantic Coast Conference,2,exact
2025-26,609512,Virginia Tech,ACC,259,Virginia Tech Hokies,Virginia Tech,Hokies,VT,Atlantic Coast Conference,2,exact
2025-26,609565,Wagner,NEC,2681,Wagner Seahawks,Wagner,Seahawks,WAG,Northeast Conference,19,exact
2025-26,609514,Wake Forest,ACC,154,Wake Forest Demon Deacons,Wake Forest,Demon Deacons,WAKE,Atlantic Coast Conference,2,exact
2025-26,609516,Washington,Big Ten,264,Washington Huskies,Washington,Huskies,WASH,Pac-12 Conference,21,exact
2025-26,609515,Washington St.,WCC,265,Washington State Cougars,Washington State,Cougars,WSU,Pac-12 Conference,21,exact
2025-26,609517,Weber St.,Big Sky,2692,Weber State Wildcats,Weber State,Wildcats,WEB,Big Sky Conference,5,exact
2025-26,609569,West Ga.,ASUN,2698,West Georgia Wolves,West Georgia,Wolves,WGA,,,exact
2025-26,609518,West Virginia,Big 12,277,West Virginia Mountaineers,West Virginia,Mountaineers,WVU,Big 12 Conference,8,exact
2025-26,609519,Western Caro.,SoCon,2717,Western Carolina Catamounts,Western Carolina,Catamounts,WCU,Southern Conference,24,exact
2025-26,609520,Western Ill.,OVC,2710,Western Illinois Leathernecks,Western Illinois,Leathernecks,WIU,Summit League,49,exact
2025-26,609566,Western Ky.,C-USA,98,Western Kentucky Hilltoppers,Western Kentucky,Hilltoppers,WKU,Conference USA,11,exact
2025-26,609521,Western Mich.,MAC,2711,Western Michigan Broncos,Western Michigan,Broncos,WMU,Mid-American Conference,14,exact
2025-26,609522,Wichita St.,AAC,2724,Wichita State Shockers,Wichita State,Shockers,WICH,American Athletic Conference,62,exact
2025-26,609523,William & Mary,CAA,2729,William & Mary Tribe,William & Mary,Tribe,W&M,Colonial Athletic Association,10,exact
2025-26,609524,Winthrop,Big South,2737,Winthrop Eagles,Winthrop,Eagles,WIN,Big South Conference,6,exact
2025-26,609526,Wisconsin,Big Ten,275,Wisconsin Badgers,Wisconsin,Badgers,WIS,Big Ten Conference,7,exact
2025-26,609605,Wofford,SoCon,2747,Wofford Terriers,Wofford,Terriers,WOF,Southern Conference,24,exact
2025-26,609528,Wright St.,Horizon,2750,Wright State Raiders,Wright State,Raiders,WRST,Horizon League,45,exact
2025-26,609529,Wyoming,MWC,2751,Wyoming Cowboys,Wyoming,Cowboys,WYO,Mountain West Conference,44,exact
2025-26,609530,Xavier,Big East,2752,Xavier Musketeers,Xavier,Musketeers,XAV,Big East Conference,4,exact
2025-26,609567,Yale,Ivy League,43,Yale Bulldogs,Yale,Bulldogs,YALE,Ivy League,12,exact
2025-26,609531,Youngstown St.,Horizon,2754,Youngstown State Penguins,Youngstown State,Penguins,YSU,Horizon League,45,exact
