"Team","Conference","ID","Season"
"A&M-Corpus Christi","Southland",609609,"2025-26"
"Abilene Christian","WAC",609614,"2025-26"
"Air Force","MWC",609502,"2025-26"
"Akron","MAC",609541,"2025-26"
"Alabama","SEC",609617,"2025-26"
"Alabama A&M","SWAC",609615,"2025-26"
"Alabama St.","SWAC",609616,"2025-26"
"Alcorn","SWAC",609619,"2025-26"
"American","Patriot",609620,"2025-26"
"App State","Sun Belt",609621,"2025-26"
"Arizona","Big 12",609623,"2025-26"
"Arizona St.","Big 12",609622,"2025-26"
"Ark.-Pine Bluff","SWAC",609600,"2025-26"
"Arkansas","SEC",609625,"2025-26"
"Arkansas St.","Sun Belt",609624,"2025-26"
"Army West Point","Patriot",609503,"2025-26"
"Auburn","SEC",609543,"2025-26"
"Austin Peay","ASUN",609627,"2025-26"
"BYU","Big 12",609638,"2025-26"
"Ball St.","MAC",609628,"2025-26"
"Baylor","Big 12",609630,"2025-26"
"Bellarmine","ASUN",609882,"2025-26"
"Belmont","MVC",609607,"2025-26"
"Bethune-Cookman","SWAC",609631,"2025-26"
"Binghamton","America East",609632,"2025-26"
"Boise St.","MWC",609633,"2025-26"
"Boston College","ACC",609634,"2025-26"
"Boston U.","Patriot",609635,"2025-26"
"Bowling Green","MAC",609636,"2025-26"
"Bradley","MVC",609637,"2025-26"
"Brown","Ivy League",609639,"2025-26"
"Bryant","America East",609640,"2025-26"
"Bucknell","Patriot",609641,"2025-26"
"Buffalo","MAC",609642,"2025-26"
"Butler","Big East",609643,"2025-26"
"CSU Bakersfield","Big West",609645,"2025-26"
"CSUN","Big West",609648,"2025-26"
"Cal Poly","Big West",609644,"2025-26"
"Cal St. Fullerton","Big West",609647,"2025-26"
"California","ACC",609651,"2025-26"
"California Baptist","WAC",609878,"2025-26"
"Campbell","CAA",609694,"2025-26"
"Canisius","MAAC",609695,"2025-26"
"Central Ark.","ASUN",609532,"2025-26"
"Central Conn. St.","NEC",609696,"2025-26"
"Central Mich.","MAC",609698,"2025-26"
"Charleston So.","Big South",609629,"2025-26"
"Charlotte","AAC",609683,"2025-26"
"Chattanooga","SoCon",609486,"2025-26"
"Chicago St.","NEC",609699,"2025-26"
"Cincinnati","Big 12",609700,"2025-26"
"Clemson","ACC",609702,"2025-26"
"Cleveland St.","Horizon",609703,"2025-26"
"Coastal Carolina","Sun Belt",609704,"2025-26"
"Col. of Charleston","CAA",609539,"2025-26"
"Colgate","Patriot",609548,"2025-26"
"Colorado","Big 12",609706,"2025-26"
"Colorado St.","MWC",609705,"2025-26"
"Columbia","Ivy League",609707,"2025-26"
"Coppin St.","MEAC",609708,"2025-26"
"Cornell","Ivy League",609709,"2025-26"
"Creighton","Big East",609710,"2025-26"
"Dartmouth","Ivy League",609711,"2025-26"
"Davidson","Atlantic 10",609712,"2025-26"
"Dayton","Atlantic 10",609713,"2025-26"
"DePaul","Big East",609714,"2025-26"
"Delaware","C-USA",609716,"2025-26"
"Delaware St.","MEAC",609715,"2025-26"
"Denver","Summit League",609717,"2025-26"
"Detroit Mercy","Horizon",609718,"2025-26"
"Drake","MVC",609550,"2025-26"
"Drexel","CAA",609719,"2025-26"
"Duke","ACC",609720,"2025-26"
"Duquesne","Atlantic 10",609551,"2025-26"
"ETSU","SoCon",609722,"2025-26"
"East Carolina","AAC",609721,"2025-26"
"East Texas A&M","Southland",609533,"2025-26"
"Eastern Ill.","OVC",609723,"2025-26"
"Eastern Ky.","ASUN",609724,"2025-26"
"Eastern Mich.","MAC",609725,"2025-26"
"Eastern Wash.","Big Sky",609726,"2025-26"
"Elon","CAA",609595,"2025-26"
"Evansville","MVC",609727,"2025-26"
"FDU","NEC",609729,"2025-26"
"FGCU","ASUN",609611,"2025-26"
"FIU","C-USA",609732,"2025-26"
"Fairfield","MAAC",609728,"2025-26"
"Fla. Atlantic","AAC",609731,"2025-26"
"Florida","SEC",609734,"2025-26"
"Florida A&M","SWAC",609730,"2025-26"
"Florida St.","ACC",609733,"2025-26"
"Fordham","Atlantic 10",609735,"2025-26"
"Fresno St.","MWC",609646,"2025-26"
"Furman","SoCon",609736,"2025-26"
"Ga. Southern","Sun Belt",609740,"2025-26"
"Gardner-Webb","Big South",609596,"2025-26"
"George Mason","Atlantic 10",609737,"2025-26"
"George Washington","Atlantic 10",609738,"2025-26"
"Georgetown","Big East",609739,"2025-26"
"Georgia","SEC",609743,"2025-26"
"Georgia St.","Sun Belt",609741,"2025-26"
"Georgia Tech","ACC",609742,"2025-26"
"Gonzaga","WCC",609744,"2025-26"
"Grambling","SWAC",609552,"2025-26"
"Grand Canyon","MWC",609540,"2025-26"
"Green Bay","Horizon",609525,"2025-26"
"Hampton","CAA",609745,"2025-26"
"Harvard","Ivy League",609746,"2025-26"
"Hawaii","Big West",609747,"2025-26"
"High Point","Big South",609608,"2025-26"
"Hofstra","CAA",609748,"2025-26"
"Holy Cross","Patriot",609749,"2025-26"
"Houston","Big 12",609752,"2025-26"
"Houston Christian","Southland",609750,"2025-26"
"Howard","MEAC",609553,"2025-26"
"IU Indy","Horizon",609601,"2025-26"
"Idaho","Big Sky",609756,"2025-26"
"Idaho St.","Big Sky",609753,"2025-26"
"Illinois","Big Ten",609554,"2025-26"
"Illinois St.","MVC",609758,"2025-26"
"Indiana","Big Ten",609574,"2025-26"
"Indiana St.","MVC",609573,"2025-26"
"Iona","MAAC",609576,"2025-26"
"Iowa","Big Ten",609577,"2025-26"
"Iowa St.","Big 12",609536,"2025-26"
"Jackson St.","SWAC",609578,"2025-26"
"Jacksonville","ASUN",609580,"2025-26"
"Jacksonville St.","C-USA",609579,"2025-26"
"James Madison","Sun Belt",609537,"2025-26"
"Kansas","Big 12",609582,"2025-26"
"Kansas City","Summit League",609602,"2025-26"
"Kansas St.","Big 12",609581,"2025-26"
"Kennesaw St.","C-USA",609597,"2025-26"
"Kent St.","MAC",609583,"2025-26"
"Kentucky","SEC",609584,"2025-26"
"LIU","NEC",609590,"2025-26"
"LMU (CA)","WCC",609653,"2025-26"
"LSU","SEC",609591,"2025-26"
"La Salle","Atlantic 10",609585,"2025-26"
"Lafayette","Patriot",609586,"2025-26"
"Lamar University","Southland",609587,"2025-26"
"Le Moyne","NEC",609570,"2025-26"
"Lehigh","Patriot",609588,"2025-26"
"Liberty","C-USA",609589,"2025-26"
"Lindenwood","OVC",609572,"2025-26"
"Lipscomb","ASUN",609610,"2025-26"
"Little Rock","OVC",609626,"2025-26"
"Long Beach St.","Big West",609544,"2025-26"
"Longwood","Big South",609538,"2025-26"
"Louisiana","Sun Belt",609478,"2025-26"
"Louisiana Tech","C-USA",609592,"2025-26"
"Louisville","ACC",609593,"2025-26"
"Loyola Chicago","Atlantic 10",609654,"2025-26"
"Loyola Maryland","Patriot",609652,"2025-26"
"Maine","America East",609655,"2025-26"
"Manhattan","MAAC",609656,"2025-26"
"Marist","MAAC",609657,"2025-26"
"Marquette","Big East",609658,"2025-26"
"Marshall","Sun Belt",609659,"2025-26"
"Maryland","Big Ten",609661,"2025-26"
"Massachusetts","MAC",609663,"2025-26"
"McNeese","Southland",609545,"2025-26"
"Memphis","AAC",609664,"2025-26"
"Mercer","SoCon",609665,"2025-26"
"Mercyhurst","NEC",609568,"2025-26"
"Merrimack","MAAC",609880,"2025-26"
"Miami (FL)","ACC",609667,"2025-26"
"Miami (OH)","MAC",609666,"2025-26"
"Michigan","Big Ten",609669,"2025-26"
"Michigan St.","Big Ten",609668,"2025-26"
"Middle Tenn.","C-USA",609670,"2025-26"
"Milwaukee","Horizon",609527,"2025-26"
"Minnesota","Big Ten",609671,"2025-26"
"Mississippi St.","SEC",609672,"2025-26"
"Mississippi Val.","SWAC",609673,"2025-26"
"Missouri","SEC",609675,"2025-26"
"Missouri St.","C-USA",609476,"2025-26"
"Monmouth","CAA",609676,"2025-26"
"Montana","Big Sky",609677,"2025-26"
"Montana St.","Big Sky",609546,"2025-26"
"Morehead St.","OVC",609547,"2025-26"
"Morgan St.","MEAC",609678,"2025-26"
"Mount St. Mary's","MAAC",609679,"2025-26"
"Murray St.","MVC",609680,"2025-26"
"N.C. A&T","CAA",609775,"2025-26"
"N.C. Central","MEAC",609777,"2025-26"
"NC State","ACC",609556,"2025-26"
"NIU","MAC",609792,"2025-26"
"NJIT","America East",609764,"2025-26"
"Navy","Patriot",609504,"2025-26"
"Nebraska","Big Ten",609686,"2025-26"
"Nevada","MWC",609689,"2025-26"
"New Hampshire","America East",609762,"2025-26"
"New Haven","NEC",610406,"2025-26"
"New Mexico","MWC",609555,"2025-26"
"New Mexico St.","C-USA",609765,"2025-26"
"New Orleans","Southland",609767,"2025-26"
"Niagara","MAAC",609769,"2025-26"
"Nicholls","Southland",609771,"2025-26"
"Norfolk St.","MEAC",609773,"2025-26"
"North Ala.","ASUN",609613,"2025-26"
"North Carolina","ACC",609682,"2025-26"
"North Dakota","Summit League",609781,"2025-26"
"North Dakota St.","Summit League",609779,"2025-26"
"North Florida","ASUN",609603,"2025-26"
"North Texas","AAC",609783,"2025-26"
"Northeastern","CAA",609786,"2025-26"
"Northern Ariz.","Big Sky",609788,"2025-26"
"Northern Colo.","Big Sky",609790,"2025-26"
"Northern Ky.","Horizon",609796,"2025-26"
"Northwestern","Big Ten",609799,"2025-26"
"Northwestern St.","Southland",609797,"2025-26"
"Notre Dame","ACC",609801,"2025-26"
"Oakland","Horizon",609557,"2025-26"
"Ohio","MAC",609805,"2025-26"
"Ohio St.","Big Ten",609803,"2025-26"
"Oklahoma","SEC",609808,"2025-26"
"Oklahoma St.","Big 12",609807,"2025-26"
"Old Dominion","Sun Belt",609810,"2025-26"
"Ole Miss","SEC",609674,"2025-26"
"Omaha","Summit League",609687,"2025-26"
"Oral Roberts","Summit League",609812,"2025-26"
"Oregon","Big Ten",609558,"2025-26"
"Oregon St.","WCC",609813,"2025-26"
"Pacific","WCC",609815,"2025-26"
"Penn","Ivy League",609821,"2025-26"
"Penn St.","Big Ten",609819,"2025-26"
"Pepperdine","WCC",609822,"2025-26"
"Pittsburgh","ACC",609824,"2025-26"
"Portland","WCC",609828,"2025-26"
"Portland St.","Big Sky",609826,"2025-26"
"Prairie View","SWAC",609830,"2025-26"
"Presbyterian","Big South",609598,"2025-26"
"Princeton","Ivy League",609832,"2025-26"
"Providence","Big East",609834,"2025-26"
"Purdue","Big Ten",609836,"2025-26"
"Purdue Fort Wayne","Horizon",609575,"2025-26"
"Queens (NC)","ASUN",609571,"2025-26"
"Quinnipiac","MAAC",609838,"2025-26"
"Radford","Big South",609840,"2025-26"
"Rhode Island","Atlantic 10",609841,"2025-26"
"Rice","AAC",609843,"2025-26"
"Richmond","Atlantic 10",609845,"2025-26"
"Rider","MAAC",609848,"2025-26"
"Robert Morris","Horizon",609850,"2025-26"
"Rutgers","Big Ten",609851,"2025-26"
"SFA","Southland",609480,"2025-26"
"SIUE","OVC",609471,"2025-26"
"SMU","ACC",609472,"2025-26"
"Sacramento St.","Big Sky",609649,"2025-26"
"Sacred Heart","MAAC",609854,"2025-26"
"Saint Francis","NEC",609859,"2025-26"
"Saint Joseph's","Atlantic 10",609864,"2025-26"
"Saint Louis","Atlantic 10",609866,"2025-26"
"Saint Mary's (CA)","WCC",609559,"2025-26"
"Saint Peter's","MAAC",609560,"2025-26"
"Sam Houston","C-USA",609868,"2025-26"
"Samford","SoCon",609561,"2025-26"
"San Diego","WCC",609871,"2025-26"
"San Diego St.","MWC",609870,"2025-26"
"San Francisco","WCC",609874,"2025-26"
"San Jose St.","MWC",609876,"2025-26"
"Santa Clara","WCC",609891,"2025-26"
"Seattle U","WCC",609599,"2025-26"
"Seton Hall","Big East",609893,"2025-26"
"Siena","MAAC",609895,"2025-26"
"South Alabama","Sun Belt",609897,"2025-26"
"South Carolina","SEC",609901,"2025-26"
"South Carolina St.","MEAC",609899,"2025-26"
"South Dakota","Summit League",609903,"2025-26"
"South Dakota St.","Summit League",609562,"2025-26"
"South Fla.","AAC",609905,"2025-26"
"Southeast Mo. St.","OVC",609907,"2025-26"
"Southeastern La.","Southland",609909,"2025-26"
"Southern California","Big Ten",609469,"2025-26"
"Southern Ill.","MVC",609470,"2025-26"
"Southern Ind.","OVC",609534,"2025-26"
"Southern Miss.","Sun Belt",609473,"2025-26"
"Southern U.","SWAC",609474,"2025-26"
"Southern Utah","WAC",609475,"2025-26"
"St. Bonaventure","Atlantic 10",609856,"2025-26"
"St. John's (NY)","Big East",609861,"2025-26"
"St. Thomas (MN)","Summit League",609889,"2025-26"
"Stanford","ACC",609479,"2025-26"
"Stetson","ASUN",609563,"2025-26"
"Stonehill","NEC",609535,"2025-26"
"Stony Brook","CAA",609481,"2025-26"
"Syracuse","ACC",609482,"2025-26"
"TCU","Big 12",609490,"2025-26"
"Tarleton St.","WAC",609887,"2025-26"
"Temple","AAC",609483,"2025-26"
"Tennessee","SEC",609487,"2025-26"
"Tennessee St.","OVC",609484,"2025-26"
"Tennessee Tech","OVC",609485,"2025-26"
"Texas","SEC",609494,"2025-26"
"Texas A&M","SEC",609489,"2025-26"
"Texas Southern","SWAC",609491,"2025-26"
"Texas St.","Sun Belt",609477,"2025-26"
"Texas Tech","Big 12",609492,"2025-26"
"The Citadel","SoCon",609701,"2025-26"
"Toledo","MAC",609497,"2025-26"
"Towson","CAA",609498,"2025-26"
"Troy","Sun Belt",609499,"2025-26"
"Tulane","AAC",609500,"2025-26"
"Tulsa","AAC",609501,"2025-26"
"UAB","AAC",609542,"2025-26"
"UAlbany","America East",609618,"2025-26"
"UC Davis","Big West",609690,"2025-26"
"UC Irvine","Big West",609691,"2025-26"
"UC Riverside","Big West",609693,"2025-26"
"UC San Diego","Big West",609883,"2025-26"
"UC Santa Barbara","Big West",609650,"2025-26"
"UCF","Big 12",609697,"2025-26"
"UCLA","Big Ten",609692,"2025-26"
"UConn","Big East",609549,"2025-26"
"UIC","MVC",609759,"2025-26"
"UIW","Southland",609604,"2025-26"
"ULM","Sun Belt",609785,"2025-26"
"UMBC","America East",609660,"2025-26"
"UMES","MEAC",609662,"2025-26"
"UMass Lowell","America East",609594,"2025-26"
"UNC Asheville","Big South",609681,"2025-26"
"UNC Greensboro","SoCon",609684,"2025-26"
"UNCW","CAA",609685,"2025-26"
"UNI","MVC",609793,"2025-26"
"UNLV","MWC",609688,"2025-26"
"USC Upstate","Big South",609606,"2025-26"
"UT Arlington","WAC",609493,"2025-26"
"UT Martin","OVC",609488,"2025-26"
"UTEP","C-USA",609495,"2025-26"
"UTRGV","Southland",609817,"2025-26"
"UTSA","AAC",609496,"2025-26"
"Utah","Big 12",609506,"2025-26"
"Utah St.","MWC",609505,"2025-26"
"Utah Tech","WAC",609885,"2025-26"
"Utah Valley","WAC",609612,"2025-26"
"VCU","Atlantic 10",609510,"2025-26"
"VMI","SoCon",609511,"2025-26"
"Valparaiso","MVC",609507,"2025-26"
"Vanderbilt","SEC",609508,"2025-26"
"Vermont","America East",609564,"2025-26"
"Villanova","Big East",609509,"2025-26"
"Virginia","ACC",609513,"2025-26"
"Virginia Tech","ACC",609512,"2025-26"
"Wagner","NEC",609565,"2025-26"
"Wake Forest","ACC",609514,"2025-26"
"Washington","Big Ten",609516,"2025-26"
"Washington St.","WCC",609515,"2025-26"
"Weber St.","Big Sky",609517,"2025-26"
"West Ga.","ASUN",609569,"2025-26"
"West Virginia","Big 12",609518,"2025-26"
"Western Caro.","SoCon",609519,"2025-26"
"Western Ill.","OVC",609520,"2025-26"
"Western Ky.","C-USA",609566,"2025-26"
"Western Mich.","MAC",609521,"2025-26"
"Wichita St.","AAC",609522,"2025-26"
"William & Mary","CAA",609523,"2025-26"
"Winthrop","Big South",609524,"2025-26"
"Wisconsin","Big Ten",609526,"2025-26"
"Wofford","SoCon",609605,"2025-26"
"Wright St.","Horizon",609528,"2025-26"
"Wyoming","MWC",609529,"2025-26"
"Xavier","Big East",609530,"2025-26"
"Yale","Ivy League",609567,"2025-26"
"Youngstown St.","Horizon",609531,"2025-26"
"A&M-Corpus Christi","Southland",590505,"2024-25"
"Abilene Christian","WAC",590510,"2024-25"
"Air Force","MWC",590762,"2024-25"
"Akron","MAC",590801,"2024-25"
"Alabama","SEC",590513,"2024-25"
"Alabama A&M","SWAC",590511,"2024-25"
"Alabama St.","SWAC",590512,"2024-25"
"Alcorn","SWAC",590515,"2024-25"
"American","Patriot",590516,"2024-25"
"App State","Sun Belt",590517,"2024-25"
"Arizona","Big 12",590519,"2024-25"
"Arizona St.","Big 12",590518,"2024-25"
"Ark.-Pine Bluff","SWAC",590496,"2024-25"
"Arkansas","SEC",590521,"2024-25"
"Arkansas St.","Sun Belt",590520,"2024-25"
"Army West Point","Patriot",590763,"2024-25"
"Auburn","SEC",590803,"2024-25"
"Austin Peay","ASUN",590523,"2024-25"
"BYU","Big 12",590534,"2024-25"
"Ball St.","MAC",590524,"2024-25"
"Baylor","Big 12",590526,"2024-25"
"Bellarmine",NA,590714,"2024-25"
"Belmont","MVC",590503,"2024-25"
"Bethune-Cookman","SWAC",590527,"2024-25"
"Binghamton","America East",590528,"2024-25"
"Boise St.","MWC",590529,"2024-25"
"Boston College","ACC",590530,"2024-25"
"Boston U.","Patriot",590531,"2024-25"
"Bowling Green","MAC",590532,"2024-25"
"Bradley","MVC",590533,"2024-25"
"Brown","Ivy League",590535,"2024-25"
"Bryant","America East",590536,"2024-25"
"Bucknell","Patriot",590537,"2024-25"
"Buffalo","MAC",590538,"2024-25"
"Butler","Big East",590539,"2024-25"
"CSU Bakersfield","WAC",590541,"2024-25"
"CSUN","Big West",590544,"2024-25"
"Cal Poly","Big West",590540,"2024-25"
"Cal St. Fullerton","Big West",590543,"2024-25"
"California","ACC",590547,"2024-25"
"California Baptist",NA,590712,"2024-25"
"Campbell","CAA",590590,"2024-25"
"Canisius","MAAC",590591,"2024-25"
"Central Ark.","ASUN",590792,"2024-25"
"Central Conn. St.","NEC",590592,"2024-25"
"Central Mich.","MAC",590594,"2024-25"
"Charleston So.","Big South",590525,"2024-25"
"Charlotte","AAC",590579,"2024-25"
"Chattanooga","SoCon",590746,"2024-25"
"Chicago St.","NEC",590595,"2024-25"
"Cincinnati","Big 12",590596,"2024-25"
"Clemson","ACC",590598,"2024-25"
"Cleveland St.","Horizon",590599,"2024-25"
"Coastal Carolina","Sun Belt",590600,"2024-25"
"Col. of Charleston","CAA",590799,"2024-25"
"Colgate","Patriot",590808,"2024-25"
"Colorado","Big 12",590602,"2024-25"
"Colorado St.","MWC",590601,"2024-25"
"Columbia","Ivy League",590603,"2024-25"
"Coppin St.","MEAC",590604,"2024-25"
"Cornell","Ivy League",590605,"2024-25"
"Creighton","Big East",590606,"2024-25"
"Dartmouth","Ivy League",590607,"2024-25"
"Davidson","Atlantic 10",590608,"2024-25"
"Dayton","Atlantic 10",590609,"2024-25"
"DePaul","Big East",590610,"2024-25"
"Delaware","CAA",590612,"2024-25"
"Delaware St.","MEAC",590611,"2024-25"
"Denver","Summit League",590613,"2024-25"
"Detroit Mercy","Horizon",590614,"2024-25"
"Drake","MVC",590810,"2024-25"
"Drexel","CAA",590615,"2024-25"
"Duke","ACC",590616,"2024-25"
"Duquesne","Atlantic 10",590811,"2024-25"
"ETSU","SoCon",590618,"2024-25"
"East Carolina","AAC",590617,"2024-25"
"Eastern Ill.","OVC",590619,"2024-25"
"Eastern Ky.","ASUN",590620,"2024-25"
"Eastern Mich.","MAC",590621,"2024-25"
"Eastern Wash.","Big Sky",590622,"2024-25"
"Elon","CAA",590491,"2024-25"
"Evansville","MVC",590623,"2024-25"
"FGCU","ASUN",590507,"2024-25"
"FIU","C-USA",590628,"2024-25"
"Fairfield","MAAC",590624,"2024-25"
"Fairleigh Dickinson","NEC",590625,"2024-25"
"Fla. Atlantic","AAC",590627,"2024-25"
"Florida","SEC",590630,"2024-25"
"Florida A&M","SWAC",590626,"2024-25"
"Florida St.","ACC",590629,"2024-25"
"Fordham","Atlantic 10",590631,"2024-25"
"Fresno St.","MWC",590542,"2024-25"
"Furman","SoCon",590632,"2024-25"
"Ga. Southern","Sun Belt",590636,"2024-25"
"Gardner-Webb","Big South",590492,"2024-25"
"George Mason","Atlantic 10",590633,"2024-25"
"George Washington","Atlantic 10",590634,"2024-25"
"Georgetown","Big East",590635,"2024-25"
"Georgia","SEC",590639,"2024-25"
"Georgia St.","Sun Belt",590637,"2024-25"
"Georgia Tech","ACC",590638,"2024-25"
"Gonzaga","WCC",590640,"2024-25"
"Grambling","SWAC",590812,"2024-25"
"Grand Canyon","WAC",590800,"2024-25"
"Green Bay","Horizon",590785,"2024-25"
"Hampton","CAA",590641,"2024-25"
"Harvard","Ivy League",590642,"2024-25"
"Hawaii","Big West",590643,"2024-25"
"High Point","Big South",590504,"2024-25"
"Hofstra","CAA",590644,"2024-25"
"Holy Cross","Patriot",590645,"2024-25"
"Houston","Big 12",590647,"2024-25"
"Houston Christian","Southland",590646,"2024-25"
"Howard","MEAC",590813,"2024-25"
"IU Indy","Horizon",590497,"2024-25"
"Idaho","Big Sky",590649,"2024-25"
"Idaho St.","Big Sky",590648,"2024-25"
"Illinois","Big Ten",590814,"2024-25"
"Illinois St.","MVC",590650,"2024-25"
"Indiana","Big Ten",590470,"2024-25"
"Indiana St.","MVC",590469,"2024-25"
"Iona","MAAC",590472,"2024-25"
"Iowa","Big Ten",590473,"2024-25"
"Iowa St.","Big 12",590796,"2024-25"
"Jackson St.","SWAC",590474,"2024-25"
"Jacksonville","ASUN",590476,"2024-25"
"Jacksonville St.","C-USA",590475,"2024-25"
"James Madison","Sun Belt",590797,"2024-25"
"Kansas","Big 12",590478,"2024-25"
"Kansas City","WAC",590498,"2024-25"
"Kansas St.","Big 12",590477,"2024-25"
"Kennesaw St.","C-USA",590493,"2024-25"
"Kent St.","MAC",590479,"2024-25"
"Kentucky","SEC",590480,"2024-25"
"LIU","NEC",590486,"2024-25"
"LMU (CA)","WCC",590549,"2024-25"
"LSU","SEC",590487,"2024-25"
"La Salle","Atlantic 10",590481,"2024-25"
"Lafayette","Patriot",590482,"2024-25"
"Lamar University","WAC",590483,"2024-25"
"Le Moyne","NEC",590466,"2024-25"
"Lehigh","Patriot",590484,"2024-25"
"Liberty","C-USA",590485,"2024-25"
"Lindenwood","OVC",590468,"2024-25"
"Lipscomb","ASUN",590506,"2024-25"
"Little Rock","OVC",590522,"2024-25"
"Long Beach St.","Big West",590804,"2024-25"
"Longwood","Big South",590798,"2024-25"
"Louisiana","Sun Belt",590738,"2024-25"
"Louisiana Tech","C-USA",590488,"2024-25"
"Louisville","ACC",590489,"2024-25"
"Loyola Chicago","Atlantic 10",590550,"2024-25"
"Loyola Maryland","Patriot",590548,"2024-25"
"Maine","America East",590551,"2024-25"
"Manhattan","MAAC",590552,"2024-25"
"Marist","MAAC",590553,"2024-25"
"Marquette","Big East",590554,"2024-25"
"Marshall","Sun Belt",590555,"2024-25"
"Maryland","Big Ten",590557,"2024-25"
"Massachusetts","Atlantic 10",590559,"2024-25"
"McNeese","Southland",590805,"2024-25"
"Memphis","AAC",590560,"2024-25"
"Mercer","SoCon",590561,"2024-25"
"Mercyhurst","NEC",591002,"2024-25"
"Merrimack","MAAC",590713,"2024-25"
"Miami (FL)","ACC",590563,"2024-25"
"Miami (OH)","MAC",590562,"2024-25"
"Michigan","Big Ten",590565,"2024-25"
"Michigan St.","Big Ten",590564,"2024-25"
"Middle Tenn.","C-USA",590566,"2024-25"
"Milwaukee","Horizon",590787,"2024-25"
"Minnesota","Big Ten",590567,"2024-25"
"Mississippi St.","SEC",590568,"2024-25"
"Mississippi Val.","SWAC",590569,"2024-25"
"Missouri","SEC",590571,"2024-25"
"Missouri St.","MVC",590736,"2024-25"
"Monmouth","CAA",590572,"2024-25"
"Montana","Big Sky",590573,"2024-25"
"Montana St.","Big Sky",590806,"2024-25"
"Morehead St.","OVC",590807,"2024-25"
"Morgan St.","MEAC",590574,"2024-25"
"Mount St. Mary's","MAAC",590575,"2024-25"
"Murray St.","MVC",590576,"2024-25"
"N.C. A&T","CAA",590659,"2024-25"
"N.C. Central","MEAC",590660,"2024-25"
"NC State","ACC",590816,"2024-25"
"NIU","MAC",590668,"2024-25"
"NJIT","ASUN",590653,"2024-25"
"Navy","Patriot",590764,"2024-25"
"Nebraska","Big Ten",590582,"2024-25"
"Nevada","MWC",590585,"2024-25"
"New Hampshire","America East",590652,"2024-25"
"New Mexico","MWC",590815,"2024-25"
"New Mexico St.","C-USA",590654,"2024-25"
"New Orleans","Southland",590655,"2024-25"
"Niagara","MAAC",590656,"2024-25"
"Nicholls","Southland",590657,"2024-25"
"Norfolk St.","MEAC",590658,"2024-25"
"North Ala.",NA,590509,"2024-25"
"North Carolina","ACC",590578,"2024-25"
"North Dakota","Summit League",590662,"2024-25"
"North Dakota St.","Summit League",590661,"2024-25"
"North Florida","ASUN",590499,"2024-25"
"North Texas","AAC",590663,"2024-25"
"Northeastern","CAA",590665,"2024-25"
"Northern Ariz.","Big Sky",590666,"2024-25"
"Northern Colo.","Big Sky",590667,"2024-25"
"Northern Ky.","Horizon",590670,"2024-25"
"Northwestern","Big Ten",590672,"2024-25"
"Northwestern St.","Southland",590671,"2024-25"
"Notre Dame","ACC",590673,"2024-25"
"Oakland","Horizon",590817,"2024-25"
"Ohio","MAC",590675,"2024-25"
"Ohio St.","Big Ten",590674,"2024-25"
"Oklahoma","SEC",590677,"2024-25"
"Oklahoma St.","Big 12",590676,"2024-25"
"Old Dominion","Sun Belt",590678,"2024-25"
"Ole Miss","SEC",590570,"2024-25"
"Omaha","Summit League",590583,"2024-25"
"Oral Roberts","Summit League",590679,"2024-25"
"Oregon","Big Ten",590818,"2024-25"
"Oregon St.","WCC",590680,"2024-25"
"Pacific","WCC",590681,"2024-25"
"Penn","Ivy League",590684,"2024-25"
"Penn St.","Big Ten",590683,"2024-25"
"Pepperdine","WCC",590685,"2024-25"
"Pittsburgh","ACC",590686,"2024-25"
"Portland","WCC",590688,"2024-25"
"Portland St.","Big Sky",590687,"2024-25"
"Prairie View","SWAC",590689,"2024-25"
"Presbyterian","Big South",590494,"2024-25"
"Princeton","Ivy League",590690,"2024-25"
"Providence","Big East",590691,"2024-25"
"Purdue","Big Ten",590692,"2024-25"
"Purdue Fort Wayne","Summit League",590471,"2024-25"
"Queens (NC)","ASUN",590467,"2024-25"
"Quinnipiac","MAAC",590693,"2024-25"
"Radford","Big South",590694,"2024-25"
"Rhode Island","Atlantic 10",590695,"2024-25"
"Rice","AAC",590696,"2024-25"
"Richmond","Atlantic 10",590697,"2024-25"
"Rider","MAAC",590698,"2024-25"
"Robert Morris","NEC",590699,"2024-25"
"Rutgers","Big Ten",590700,"2024-25"
"SFA","Southland",590740,"2024-25"
"SIUE","OVC",590731,"2024-25"
"SMU","ACC",590732,"2024-25"
"Sacramento St.","Big Sky",590545,"2024-25"
"Sacred Heart","MAAC",590701,"2024-25"
"Saint Francis (PA)","NEC",590703,"2024-25"
"Saint Joseph's","Atlantic 10",590705,"2024-25"
"Saint Louis","Atlantic 10",590706,"2024-25"
"Saint Mary's (CA)","WCC",590819,"2024-25"
"Saint Peter's","MAAC",590820,"2024-25"
"Sam Houston","C-USA",590707,"2024-25"
"Samford","SoCon",590821,"2024-25"
"San Diego","WCC",590709,"2024-25"
"San Diego St.","MWC",590708,"2024-25"
"San Francisco","WCC",590710,"2024-25"
"San Jose St.","MWC",590711,"2024-25"
"Santa Clara","WCC",590719,"2024-25"
"Seattle U","WAC",590495,"2024-25"
"Seton Hall","Big East",590720,"2024-25"
"Siena","MAAC",590721,"2024-25"
"South Alabama","Sun Belt",590722,"2024-25"
"South Carolina","SEC",590724,"2024-25"
"South Carolina St.","MEAC",590723,"2024-25"
"South Dakota","Summit League",590725,"2024-25"
"South Dakota St.","Summit League",590822,"2024-25"
"South Fla.","AAC",590726,"2024-25"
"Southeast Mo. St.","OVC",590727,"2024-25"
"Southeastern La.","Southland",590728,"2024-25"
"Southern California","Big Ten",590729,"2024-25"
"Southern Ill.","MVC",590730,"2024-25"
"Southern Ind.","OVC",590794,"2024-25"
"Southern Miss.","Sun Belt",590733,"2024-25"
"Southern U.","SWAC",590734,"2024-25"
"Southern Utah","WAC",590735,"2024-25"
"St. Bonaventure","Atlantic 10",590702,"2024-25"
"St. John's (NY)","Big East",590704,"2024-25"
"St. Thomas (MN)","Summit League",590718,"2024-25"
"Stanford","ACC",590739,"2024-25"
"Stetson","ASUN",590823,"2024-25"
"Stonehill","NEC",590795,"2024-25"
"Stony Brook","America East",590741,"2024-25"
"Syracuse","ACC",590742,"2024-25"
"TCU","Big 12",590750,"2024-25"
"Tarleton St.",NA,590717,"2024-25"
"Temple","AAC",590743,"2024-25"
"Tennessee","SEC",590747,"2024-25"
"Tennessee St.","OVC",590744,"2024-25"
"Tennessee Tech","OVC",590745,"2024-25"
"Tex. A&M-Commerce","Southland",590793,"2024-25"
"Texas","SEC",590754,"2024-25"
"Texas A&M","SEC",590749,"2024-25"
"Texas Southern","SWAC",590751,"2024-25"
"Texas St.","Sun Belt",590737,"2024-25"
"Texas Tech","Big 12",590752,"2024-25"
"The Citadel","SoCon",590597,"2024-25"
"Toledo","MAC",590757,"2024-25"
"Towson","CAA",590758,"2024-25"
"Troy","Sun Belt",590759,"2024-25"
"Tulane","AAC",590760,"2024-25"
"Tulsa","AAC",590761,"2024-25"
"UAB","AAC",590802,"2024-25"
"UAlbany","America East",590514,"2024-25"
"UC Davis","Big West",590586,"2024-25"
"UC Irvine","Big West",590587,"2024-25"
"UC Riverside","Big West",590589,"2024-25"
"UC San Diego",NA,590715,"2024-25"
"UC Santa Barbara","Big West",590546,"2024-25"
"UCF","Big 12",590593,"2024-25"
"UCLA","Big Ten",590588,"2024-25"
"UConn","AAC",590809,"2024-25"
"UIC","MVC",590651,"2024-25"
"UIW","Southland",590500,"2024-25"
"ULM","Sun Belt",590664,"2024-25"
"UMBC","America East",590556,"2024-25"
"UMES","MEAC",590558,"2024-25"
"UMass Lowell","America East",590490,"2024-25"
"UNC Asheville","Big South",590577,"2024-25"
"UNC Greensboro","SoCon",590580,"2024-25"
"UNCW","CAA",590581,"2024-25"
"UNI","MVC",590669,"2024-25"
"UNLV","MWC",590584,"2024-25"
"USC Upstate","Big South",590502,"2024-25"
"UT Arlington","WAC",590753,"2024-25"
"UT Martin","OVC",590748,"2024-25"
"UTEP","C-USA",590755,"2024-25"
"UTRGV","Southland",590682,"2024-25"
"UTSA","AAC",590756,"2024-25"
"Utah","Big 12",590766,"2024-25"
"Utah St.","MWC",590765,"2024-25"
"Utah Tech","WAC",590716,"2024-25"
"Utah Valley","WAC",590508,"2024-25"
"VCU","Atlantic 10",590770,"2024-25"
"VMI","SoCon",590771,"2024-25"
"Valparaiso","MVC",590767,"2024-25"
"Vanderbilt","SEC",590768,"2024-25"
"Vermont","America East",590824,"2024-25"
"Villanova","Big East",590769,"2024-25"
"Virginia","ACC",590773,"2024-25"
"Virginia Tech","ACC",590772,"2024-25"
"Wagner","NEC",590825,"2024-25"
"Wake Forest","ACC",590774,"2024-25"
"Washington","Big Ten",590776,"2024-25"
"Washington St.","WCC",590775,"2024-25"
"Weber St.","Big Sky",590777,"2024-25"
"West Ga.","ASUN",591125,"2024-25"
"West Virginia","Big 12",590778,"2024-25"
"Western Caro.","SoCon",590779,"2024-25"
"Western Ill.","OVC",590780,"2024-25"
"Western Ky.","C-USA",590826,"2024-25"
"Western Mich.","MAC",590781,"2024-25"
"Wichita St.","AAC",590782,"2024-25"
"William & Mary","CAA",590783,"2024-25"
"Winthrop","Big South",590784,"2024-25"
"Wisconsin","Big Ten",590786,"2024-25"
"Wofford","SoCon",590501,"2024-25"
"Wright St.","Horizon",590788,"2024-25"
"Wyoming","MWC",590789,"2024-25"
"Xavier","Big East",590790,"2024-25"
"Yale","Ivy League",590827,"2024-25"
"Youngstown St.","Horizon",590791,"2024-25"
"A&M-Corpus Christi","Southland",560639,"2023-24"
"Abilene Christian","WAC",560649,"2023-24"
"Air Force","MWC",561195,"2023-24"
"Akron","MAC",560651,"2023-24"
"Alabama","SEC",560658,"2023-24"
"Alabama A&M","SWAC",560654,"2023-24"
"Alabama St.","SWAC",560655,"2023-24"
"Alcorn","SWAC",560664,"2023-24"
"American","Patriot",560666,"2023-24"
"App State","Sun Belt",560667,"2023-24"
"Arizona","Pac-12",560672,"2023-24"
"Arizona St.","Pac-12",560669,"2023-24"
"Ark.-Pine Bluff","SWAC",560622,"2023-24"
"Arkansas","SEC",560676,"2023-24"
"Arkansas St.","Sun Belt",560674,"2023-24"
"Army West Point","Patriot",561197,"2023-24"
"Auburn","SEC",560680,"2023-24"
"Austin Peay","ASUN",560682,"2023-24"
"BYU","Big 12",560702,"2023-24"
"Ball St.","MAC",560683,"2023-24"
"Baylor","Big 12",560687,"2023-24"
"Bellarmine","ASUN",561098,"2023-24"
"Belmont","MVC",560635,"2023-24"
"Bethune-Cookman","SWAC",560689,"2023-24"
"Binghamton","America East",560691,"2023-24"
"Boise St.","MWC",560693,"2023-24"
"Boston College","ACC",560695,"2023-24"
"Boston U.","Patriot",560696,"2023-24"
"Bowling Green","MAC",560699,"2023-24"
"Bradley","MVC",560700,"2023-24"
"Brown","Ivy League",560704,"2023-24"
"Bryant","America East",560705,"2023-24"
"Bucknell","Patriot",560707,"2023-24"
"Buffalo","MAC",560709,"2023-24"
"Butler","Big East",560711,"2023-24"
"CSU Bakersfield","WAC",560714,"2023-24"
"CSUN","Big West",560723,"2023-24"
"Cal Poly","Big West",560712,"2023-24"
"Cal St. Fullerton","Big West",560718,"2023-24"
"California","Pac-12",560729,"2023-24"
"California Baptist","WAC",561094,"2023-24"
"Campbell","CAA",560820,"2023-24"
"Canisius","MAAC",560822,"2023-24"
"Central Ark.","ASUN",561265,"2023-24"
"Central Conn. St.","NEC",560824,"2023-24"
"Central Mich.","MAC",560828,"2023-24"
"Charleston So.","Big South",560685,"2023-24"
"Charlotte","AAC",560798,"2023-24"
"Chattanooga","SoCon",561164,"2023-24"
"Chicago St.","Independent",560830,"2023-24"
"Cincinnati","Big 12",560832,"2023-24"
"Clemson","ACC",560836,"2023-24"
"Cleveland St.","Horizon",560838,"2023-24"
"Coastal Carolina","Sun Belt",560840,"2023-24"
"Col. of Charleston","CAA",560608,"2023-24"
"Colgate","Patriot",560843,"2023-24"
"Colorado","Pac-12",560847,"2023-24"
"Colorado St.","MWC",560845,"2023-24"
"Columbia","Ivy League",560849,"2023-24"
"Coppin St.","MEAC",560853,"2023-24"
"Cornell","Ivy League",560855,"2023-24"
"Creighton","Big East",560857,"2023-24"
"Dartmouth","Ivy League",560859,"2023-24"
"Davidson","Atlantic 10",560861,"2023-24"
"Dayton","Atlantic 10",560863,"2023-24"
"DePaul","Big East",560865,"2023-24"
"Delaware","CAA",560869,"2023-24"
"Delaware St.","MEAC",560867,"2023-24"
"Denver","Summit League",560871,"2023-24"
"Detroit Mercy","Horizon",560873,"2023-24"
"Drake","MVC",560875,"2023-24"
"Drexel","CAA",560877,"2023-24"
"Duke","ACC",560879,"2023-24"
"Duquesne","Atlantic 10",560881,"2023-24"
"ETSU","SoCon",560885,"2023-24"
"East Carolina","AAC",560883,"2023-24"
"Eastern Ill.","OVC",560887,"2023-24"
"Eastern Ky.","ASUN",560889,"2023-24"
"Eastern Mich.","MAC",560891,"2023-24"
"Eastern Wash.","Big Sky",560892,"2023-24"
"Elon","CAA",560610,"2023-24"
"Evansville","MVC",560893,"2023-24"
"FGCU","ASUN",560643,"2023-24"
"FIU","C-USA",560903,"2023-24"
"Fairfield","MAAC",560895,"2023-24"
"Fairleigh Dickinson","NEC",560897,"2023-24"
"Fla. Atlantic","AAC",560901,"2023-24"
"Florida","SEC",560908,"2023-24"
"Florida A&M","SWAC",560899,"2023-24"
"Florida St.","ACC",560905,"2023-24"
"Fordham","Atlantic 10",560909,"2023-24"
"Fresno St.","MWC",560716,"2023-24"
"Furman","SoCon",560911,"2023-24"
"Ga. Southern","Sun Belt",560919,"2023-24"
"Gardner-Webb","Big South",560612,"2023-24"
"George Mason","Atlantic 10",560913,"2023-24"
"George Washington","Atlantic 10",560915,"2023-24"
"Georgetown","Big East",560917,"2023-24"
"Georgia","SEC",560924,"2023-24"
"Georgia St.","Sun Belt",560920,"2023-24"
"Georgia Tech","ACC",560922,"2023-24"
"Gonzaga","WCC",560926,"2023-24"
"Grambling","SWAC",560929,"2023-24"
"Grand Canyon","WAC",560614,"2023-24"
"Green Bay","Horizon",561249,"2023-24"
"Hampton","CAA",560931,"2023-24"
"Harvard","Ivy League",560935,"2023-24"
"Hawaii","Big West",560937,"2023-24"
"High Point","Big South",560637,"2023-24"
"Hofstra","CAA",560939,"2023-24"
"Holy Cross","Patriot",560941,"2023-24"
"Houston","Big 12",560945,"2023-24"
"Houston Christian","Southland",560943,"2023-24"
"Howard","MEAC",560947,"2023-24"
"IUPUI","Horizon",560624,"2023-24"
"Idaho","Big Sky",560951,"2023-24"
"Idaho St.","Big Sky",560949,"2023-24"
"Illinois","Big Ten",560955,"2023-24"
"Illinois St.","MVC",560953,"2023-24"
"Indiana","Big Ten",560558,"2023-24"
"Indiana St.","MVC",560557,"2023-24"
"Iona","MAAC",560562,"2023-24"
"Iowa","Big Ten",560567,"2023-24"
"Iowa St.","Big 12",560565,"2023-24"
"Jackson St.","SWAC",560569,"2023-24"
"Jacksonville","ASUN",560573,"2023-24"
"Jacksonville St.","C-USA",560571,"2023-24"
"James Madison","Sun Belt",560575,"2023-24"
"Kansas","Big 12",560579,"2023-24"
"Kansas City","WAC",560626,"2023-24"
"Kansas St.","Big 12",560577,"2023-24"
"Kennesaw St.","ASUN",560616,"2023-24"
"Kent St.","MAC",560581,"2023-24"
"Kentucky","SEC",560583,"2023-24"
"LIU","NEC",560596,"2023-24"
"LMU (CA)","WCC",560733,"2023-24"
"LSU","SEC",560600,"2023-24"
"La Salle","Atlantic 10",560585,"2023-24"
"Lafayette","Patriot",560587,"2023-24"
"Lamar University","WAC",560589,"2023-24"
"Le Moyne","NEC",561749,"2023-24"
"Lehigh","Patriot",560591,"2023-24"
"Liberty","C-USA",560593,"2023-24"
"Lindenwood","OVC",560555,"2023-24"
"Lipscomb","ASUN",560641,"2023-24"
"Little Rock","OVC",560678,"2023-24"
"Long Beach St.","Big West",560721,"2023-24"
"Longwood","Big South",560598,"2023-24"
"Louisiana","Sun Belt",561145,"2023-24"
"Louisiana Tech","C-USA",560602,"2023-24"
"Louisville","ACC",560604,"2023-24"
"Loyola Chicago","Atlantic 10",560735,"2023-24"
"Loyola Maryland","Patriot",560731,"2023-24"
"Maine","America East",560736,"2023-24"
"Manhattan","MAAC",560738,"2023-24"
"Marist","MAAC",560740,"2023-24"
"Marquette","Big East",560742,"2023-24"
"Marshall","Sun Belt",560744,"2023-24"
"Maryland","Big Ten",560747,"2023-24"
"Massachusetts","Atlantic 10",560752,"2023-24"
"McNeese","Southland",560755,"2023-24"
"Memphis","AAC",560756,"2023-24"
"Mercer","SoCon",560758,"2023-24"
"Merrimack","NEC",561096,"2023-24"
"Miami (FL)","ACC",560763,"2023-24"
"Miami (OH)","MAC",560761,"2023-24"
"Michigan","Big Ten",560767,"2023-24"
"Michigan St.","Big Ten",560765,"2023-24"
"Middle Tenn.","C-USA",560769,"2023-24"
"Milwaukee","Horizon",561253,"2023-24"
"Minnesota","Big Ten",560772,"2023-24"
"Mississippi St.","SEC",560773,"2023-24"
"Mississippi Val.","SWAC",560775,"2023-24"
"Missouri","SEC",560780,"2023-24"
"Missouri St.","MVC",561141,"2023-24"
"Monmouth","CAA",560781,"2023-24"
"Montana","Big Sky",560785,"2023-24"
"Montana St.","Big Sky",560783,"2023-24"
"Morehead St.","OVC",560787,"2023-24"
"Morgan St.","MEAC",560789,"2023-24"
"Mount St. Mary's","MAAC",560791,"2023-24"
"Murray St.","MVC",560792,"2023-24"
"N.C. A&T","CAA",560974,"2023-24"
"N.C. Central","MEAC",560976,"2023-24"
"NC State","ACC",560978,"2023-24"
"NIU","MAC",560994,"2023-24"
"NJIT","ASUN",560961,"2023-24"
"Navy","Patriot",561199,"2023-24"
"Nebraska","Big Ten",560804,"2023-24"
"Nevada","MWC",560810,"2023-24"
"New Hampshire","America East",560958,"2023-24"
"New Mexico","MWC",560964,"2023-24"
"New Mexico St.","C-USA",560963,"2023-24"
"New Orleans","Southland",560966,"2023-24"
"Niagara","MAAC",560968,"2023-24"
"Nicholls","Southland",560970,"2023-24"
"Norfolk St.","MEAC",560972,"2023-24"
"North Ala.","ASUN",560647,"2023-24"
"North Carolina","ACC",560796,"2023-24"
"North Dakota","Summit League",560981,"2023-24"
"North Dakota St.","Summit League",560980,"2023-24"
"North Florida","ASUN",560628,"2023-24"
"North Texas","AAC",560983,"2023-24"
"Northeastern","CAA",560988,"2023-24"
"Northern Ariz.","Big Sky",560989,"2023-24"
"Northern Colo.","Big Sky",560992,"2023-24"
"Northern Ky.","Horizon",560998,"2023-24"
"Northwestern","Big Ten",561002,"2023-24"
"Northwestern St.","Southland",561000,"2023-24"
"Notre Dame","ACC",561004,"2023-24"
"Oakland","Horizon",561006,"2023-24"
"Ohio","MAC",561010,"2023-24"
"Ohio St.","Big Ten",561008,"2023-24"
"Oklahoma","Big 12",561014,"2023-24"
"Oklahoma St.","Big 12",561012,"2023-24"
"Old Dominion","Sun Belt",561016,"2023-24"
"Ole Miss","SEC",560777,"2023-24"
"Omaha","Summit League",560806,"2023-24"
"Oral Roberts","Summit League",561018,"2023-24"
"Oregon","Pac-12",561022,"2023-24"
"Oregon St.","Pac-12",561020,"2023-24"
"Pacific","WCC",561024,"2023-24"
"Penn","Ivy League",561029,"2023-24"
"Penn St.","Big Ten",561028,"2023-24"
"Pepperdine","WCC",561031,"2023-24"
"Pittsburgh","ACC",561033,"2023-24"
"Portland","WCC",561036,"2023-24"
"Portland St.","Big Sky",561035,"2023-24"
"Prairie View","SWAC",561038,"2023-24"
"Presbyterian","Big South",560618,"2023-24"
"Princeton","Ivy League",561040,"2023-24"
"Providence","Big East",561042,"2023-24"
"Purdue","Big Ten",561044,"2023-24"
"Purdue Fort Wayne","Summit League",560560,"2023-24"
"Queens (NC)","ASUN",560552,"2023-24"
"Quinnipiac","MAAC",561047,"2023-24"
"Radford","Big South",561049,"2023-24"
"Rhode Island","Atlantic 10",561050,"2023-24"
"Rice","AAC",561052,"2023-24"
"Richmond","Atlantic 10",561055,"2023-24"
"Rider","MAAC",561056,"2023-24"
"Robert Morris","NEC",561059,"2023-24"
"Rutgers","Big Ten",561061,"2023-24"
"SFA","WAC",561150,"2023-24"
"SIUE","OVC",561131,"2023-24"
"SMU","AAC",561133,"2023-24"
"Sacramento St.","Big Sky",560726,"2023-24"
"Sacred Heart","NEC",561063,"2023-24"
"Saint Francis (PA)","NEC",561072,"2023-24"
"Saint Joseph's","Atlantic 10",561077,"2023-24"
"Saint Louis","Atlantic 10",561078,"2023-24"
"Saint Mary's (CA)","WCC",561080,"2023-24"
"Saint Peter's","MAAC",561082,"2023-24"
"Sam Houston","C-USA",561084,"2023-24"
"Samford","SoCon",561086,"2023-24"
"San Diego","WCC",561090,"2023-24"
"San Diego St.","MWC",561088,"2023-24"
"San Francisco","WCC",561091,"2023-24"
"San Jose St.","MWC",561092,"2023-24"
"Santa Clara","WCC",561108,"2023-24"
"Seattle U","WAC",560620,"2023-24"
"Seton Hall","Big East",561110,"2023-24"
"Siena","MAAC",561112,"2023-24"
"South Alabama","Sun Belt",561113,"2023-24"
"South Carolina","SEC",561117,"2023-24"
"South Carolina St.","MEAC",561115,"2023-24"
"South Dakota","Summit League",561121,"2023-24"
"South Dakota St.","Summit League",561119,"2023-24"
"South Fla.","AAC",561122,"2023-24"
"Southeast Mo. St.","OVC",561124,"2023-24"
"Southeastern La.","Southland",561126,"2023-24"
"Southern California","Pac-12",561127,"2023-24"
"Southern Ill.","MVC",561129,"2023-24"
"Southern Ind.","OVC",561269,"2023-24"
"Southern Miss.","Sun Belt",561134,"2023-24"
"Southern U.","SWAC",561136,"2023-24"
"Southern Utah","WAC",561139,"2023-24"
"St. Bonaventure","Atlantic 10",561067,"2023-24"
"St. John's (NY)","Big East",561074,"2023-24"
"St. Thomas (MN)","Summit League",561106,"2023-24"
"Stanford","Pac-12",561147,"2023-24"
"Stetson","ASUN",561152,"2023-24"
"Stonehill","NEC",561271,"2023-24"
"Stony Brook","America East",561154,"2023-24"
"Syracuse","ACC",561156,"2023-24"
"TCU","Big 12",561172,"2023-24"
"Tarleton St.","WAC",561104,"2023-24"
"Temple","AAC",561158,"2023-24"
"Tennessee","SEC",561166,"2023-24"
"Tennessee St.","OVC",561160,"2023-24"
"Tennessee Tech","OVC",561162,"2023-24"
"Tex. A&M-Commerce","Southland",561267,"2023-24"
"Texas","Big 12",561179,"2023-24"
"Texas A&M","SEC",561170,"2023-24"
"Texas Southern","SWAC",561174,"2023-24"
"Texas St.","Sun Belt",561143,"2023-24"
"Texas Tech","Big 12",561176,"2023-24"
"The Citadel","SoCon",560834,"2023-24"
"Toledo","MAC",561186,"2023-24"
"Towson","CAA",561188,"2023-24"
"Troy","Sun Belt",561190,"2023-24"
"Tulane","AAC",561192,"2023-24"
"Tulsa","AAC",561194,"2023-24"
"UAB","AAC",560659,"2023-24"
"UAlbany","America East",560662,"2023-24"
"UC Davis","Big West",560813,"2023-24"
"UC Irvine","Big West",560815,"2023-24"
"UC Riverside","Big West",560819,"2023-24"
"UC San Diego","Big West",561100,"2023-24"
"UC Santa Barbara","Big West",560727,"2023-24"
"UCF","Big 12",560826,"2023-24"
"UCLA","Pac-12",560817,"2023-24"
"UConn","AAC",560851,"2023-24"
"UIC","MVC",560956,"2023-24"
"UIW","Southland",560631,"2023-24"
"ULM","Sun Belt",560985,"2023-24"
"UMBC","America East",560746,"2023-24"
"UMES","MEAC",560750,"2023-24"
"UMass Lowell","America East",560606,"2023-24"
"UNC Asheville","Big South",560795,"2023-24"
"UNC Greensboro","SoCon",560800,"2023-24"
"UNCW","CAA",560802,"2023-24"
"UNI","MVC",560995,"2023-24"
"UNLV","MWC",560808,"2023-24"
"USC Upstate","Big South",560633,"2023-24"
"UT Arlington","WAC",561178,"2023-24"
"UT Martin","OVC",561168,"2023-24"
"UTEP","C-USA",561182,"2023-24"
"UTRGV","WAC",561026,"2023-24"
"UTSA","AAC",561184,"2023-24"
"Utah","Pac-12",561204,"2023-24"
"Utah St.","MWC",561202,"2023-24"
"Utah Tech","WAC",561102,"2023-24"
"Utah Valley","WAC",560646,"2023-24"
"VCU","Atlantic 10",561214,"2023-24"
"VMI","SoCon",561216,"2023-24"
"Valparaiso","MVC",561206,"2023-24"
"Vanderbilt","SEC",561208,"2023-24"
"Vermont","America East",561210,"2023-24"
"Villanova","Big East",561212,"2023-24"
"Virginia","ACC",561220,"2023-24"
"Virginia Tech","ACC",561218,"2023-24"
"Wagner","NEC",561222,"2023-24"
"Wake Forest","ACC",561224,"2023-24"
"Washington","Pac-12",561228,"2023-24"
"Washington St.","Pac-12",561226,"2023-24"
"Weber St.","Big Sky",561230,"2023-24"
"West Virginia","Big 12",561232,"2023-24"
"Western Caro.","SoCon",561235,"2023-24"
"Western Ill.","OVC",561238,"2023-24"
"Western Ky.","C-USA",561239,"2023-24"
"Western Mich.","MAC",561241,"2023-24"
"Wichita St.","AAC",561243,"2023-24"
"William & Mary","CAA",561245,"2023-24"
"Winthrop","Big South",561247,"2023-24"
"Wisconsin","Big Ten",561251,"2023-24"
"Wofford","SoCon",560632,"2023-24"
"Wright St.","Horizon",561255,"2023-24"
"Wyoming","MWC",561258,"2023-24"
"Xavier","Big East",561259,"2023-24"
"Yale","Ivy League",561262,"2023-24"
"Youngstown St.","Horizon",561264,"2023-24"
"A&M-Corpus Christi","Southland",541982,"2022-23"
"Abilene Christian","WAC",541987,"2022-23"
"Air Force","MWC",542492,"2022-23"
"Akron","MAC",541988,"2022-23"
"Alabama","SEC",541991,"2022-23"
"Alabama A&M","SWAC",541989,"2022-23"
"Alabama St.","SWAC",541990,"2022-23"
"Alcorn","SWAC",541994,"2022-23"
"American","Patriot",541995,"2022-23"
"App State","Sun Belt",541996,"2022-23"
"Arizona","Pac-12",541998,"2022-23"
"Arizona St.","Pac-12",541997,"2022-23"
"Ark.-Pine Bluff","SWAC",541973,"2022-23"
"Arkansas","SEC",542000,"2022-23"
"Arkansas St.","Sun Belt",541999,"2022-23"
"Army West Point","Patriot",542494,"2022-23"
"Auburn","SEC",542002,"2022-23"
"Austin Peay","ASUN",542003,"2022-23"
"BYU","WCC",542014,"2022-23"
"Ball St.","MAC",542004,"2022-23"
"Baylor","Big 12",542006,"2022-23"
"Bellarmine","ASUN",542398,"2022-23"
"Belmont","MVC",541980,"2022-23"
"Bethune-Cookman","SWAC",542007,"2022-23"
"Binghamton","America East",542008,"2022-23"
"Boise St.","MWC",542009,"2022-23"
"Boston College","ACC",542010,"2022-23"
"Boston U.","Patriot",542011,"2022-23"
"Bowling Green","MAC",542012,"2022-23"
"Bradley","MVC",542013,"2022-23"
"Brown","Ivy League",542015,"2022-23"
"Bryant","America East",542016,"2022-23"
"Bucknell","Patriot",542017,"2022-23"
"Buffalo","MAC",542018,"2022-23"
"Butler","Big East",542019,"2022-23"
"CSU Bakersfield","WAC",542021,"2022-23"
"CSUN","Big West",542025,"2022-23"
"Cal Poly","Big West",542020,"2022-23"
"Cal St. Fullerton","Big West",542023,"2022-23"
"California","Pac-12",542028,"2022-23"
"California Baptist","WAC",542395,"2022-23"
"Campbell","Big South",542033,"2022-23"
"Canisius","MAAC",542034,"2022-23"
"Central Ark.","ASUN",542554,"2022-23"
"Central Conn. St.","NEC",542035,"2022-23"
"Central Mich.","MAC",542037,"2022-23"
"Charleston So.","Big South",542005,"2022-23"
"Charlotte","C-USA",542251,"2022-23"
"Chattanooga","SoCon",542460,"2022-23"
"Chicago St.","Independent",542038,"2022-23"
"Cincinnati","AAC",542039,"2022-23"
"Clemson","ACC",542041,"2022-23"
"Cleveland St.","Horizon",542042,"2022-23"
"Coastal Carolina","Sun Belt",542043,"2022-23"
"Col. of Charleston","CAA",541966,"2022-23"
"Colgate","Patriot",542044,"2022-23"
"Colorado","Pac-12",542046,"2022-23"
"Colorado St.","MWC",542045,"2022-23"
"Columbia","Ivy League",542047,"2022-23"
"Coppin St.","MEAC",542049,"2022-23"
"Cornell","Ivy League",542051,"2022-23"
"Creighton","Big East",542052,"2022-23"
"Dartmouth","Ivy League",542053,"2022-23"
"Davidson","Atlantic 10",542054,"2022-23"
"Dayton","Atlantic 10",542056,"2022-23"
"DePaul","Big East",542058,"2022-23"
"Delaware","CAA",542061,"2022-23"
"Delaware St.","MEAC",542060,"2022-23"
"Denver","Summit League",542062,"2022-23"
"Detroit Mercy","Horizon",542064,"2022-23"
"Drake","MVC",542066,"2022-23"
"Drexel","CAA",542068,"2022-23"
"Duke","ACC",542070,"2022-23"
"Duquesne","Atlantic 10",542071,"2022-23"
"ETSU","SoCon",542074,"2022-23"
"East Carolina","AAC",542073,"2022-23"
"Eastern Ill.","OVC",542076,"2022-23"
"Eastern Ky.","ASUN",542078,"2022-23"
"Eastern Mich.","MAC",542080,"2022-23"
"Eastern Wash.","Big Sky",542081,"2022-23"
"Elon","CAA",541967,"2022-23"
"Evansville","MVC",542082,"2022-23"
"FGCU","ASUN",541984,"2022-23"
"FIU","C-USA",542091,"2022-23"
"Fairfield","MAAC",542085,"2022-23"
"Fairleigh Dickinson","NEC",542086,"2022-23"
"Fla. Atlantic","C-USA",542089,"2022-23"
"Florida","SEC",542095,"2022-23"
"Florida A&M","SWAC",542087,"2022-23"
"Florida St.","ACC",542093,"2022-23"
"Fordham","Atlantic 10",542096,"2022-23"
"Fresno St.","MWC",542022,"2022-23"
"Furman","SoCon",542098,"2022-23"
"Ga. Southern","Sun Belt",542106,"2022-23"
"Gardner-Webb","Big South",541968,"2022-23"
"George Mason","Atlantic 10",542100,"2022-23"
"George Washington","Atlantic 10",542102,"2022-23"
"Georgetown","Big East",542104,"2022-23"
"Georgia","SEC",542112,"2022-23"
"Georgia St.","Sun Belt",542108,"2022-23"
"Georgia Tech","ACC",542110,"2022-23"
"Gonzaga","WCC",542113,"2022-23"
"Grambling","SWAC",542115,"2022-23"
"Grand Canyon","WAC",541969,"2022-23"
"Green Bay","Horizon",542541,"2022-23"
"Hampton","CAA",542117,"2022-23"
"Hartford","America East",542119,"2022-23"
"Harvard","Ivy League",542121,"2022-23"
"Hawaii","Big West",542123,"2022-23"
"High Point","Big South",541981,"2022-23"
"Hofstra","CAA",542125,"2022-23"
"Holy Cross","Patriot",542127,"2022-23"
"Houston","AAC",542130,"2022-23"
"Houston Christian","Southland",542128,"2022-23"
"Howard","MEAC",542132,"2022-23"
"IUPUI","Horizon",541974,"2022-23"
"Idaho","Big Sky",542136,"2022-23"
"Idaho St.","Big Sky",542134,"2022-23"
"Illinois","Big Ten",542138,"2022-23"
"Illinois St.","MVC",542137,"2022-23"
"Indiana","Big Ten",542143,"2022-23"
"Indiana St.","MVC",542141,"2022-23"
"Iona","MAAC",542147,"2022-23"
"Iowa","Big Ten",542152,"2022-23"
"Iowa St.","Big 12",542150,"2022-23"
"Jackson St.","SWAC",542154,"2022-23"
"Jacksonville","ASUN",542157,"2022-23"
"Jacksonville St.","ASUN",542155,"2022-23"
"James Madison","Sun Belt",542159,"2022-23"
"Kansas","Big 12",542162,"2022-23"
"Kansas City","WAC",541975,"2022-23"
"Kansas St.","Big 12",542161,"2022-23"
"Kennesaw St.","ASUN",541970,"2022-23"
"Kent St.","MAC",542165,"2022-23"
"Kentucky","SEC",542167,"2022-23"
"LIU","NEC",542179,"2022-23"
"LMU (CA)","WCC",542192,"2022-23"
"LSU","SEC",542183,"2022-23"
"La Salle","Atlantic 10",542170,"2022-23"
"Lafayette","Patriot",542171,"2022-23"
"Lamar University","WAC",542173,"2022-23"
"Lehigh","Patriot",542175,"2022-23"
"Liberty","ASUN",542177,"2022-23"
"Lindenwood","OVC",542986,"2022-23"
"Lipscomb","ASUN",541983,"2022-23"
"Little Rock","OVC",542001,"2022-23"
"Long Beach St.","Big West",542024,"2022-23"
"Longwood","Big South",542181,"2022-23"
"Louisiana","Sun Belt",542442,"2022-23"
"Louisiana Tech","C-USA",542185,"2022-23"
"Louisville","ACC",542187,"2022-23"
"Loyola Chicago","Atlantic 10",542193,"2022-23"
"Loyola Maryland","Patriot",542190,"2022-23"
"Maine","America East",542195,"2022-23"
"Manhattan","MAAC",542196,"2022-23"
"Marist","MAAC",542198,"2022-23"
"Marquette","Big East",542200,"2022-23"
"Marshall","Sun Belt",542202,"2022-23"
"Maryland","Big Ten",542205,"2022-23"
"Massachusetts","Atlantic 10",542209,"2022-23"
"McNeese","Southland",542210,"2022-23"
"Memphis","AAC",542211,"2022-23"
"Mercer","SoCon",542213,"2022-23"
"Merrimack","NEC",542397,"2022-23"
"Miami (FL)","ACC",542216,"2022-23"
"Miami (OH)","MAC",542214,"2022-23"
"Michigan","Big Ten",542222,"2022-23"
"Michigan St.","Big Ten",542219,"2022-23"
"Middle Tenn.","C-USA",542223,"2022-23"
"Milwaukee","Horizon",542544,"2022-23"
"Minnesota","Big Ten",542225,"2022-23"
"Mississippi St.","SEC",542227,"2022-23"
"Mississippi Val.","SWAC",542230,"2022-23"
"Missouri","SEC",542234,"2022-23"
"Missouri St.","MVC",542438,"2022-23"
"Monmouth","CAA",542235,"2022-23"
"Montana","Big Sky",542239,"2022-23"
"Montana St.","Big Sky",542237,"2022-23"
"Morehead St.","OVC",542240,"2022-23"
"Morgan St.","MEAC",542242,"2022-23"
"Mount St. Mary's","MAAC",542244,"2022-23"
"Murray St.","MVC",542246,"2022-23"
"N.C. A&T","CAA",542278,"2022-23"
"N.C. Central","MEAC",542281,"2022-23"
"NC State","ACC",542283,"2022-23"
"NIU","MAC",542298,"2022-23"
"NJIT","ASUN",542266,"2022-23"
"Navy","Patriot",542496,"2022-23"
"Nebraska","Big Ten",542257,"2022-23"
"Nevada","MWC",542262,"2022-23"
"New Hampshire","America East",542264,"2022-23"
"New Mexico","MWC",542269,"2022-23"
"New Mexico St.","WAC",542268,"2022-23"
"New Orleans","Southland",542271,"2022-23"
"Niagara","MAAC",542273,"2022-23"
"Nicholls","Southland",542274,"2022-23"
"Norfolk St.","MEAC",542276,"2022-23"
"North Ala.","ASUN",541986,"2022-23"
"North Carolina","ACC",542249,"2022-23"
"North Dakota","Summit League",542287,"2022-23"
"North Dakota St.","Summit League",542285,"2022-23"
"North Florida","ASUN",541976,"2022-23"
"North Texas","C-USA",542289,"2022-23"
"Northeastern","CAA",542292,"2022-23"
"Northern Ariz.","Big Sky",542294,"2022-23"
"Northern Colo.","Big Sky",542296,"2022-23"
"Northern Ky.","Horizon",542301,"2022-23"
"Northwestern","Big Ten",542307,"2022-23"
"Northwestern St.","Southland",542305,"2022-23"
"Notre Dame","ACC",542309,"2022-23"
"Oakland","Horizon",542311,"2022-23"
"Ohio","MAC",542316,"2022-23"
"Ohio St.","Big Ten",542314,"2022-23"
"Oklahoma","Big 12",542319,"2022-23"
"Oklahoma St.","Big 12",542317,"2022-23"
"Old Dominion","Sun Belt",542321,"2022-23"
"Ole Miss","SEC",542232,"2022-23"
"Omaha","Summit League",542259,"2022-23"
"Oral Roberts","Summit League",542323,"2022-23"
"Oregon","Pac-12",542327,"2022-23"
"Oregon St.","Pac-12",542325,"2022-23"
"Pacific","WCC",542329,"2022-23"
"Penn","Ivy League",542335,"2022-23"
"Penn St.","Big Ten",542333,"2022-23"
"Pepperdine","WCC",542337,"2022-23"
"Pittsburgh","ACC",542339,"2022-23"
"Portland","WCC",542342,"2022-23"
"Portland St.","Big Sky",542341,"2022-23"
"Prairie View","SWAC",542344,"2022-23"
"Presbyterian","Big South",541971,"2022-23"
"Princeton","Ivy League",542346,"2022-23"
"Providence","Big East",542349,"2022-23"
"Purdue","Big Ten",542350,"2022-23"
"Purdue Fort Wayne","Summit League",542145,"2022-23"
"Queens (NC)","ASUN",542941,"2022-23"
"Quinnipiac","MAAC",542352,"2022-23"
"Radford","Big South",542354,"2022-23"
"Rhode Island","Atlantic 10",542356,"2022-23"
"Rice","C-USA",542357,"2022-23"
"Richmond","Atlantic 10",542359,"2022-23"
"Rider","MAAC",542361,"2022-23"
"Robert Morris","NEC",542363,"2022-23"
"Rutgers","Big Ten",542366,"2022-23"
"SFA","WAC",542445,"2022-23"
"SIUE","OVC",542429,"2022-23"
"SMU","AAC",542431,"2022-23"
"Sacramento St.","Big Sky",542026,"2022-23"
"Sacred Heart","NEC",542368,"2022-23"
"Saint Francis (PA)","NEC",542374,"2022-23"
"Saint Joseph's","Atlantic 10",542377,"2022-23"
"Saint Louis","Atlantic 10",542379,"2022-23"
"Saint Mary's (CA)","WCC",542381,"2022-23"
"Saint Peter's","MAAC",542383,"2022-23"
"Sam Houston","WAC",542385,"2022-23"
"Samford","SoCon",542387,"2022-23"
"San Diego","WCC",542390,"2022-23"
"San Diego St.","MWC",542388,"2022-23"
"San Francisco","WCC",542391,"2022-23"
"San Jose St.","MWC",542393,"2022-23"
"Santa Clara","WCC",542407,"2022-23"
"Seattle U","WAC",541972,"2022-23"
"Seton Hall","Big East",542410,"2022-23"
"Siena","MAAC",542411,"2022-23"
"South Alabama","Sun Belt",542413,"2022-23"
"South Carolina","SEC",542416,"2022-23"
"South Carolina St.","MEAC",542414,"2022-23"
"South Dakota","Summit League",542419,"2022-23"
"South Dakota St.","Summit League",542417,"2022-23"
"South Fla.","AAC",542420,"2022-23"
"Southeast Mo. St.","OVC",542422,"2022-23"
"Southeastern La.","Southland",542424,"2022-23"
"Southern California","Pac-12",542425,"2022-23"
"Southern Ill.","MVC",542427,"2022-23"
"Southern Ind.","OVC",542773,"2022-23"
"Southern Miss.","Sun Belt",542433,"2022-23"
"Southern U.","SWAC",542434,"2022-23"
"Southern Utah","WAC",542436,"2022-23"
"St. Bonaventure","Atlantic 10",542370,"2022-23"
"St. Francis Brooklyn","NEC",542372,"2022-23"
"St. John's (NY)","Big East",542376,"2022-23"
"St. Thomas (MN)","Summit League",542406,"2022-23"
"Stanford","Pac-12",542444,"2022-23"
"Stetson","ASUN",542447,"2022-23"
"Stonehill","NEC",542774,"2022-23"
"Stony Brook","America East",542449,"2022-23"
"Syracuse","ACC",542451,"2022-23"
"TCU","Big 12",542469,"2022-23"
"Tarleton St.","WAC",542404,"2022-23"
"Temple","AAC",542454,"2022-23"
"Tennessee","SEC",542462,"2022-23"
"Tennessee St.","OVC",542456,"2022-23"
"Tennessee Tech","OVC",542457,"2022-23"
"Tex. A&M-Commerce","Southland",542631,"2022-23"
"Texas","Big 12",542477,"2022-23"
"Texas A&M","SEC",542467,"2022-23"
"Texas Southern","SWAC",542471,"2022-23"
"Texas St.","Sun Belt",542440,"2022-23"
"Texas Tech","Big 12",542473,"2022-23"
"The Citadel","SoCon",542040,"2022-23"
"Toledo","MAC",542483,"2022-23"
"Towson","CAA",542485,"2022-23"
"Troy","Sun Belt",542487,"2022-23"
"Tulane","AAC",542489,"2022-23"
"Tulsa","AAC",542491,"2022-23"
"UAB","C-USA",541992,"2022-23"
"UAlbany","America East",541993,"2022-23"
"UC Davis","Big West",542029,"2022-23"
"UC Irvine","Big West",542030,"2022-23"
"UC Riverside","Big West",542032,"2022-23"
"UC San Diego","Big West",542400,"2022-23"
"UC Santa Barbara","Big West",542027,"2022-23"
"UCF","AAC",542036,"2022-23"
"UCLA","Pac-12",542031,"2022-23"
"UConn","AAC",542048,"2022-23"
"UIC","MVC",542140,"2022-23"
"UIW","Southland",541977,"2022-23"
"ULM","Sun Belt",542290,"2022-23"
"UMBC","America East",542204,"2022-23"
"UMES","MEAC",542207,"2022-23"
"UMass Lowell","America East",542188,"2022-23"
"UNC Asheville","Big South",542248,"2022-23"
"UNC Greensboro","SoCon",542253,"2022-23"
"UNCW","CAA",542255,"2022-23"
"UNI","MVC",542299,"2022-23"
"UNLV","MWC",542260,"2022-23"
"USC Upstate","Big South",541979,"2022-23"
"UT Arlington","WAC",542475,"2022-23"
"UT Martin","OVC",542465,"2022-23"
"UTEP","C-USA",542479,"2022-23"
"UTRGV","WAC",542331,"2022-23"
"UTSA","C-USA",542481,"2022-23"
"Utah","Pac-12",542501,"2022-23"
"Utah St.","MWC",542499,"2022-23"
"Utah Tech","WAC",542402,"2022-23"
"Utah Valley","WAC",541985,"2022-23"
"VCU","Atlantic 10",542509,"2022-23"
"VMI","SoCon",542511,"2022-23"
"Valparaiso","MVC",542502,"2022-23"
"Vanderbilt","SEC",542504,"2022-23"
"Vermont","America East",542505,"2022-23"
"Villanova","Big East",542507,"2022-23"
"Virginia","ACC",542515,"2022-23"
"Virginia Tech","ACC",542513,"2022-23"
"Wagner","NEC",542517,"2022-23"
"Wake Forest","ACC",542519,"2022-23"
"Washington","Pac-12",542523,"2022-23"
"Washington St.","Pac-12",542521,"2022-23"
"Weber St.","Big Sky",542524,"2022-23"
"West Virginia","Big 12",542526,"2022-23"
"Western Caro.","SoCon",542529,"2022-23"
"Western Ill.","Summit League",542530,"2022-23"
"Western Ky.","C-USA",542532,"2022-23"
"Western Mich.","MAC",542534,"2022-23"
"Wichita St.","AAC",542535,"2022-23"
"William & Mary","CAA",542537,"2022-23"
"Winthrop","Big South",542539,"2022-23"
"Wisconsin","Big Ten",542542,"2022-23"
"Wofford","SoCon",541978,"2022-23"
"Wright St.","Horizon",542545,"2022-23"
"Wyoming","MWC",542547,"2022-23"
"Xavier","Big East",542549,"2022-23"
"Yale","Ivy League",542550,"2022-23"
"Youngstown St.","Horizon",542552,"2022-23"
"A&M-Corpus Christi","Southland",527481,"2021-22"
"Abilene Christian","WAC",527486,"2021-22"
"Air Force","MWC",527430,"2021-22"
"Akron","MAC",527487,"2021-22"
"Alabama","SEC",527490,"2021-22"
"Alabama A&M","SWAC",527488,"2021-22"
"Alabama St.","SWAC",527489,"2021-22"
"Alcorn","SWAC",527493,"2021-22"
"American","Patriot",527494,"2021-22"
"App State","Sun Belt",527495,"2021-22"
"Arizona","Pac-12",527497,"2021-22"
"Arizona St.","Pac-12",527496,"2021-22"
"Ark.-Pine Bluff","SWAC",527472,"2021-22"
"Arkansas","SEC",527499,"2021-22"
"Arkansas St.","Sun Belt",527498,"2021-22"
"Army West Point","Patriot",527431,"2021-22"
"Auburn","SEC",527501,"2021-22"
"Austin Peay","OVC",527502,"2021-22"
"BYU","WCC",527513,"2021-22"
"Ball St.","MAC",527503,"2021-22"
"Baylor","Big 12",527505,"2021-22"
"Bellarmine","ASUN",527738,"2021-22"
"Belmont","OVC",527479,"2021-22"
"Bethune-Cookman","SWAC",527506,"2021-22"
"Binghamton","America East",527507,"2021-22"
"Boise St.","MWC",527508,"2021-22"
"Boston College","ACC",527509,"2021-22"
"Boston U.","Patriot",527510,"2021-22"
"Bowling Green","MAC",527511,"2021-22"
"Bradley","MVC",527512,"2021-22"
"Brown","Ivy League",527514,"2021-22"
"Bryant","NEC",527515,"2021-22"
"Bucknell","Patriot",527516,"2021-22"
"Buffalo","MAC",527517,"2021-22"
"Butler","Big East",527518,"2021-22"
"CSU Bakersfield","WAC",527520,"2021-22"
"CSUN","Big West",527524,"2021-22"
"Cal Poly","Big West",527519,"2021-22"
"Cal St. Fullerton","Big West",527522,"2021-22"
"California","Pac-12",527527,"2021-22"
"California Baptist","WAC",527736,"2021-22"
"Campbell","Big South",527532,"2021-22"
"Canisius","MAAC",527533,"2021-22"
"Central Ark.","ASUN",527464,"2021-22"
"Central Conn. St.","NEC",527534,"2021-22"
"Central Mich.","MAC",527536,"2021-22"
"Charleston So.","Big South",527504,"2021-22"
"Charlotte","C-USA",527661,"2021-22"
"Chattanooga","SoCon",527414,"2021-22"
"Chicago St.","WAC",527537,"2021-22"
"Cincinnati","AAC",527538,"2021-22"
"Clemson","ACC",527540,"2021-22"
"Cleveland St.","Horizon",527541,"2021-22"
"Coastal Carolina","Sun Belt",527542,"2021-22"
"Col. of Charleston","CAA",527465,"2021-22"
"Colgate","Patriot",527543,"2021-22"
"Colorado","Pac-12",527545,"2021-22"
"Colorado St.","MWC",527544,"2021-22"
"Columbia","Ivy League",527546,"2021-22"
"Coppin St.","MEAC",527548,"2021-22"
"Cornell","Ivy League",527549,"2021-22"
"Creighton","Big East",527550,"2021-22"
"Dartmouth","Ivy League",527551,"2021-22"
"Davidson","Atlantic 10",527552,"2021-22"
"Dayton","Atlantic 10",527553,"2021-22"
"DePaul","Big East",527554,"2021-22"
"Delaware","CAA",527556,"2021-22"
"Delaware St.","MEAC",527555,"2021-22"
"Denver","Summit League",527557,"2021-22"
"Detroit Mercy","Horizon",527558,"2021-22"
"Drake","MVC",527559,"2021-22"
"Drexel","CAA",527560,"2021-22"
"Duke","ACC",527561,"2021-22"
"Duquesne","Atlantic 10",527562,"2021-22"
"ETSU","SoCon",527564,"2021-22"
"East Carolina","AAC",527563,"2021-22"
"Eastern Ill.","OVC",527565,"2021-22"
"Eastern Ky.","ASUN",527566,"2021-22"
"Eastern Mich.","MAC",527567,"2021-22"
"Eastern Wash.","Big Sky",527568,"2021-22"
"Elon","CAA",527466,"2021-22"
"Evansville","MVC",527569,"2021-22"
"FGCU","ASUN",527483,"2021-22"
"FIU","C-USA",527574,"2021-22"
"Fairfield","MAAC",527570,"2021-22"
"Fairleigh Dickinson","NEC",527571,"2021-22"
"Fla. Atlantic","C-USA",527573,"2021-22"
"Florida","SEC",527576,"2021-22"
"Florida A&M","SWAC",527572,"2021-22"
"Florida St.","ACC",527575,"2021-22"
"Fordham","Atlantic 10",527577,"2021-22"
"Fresno St.","MWC",527521,"2021-22"
"Furman","SoCon",527578,"2021-22"
"Ga. Southern","Sun Belt",527582,"2021-22"
"Gardner-Webb","Big South",527467,"2021-22"
"George Mason","Atlantic 10",527579,"2021-22"
"George Washington","Atlantic 10",527580,"2021-22"
"Georgetown","Big East",527581,"2021-22"
"Georgia","SEC",527585,"2021-22"
"Georgia St.","Sun Belt",527583,"2021-22"
"Georgia Tech","ACC",527584,"2021-22"
"Gonzaga","WCC",527586,"2021-22"
"Grambling","SWAC",527587,"2021-22"
"Grand Canyon","WAC",527468,"2021-22"
"Green Bay","Horizon",527456,"2021-22"
"Hampton","Big South",527588,"2021-22"
"Hartford","America East",527589,"2021-22"
"Harvard","Ivy League",527590,"2021-22"
"Hawaii","Big West",527591,"2021-22"
"High Point","Big South",527480,"2021-22"
"Hofstra","CAA",527592,"2021-22"
"Holy Cross","Patriot",527593,"2021-22"
"Houston","AAC",527595,"2021-22"
"Houston Christian","Southland",527594,"2021-22"
"Howard","MEAC",527596,"2021-22"
"IUPUI","Horizon",527473,"2021-22"
"Idaho","Big Sky",527598,"2021-22"
"Idaho St.","Big Sky",527597,"2021-22"
"Illinois","Big Ten",527600,"2021-22"
"Illinois St.","MVC",527599,"2021-22"
"Indiana","Big Ten",527603,"2021-22"
"Indiana St.","MVC",527602,"2021-22"
"Iona","MAAC",527605,"2021-22"
"Iowa","Big Ten",527607,"2021-22"
"Iowa St.","Big 12",527606,"2021-22"
"Jackson St.","SWAC",527608,"2021-22"
"Jacksonville","ASUN",527610,"2021-22"
"Jacksonville St.","ASUN",527609,"2021-22"
"James Madison","CAA",527611,"2021-22"
"Kansas","Big 12",527613,"2021-22"
"Kansas City","WAC",527474,"2021-22"
"Kansas St.","Big 12",527612,"2021-22"
"Kennesaw St.","ASUN",527469,"2021-22"
"Kent St.","MAC",527614,"2021-22"
"Kentucky","SEC",527615,"2021-22"
"LIU","NEC",527621,"2021-22"
"LMU (CA)","WCC",527628,"2021-22"
"LSU","SEC",527623,"2021-22"
"La Salle","Atlantic 10",527616,"2021-22"
"Lafayette","Patriot",527617,"2021-22"
"Lamar University","WAC",527618,"2021-22"
"Lehigh","Patriot",527619,"2021-22"
"Liberty","ASUN",527620,"2021-22"
"Lipscomb","ASUN",527482,"2021-22"
"Little Rock","Sun Belt",527500,"2021-22"
"Long Beach St.","Big West",527523,"2021-22"
"Longwood","Big South",527622,"2021-22"
"Louisiana","Sun Belt",527405,"2021-22"
"Louisiana Tech","C-USA",527624,"2021-22"
"Louisville","ACC",527625,"2021-22"
"Loyola Chicago","MVC",527629,"2021-22"
"Loyola Maryland","Patriot",527627,"2021-22"
"Maine","America East",527630,"2021-22"
"Manhattan","MAAC",527631,"2021-22"
"Marist","MAAC",527632,"2021-22"
"Marquette","Big East",527633,"2021-22"
"Marshall","C-USA",527634,"2021-22"
"Maryland","Big Ten",527636,"2021-22"
"Massachusetts","Atlantic 10",527638,"2021-22"
"McNeese","Southland",527639,"2021-22"
"Memphis","AAC",527640,"2021-22"
"Mercer","SoCon",527641,"2021-22"
"Merrimack","NEC",527737,"2021-22"
"Miami (FL)","ACC",527643,"2021-22"
"Miami (OH)","MAC",527642,"2021-22"
"Michigan","Big Ten",527645,"2021-22"
"Michigan St.","Big Ten",527644,"2021-22"
"Middle Tenn.","C-USA",527646,"2021-22"
"Milwaukee","Horizon",527458,"2021-22"
"Minnesota","Big Ten",527647,"2021-22"
"Mississippi St.","SEC",527648,"2021-22"
"Mississippi Val.","SWAC",527649,"2021-22"
"Missouri","SEC",527651,"2021-22"
"Missouri St.","MVC",527403,"2021-22"
"Monmouth","MAAC",527652,"2021-22"
"Montana","Big Sky",527654,"2021-22"
"Montana St.","Big Sky",527653,"2021-22"
"Morehead St.","OVC",527655,"2021-22"
"Morgan St.","MEAC",527656,"2021-22"
"Mount St. Mary's","NEC",527657,"2021-22"
"Murray St.","OVC",527658,"2021-22"
"N.C. A&T","Big South",527676,"2021-22"
"N.C. Central","MEAC",527677,"2021-22"
"NC State","ACC",527678,"2021-22"
"NIU","MAC",527686,"2021-22"
"NJIT","ASUN",527669,"2021-22"
"Navy","Patriot",527432,"2021-22"
"Nebraska","Big Ten",527664,"2021-22"
"Nevada","MWC",527667,"2021-22"
"New Hampshire","America East",527668,"2021-22"
"New Mexico","MWC",527671,"2021-22"
"New Mexico St.","WAC",527670,"2021-22"
"New Orleans","Southland",527672,"2021-22"
"Niagara","MAAC",527673,"2021-22"
"Nicholls","Southland",527674,"2021-22"
"Norfolk St.","MEAC",527675,"2021-22"
"North Ala.","ASUN",527485,"2021-22"
"North Carolina","ACC",527660,"2021-22"
"North Dakota","Summit League",527680,"2021-22"
"North Dakota St.","Summit League",527679,"2021-22"
"North Florida","ASUN",527475,"2021-22"
"North Texas","C-USA",527681,"2021-22"
"Northeastern","CAA",527683,"2021-22"
"Northern Ariz.","Big Sky",527684,"2021-22"
"Northern Colo.","Big Sky",527685,"2021-22"
"Northern Ky.","Horizon",527688,"2021-22"
"Northwestern","Big Ten",527690,"2021-22"
"Northwestern St.","Southland",527689,"2021-22"
"Notre Dame","ACC",527691,"2021-22"
"Oakland","Horizon",527692,"2021-22"
"Ohio","MAC",527694,"2021-22"
"Ohio St.","Big Ten",527693,"2021-22"
"Oklahoma","Big 12",527696,"2021-22"
"Oklahoma St.","Big 12",527695,"2021-22"
"Old Dominion","C-USA",527697,"2021-22"
"Ole Miss","SEC",527650,"2021-22"
"Omaha","Summit League",527665,"2021-22"
"Oral Roberts","Summit League",527698,"2021-22"
"Oregon","Pac-12",527700,"2021-22"
"Oregon St.","Pac-12",527699,"2021-22"
"Pacific","WCC",527701,"2021-22"
"Penn","Ivy League",527704,"2021-22"
"Penn St.","Big Ten",527703,"2021-22"
"Pepperdine","WCC",527705,"2021-22"
"Pittsburgh","ACC",527706,"2021-22"
"Portland","WCC",527708,"2021-22"
"Portland St.","Big Sky",527707,"2021-22"
"Prairie View","SWAC",527709,"2021-22"
"Presbyterian","Big South",527470,"2021-22"
"Princeton","Ivy League",527710,"2021-22"
"Providence","Big East",527711,"2021-22"
"Purdue","Big Ten",527712,"2021-22"
"Purdue Fort Wayne","Summit League",527604,"2021-22"
"Quinnipiac","MAAC",527713,"2021-22"
"Radford","Big South",527714,"2021-22"
"Rhode Island","Atlantic 10",527715,"2021-22"
"Rice","C-USA",527716,"2021-22"
"Richmond","Atlantic 10",527717,"2021-22"
"Rider","MAAC",527718,"2021-22"
"Robert Morris","NEC",527719,"2021-22"
"Rutgers","Big Ten",527720,"2021-22"
"SFA","WAC",527407,"2021-22"
"SIUE","OVC",527398,"2021-22"
"SMU","AAC",527399,"2021-22"
"Sacramento St.","Big Sky",527525,"2021-22"
"Sacred Heart","NEC",527721,"2021-22"
"Saint Francis (PA)","NEC",527724,"2021-22"
"Saint Joseph's","Atlantic 10",527726,"2021-22"
"Saint Louis","Atlantic 10",527727,"2021-22"
"Saint Mary's (CA)","WCC",527728,"2021-22"
"Saint Peter's","MAAC",527729,"2021-22"
"Sam Houston","WAC",527730,"2021-22"
"Samford","SoCon",527731,"2021-22"
"San Diego","WCC",527733,"2021-22"
"San Diego St.","MWC",527732,"2021-22"
"San Francisco","WCC",527734,"2021-22"
"San Jose St.","MWC",527735,"2021-22"
"Santa Clara","WCC",527385,"2021-22"
"Seattle U","WAC",527471,"2021-22"
"Seton Hall","Big East",527386,"2021-22"
"Siena","MAAC",527387,"2021-22"
"South Alabama","Sun Belt",527388,"2021-22"
"South Carolina","SEC",527390,"2021-22"
"South Carolina St.","MEAC",527389,"2021-22"
"South Dakota","Summit League",527392,"2021-22"
"South Dakota St.","Summit League",527391,"2021-22"
"South Fla.","AAC",527393,"2021-22"
"Southeast Mo. St.","OVC",527394,"2021-22"
"Southeastern La.","Southland",527395,"2021-22"
"Southern California","Pac-12",527396,"2021-22"
"Southern Ill.","MVC",527397,"2021-22"
"Southern Miss.","C-USA",527400,"2021-22"
"Southern U.","SWAC",527401,"2021-22"
"Southern Utah","Big Sky",527402,"2021-22"
"St. Bonaventure","Atlantic 10",527722,"2021-22"
"St. Francis Brooklyn","NEC",527723,"2021-22"
"St. John's (NY)","Big East",527725,"2021-22"
"St. Thomas (MN)","Summit League",528150,"2021-22"
"Stanford","Pac-12",527406,"2021-22"
"Stetson","ASUN",527408,"2021-22"
"Stony Brook","America East",527409,"2021-22"
"Syracuse","ACC",527410,"2021-22"
"TCU","Big 12",527418,"2021-22"
"Tarleton St.","WAC",527741,"2021-22"
"Temple","AAC",527411,"2021-22"
"Tennessee","SEC",527415,"2021-22"
"Tennessee St.","OVC",527412,"2021-22"
"Tennessee Tech","OVC",527413,"2021-22"
"Texas","Big 12",527422,"2021-22"
"Texas A&M","SEC",527417,"2021-22"
"Texas Southern","SWAC",527419,"2021-22"
"Texas St.","Sun Belt",527404,"2021-22"
"Texas Tech","Big 12",527420,"2021-22"
"The Citadel","SoCon",527539,"2021-22"
"Toledo","MAC",527425,"2021-22"
"Towson","CAA",527426,"2021-22"
"Troy","Sun Belt",527427,"2021-22"
"Tulane","AAC",527428,"2021-22"
"Tulsa","AAC",527429,"2021-22"
"UAB","C-USA",527491,"2021-22"
"UAlbany","America East",527492,"2021-22"
"UC Davis","Big West",527528,"2021-22"
"UC Irvine","Big West",527529,"2021-22"
"UC Riverside","Big West",527531,"2021-22"
"UC San Diego","Big West",527739,"2021-22"
"UC Santa Barbara","Big West",527526,"2021-22"
"UCF","AAC",527535,"2021-22"
"UCLA","Pac-12",527530,"2021-22"
"UConn","AAC",527547,"2021-22"
"UIC","Horizon",527601,"2021-22"
"UIW","Southland",527476,"2021-22"
"ULM","Sun Belt",527682,"2021-22"
"UMBC","America East",527635,"2021-22"
"UMES","MEAC",527637,"2021-22"
"UMass Lowell","America East",527626,"2021-22"
"UNC Asheville","Big South",527659,"2021-22"
"UNC Greensboro","SoCon",527662,"2021-22"
"UNCW","CAA",527663,"2021-22"
"UNI","MVC",527687,"2021-22"
"UNLV","MWC",527666,"2021-22"
"USC Upstate","Big South",527478,"2021-22"
"UT Arlington","Sun Belt",527421,"2021-22"
"UT Martin","OVC",527416,"2021-22"
"UTEP","C-USA",527423,"2021-22"
"UTRGV","WAC",527702,"2021-22"
"UTSA","C-USA",527424,"2021-22"
"Utah","Pac-12",527434,"2021-22"
"Utah St.","MWC",527433,"2021-22"
"Utah Tech","WAC",527740,"2021-22"
"Utah Valley","WAC",527484,"2021-22"
"VCU","Atlantic 10",527439,"2021-22"
"VMI","SoCon",527440,"2021-22"
"Valparaiso","MVC",527435,"2021-22"
"Vanderbilt","SEC",527436,"2021-22"
"Vermont","America East",527437,"2021-22"
"Villanova","Big East",527438,"2021-22"
"Virginia","ACC",527442,"2021-22"
"Virginia Tech","ACC",527441,"2021-22"
"Wagner","NEC",527443,"2021-22"
"Wake Forest","ACC",527444,"2021-22"
"Washington","Pac-12",527446,"2021-22"
"Washington St.","Pac-12",527445,"2021-22"
"Weber St.","Big Sky",527447,"2021-22"
"West Virginia","Big 12",527448,"2021-22"
"Western Caro.","SoCon",527449,"2021-22"
"Western Ill.","Summit League",527450,"2021-22"
"Western Ky.","C-USA",527451,"2021-22"
"Western Mich.","MAC",527452,"2021-22"
"Wichita St.","AAC",527453,"2021-22"
"William & Mary","CAA",527454,"2021-22"
"Winthrop","Big South",527455,"2021-22"
"Wisconsin","Big Ten",527457,"2021-22"
"Wofford","SoCon",527477,"2021-22"
"Wright St.","Horizon",527459,"2021-22"
"Wyoming","MWC",527460,"2021-22"
"Xavier","Big East",527461,"2021-22"
"Yale","Ivy League",527462,"2021-22"
"Youngstown St.","Horizon",527463,"2021-22"
"A&M-Corpus Christi","Southland",505566,"2020-21"
"Abilene Christian","Southland",505571,"2020-21"
"Air Force","MWC",505515,"2020-21"
"Akron","MAC",505572,"2020-21"
"Alabama","SEC",505575,"2020-21"
"Alabama A&M","SWAC",505573,"2020-21"
"Alabama St.","SWAC",505574,"2020-21"
"Alcorn","SWAC",505578,"2020-21"
"American","Patriot",505579,"2020-21"
"App State","Sun Belt",505580,"2020-21"
"Arizona","Pac-12",505582,"2020-21"
"Arizona St.","Pac-12",505581,"2020-21"
"Ark.-Pine Bluff","SWAC",505557,"2020-21"
"Arkansas","SEC",505584,"2020-21"
"Arkansas St.","Sun Belt",505583,"2020-21"
"Army West Point","Patriot",505516,"2020-21"
"Auburn","SEC",505586,"2020-21"
"Austin Peay","OVC",505587,"2020-21"
"BYU","WCC",505598,"2020-21"
"Ball St.","MAC",505588,"2020-21"
"Baylor","Big 12",505590,"2020-21"
"Bellarmine","ASUN",505877,"2020-21"
"Belmont","OVC",505564,"2020-21"
"Bethune-Cookman","MEAC",505591,"2020-21"
"Binghamton","America East",505592,"2020-21"
"Boise St.","MWC",505593,"2020-21"
"Boston College","ACC",505594,"2020-21"
"Boston U.","Patriot",505595,"2020-21"
"Bowling Green","MAC",505596,"2020-21"
"Bradley","MVC",505597,"2020-21"
"Brown","Ivy League",505599,"2020-21"
"Bryant","NEC",505600,"2020-21"
"Bucknell","Patriot",505601,"2020-21"
"Buffalo","MAC",505602,"2020-21"
"Butler","Big East",505603,"2020-21"
"CSU Bakersfield","WAC",505605,"2020-21"
"CSUN","Big West",505609,"2020-21"
"Cal Poly","Big West",505604,"2020-21"
"Cal St. Fullerton","Big West",505607,"2020-21"
"California","Pac-12",505612,"2020-21"
"California Baptist","WAC",505841,"2020-21"
"Campbell","Big South",505617,"2020-21"
"Canisius","MAAC",505618,"2020-21"
"Central Ark.","Southland",505549,"2020-21"
"Central Conn. St.","NEC",505619,"2020-21"
"Central Mich.","MAC",505621,"2020-21"
"Charleston So.","Big South",505589,"2020-21"
"Charlotte","C-USA",505746,"2020-21"
"Chattanooga","SoCon",505499,"2020-21"
"Chicago St.","WAC",505622,"2020-21"
"Cincinnati","AAC",505623,"2020-21"
"Clemson","ACC",505625,"2020-21"
"Cleveland St.","Horizon",505626,"2020-21"
"Coastal Carolina","Sun Belt",505627,"2020-21"
"Col. of Charleston","CAA",505550,"2020-21"
"Colgate","Patriot",505628,"2020-21"
"Colorado","Pac-12",505630,"2020-21"
"Colorado St.","MWC",505629,"2020-21"
"Columbia","Ivy League",505631,"2020-21"
"Coppin St.","MEAC",505633,"2020-21"
"Cornell","Ivy League",505634,"2020-21"
"Creighton","Big East",505635,"2020-21"
"Dartmouth","Ivy League",505636,"2020-21"
"Davidson","Atlantic 10",505637,"2020-21"
"Dayton","Atlantic 10",505638,"2020-21"
"DePaul","Big East",505639,"2020-21"
"Delaware","CAA",505641,"2020-21"
"Delaware St.","MEAC",505640,"2020-21"
"Denver","Summit League",505642,"2020-21"
"Detroit Mercy","Horizon",505643,"2020-21"
"Drake","MVC",505644,"2020-21"
"Drexel","CAA",505645,"2020-21"
"Duke","ACC",505646,"2020-21"
"Duquesne","Atlantic 10",505647,"2020-21"
"ETSU","SoCon",505649,"2020-21"
"East Carolina","AAC",505648,"2020-21"
"Eastern Ill.","OVC",505650,"2020-21"
"Eastern Ky.","OVC",505651,"2020-21"
"Eastern Mich.","MAC",505652,"2020-21"
"Eastern Wash.","Big Sky",505653,"2020-21"
"Elon","CAA",505551,"2020-21"
"Evansville","MVC",505654,"2020-21"
"FGCU","ASUN",505568,"2020-21"
"FIU","C-USA",505659,"2020-21"
"Fairfield","MAAC",505655,"2020-21"
"Fairleigh Dickinson","NEC",505656,"2020-21"
"Fla. Atlantic","C-USA",505658,"2020-21"
"Florida","SEC",505661,"2020-21"
"Florida A&M","MEAC",505657,"2020-21"
"Florida St.","ACC",505660,"2020-21"
"Fordham","Atlantic 10",505662,"2020-21"
"Fresno St.","MWC",505606,"2020-21"
"Furman","SoCon",505663,"2020-21"
"Ga. Southern","Sun Belt",505667,"2020-21"
"Gardner-Webb","Big South",505552,"2020-21"
"George Mason","Atlantic 10",505664,"2020-21"
"George Washington","Atlantic 10",505665,"2020-21"
"Georgetown","Big East",505666,"2020-21"
"Georgia","SEC",505670,"2020-21"
"Georgia St.","Sun Belt",505668,"2020-21"
"Georgia Tech","ACC",505669,"2020-21"
"Gonzaga","WCC",505671,"2020-21"
"Grambling","SWAC",505672,"2020-21"
"Grand Canyon","WAC",505553,"2020-21"
"Green Bay","Horizon",505541,"2020-21"
"Hampton","Big South",505673,"2020-21"
"Hartford","America East",505674,"2020-21"
"Harvard","Ivy League",505675,"2020-21"
"Hawaii","Big West",505676,"2020-21"
"High Point","Big South",505565,"2020-21"
"Hofstra","CAA",505677,"2020-21"
"Holy Cross","Patriot",505678,"2020-21"
"Houston","AAC",505680,"2020-21"
"Houston Christian","Southland",505679,"2020-21"
"Howard","MEAC",505681,"2020-21"
"IUPUI","Horizon",505558,"2020-21"
"Idaho","Big Sky",505683,"2020-21"
"Idaho St.","Big Sky",505682,"2020-21"
"Illinois","Big Ten",505685,"2020-21"
"Illinois St.","MVC",505684,"2020-21"
"Indiana","Big Ten",505688,"2020-21"
"Indiana St.","MVC",505687,"2020-21"
"Iona","MAAC",505690,"2020-21"
"Iowa","Big Ten",505692,"2020-21"
"Iowa St.","Big 12",505691,"2020-21"
"Jackson St.","SWAC",505693,"2020-21"
"Jacksonville","ASUN",505695,"2020-21"
"Jacksonville St.","OVC",505694,"2020-21"
"James Madison","CAA",505696,"2020-21"
"Kansas","Big 12",505698,"2020-21"
"Kansas City","WAC",505559,"2020-21"
"Kansas St.","Big 12",505697,"2020-21"
"Kennesaw St.","ASUN",505554,"2020-21"
"Kent St.","MAC",505699,"2020-21"
"Kentucky","SEC",505700,"2020-21"
"LIU","NEC",505706,"2020-21"
"LMU (CA)","WCC",505713,"2020-21"
"LSU","SEC",505708,"2020-21"
"La Salle","Atlantic 10",505701,"2020-21"
"Lafayette","Patriot",505702,"2020-21"
"Lamar University","Southland",505703,"2020-21"
"Lehigh","Patriot",505704,"2020-21"
"Liberty","ASUN",505705,"2020-21"
"Lipscomb","ASUN",505567,"2020-21"
"Little Rock","Sun Belt",505585,"2020-21"
"Long Beach St.","Big West",505608,"2020-21"
"Longwood","Big South",505707,"2020-21"
"Louisiana","Sun Belt",505490,"2020-21"
"Louisiana Tech","C-USA",505709,"2020-21"
"Louisville","ACC",505710,"2020-21"
"Loyola Chicago","MVC",505714,"2020-21"
"Loyola Maryland","Patriot",505712,"2020-21"
"Maine","America East",505715,"2020-21"
"Manhattan","MAAC",505716,"2020-21"
"Marist","MAAC",505717,"2020-21"
"Marquette","Big East",505718,"2020-21"
"Marshall","C-USA",505719,"2020-21"
"Maryland","Big Ten",505721,"2020-21"
"Massachusetts","Atlantic 10",505723,"2020-21"
"McNeese","Southland",505724,"2020-21"
"Memphis","AAC",505725,"2020-21"
"Mercer","SoCon",505726,"2020-21"
"Merrimack","NEC",505842,"2020-21"
"Miami (FL)","ACC",505728,"2020-21"
"Miami (OH)","MAC",505727,"2020-21"
"Michigan","Big Ten",505730,"2020-21"
"Michigan St.","Big Ten",505729,"2020-21"
"Middle Tenn.","C-USA",505731,"2020-21"
"Milwaukee","Horizon",505543,"2020-21"
"Minnesota","Big Ten",505732,"2020-21"
"Mississippi St.","SEC",505733,"2020-21"
"Mississippi Val.","SWAC",505734,"2020-21"
"Missouri","SEC",505736,"2020-21"
"Missouri St.","MVC",505488,"2020-21"
"Monmouth","MAAC",505737,"2020-21"
"Montana","Big Sky",505739,"2020-21"
"Montana St.","Big Sky",505738,"2020-21"
"Morehead St.","OVC",505740,"2020-21"
"Morgan St.","MEAC",505741,"2020-21"
"Mount St. Mary's","NEC",505742,"2020-21"
"Murray St.","OVC",505743,"2020-21"
"N.C. A&T","MEAC",505761,"2020-21"
"N.C. Central","MEAC",505762,"2020-21"
"NC State","ACC",505763,"2020-21"
"NIU","MAC",505771,"2020-21"
"NJIT","ASUN",505754,"2020-21"
"Navy","Patriot",505517,"2020-21"
"Nebraska","Big Ten",505749,"2020-21"
"Nevada","MWC",505752,"2020-21"
"New Hampshire","America East",505753,"2020-21"
"New Mexico","MWC",505756,"2020-21"
"New Mexico St.","WAC",505755,"2020-21"
"New Orleans","Southland",505757,"2020-21"
"Niagara","MAAC",505758,"2020-21"
"Nicholls","Southland",505759,"2020-21"
"Norfolk St.","MEAC",505760,"2020-21"
"North Ala.","ASUN",505570,"2020-21"
"North Carolina","ACC",505745,"2020-21"
"North Dakota","Summit League",505765,"2020-21"
"North Dakota St.","Summit League",505764,"2020-21"
"North Florida","ASUN",505560,"2020-21"
"North Texas","C-USA",505766,"2020-21"
"Northeastern","CAA",505768,"2020-21"
"Northern Ariz.","Big Sky",505769,"2020-21"
"Northern Colo.","Big Sky",505770,"2020-21"
"Northern Ky.","Horizon",505773,"2020-21"
"Northwestern","Big Ten",505775,"2020-21"
"Northwestern St.","Southland",505774,"2020-21"
"Notre Dame","ACC",505776,"2020-21"
"Oakland","Horizon",505777,"2020-21"
"Ohio","MAC",505779,"2020-21"
"Ohio St.","Big Ten",505778,"2020-21"
"Oklahoma","Big 12",505781,"2020-21"
"Oklahoma St.","Big 12",505780,"2020-21"
"Old Dominion","C-USA",505782,"2020-21"
"Ole Miss","SEC",505735,"2020-21"
"Omaha","Summit League",505750,"2020-21"
"Oral Roberts","Summit League",505783,"2020-21"
"Oregon","Pac-12",505785,"2020-21"
"Oregon St.","Pac-12",505784,"2020-21"
"Pacific","WCC",505786,"2020-21"
"Penn","Ivy League",505789,"2020-21"
"Penn St.","Big Ten",505788,"2020-21"
"Pepperdine","WCC",505790,"2020-21"
"Pittsburgh","ACC",505791,"2020-21"
"Portland","WCC",505793,"2020-21"
"Portland St.","Big Sky",505792,"2020-21"
"Prairie View","SWAC",505794,"2020-21"
"Presbyterian","Big South",505555,"2020-21"
"Princeton","Ivy League",505795,"2020-21"
"Providence","Big East",505796,"2020-21"
"Purdue","Big Ten",505797,"2020-21"
"Purdue Fort Wayne","Summit League",505689,"2020-21"
"Quinnipiac","MAAC",505798,"2020-21"
"Radford","Big South",505799,"2020-21"
"Rhode Island","Atlantic 10",505800,"2020-21"
"Rice","C-USA",505801,"2020-21"
"Richmond","Atlantic 10",505802,"2020-21"
"Rider","MAAC",505803,"2020-21"
"Robert Morris","NEC",505804,"2020-21"
"Rutgers","Big Ten",505805,"2020-21"
"SFA","Southland",505492,"2020-21"
"SIUE","OVC",505483,"2020-21"
"SMU","AAC",505484,"2020-21"
"Sacramento St.","Big Sky",505610,"2020-21"
"Sacred Heart","NEC",505806,"2020-21"
"Saint Francis (PA)","NEC",505809,"2020-21"
"Saint Joseph's","Atlantic 10",505831,"2020-21"
"Saint Louis","Atlantic 10",505832,"2020-21"
"Saint Mary's (CA)","WCC",505833,"2020-21"
"Saint Peter's","MAAC",505834,"2020-21"
"Sam Houston","Southland",505835,"2020-21"
"Samford","SoCon",505836,"2020-21"
"San Diego","WCC",505838,"2020-21"
"San Diego St.","MWC",505837,"2020-21"
"San Francisco","WCC",505839,"2020-21"
"San Jose St.","MWC",505840,"2020-21"
"Santa Clara","WCC",505470,"2020-21"
"Seattle U","WAC",505556,"2020-21"
"Seton Hall","Big East",505471,"2020-21"
"Siena","MAAC",505472,"2020-21"
"South Alabama","Sun Belt",505473,"2020-21"
"South Carolina","SEC",505475,"2020-21"
"South Carolina St.","MEAC",505474,"2020-21"
"South Dakota","Summit League",505477,"2020-21"
"South Dakota St.","Summit League",505476,"2020-21"
"South Fla.","AAC",505478,"2020-21"
"Southeast Mo. St.","OVC",505479,"2020-21"
"Southeastern La.","Southland",505480,"2020-21"
"Southern California","Pac-12",505481,"2020-21"
"Southern Ill.","MVC",505482,"2020-21"
"Southern Miss.","C-USA",505485,"2020-21"
"Southern U.","SWAC",505486,"2020-21"
"Southern Utah","Big Sky",505487,"2020-21"
"St. Bonaventure","Atlantic 10",505807,"2020-21"
"St. Francis Brooklyn","NEC",505808,"2020-21"
"St. John's (NY)","Big East",505830,"2020-21"
"Stanford","Pac-12",505491,"2020-21"
"Stetson","ASUN",505493,"2020-21"
"Stony Brook","America East",505494,"2020-21"
"Syracuse","ACC",505495,"2020-21"
"TCU","Big 12",505503,"2020-21"
"Tarleton St.","WAC",506541,"2020-21"
"Temple","AAC",505496,"2020-21"
"Tennessee","SEC",505500,"2020-21"
"Tennessee St.","OVC",505497,"2020-21"
"Tennessee Tech","OVC",505498,"2020-21"
"Texas","Big 12",505507,"2020-21"
"Texas A&M","SEC",505502,"2020-21"
"Texas Southern","SWAC",505504,"2020-21"
"Texas St.","Sun Belt",505489,"2020-21"
"Texas Tech","Big 12",505505,"2020-21"
"The Citadel","SoCon",505624,"2020-21"
"Toledo","MAC",505510,"2020-21"
"Towson","CAA",505511,"2020-21"
"Troy","Sun Belt",505512,"2020-21"
"Tulane","AAC",505513,"2020-21"
"Tulsa","AAC",505514,"2020-21"
"UAB","C-USA",505576,"2020-21"
"UAlbany","America East",505577,"2020-21"
"UC Davis","Big West",505613,"2020-21"
"UC Irvine","Big West",505614,"2020-21"
"UC Riverside","Big West",505616,"2020-21"
"UC San Diego","Big West",505932,"2020-21"
"UC Santa Barbara","Big West",505611,"2020-21"
"UCF","AAC",505620,"2020-21"
"UCLA","Pac-12",505615,"2020-21"
"UConn","AAC",505632,"2020-21"
"UIC","Horizon",505686,"2020-21"
"UIW","Southland",505561,"2020-21"
"ULM","Sun Belt",505767,"2020-21"
"UMBC","America East",505720,"2020-21"
"UMES","MEAC",505722,"2020-21"
"UMass Lowell","America East",505711,"2020-21"
"UNC Asheville","Big South",505744,"2020-21"
"UNC Greensboro","SoCon",505747,"2020-21"
"UNCW","CAA",505748,"2020-21"
"UNI","MVC",505772,"2020-21"
"UNLV","MWC",505751,"2020-21"
"USC Upstate","Big South",505563,"2020-21"
"UT Arlington","Sun Belt",505506,"2020-21"
"UT Martin","OVC",505501,"2020-21"
"UTEP","C-USA",505508,"2020-21"
"UTRGV","WAC",505787,"2020-21"
"UTSA","C-USA",505509,"2020-21"
"Utah","Pac-12",505519,"2020-21"
"Utah St.","MWC",505518,"2020-21"
"Utah Tech","WAC",506427,"2020-21"
"Utah Valley","WAC",505569,"2020-21"
"VCU","Atlantic 10",505524,"2020-21"
"VMI","SoCon",505525,"2020-21"
"Valparaiso","MVC",505520,"2020-21"
"Vanderbilt","SEC",505521,"2020-21"
"Vermont","America East",505522,"2020-21"
"Villanova","Big East",505523,"2020-21"
"Virginia","ACC",505527,"2020-21"
"Virginia Tech","ACC",505526,"2020-21"
"Wagner","NEC",505528,"2020-21"
"Wake Forest","ACC",505529,"2020-21"
"Washington","Pac-12",505531,"2020-21"
"Washington St.","Pac-12",505530,"2020-21"
"Weber St.","Big Sky",505532,"2020-21"
"West Virginia","Big 12",505533,"2020-21"
"Western Caro.","SoCon",505534,"2020-21"
"Western Ill.","Summit League",505535,"2020-21"
"Western Ky.","C-USA",505536,"2020-21"
"Western Mich.","MAC",505537,"2020-21"
"Wichita St.","AAC",505538,"2020-21"
"William & Mary","CAA",505539,"2020-21"
"Winthrop","Big South",505540,"2020-21"
"Wisconsin","Big Ten",505542,"2020-21"
"Wofford","SoCon",505562,"2020-21"
"Wright St.","Horizon",505544,"2020-21"
"Wyoming","MWC",505545,"2020-21"
"Xavier","Big East",505546,"2020-21"
"Yale","Ivy League",505547,"2020-21"
"Youngstown St.","Horizon",505548,"2020-21"
"A&M-Corpus Christi","Southland",486746,"2019-20"
"Abilene Christian","Southland",486751,"2019-20"
"Air Force","MWC",486695,"2019-20"
"Akron","MAC",486752,"2019-20"
"Alabama","SEC",486755,"2019-20"
"Alabama A&M","SWAC",486753,"2019-20"
"Alabama St.","SWAC",486754,"2019-20"
"Alcorn","SWAC",486758,"2019-20"
"American","Patriot",486759,"2019-20"
"App State","Sun Belt",486760,"2019-20"
"Arizona","Pac-12",486762,"2019-20"
"Arizona St.","Pac-12",486761,"2019-20"
"Ark.-Pine Bluff","SWAC",486737,"2019-20"
"Arkansas","SEC",486764,"2019-20"
"Arkansas St.","Sun Belt",486763,"2019-20"
"Army West Point","Patriot",486696,"2019-20"
"Auburn","SEC",486766,"2019-20"
"Austin Peay","OVC",486767,"2019-20"
"BYU","WCC",486778,"2019-20"
"Ball St.","MAC",486768,"2019-20"
"Baylor","Big 12",486770,"2019-20"
"Belmont","OVC",486744,"2019-20"
"Bethune-Cookman","MEAC",486771,"2019-20"
"Binghamton","America East",486772,"2019-20"
"Boise St.","MWC",486773,"2019-20"
"Boston College","ACC",486774,"2019-20"
"Boston U.","Patriot",486775,"2019-20"
"Bowling Green","MAC",486776,"2019-20"
"Bradley","MVC",486777,"2019-20"
"Brown","Ivy League",486779,"2019-20"
"Bryant","NEC",486780,"2019-20"
"Bucknell","Patriot",486781,"2019-20"
"Buffalo","MAC",486782,"2019-20"
"Butler","Big East",486783,"2019-20"
"CSU Bakersfield","WAC",486785,"2019-20"
"CSUN","Big West",486789,"2019-20"
"Cal Poly","Big West",486784,"2019-20"
"Cal St. Fullerton","Big West",486787,"2019-20"
"California","Pac-12",486792,"2019-20"
"Campbell","Big South",486797,"2019-20"
"Canisius","MAAC",486798,"2019-20"
"Central Ark.","Southland",486729,"2019-20"
"Central Conn. St.","NEC",486799,"2019-20"
"Central Mich.","MAC",486801,"2019-20"
"Charleston So.","Big South",486769,"2019-20"
"Charlotte","C-USA",486926,"2019-20"
"Chattanooga","SoCon",486679,"2019-20"
"Chicago St.","WAC",486802,"2019-20"
"Cincinnati","AAC",486803,"2019-20"
"Clemson","ACC",486805,"2019-20"
"Cleveland St.","Horizon",486806,"2019-20"
"Coastal Carolina","Sun Belt",486807,"2019-20"
"Col. of Charleston","CAA",486730,"2019-20"
"Colgate","Patriot",486808,"2019-20"
"Colorado","Pac-12",486810,"2019-20"
"Colorado St.","MWC",486809,"2019-20"
"Columbia","Ivy League",486811,"2019-20"
"Coppin St.","MEAC",486813,"2019-20"
"Cornell","Ivy League",486814,"2019-20"
"Creighton","Big East",486815,"2019-20"
"Dartmouth","Ivy League",486816,"2019-20"
"Davidson","Atlantic 10",486817,"2019-20"
"Dayton","Atlantic 10",486818,"2019-20"
"DePaul","Big East",486819,"2019-20"
"Delaware","CAA",486821,"2019-20"
"Delaware St.","MEAC",486820,"2019-20"
"Denver","Summit League",486822,"2019-20"
"Detroit Mercy","Horizon",486823,"2019-20"
"Drake","MVC",486824,"2019-20"
"Drexel","CAA",486825,"2019-20"
"Duke","ACC",486826,"2019-20"
"Duquesne","Atlantic 10",486827,"2019-20"
"ETSU","SoCon",486829,"2019-20"
"East Carolina","AAC",486828,"2019-20"
"Eastern Ill.","OVC",486830,"2019-20"
"Eastern Ky.","OVC",486831,"2019-20"
"Eastern Mich.","MAC",486832,"2019-20"
"Eastern Wash.","Big Sky",486833,"2019-20"
"Elon","CAA",486731,"2019-20"
"Evansville","MVC",486834,"2019-20"
"FGCU","ASUN",486748,"2019-20"
"FIU","C-USA",486839,"2019-20"
"Fairfield","MAAC",486835,"2019-20"
"Fairleigh Dickinson","NEC",486836,"2019-20"
"Fla. Atlantic","C-USA",486838,"2019-20"
"Florida","SEC",486841,"2019-20"
"Florida A&M","MEAC",486837,"2019-20"
"Florida St.","ACC",486840,"2019-20"
"Fordham","Atlantic 10",486842,"2019-20"
"Fresno St.","MWC",486786,"2019-20"
"Furman","SoCon",486843,"2019-20"
"Ga. Southern","Sun Belt",486847,"2019-20"
"Gardner-Webb","Big South",486732,"2019-20"
"George Mason","Atlantic 10",486844,"2019-20"
"George Washington","Atlantic 10",486845,"2019-20"
"Georgetown","Big East",486846,"2019-20"
"Georgia","SEC",486850,"2019-20"
"Georgia St.","Sun Belt",486848,"2019-20"
"Georgia Tech","ACC",486849,"2019-20"
"Gonzaga","WCC",486851,"2019-20"
"Grambling","SWAC",486852,"2019-20"
"Grand Canyon","WAC",486733,"2019-20"
"Green Bay","Horizon",486721,"2019-20"
"Hampton","Big South",486853,"2019-20"
"Hartford","America East",486854,"2019-20"
"Harvard","Ivy League",486855,"2019-20"
"Hawaii","Big West",486856,"2019-20"
"High Point","Big South",486745,"2019-20"
"Hofstra","CAA",486857,"2019-20"
"Holy Cross","Patriot",486858,"2019-20"
"Houston","AAC",486860,"2019-20"
"Houston Christian","Southland",486859,"2019-20"
"Howard","MEAC",486861,"2019-20"
"IUPUI","Horizon",486738,"2019-20"
"Idaho","Big Sky",486863,"2019-20"
"Idaho St.","Big Sky",486862,"2019-20"
"Illinois","Big Ten",486865,"2019-20"
"Illinois St.","MVC",486864,"2019-20"
"Indiana","Big Ten",486868,"2019-20"
"Indiana St.","MVC",486867,"2019-20"
"Iona","MAAC",486870,"2019-20"
"Iowa","Big Ten",486872,"2019-20"
"Iowa St.","Big 12",486871,"2019-20"
"Jackson St.","SWAC",486873,"2019-20"
"Jacksonville","ASUN",486875,"2019-20"
"Jacksonville St.","OVC",486874,"2019-20"
"James Madison","CAA",486876,"2019-20"
"Kansas","Big 12",486878,"2019-20"
"Kansas City","WAC",486739,"2019-20"
"Kansas St.","Big 12",486877,"2019-20"
"Kennesaw St.","ASUN",486734,"2019-20"
"Kent St.","MAC",486879,"2019-20"
"Kentucky","SEC",486880,"2019-20"
"LIU","NEC",486886,"2019-20"
"LMU (CA)","WCC",486893,"2019-20"
"LSU","SEC",486888,"2019-20"
"La Salle","Atlantic 10",486881,"2019-20"
"Lafayette","Patriot",486882,"2019-20"
"Lamar University","Southland",486883,"2019-20"
"Lehigh","Patriot",486884,"2019-20"
"Liberty","ASUN",486885,"2019-20"
"Lipscomb","ASUN",486747,"2019-20"
"Little Rock","Sun Belt",486765,"2019-20"
"Long Beach St.","Big West",486788,"2019-20"
"Longwood","Big South",486887,"2019-20"
"Louisiana","Sun Belt",486670,"2019-20"
"Louisiana Tech","C-USA",486889,"2019-20"
"Louisville","ACC",486890,"2019-20"
"Loyola Chicago","MVC",486894,"2019-20"
"Loyola Maryland","Patriot",486892,"2019-20"
"Maine","America East",486895,"2019-20"
"Manhattan","MAAC",486896,"2019-20"
"Marist","MAAC",486897,"2019-20"
"Marquette","Big East",486898,"2019-20"
"Marshall","C-USA",486899,"2019-20"
"Maryland","Big Ten",486901,"2019-20"
"Massachusetts","Atlantic 10",486903,"2019-20"
"McNeese","Southland",486904,"2019-20"
"Memphis","AAC",486905,"2019-20"
"Mercer","SoCon",486906,"2019-20"
"Miami (FL)","ACC",486908,"2019-20"
"Miami (OH)","MAC",486907,"2019-20"
"Michigan","Big Ten",486910,"2019-20"
"Michigan St.","Big Ten",486909,"2019-20"
"Middle Tenn.","C-USA",486911,"2019-20"
"Milwaukee","Horizon",486723,"2019-20"
"Minnesota","Big Ten",486912,"2019-20"
"Mississippi St.","SEC",486913,"2019-20"
"Mississippi Val.","SWAC",486914,"2019-20"
"Missouri","SEC",486916,"2019-20"
"Missouri St.","MVC",486668,"2019-20"
"Monmouth","MAAC",486917,"2019-20"
"Montana","Big Sky",486919,"2019-20"
"Montana St.","Big Sky",486918,"2019-20"
"Morehead St.","OVC",486920,"2019-20"
"Morgan St.","MEAC",486921,"2019-20"
"Mount St. Mary's","NEC",487652,"2019-20"
"Murray St.","OVC",486923,"2019-20"
"N.C. A&T","MEAC",486941,"2019-20"
"N.C. Central","MEAC",486942,"2019-20"
"NC State","ACC",486943,"2019-20"
"NIU","MAC",486951,"2019-20"
"NJIT","ASUN",486934,"2019-20"
"Navy","Patriot",486697,"2019-20"
"Nebraska","Big Ten",486929,"2019-20"
"Nevada","MWC",486932,"2019-20"
"New Hampshire","America East",486933,"2019-20"
"New Mexico","MWC",486936,"2019-20"
"New Mexico St.","WAC",486935,"2019-20"
"New Orleans","Southland",486937,"2019-20"
"Niagara","MAAC",486938,"2019-20"
"Nicholls","Southland",486939,"2019-20"
"Norfolk St.","MEAC",486940,"2019-20"
"North Carolina","ACC",486925,"2019-20"
"North Dakota","Summit League",486945,"2019-20"
"North Dakota St.","Summit League",486944,"2019-20"
"North Florida","ASUN",486740,"2019-20"
"North Texas","C-USA",486946,"2019-20"
"Northeastern","CAA",486948,"2019-20"
"Northern Ariz.","Big Sky",486949,"2019-20"
"Northern Colo.","Big Sky",486950,"2019-20"
"Northern Ky.","Horizon",486953,"2019-20"
"Northwestern","Big Ten",486955,"2019-20"
"Northwestern St.","Southland",486954,"2019-20"
"Notre Dame","ACC",486956,"2019-20"
"Oakland","Horizon",486957,"2019-20"
"Ohio","MAC",486959,"2019-20"
"Ohio St.","Big Ten",486958,"2019-20"
"Oklahoma","Big 12",486961,"2019-20"
"Oklahoma St.","Big 12",486960,"2019-20"
"Old Dominion","C-USA",486962,"2019-20"
"Ole Miss","SEC",486915,"2019-20"
"Omaha","Summit League",486930,"2019-20"
"Oral Roberts","Summit League",486963,"2019-20"
"Oregon","Pac-12",486965,"2019-20"
"Oregon St.","Pac-12",486964,"2019-20"
"Pacific","WCC",486966,"2019-20"
"Penn","Ivy League",486969,"2019-20"
"Penn St.","Big Ten",486968,"2019-20"
"Pepperdine","WCC",486970,"2019-20"
"Pittsburgh","ACC",486971,"2019-20"
"Portland","WCC",486973,"2019-20"
"Portland St.","Big Sky",486972,"2019-20"
"Prairie View","SWAC",486974,"2019-20"
"Presbyterian","Big South",486735,"2019-20"
"Princeton","Ivy League",486975,"2019-20"
"Providence","Big East",486976,"2019-20"
"Purdue","Big Ten",486977,"2019-20"
"Purdue Fort Wayne","Summit League",486869,"2019-20"
"Quinnipiac","MAAC",486978,"2019-20"
"Radford","Big South",486979,"2019-20"
"Rhode Island","Atlantic 10",486980,"2019-20"
"Rice","C-USA",486981,"2019-20"
"Richmond","Atlantic 10",486982,"2019-20"
"Rider","MAAC",486983,"2019-20"
"Robert Morris","NEC",486984,"2019-20"
"Rutgers","Big Ten",486985,"2019-20"
"SFA","Southland",486672,"2019-20"
"SIUE","OVC",486663,"2019-20"
"SMU","AAC",486664,"2019-20"
"Sacramento St.","Big Sky",486790,"2019-20"
"Sacred Heart","NEC",486986,"2019-20"
"Saint Francis (PA)","NEC",486989,"2019-20"
"Saint Joseph's","Atlantic 10",486991,"2019-20"
"Saint Louis","Atlantic 10",486992,"2019-20"
"Saint Mary's (CA)","WCC",486993,"2019-20"
"Saint Peter's","MAAC",486994,"2019-20"
"Sam Houston","Southland",486995,"2019-20"
"Samford","SoCon",486996,"2019-20"
"San Diego","WCC",486998,"2019-20"
"San Diego St.","MWC",486997,"2019-20"
"San Francisco","WCC",486999,"2019-20"
"San Jose St.","MWC",487000,"2019-20"
"Santa Clara","WCC",486649,"2019-20"
"Seattle U","WAC",486736,"2019-20"
"Seton Hall","Big East",486651,"2019-20"
"Siena","MAAC",486652,"2019-20"
"South Alabama","Sun Belt",486653,"2019-20"
"South Carolina","SEC",486655,"2019-20"
"South Carolina St.","MEAC",486654,"2019-20"
"South Dakota","Summit League",486657,"2019-20"
"South Dakota St.","Summit League",486656,"2019-20"
"South Fla.","AAC",486658,"2019-20"
"Southeast Mo. St.","OVC",486659,"2019-20"
"Southeastern La.","Southland",486660,"2019-20"
"Southern California","Pac-12",486661,"2019-20"
"Southern Ill.","MVC",486662,"2019-20"
"Southern Miss.","C-USA",486665,"2019-20"
"Southern U.","SWAC",486666,"2019-20"
"Southern Utah","Big Sky",486667,"2019-20"
"St. Bonaventure","Atlantic 10",486987,"2019-20"
"St. Francis Brooklyn","NEC",486988,"2019-20"
"St. John's (NY)","Big East",486990,"2019-20"
"Stanford","Pac-12",486671,"2019-20"
"Stetson","ASUN",486673,"2019-20"
"Stony Brook","America East",486674,"2019-20"
"Syracuse","ACC",486675,"2019-20"
"TCU","Big 12",486683,"2019-20"
"Temple","AAC",486676,"2019-20"
"Tennessee","SEC",486680,"2019-20"
"Tennessee St.","OVC",486677,"2019-20"
"Tennessee Tech","OVC",486678,"2019-20"
"Texas","Big 12",486687,"2019-20"
"Texas A&M","SEC",486682,"2019-20"
"Texas Southern","SWAC",486684,"2019-20"
"Texas St.","Sun Belt",486669,"2019-20"
"Texas Tech","Big 12",486685,"2019-20"
"The Citadel","SoCon",486804,"2019-20"
"Toledo","MAC",486690,"2019-20"
"Towson","CAA",486691,"2019-20"
"Troy","Sun Belt",486692,"2019-20"
"Tulane","AAC",486693,"2019-20"
"Tulsa","AAC",486694,"2019-20"
"UAB","C-USA",486756,"2019-20"
"UAlbany","America East",486757,"2019-20"
"UC Davis","Big West",486793,"2019-20"
"UC Irvine","Big West",486794,"2019-20"
"UC Riverside","Big West",486796,"2019-20"
"UC Santa Barbara","Big West",486791,"2019-20"
"UCF","AAC",486800,"2019-20"
"UCLA","Pac-12",486795,"2019-20"
"UConn","AAC",486812,"2019-20"
"UIC","Horizon",486866,"2019-20"
"UIW","Southland",486741,"2019-20"
"ULM","Sun Belt",486947,"2019-20"
"UMBC","America East",486900,"2019-20"
"UMES","MEAC",486902,"2019-20"
"UMass Lowell","America East",486891,"2019-20"
"UNC Asheville","Big South",486924,"2019-20"
"UNC Greensboro","SoCon",486927,"2019-20"
"UNCW","CAA",486928,"2019-20"
"UNI","MVC",486952,"2019-20"
"UNLV","MWC",486931,"2019-20"
"USC Upstate","Big South",486743,"2019-20"
"UT Arlington","Sun Belt",486686,"2019-20"
"UT Martin","OVC",486681,"2019-20"
"UTEP","C-USA",486688,"2019-20"
"UTRGV","WAC",486967,"2019-20"
"UTSA","C-USA",486689,"2019-20"
"Utah","Pac-12",486699,"2019-20"
"Utah St.","MWC",486698,"2019-20"
"Utah Valley","WAC",486749,"2019-20"
"VCU","Atlantic 10",486704,"2019-20"
"VMI","SoCon",486705,"2019-20"
"Valparaiso","MVC",486700,"2019-20"
"Vanderbilt","SEC",486701,"2019-20"
"Vermont","America East",486702,"2019-20"
"Villanova","Big East",486703,"2019-20"
"Virginia","ACC",486707,"2019-20"
"Virginia Tech","ACC",486706,"2019-20"
"Wagner","NEC",486708,"2019-20"
"Wake Forest","ACC",486709,"2019-20"
"Washington","Pac-12",486711,"2019-20"
"Washington St.","Pac-12",486710,"2019-20"
"Weber St.","Big Sky",486712,"2019-20"
"West Virginia","Big 12",486713,"2019-20"
"Western Caro.","SoCon",486714,"2019-20"
"Western Ill.","Summit League",486715,"2019-20"
"Western Ky.","C-USA",486716,"2019-20"
"Western Mich.","MAC",486717,"2019-20"
"Wichita St.","AAC",486718,"2019-20"
"William & Mary","CAA",486719,"2019-20"
"Winthrop","Big South",486720,"2019-20"
"Wisconsin","Big Ten",486722,"2019-20"
"Wofford","SoCon",486742,"2019-20"
"Wright St.","Horizon",486724,"2019-20"
"Wyoming","MWC",486725,"2019-20"
"Xavier","Big East",486726,"2019-20"
"Yale","Ivy League",486727,"2019-20"
"Youngstown St.","Horizon",486728,"2019-20"
"A&M-Corpus Christi","Southland",450809,"2018-19"
"Abilene Christian","Southland",450462,"2018-19"
"Air Force","MWC",450758,"2018-19"
"Akron","MAC",450463,"2018-19"
"Alabama","SEC",450466,"2018-19"
"Alabama A&M","SWAC",450464,"2018-19"
"Alabama St.","SWAC",450465,"2018-19"
"Alcorn","SWAC",450469,"2018-19"
"American","Patriot",450470,"2018-19"
"App State","Sun Belt",450471,"2018-19"
"Arizona","Pac-12",450473,"2018-19"
"Arizona St.","Pac-12",450472,"2018-19"
"Ark.-Pine Bluff","SWAC",450800,"2018-19"
"Arkansas","SEC",450475,"2018-19"
"Arkansas St.","Sun Belt",450474,"2018-19"
"Army West Point","Patriot",450759,"2018-19"
"Auburn","SEC",450477,"2018-19"
"Austin Peay","OVC",450478,"2018-19"
"BYU","WCC",450489,"2018-19"
"Ball St.","MAC",450479,"2018-19"
"Baylor","Big 12",450481,"2018-19"
"Belmont","OVC",450807,"2018-19"
"Bethune-Cookman","MEAC",450482,"2018-19"
"Binghamton","America East",450483,"2018-19"
"Boise St.","MWC",450484,"2018-19"
"Boston College","ACC",450485,"2018-19"
"Boston U.","Patriot",450486,"2018-19"
"Bowling Green","MAC",450487,"2018-19"
"Bradley","MVC",450488,"2018-19"
"Brown","Ivy League",450490,"2018-19"
"Bryant","NEC",450491,"2018-19"
"Bucknell","Patriot",450492,"2018-19"
"Buffalo","MAC",450493,"2018-19"
"Butler","Big East",450494,"2018-19"
"CSU Bakersfield","WAC",450496,"2018-19"
"CSUN","Big West",450500,"2018-19"
"Cal Poly","Big West",450495,"2018-19"
"Cal St. Fullerton","Big West",450498,"2018-19"
"California","Pac-12",450503,"2018-19"
"Campbell","Big South",450508,"2018-19"
"Canisius","MAAC",450509,"2018-19"
"Central Ark.","Southland",450792,"2018-19"
"Central Conn. St.","NEC",450510,"2018-19"
"Central Mich.","MAC",450512,"2018-19"
"Charleston So.","Big South",450480,"2018-19"
"Charlotte","C-USA",450637,"2018-19"
"Chattanooga","SoCon",450742,"2018-19"
"Chicago St.","WAC",450513,"2018-19"
"Cincinnati","AAC",450514,"2018-19"
"Clemson","ACC",450516,"2018-19"
"Cleveland St.","Horizon",450517,"2018-19"
"Coastal Carolina","Sun Belt",450518,"2018-19"
"Col. of Charleston","CAA",450793,"2018-19"
"Colgate","Patriot",450519,"2018-19"
"Colorado","Pac-12",450521,"2018-19"
"Colorado St.","MWC",450520,"2018-19"
"Columbia","Ivy League",450522,"2018-19"
"Coppin St.","MEAC",450524,"2018-19"
"Cornell","Ivy League",450525,"2018-19"
"Creighton","Big East",450526,"2018-19"
"Dartmouth","Ivy League",450527,"2018-19"
"Davidson","Atlantic 10",450528,"2018-19"
"Dayton","Atlantic 10",450529,"2018-19"
"DePaul","Big East",450530,"2018-19"
"Delaware","CAA",450532,"2018-19"
"Delaware St.","MEAC",450531,"2018-19"
"Denver","Summit League",450533,"2018-19"
"Detroit Mercy","Horizon",450534,"2018-19"
"Drake","MVC",450535,"2018-19"
"Drexel","CAA",450536,"2018-19"
"Duke","ACC",450537,"2018-19"
"Duquesne","Atlantic 10",450538,"2018-19"
"ETSU","SoCon",450540,"2018-19"
"East Carolina","AAC",450539,"2018-19"
"Eastern Ill.","OVC",450541,"2018-19"
"Eastern Ky.","OVC",450542,"2018-19"
"Eastern Mich.","MAC",450543,"2018-19"
"Eastern Wash.","Big Sky",450544,"2018-19"
"Elon","CAA",450794,"2018-19"
"Evansville","MVC",450545,"2018-19"
"FGCU","ASUN",450811,"2018-19"
"FIU","C-USA",450550,"2018-19"
"Fairfield","MAAC",450546,"2018-19"
"Fairleigh Dickinson","NEC",450547,"2018-19"
"Fla. Atlantic","C-USA",450549,"2018-19"
"Florida","SEC",450552,"2018-19"
"Florida A&M","MEAC",450548,"2018-19"
"Florida St.","ACC",450551,"2018-19"
"Fordham","Atlantic 10",450553,"2018-19"
"Fresno St.","MWC",450497,"2018-19"
"Furman","SoCon",450554,"2018-19"
"Ga. Southern","Sun Belt",450558,"2018-19"
"Gardner-Webb","Big South",450795,"2018-19"
"George Mason","Atlantic 10",450555,"2018-19"
"George Washington","Atlantic 10",450556,"2018-19"
"Georgetown","Big East",450557,"2018-19"
"Georgia","SEC",450561,"2018-19"
"Georgia St.","Sun Belt",450559,"2018-19"
"Georgia Tech","ACC",450560,"2018-19"
"Gonzaga","WCC",450562,"2018-19"
"Grambling","SWAC",450563,"2018-19"
"Grand Canyon","WAC",450796,"2018-19"
"Green Bay","Horizon",450784,"2018-19"
"Hampton","Big South",450564,"2018-19"
"Hartford","America East",450565,"2018-19"
"Harvard","Ivy League",450566,"2018-19"
"Hawaii","Big West",450567,"2018-19"
"High Point","Big South",450808,"2018-19"
"Hofstra","CAA",450568,"2018-19"
"Holy Cross","Patriot",450569,"2018-19"
"Houston","AAC",450571,"2018-19"
"Houston Christian","Southland",450570,"2018-19"
"Howard","MEAC",450572,"2018-19"
"IUPUI","Horizon",450801,"2018-19"
"Idaho","Big Sky",450574,"2018-19"
"Idaho St.","Big Sky",450573,"2018-19"
"Illinois","Big Ten",450576,"2018-19"
"Illinois St.","MVC",450575,"2018-19"
"Indiana","Big Ten",450579,"2018-19"
"Indiana St.","MVC",450578,"2018-19"
"Iona","MAAC",450581,"2018-19"
"Iowa","Big Ten",450583,"2018-19"
"Iowa St.","Big 12",450582,"2018-19"
"Jackson St.","SWAC",450584,"2018-19"
"Jacksonville","ASUN",450586,"2018-19"
"Jacksonville St.","OVC",450585,"2018-19"
"James Madison","CAA",450587,"2018-19"
"Kansas","Big 12",450589,"2018-19"
"Kansas City","WAC",450802,"2018-19"
"Kansas St.","Big 12",450588,"2018-19"
"Kennesaw St.","ASUN",450797,"2018-19"
"Kent St.","MAC",450590,"2018-19"
"Kentucky","SEC",450591,"2018-19"
"LIU Brooklyn","NEC",450597,"2018-19"
"LMU (CA)","WCC",450604,"2018-19"
"LSU","SEC",450599,"2018-19"
"La Salle","Atlantic 10",450592,"2018-19"
"Lafayette","Patriot",450593,"2018-19"
"Lamar University","Southland",450594,"2018-19"
"Lehigh","Patriot",450595,"2018-19"
"Liberty","ASUN",450596,"2018-19"
"Lipscomb","ASUN",450810,"2018-19"
"Little Rock","Sun Belt",450476,"2018-19"
"Long Beach St.","Big West",450499,"2018-19"
"Longwood","Big South",450598,"2018-19"
"Louisiana","Sun Belt",450733,"2018-19"
"Louisiana Tech","C-USA",450600,"2018-19"
"Louisville","ACC",450601,"2018-19"
"Loyola Chicago","MVC",450605,"2018-19"
"Loyola Maryland","Patriot",450603,"2018-19"
"Maine","America East",450606,"2018-19"
"Manhattan","MAAC",450607,"2018-19"
"Marist","MAAC",450608,"2018-19"
"Marquette","Big East",450609,"2018-19"
"Marshall","C-USA",450610,"2018-19"
"Maryland","Big Ten",450612,"2018-19"
"Massachusetts","Atlantic 10",450614,"2018-19"
"McNeese","Southland",450615,"2018-19"
"Memphis","AAC",450616,"2018-19"
"Mercer","SoCon",450617,"2018-19"
"Miami (FL)","ACC",450619,"2018-19"
"Miami (OH)","MAC",450618,"2018-19"
"Michigan","Big Ten",450621,"2018-19"
"Michigan St.","Big Ten",450620,"2018-19"
"Middle Tenn.","C-USA",450622,"2018-19"
"Milwaukee","Horizon",450786,"2018-19"
"Minnesota","Big Ten",450623,"2018-19"
"Mississippi St.","SEC",450624,"2018-19"
"Mississippi Val.","SWAC",450625,"2018-19"
"Missouri","SEC",450627,"2018-19"
"Missouri St.","MVC",450731,"2018-19"
"Monmouth","MAAC",450628,"2018-19"
"Montana","Big Sky",450630,"2018-19"
"Montana St.","Big Sky",450629,"2018-19"
"Morehead St.","OVC",450631,"2018-19"
"Morgan St.","MEAC",450632,"2018-19"
"Mount St. Mary's","NEC",450633,"2018-19"
"Murray St.","OVC",450634,"2018-19"
"N.C. A&T","MEAC",450652,"2018-19"
"N.C. Central","MEAC",450653,"2018-19"
"NC State","ACC",450654,"2018-19"
"NIU","MAC",450662,"2018-19"
"NJIT","ASUN",450645,"2018-19"
"Navy","Patriot",450760,"2018-19"
"Nebraska","Big Ten",450640,"2018-19"
"Nevada","MWC",450643,"2018-19"
"New Hampshire","America East",450644,"2018-19"
"New Mexico","MWC",450647,"2018-19"
"New Mexico St.","WAC",450646,"2018-19"
"New Orleans","Southland",450648,"2018-19"
"Niagara","MAAC",450649,"2018-19"
"Nicholls","Southland",450650,"2018-19"
"Norfolk St.","MEAC",450651,"2018-19"
"North Carolina","ACC",450636,"2018-19"
"North Dakota","Summit League",450656,"2018-19"
"North Dakota St.","Summit League",450655,"2018-19"
"North Florida","ASUN",450803,"2018-19"
"North Texas","C-USA",450657,"2018-19"
"Northeastern","CAA",450659,"2018-19"
"Northern Ariz.","Big Sky",450660,"2018-19"
"Northern Colo.","Big Sky",450661,"2018-19"
"Northern Ky.","Horizon",450664,"2018-19"
"Northwestern","Big Ten",450666,"2018-19"
"Northwestern St.","Southland",450665,"2018-19"
"Notre Dame","ACC",450667,"2018-19"
"Oakland","Horizon",450668,"2018-19"
"Ohio","MAC",450670,"2018-19"
"Ohio St.","Big Ten",450669,"2018-19"
"Oklahoma","Big 12",450672,"2018-19"
"Oklahoma St.","Big 12",450671,"2018-19"
"Old Dominion","C-USA",450673,"2018-19"
"Ole Miss","SEC",450626,"2018-19"
"Omaha","Summit League",450641,"2018-19"
"Oral Roberts","Summit League",450674,"2018-19"
"Oregon","Pac-12",450676,"2018-19"
"Oregon St.","Pac-12",450675,"2018-19"
"Pacific","WCC",450677,"2018-19"
"Penn","Ivy League",450680,"2018-19"
"Penn St.","Big Ten",450679,"2018-19"
"Pepperdine","WCC",450681,"2018-19"
"Pittsburgh","ACC",450682,"2018-19"
"Portland","WCC",450684,"2018-19"
"Portland St.","Big Sky",450683,"2018-19"
"Prairie View","SWAC",450685,"2018-19"
"Presbyterian","Big South",450798,"2018-19"
"Princeton","Ivy League",450686,"2018-19"
"Providence","Big East",450687,"2018-19"
"Purdue","Big Ten",450688,"2018-19"
"Purdue Fort Wayne","Summit League",450580,"2018-19"
"Quinnipiac","MAAC",450689,"2018-19"
"Radford","Big South",450690,"2018-19"
"Rhode Island","Atlantic 10",450691,"2018-19"
"Rice","C-USA",450692,"2018-19"
"Richmond","Atlantic 10",450693,"2018-19"
"Rider","MAAC",450694,"2018-19"
"Robert Morris","NEC",450695,"2018-19"
"Rutgers","Big Ten",450696,"2018-19"
"SFA","Southland",450735,"2018-19"
"SIUE","OVC",450726,"2018-19"
"SMU","AAC",450727,"2018-19"
"Sacramento St.","Big Sky",450501,"2018-19"
"Sacred Heart","NEC",450697,"2018-19"
"Saint Francis (PA)","NEC",450700,"2018-19"
"Saint Joseph's","Atlantic 10",450702,"2018-19"
"Saint Louis","Atlantic 10",450703,"2018-19"
"Saint Mary's (CA)","WCC",450704,"2018-19"
"Saint Peter's","MAAC",450705,"2018-19"
"Sam Houston","Southland",450706,"2018-19"
"Samford","SoCon",450707,"2018-19"
"San Diego","WCC",450709,"2018-19"
"San Diego St.","MWC",450708,"2018-19"
"San Francisco","WCC",450710,"2018-19"
"San Jose St.","MWC",450711,"2018-19"
"Santa Clara","WCC",450712,"2018-19"
"Savannah St.","MEAC",450713,"2018-19"
"Seattle U","WAC",450799,"2018-19"
"Seton Hall","Big East",450714,"2018-19"
"Siena","MAAC",450715,"2018-19"
"South Alabama","Sun Belt",450716,"2018-19"
"South Carolina","SEC",450718,"2018-19"
"South Carolina St.","MEAC",450717,"2018-19"
"South Dakota","Summit League",450720,"2018-19"
"South Dakota St.","Summit League",450719,"2018-19"
"South Fla.","AAC",450721,"2018-19"
"Southeast Mo. St.","OVC",450722,"2018-19"
"Southeastern La.","Southland",450723,"2018-19"
"Southern California","Pac-12",450724,"2018-19"
"Southern Ill.","MVC",450725,"2018-19"
"Southern Miss.","C-USA",450728,"2018-19"
"Southern U.","SWAC",450729,"2018-19"
"Southern Utah","Big Sky",450730,"2018-19"
"St. Bonaventure","Atlantic 10",450698,"2018-19"
"St. Francis Brooklyn","NEC",450699,"2018-19"
"St. John's (NY)","Big East",450701,"2018-19"
"Stanford","Pac-12",450734,"2018-19"
"Stetson","ASUN",450736,"2018-19"
"Stony Brook","America East",450737,"2018-19"
"Syracuse","ACC",450738,"2018-19"
"TCU","Big 12",450746,"2018-19"
"Temple","AAC",450739,"2018-19"
"Tennessee","SEC",450743,"2018-19"
"Tennessee St.","OVC",450740,"2018-19"
"Tennessee Tech","OVC",450741,"2018-19"
"Texas","Big 12",450750,"2018-19"
"Texas A&M","SEC",450745,"2018-19"
"Texas Southern","SWAC",450747,"2018-19"
"Texas St.","Sun Belt",450732,"2018-19"
"Texas Tech","Big 12",450748,"2018-19"
"The Citadel","SoCon",450515,"2018-19"
"Toledo","MAC",450753,"2018-19"
"Towson","CAA",450754,"2018-19"
"Troy","Sun Belt",450755,"2018-19"
"Tulane","AAC",450756,"2018-19"
"Tulsa","AAC",450757,"2018-19"
"UAB","C-USA",450467,"2018-19"
"UAlbany","America East",450468,"2018-19"
"UC Davis","Big West",450504,"2018-19"
"UC Irvine","Big West",450505,"2018-19"
"UC Riverside","Big West",450507,"2018-19"
"UC Santa Barbara","Big West",450502,"2018-19"
"UCF","AAC",450511,"2018-19"
"UCLA","Pac-12",450506,"2018-19"
"UConn","AAC",450523,"2018-19"
"UIC","Horizon",450577,"2018-19"
"UIW","Southland",450804,"2018-19"
"ULM","Sun Belt",450658,"2018-19"
"UMBC","America East",450611,"2018-19"
"UMES","MEAC",450613,"2018-19"
"UMass Lowell","America East",450602,"2018-19"
"UNC Asheville","Big South",450635,"2018-19"
"UNC Greensboro","SoCon",450638,"2018-19"
"UNCW","CAA",450639,"2018-19"
"UNI","MVC",450663,"2018-19"
"UNLV","MWC",450642,"2018-19"
"USC Upstate","Big South",450806,"2018-19"
"UT Arlington","Sun Belt",450749,"2018-19"
"UT Martin","OVC",450744,"2018-19"
"UTEP","C-USA",450751,"2018-19"
"UTRGV","WAC",450678,"2018-19"
"UTSA","C-USA",450752,"2018-19"
"Utah","Pac-12",450762,"2018-19"
"Utah St.","MWC",450761,"2018-19"
"Utah Valley","WAC",450812,"2018-19"
"VCU","Atlantic 10",450767,"2018-19"
"VMI","SoCon",450768,"2018-19"
"Valparaiso","MVC",450763,"2018-19"
"Vanderbilt","SEC",450764,"2018-19"
"Vermont","America East",450765,"2018-19"
"Villanova","Big East",450766,"2018-19"
"Virginia","ACC",450770,"2018-19"
"Virginia Tech","ACC",450769,"2018-19"
"Wagner","NEC",450771,"2018-19"
"Wake Forest","ACC",450772,"2018-19"
"Washington","Pac-12",450774,"2018-19"
"Washington St.","Pac-12",450773,"2018-19"
"Weber St.","Big Sky",450775,"2018-19"
"West Virginia","Big 12",450776,"2018-19"
"Western Caro.","SoCon",450777,"2018-19"
"Western Ill.","Summit League",450778,"2018-19"
"Western Ky.","C-USA",450779,"2018-19"
"Western Mich.","MAC",450780,"2018-19"
"Wichita St.","AAC",450781,"2018-19"
"William & Mary","CAA",450782,"2018-19"
"Winthrop","Big South",450783,"2018-19"
"Wisconsin","Big Ten",450785,"2018-19"
"Wofford","SoCon",450805,"2018-19"
"Wright St.","Horizon",450787,"2018-19"
"Wyoming","MWC",450788,"2018-19"
"Xavier","Big East",450789,"2018-19"
"Yale","Ivy League",450790,"2018-19"
"Youngstown St.","Horizon",450791,"2018-19"
"A&M-Corpus Christi","Southland",111285,"2017-18"
"Abilene Christian","Southland",110938,"2017-18"
"Air Force","MWC",111234,"2017-18"
"Akron","MAC",110939,"2017-18"
"Alabama","SEC",110942,"2017-18"
"Alabama A&M","SWAC",110940,"2017-18"
"Alabama St.","SWAC",110941,"2017-18"
"Alcorn","SWAC",110945,"2017-18"
"American","Patriot",110946,"2017-18"
"App State","Sun Belt",110947,"2017-18"
"Arizona","Pac-12",110949,"2017-18"
"Arizona St.","Pac-12",110948,"2017-18"
"Ark.-Pine Bluff","SWAC",111276,"2017-18"
"Arkansas","SEC",110951,"2017-18"
"Arkansas St.","Sun Belt",110950,"2017-18"
"Army West Point","Patriot",111235,"2017-18"
"Auburn","SEC",110953,"2017-18"
"Austin Peay","OVC",110954,"2017-18"
"BYU","WCC",110965,"2017-18"
"Ball St.","MAC",110955,"2017-18"
"Baylor","Big 12",110957,"2017-18"
"Belmont","OVC",111283,"2017-18"
"Bethune-Cookman","MEAC",110958,"2017-18"
"Binghamton","America East",110959,"2017-18"
"Boise St.","MWC",110960,"2017-18"
"Boston College","ACC",110961,"2017-18"
"Boston U.","Patriot",110962,"2017-18"
"Bowling Green","MAC",110963,"2017-18"
"Bradley","MVC",110964,"2017-18"
"Brown","Ivy League",110966,"2017-18"
"Bryant","NEC",110967,"2017-18"
"Bucknell","Patriot",110968,"2017-18"
"Buffalo","MAC",110969,"2017-18"
"Butler","Big East",110970,"2017-18"
"CSU Bakersfield","WAC",110972,"2017-18"
"CSUN","Big West",110976,"2017-18"
"Cal Poly","Big West",110971,"2017-18"
"Cal St. Fullerton","Big West",110974,"2017-18"
"California","Pac-12",110979,"2017-18"
"Campbell","Big South",110984,"2017-18"
"Canisius","MAAC",110985,"2017-18"
"Central Ark.","Southland",111268,"2017-18"
"Central Conn. St.","NEC",110986,"2017-18"
"Central Mich.","MAC",110988,"2017-18"
"Charleston So.","Big South",110956,"2017-18"
"Charlotte","C-USA",111113,"2017-18"
"Chattanooga","SoCon",111218,"2017-18"
"Chicago St.","WAC",110989,"2017-18"
"Cincinnati","AAC",110990,"2017-18"
"Clemson","ACC",110992,"2017-18"
"Cleveland St.","Horizon",110993,"2017-18"
"Coastal Carolina","Sun Belt",110994,"2017-18"
"Col. of Charleston","CAA",111269,"2017-18"
"Colgate","Patriot",110995,"2017-18"
"Colorado","Pac-12",110997,"2017-18"
"Colorado St.","MWC",110996,"2017-18"
"Columbia","Ivy League",110998,"2017-18"
"Coppin St.","MEAC",111000,"2017-18"
"Cornell","Ivy League",111001,"2017-18"
"Creighton","Big East",111002,"2017-18"
"Dartmouth","Ivy League",111003,"2017-18"
"Davidson","Atlantic 10",111004,"2017-18"
"Dayton","Atlantic 10",111005,"2017-18"
"DePaul","Big East",111006,"2017-18"
"Delaware","CAA",111008,"2017-18"
"Delaware St.","MEAC",111007,"2017-18"
"Denver","Summit League",111009,"2017-18"
"Detroit Mercy","Horizon",111010,"2017-18"
"Drake","MVC",111011,"2017-18"
"Drexel","CAA",111012,"2017-18"
"Duke","ACC",111013,"2017-18"
"Duquesne","Atlantic 10",111014,"2017-18"
"ETSU","SoCon",111016,"2017-18"
"East Carolina","AAC",111015,"2017-18"
"Eastern Ill.","OVC",111017,"2017-18"
"Eastern Ky.","OVC",111018,"2017-18"
"Eastern Mich.","MAC",111019,"2017-18"
"Eastern Wash.","Big Sky",111020,"2017-18"
"Elon","CAA",111270,"2017-18"
"Evansville","MVC",111021,"2017-18"
"FGCU","ASUN",111287,"2017-18"
"FIU","C-USA",111026,"2017-18"
"Fairfield","MAAC",111022,"2017-18"
"Fairleigh Dickinson","NEC",111023,"2017-18"
"Fla. Atlantic","C-USA",111025,"2017-18"
"Florida","SEC",111028,"2017-18"
"Florida A&M","MEAC",111024,"2017-18"
"Florida St.","ACC",111027,"2017-18"
"Fordham","Atlantic 10",111029,"2017-18"
"Fresno St.","MWC",110973,"2017-18"
"Furman","SoCon",111030,"2017-18"
"Ga. Southern","Sun Belt",111034,"2017-18"
"Gardner-Webb","Big South",111271,"2017-18"
"George Mason","Atlantic 10",111031,"2017-18"
"George Washington","Atlantic 10",111032,"2017-18"
"Georgetown","Big East",111033,"2017-18"
"Georgia","SEC",111037,"2017-18"
"Georgia St.","Sun Belt",111035,"2017-18"
"Georgia Tech","ACC",111036,"2017-18"
"Gonzaga","WCC",111038,"2017-18"
"Grambling","SWAC",111039,"2017-18"
"Grand Canyon","WAC",111272,"2017-18"
"Green Bay","Horizon",111260,"2017-18"
"Hampton","MEAC",111040,"2017-18"
"Hartford","America East",111041,"2017-18"
"Harvard","Ivy League",111042,"2017-18"
"Hawaii","Big West",111043,"2017-18"
"High Point","Big South",111284,"2017-18"
"Hofstra","CAA",111044,"2017-18"
"Holy Cross","Patriot",111045,"2017-18"
"Houston","AAC",111047,"2017-18"
"Houston Christian","Southland",111046,"2017-18"
"Howard","MEAC",111048,"2017-18"
"IUPUI","Horizon",111277,"2017-18"
"Idaho","Big Sky",111050,"2017-18"
"Idaho St.","Big Sky",111049,"2017-18"
"Illinois","Big Ten",111052,"2017-18"
"Illinois St.","MVC",111051,"2017-18"
"Indiana","Big Ten",111055,"2017-18"
"Indiana St.","MVC",111054,"2017-18"
"Iona","MAAC",111057,"2017-18"
"Iowa","Big Ten",111059,"2017-18"
"Iowa St.","Big 12",111058,"2017-18"
"Jackson St.","SWAC",111060,"2017-18"
"Jacksonville","ASUN",111062,"2017-18"
"Jacksonville St.","OVC",111061,"2017-18"
"James Madison","CAA",111063,"2017-18"
"Kansas","Big 12",111065,"2017-18"
"Kansas City","WAC",111278,"2017-18"
"Kansas St.","Big 12",111064,"2017-18"
"Kennesaw St.","ASUN",111273,"2017-18"
"Kent St.","MAC",111066,"2017-18"
"Kentucky","SEC",111067,"2017-18"
"LIU Brooklyn","NEC",111073,"2017-18"
"LMU (CA)","WCC",111080,"2017-18"
"LSU","SEC",111075,"2017-18"
"La Salle","Atlantic 10",111068,"2017-18"
"Lafayette","Patriot",111069,"2017-18"
"Lamar University","Southland",111070,"2017-18"
"Lehigh","Patriot",111071,"2017-18"
"Liberty","Big South",111072,"2017-18"
"Lipscomb","ASUN",111286,"2017-18"
"Little Rock","Sun Belt",110952,"2017-18"
"Long Beach St.","Big West",110975,"2017-18"
"Longwood","Big South",111074,"2017-18"
"Louisiana","Sun Belt",111209,"2017-18"
"Louisiana Tech","C-USA",111076,"2017-18"
"Louisville","ACC",111077,"2017-18"
"Loyola Chicago","MVC",111081,"2017-18"
"Loyola Maryland","Patriot",111079,"2017-18"
"Maine","America East",111082,"2017-18"
"Manhattan","MAAC",111083,"2017-18"
"Marist","MAAC",111084,"2017-18"
"Marquette","Big East",111085,"2017-18"
"Marshall","C-USA",111086,"2017-18"
"Maryland","Big Ten",111088,"2017-18"
"Massachusetts","Atlantic 10",111090,"2017-18"
"McNeese","Southland",111091,"2017-18"
"Memphis","AAC",111092,"2017-18"
"Mercer","SoCon",111093,"2017-18"
"Miami (FL)","ACC",111095,"2017-18"
"Miami (OH)","MAC",111094,"2017-18"
"Michigan","Big Ten",111097,"2017-18"
"Michigan St.","Big Ten",111096,"2017-18"
"Middle Tenn.","C-USA",111098,"2017-18"
"Milwaukee","Horizon",111262,"2017-18"
"Minnesota","Big Ten",111099,"2017-18"
"Mississippi St.","SEC",111100,"2017-18"
"Mississippi Val.","SWAC",111101,"2017-18"
"Missouri","SEC",111103,"2017-18"
"Missouri St.","MVC",111207,"2017-18"
"Monmouth","MAAC",111104,"2017-18"
"Montana","Big Sky",111106,"2017-18"
"Montana St.","Big Sky",111105,"2017-18"
"Morehead St.","OVC",111107,"2017-18"
"Morgan St.","MEAC",111108,"2017-18"
"Mount St. Mary's","NEC",111109,"2017-18"
"Murray St.","OVC",111110,"2017-18"
"N.C. A&T","MEAC",111128,"2017-18"
"N.C. Central","MEAC",111129,"2017-18"
"NC State","ACC",111130,"2017-18"
"NIU","MAC",111138,"2017-18"
"NJIT","ASUN",111121,"2017-18"
"Navy","Patriot",111236,"2017-18"
"Nebraska","Big Ten",111116,"2017-18"
"Nevada","MWC",111119,"2017-18"
"New Hampshire","America East",111120,"2017-18"
"New Mexico","MWC",111123,"2017-18"
"New Mexico St.","WAC",111122,"2017-18"
"New Orleans","Southland",111124,"2017-18"
"Niagara","MAAC",111125,"2017-18"
"Nicholls","Southland",111126,"2017-18"
"Norfolk St.","MEAC",111127,"2017-18"
"North Carolina","ACC",111112,"2017-18"
"North Dakota","Big Sky",111132,"2017-18"
"North Dakota St.","Summit League",111131,"2017-18"
"North Florida","ASUN",111279,"2017-18"
"North Texas","C-USA",111133,"2017-18"
"Northeastern","CAA",111135,"2017-18"
"Northern Ariz.","Big Sky",111136,"2017-18"
"Northern Colo.","Big Sky",111137,"2017-18"
"Northern Ky.","Horizon",111140,"2017-18"
"Northwestern","Big Ten",111142,"2017-18"
"Northwestern St.","Southland",111141,"2017-18"
"Notre Dame","ACC",111143,"2017-18"
"Oakland","Horizon",111144,"2017-18"
"Ohio","MAC",111146,"2017-18"
"Ohio St.","Big Ten",111145,"2017-18"
"Oklahoma","Big 12",111148,"2017-18"
"Oklahoma St.","Big 12",111147,"2017-18"
"Old Dominion","C-USA",111149,"2017-18"
"Ole Miss","SEC",111102,"2017-18"
"Omaha","Summit League",111117,"2017-18"
"Oral Roberts","Summit League",111150,"2017-18"
"Oregon","Pac-12",111152,"2017-18"
"Oregon St.","Pac-12",111151,"2017-18"
"Pacific","WCC",111153,"2017-18"
"Penn","Ivy League",111156,"2017-18"
"Penn St.","Big Ten",111155,"2017-18"
"Pepperdine","WCC",111157,"2017-18"
"Pittsburgh","ACC",111158,"2017-18"
"Portland","WCC",111160,"2017-18"
"Portland St.","Big Sky",111159,"2017-18"
"Prairie View","SWAC",111161,"2017-18"
"Presbyterian","Big South",111274,"2017-18"
"Princeton","Ivy League",111162,"2017-18"
"Providence","Big East",111163,"2017-18"
"Purdue","Big Ten",111164,"2017-18"
"Purdue Fort Wayne","Summit League",111056,"2017-18"
"Quinnipiac","MAAC",111165,"2017-18"
"Radford","Big South",111166,"2017-18"
"Rhode Island","Atlantic 10",111167,"2017-18"
"Rice","C-USA",111168,"2017-18"
"Richmond","Atlantic 10",111169,"2017-18"
"Rider","MAAC",111170,"2017-18"
"Robert Morris","NEC",111171,"2017-18"
"Rutgers","Big Ten",111172,"2017-18"
"SFA","Southland",111211,"2017-18"
"SIUE","OVC",111202,"2017-18"
"SMU","AAC",111203,"2017-18"
"Sacramento St.","Big Sky",110977,"2017-18"
"Sacred Heart","NEC",111173,"2017-18"
"Saint Francis (PA)","NEC",111176,"2017-18"
"Saint Joseph's","Atlantic 10",111178,"2017-18"
"Saint Louis","Atlantic 10",111179,"2017-18"
"Saint Mary's (CA)","WCC",111180,"2017-18"
"Saint Peter's","MAAC",111181,"2017-18"
"Sam Houston","Southland",111182,"2017-18"
"Samford","SoCon",111183,"2017-18"
"San Diego","WCC",111185,"2017-18"
"San Diego St.","MWC",111184,"2017-18"
"San Francisco","WCC",111186,"2017-18"
"San Jose St.","MWC",111187,"2017-18"
"Santa Clara","WCC",111188,"2017-18"
"Savannah St.","MEAC",111189,"2017-18"
"Seattle U","WAC",111275,"2017-18"
"Seton Hall","Big East",111190,"2017-18"
"Siena","MAAC",111191,"2017-18"
"South Alabama","Sun Belt",111192,"2017-18"
"South Carolina","SEC",111194,"2017-18"
"South Carolina St.","MEAC",111193,"2017-18"
"South Dakota","Summit League",111196,"2017-18"
"South Dakota St.","Summit League",111195,"2017-18"
"South Fla.","AAC",111197,"2017-18"
"Southeast Mo. St.","OVC",111198,"2017-18"
"Southeastern La.","Southland",111199,"2017-18"
"Southern California","Pac-12",111200,"2017-18"
"Southern Ill.","MVC",111201,"2017-18"
"Southern Miss.","C-USA",111204,"2017-18"
"Southern U.","SWAC",111205,"2017-18"
"Southern Utah","Big Sky",111206,"2017-18"
"St. Bonaventure","Atlantic 10",111174,"2017-18"
"St. Francis Brooklyn","NEC",111175,"2017-18"
"St. John's (NY)","Big East",111177,"2017-18"
"Stanford","Pac-12",111210,"2017-18"
"Stetson","ASUN",111212,"2017-18"
"Stony Brook","America East",111213,"2017-18"
"Syracuse","ACC",111214,"2017-18"
"TCU","Big 12",111222,"2017-18"
"Temple","AAC",111215,"2017-18"
"Tennessee","SEC",111219,"2017-18"
"Tennessee St.","OVC",111216,"2017-18"
"Tennessee Tech","OVC",111217,"2017-18"
"Texas","Big 12",111226,"2017-18"
"Texas A&M","SEC",111221,"2017-18"
"Texas Southern","SWAC",111223,"2017-18"
"Texas St.","Sun Belt",111208,"2017-18"
"Texas Tech","Big 12",111224,"2017-18"
"The Citadel","SoCon",110991,"2017-18"
"Toledo","MAC",111229,"2017-18"
"Towson","CAA",111230,"2017-18"
"Troy","Sun Belt",111231,"2017-18"
"Tulane","AAC",111232,"2017-18"
"Tulsa","AAC",111233,"2017-18"
"UAB","C-USA",110943,"2017-18"
"UAlbany","America East",110944,"2017-18"
"UC Davis","Big West",110980,"2017-18"
"UC Irvine","Big West",110981,"2017-18"
"UC Riverside","Big West",110983,"2017-18"
"UC Santa Barbara","Big West",110978,"2017-18"
"UCF","AAC",110987,"2017-18"
"UCLA","Pac-12",110982,"2017-18"
"UConn","AAC",110999,"2017-18"
"UIC","Horizon",111053,"2017-18"
"UIW","Southland",111280,"2017-18"
"ULM","Sun Belt",111134,"2017-18"
"UMBC","America East",111087,"2017-18"
"UMES","MEAC",111089,"2017-18"
"UMass Lowell","America East",111078,"2017-18"
"UNC Asheville","Big South",111111,"2017-18"
"UNC Greensboro","SoCon",111114,"2017-18"
"UNCW","CAA",111115,"2017-18"
"UNI","MVC",111139,"2017-18"
"UNLV","MWC",111118,"2017-18"
"USC Upstate","ASUN",111282,"2017-18"
"UT Arlington","Sun Belt",111225,"2017-18"
"UT Martin","OVC",111220,"2017-18"
"UTEP","C-USA",111227,"2017-18"
"UTRGV","WAC",111154,"2017-18"
"UTSA","C-USA",111228,"2017-18"
"Utah","Pac-12",111238,"2017-18"
"Utah St.","MWC",111237,"2017-18"
"Utah Valley","WAC",111288,"2017-18"
"VCU","Atlantic 10",111243,"2017-18"
"VMI","SoCon",111244,"2017-18"
"Valparaiso","MVC",111239,"2017-18"
"Vanderbilt","SEC",111240,"2017-18"
"Vermont","America East",111241,"2017-18"
"Villanova","Big East",111242,"2017-18"
"Virginia","ACC",111246,"2017-18"
"Virginia Tech","ACC",111245,"2017-18"
"Wagner","NEC",111247,"2017-18"
"Wake Forest","ACC",111248,"2017-18"
"Washington","Pac-12",111250,"2017-18"
"Washington St.","Pac-12",111249,"2017-18"
"Weber St.","Big Sky",111251,"2017-18"
"West Virginia","Big 12",111252,"2017-18"
"Western Caro.","SoCon",111253,"2017-18"
"Western Ill.","Summit League",111254,"2017-18"
"Western Ky.","C-USA",111255,"2017-18"
"Western Mich.","MAC",111256,"2017-18"
"Wichita St.","AAC",111257,"2017-18"
"William & Mary","CAA",111258,"2017-18"
"Winthrop","Big South",111259,"2017-18"
"Wisconsin","Big Ten",111261,"2017-18"
"Wofford","SoCon",111281,"2017-18"
"Wright St.","Horizon",111263,"2017-18"
"Wyoming","MWC",111264,"2017-18"
"Xavier","Big East",111265,"2017-18"
"Yale","Ivy League",111266,"2017-18"
"Youngstown St.","Horizon",111267,"2017-18"
"A&M-Corpus Christi","Southland",42723,"2016-17"
"Abilene Christian","Southland",42376,"2016-17"
"Air Force","MWC",42672,"2016-17"
"Akron","MAC",42377,"2016-17"
"Alabama","SEC",42380,"2016-17"
"Alabama A&M","SWAC",42378,"2016-17"
"Alabama St.","SWAC",42379,"2016-17"
"Alcorn","SWAC",42383,"2016-17"
"American","Patriot",42384,"2016-17"
"App State","Sun Belt",42385,"2016-17"
"Arizona","Pac-12",42387,"2016-17"
"Arizona St.","Pac-12",42386,"2016-17"
"Ark.-Pine Bluff","SWAC",42714,"2016-17"
"Arkansas","SEC",42389,"2016-17"
"Arkansas St.","Sun Belt",42388,"2016-17"
"Army West Point","Patriot",42673,"2016-17"
"Auburn","SEC",42391,"2016-17"
"Austin Peay","OVC",42392,"2016-17"
"BYU","WCC",42403,"2016-17"
"Ball St.","MAC",42393,"2016-17"
"Baylor","Big 12",42395,"2016-17"
"Belmont","OVC",42721,"2016-17"
"Bethune-Cookman","MEAC",42396,"2016-17"
"Binghamton","America East",42397,"2016-17"
"Boise St.","MWC",42398,"2016-17"
"Boston College","ACC",42399,"2016-17"
"Boston U.","Patriot",42400,"2016-17"
"Bowling Green","MAC",42401,"2016-17"
"Bradley","MVC",42402,"2016-17"
"Brown","Ivy League",42404,"2016-17"
"Bryant","NEC",42405,"2016-17"
"Bucknell","Patriot",42406,"2016-17"
"Buffalo","MAC",42407,"2016-17"
"Butler","Big East",42408,"2016-17"
"CSU Bakersfield","WAC",42410,"2016-17"
"CSUN","Big West",42414,"2016-17"
"Cal Poly","Big West",42409,"2016-17"
"Cal St. Fullerton","Big West",42412,"2016-17"
"California","Pac-12",42417,"2016-17"
"Campbell","Big South",42422,"2016-17"
"Canisius","MAAC",42423,"2016-17"
"Central Ark.","Southland",42706,"2016-17"
"Central Conn. St.","NEC",42424,"2016-17"
"Central Mich.","MAC",42426,"2016-17"
"Charleston So.","Big South",42394,"2016-17"
"Charlotte","C-USA",42551,"2016-17"
"Chattanooga","SoCon",42656,"2016-17"
"Chicago St.","WAC",42427,"2016-17"
"Cincinnati","AAC",42428,"2016-17"
"Clemson","ACC",42430,"2016-17"
"Cleveland St.","Horizon",42431,"2016-17"
"Coastal Carolina","Sun Belt",42432,"2016-17"
"Col. of Charleston","CAA",42707,"2016-17"
"Colgate","Patriot",42433,"2016-17"
"Colorado","Pac-12",42435,"2016-17"
"Colorado St.","MWC",42434,"2016-17"
"Columbia","Ivy League",42436,"2016-17"
"Coppin St.","MEAC",42438,"2016-17"
"Cornell","Ivy League",42439,"2016-17"
"Creighton","Big East",42440,"2016-17"
"Dartmouth","Ivy League",42441,"2016-17"
"Davidson","Atlantic 10",42442,"2016-17"
"Dayton","Atlantic 10",42443,"2016-17"
"DePaul","Big East",42444,"2016-17"
"Delaware","CAA",42446,"2016-17"
"Delaware St.","MEAC",42445,"2016-17"
"Denver","Summit League",42447,"2016-17"
"Detroit Mercy","Horizon",42448,"2016-17"
"Drake","MVC",42449,"2016-17"
"Drexel","CAA",42450,"2016-17"
"Duke","ACC",42451,"2016-17"
"Duquesne","Atlantic 10",42452,"2016-17"
"ETSU","SoCon",42454,"2016-17"
"East Carolina","AAC",42453,"2016-17"
"Eastern Ill.","OVC",42455,"2016-17"
"Eastern Ky.","OVC",42456,"2016-17"
"Eastern Mich.","MAC",42457,"2016-17"
"Eastern Wash.","Big Sky",42458,"2016-17"
"Elon","CAA",42708,"2016-17"
"Evansville","MVC",42459,"2016-17"
"FGCU","ASUN",42725,"2016-17"
"FIU","C-USA",42464,"2016-17"
"Fairfield","MAAC",42460,"2016-17"
"Fairleigh Dickinson","NEC",42461,"2016-17"
"Fla. Atlantic","C-USA",42463,"2016-17"
"Florida","SEC",42466,"2016-17"
"Florida A&M","MEAC",42462,"2016-17"
"Florida St.","ACC",42465,"2016-17"
"Fordham","Atlantic 10",42467,"2016-17"
"Fresno St.","MWC",42411,"2016-17"
"Furman","SoCon",42468,"2016-17"
"Ga. Southern","Sun Belt",42472,"2016-17"
"Gardner-Webb","Big South",42709,"2016-17"
"George Mason","Atlantic 10",42469,"2016-17"
"George Washington","Atlantic 10",42470,"2016-17"
"Georgetown","Big East",42471,"2016-17"
"Georgia","SEC",42475,"2016-17"
"Georgia St.","Sun Belt",42473,"2016-17"
"Georgia Tech","ACC",42474,"2016-17"
"Gonzaga","WCC",42476,"2016-17"
"Grambling","SWAC",42477,"2016-17"
"Grand Canyon","WAC",42710,"2016-17"
"Green Bay","Horizon",42698,"2016-17"
"Hampton","Big South",42478,"2016-17"
"Hartford","America East",42479,"2016-17"
"Harvard","Ivy League",42480,"2016-17"
"Hawaii","Big West",42481,"2016-17"
"High Point","Big South",42722,"2016-17"
"Hofstra","CAA",42482,"2016-17"
"Holy Cross","Patriot",42483,"2016-17"
"Houston","AAC",42485,"2016-17"
"Houston Christian","Southland",42484,"2016-17"
"Howard","MEAC",42486,"2016-17"
"IUPUI","Horizon",42715,"2016-17"
"Idaho","Big Sky",42488,"2016-17"
"Idaho St.","Big Sky",42487,"2016-17"
"Illinois","Big Ten",42490,"2016-17"
"Illinois St.","MVC",42489,"2016-17"
"Indiana","Big Ten",42493,"2016-17"
"Indiana St.","MVC",42492,"2016-17"
"Iona","MAAC",42495,"2016-17"
"Iowa","Big Ten",42497,"2016-17"
"Iowa St.","Big 12",42496,"2016-17"
"Jackson St.","SWAC",42498,"2016-17"
"Jacksonville","ASUN",42500,"2016-17"
"Jacksonville St.","OVC",42499,"2016-17"
"James Madison","CAA",42501,"2016-17"
"Kansas","Big 12",42503,"2016-17"
"Kansas City","WAC",42716,"2016-17"
"Kansas St.","Big 12",42502,"2016-17"
"Kennesaw St.","ASUN",42711,"2016-17"
"Kent St.","MAC",42504,"2016-17"
"Kentucky","SEC",42505,"2016-17"
"LIU Brooklyn","NEC",42511,"2016-17"
"LMU (CA)","WCC",42518,"2016-17"
"LSU","SEC",42513,"2016-17"
"La Salle","Atlantic 10",42506,"2016-17"
"Lafayette","Patriot",42507,"2016-17"
"Lamar University","Southland",42508,"2016-17"
"Lehigh","Patriot",42509,"2016-17"
"Liberty","ASUN",42510,"2016-17"
"Lipscomb","ASUN",42724,"2016-17"
"Little Rock","Sun Belt",42390,"2016-17"
"Long Beach St.","Big West",42413,"2016-17"
"Longwood","Big South",42512,"2016-17"
"Louisiana","Sun Belt",42647,"2016-17"
"Louisiana Tech","C-USA",42514,"2016-17"
"Louisville","ACC",42515,"2016-17"
"Loyola Chicago","MVC",42519,"2016-17"
"Loyola Maryland","Patriot",42517,"2016-17"
"Maine","America East",42520,"2016-17"
"Manhattan","MAAC",42521,"2016-17"
"Marist","MAAC",42522,"2016-17"
"Marquette","Big East",42523,"2016-17"
"Marshall","C-USA",42524,"2016-17"
"Maryland","Big Ten",42526,"2016-17"
"Massachusetts","Atlantic 10",42528,"2016-17"
"McNeese","Southland",42529,"2016-17"
"Memphis","AAC",42530,"2016-17"
"Mercer","SoCon",42531,"2016-17"
"Miami (FL)","ACC",42533,"2016-17"
"Miami (OH)","MAC",42532,"2016-17"
"Michigan","Big Ten",42535,"2016-17"
"Michigan St.","Big Ten",42534,"2016-17"
"Middle Tenn.","C-USA",42536,"2016-17"
"Milwaukee","Horizon",42700,"2016-17"
"Minnesota","Big Ten",42537,"2016-17"
"Mississippi St.","SEC",42538,"2016-17"
"Mississippi Val.","SWAC",42539,"2016-17"
"Missouri","SEC",42541,"2016-17"
"Missouri St.","MVC",42645,"2016-17"
"Monmouth","MAAC",42542,"2016-17"
"Montana","Big Sky",42544,"2016-17"
"Montana St.","Big Sky",42543,"2016-17"
"Morehead St.","OVC",42545,"2016-17"
"Morgan St.","MEAC",42546,"2016-17"
"Mount St. Mary's","NEC",42547,"2016-17"
"Murray St.","OVC",42548,"2016-17"
"N.C. A&T","MEAC",42566,"2016-17"
"N.C. Central","MEAC",42567,"2016-17"
"NC State","ACC",42568,"2016-17"
"NIU","MAC",42576,"2016-17"
"NJIT","ASUN",42559,"2016-17"
"Navy","Patriot",42674,"2016-17"
"Nebraska","Big Ten",42554,"2016-17"
"Nevada","MWC",42557,"2016-17"
"New Hampshire","America East",42558,"2016-17"
"New Mexico","MWC",42561,"2016-17"
"New Mexico St.","WAC",42560,"2016-17"
"New Orleans","Southland",42562,"2016-17"
"Niagara","MAAC",42563,"2016-17"
"Nicholls","Southland",42564,"2016-17"
"Norfolk St.","MEAC",42565,"2016-17"
"North Carolina","ACC",42550,"2016-17"
"North Dakota","Summit League",42570,"2016-17"
"North Dakota St.","Summit League",42569,"2016-17"
"North Florida","ASUN",42717,"2016-17"
"North Texas","C-USA",42571,"2016-17"
"Northeastern","CAA",42573,"2016-17"
"Northern Ariz.","Big Sky",42574,"2016-17"
"Northern Colo.","Big Sky",42575,"2016-17"
"Northern Ky.","Horizon",42578,"2016-17"
"Northwestern","Big Ten",42580,"2016-17"
"Northwestern St.","Southland",42579,"2016-17"
"Notre Dame","ACC",42581,"2016-17"
"Oakland","Horizon",42582,"2016-17"
"Ohio","MAC",42584,"2016-17"
"Ohio St.","Big Ten",42583,"2016-17"
"Oklahoma","Big 12",42586,"2016-17"
"Oklahoma St.","Big 12",42585,"2016-17"
"Old Dominion","C-USA",42587,"2016-17"
"Ole Miss","SEC",42540,"2016-17"
"Omaha","Summit League",42555,"2016-17"
"Oral Roberts","Summit League",42588,"2016-17"
"Oregon","Pac-12",42590,"2016-17"
"Oregon St.","Pac-12",42589,"2016-17"
"Pacific","WCC",42591,"2016-17"
"Penn","Ivy League",42594,"2016-17"
"Penn St.","Big Ten",42593,"2016-17"
"Pepperdine","WCC",42595,"2016-17"
"Pittsburgh","ACC",42596,"2016-17"
"Portland","WCC",42598,"2016-17"
"Portland St.","Big Sky",42597,"2016-17"
"Prairie View","SWAC",42599,"2016-17"
"Presbyterian","Big South",42712,"2016-17"
"Princeton","Ivy League",42600,"2016-17"
"Providence","Big East",42601,"2016-17"
"Purdue","Big Ten",42602,"2016-17"
"Purdue Fort Wayne","Summit League",42494,"2016-17"
"Quinnipiac","MAAC",42603,"2016-17"
"Radford","Big South",42604,"2016-17"
"Rhode Island","Atlantic 10",42605,"2016-17"
"Rice","C-USA",42606,"2016-17"
"Richmond","Atlantic 10",42607,"2016-17"
"Rider","MAAC",42608,"2016-17"
"Robert Morris","NEC",42609,"2016-17"
"Rutgers","Big Ten",42610,"2016-17"
"SFA","Southland",42649,"2016-17"
"SIUE","OVC",42640,"2016-17"
"SMU","AAC",42641,"2016-17"
"Sacramento St.","Big Sky",42415,"2016-17"
"Sacred Heart","NEC",42611,"2016-17"
"Saint Francis (PA)","NEC",42614,"2016-17"
"Saint Joseph's","Atlantic 10",42616,"2016-17"
"Saint Louis","Atlantic 10",42617,"2016-17"
"Saint Mary's (CA)","WCC",42618,"2016-17"
"Saint Peter's","MAAC",42619,"2016-17"
"Sam Houston","Southland",42620,"2016-17"
"Samford","SoCon",42621,"2016-17"
"San Diego","WCC",42623,"2016-17"
"San Diego St.","MWC",42622,"2016-17"
"San Francisco","WCC",42624,"2016-17"
"San Jose St.","MWC",42625,"2016-17"
"Santa Clara","WCC",42626,"2016-17"
"Savannah St.","MEAC",42627,"2016-17"
"Seattle U","WAC",42713,"2016-17"
"Seton Hall","Big East",42628,"2016-17"
"Siena","MAAC",42629,"2016-17"
"South Alabama","Sun Belt",42630,"2016-17"
"South Carolina","SEC",42632,"2016-17"
"South Carolina St.","MEAC",42631,"2016-17"
"South Dakota","Summit League",42634,"2016-17"
"South Dakota St.","Summit League",42633,"2016-17"
"South Fla.","AAC",42635,"2016-17"
"Southeast Mo. St.","OVC",42636,"2016-17"
"Southeastern La.","Southland",42637,"2016-17"
"Southern California","Pac-12",42638,"2016-17"
"Southern Ill.","MVC",42639,"2016-17"
"Southern Miss.","C-USA",42642,"2016-17"
"Southern U.","SWAC",42643,"2016-17"
"Southern Utah","Big Sky",42644,"2016-17"
"St. Bonaventure","Atlantic 10",42612,"2016-17"
"St. Francis Brooklyn","NEC",42613,"2016-17"
"St. John's (NY)","Big East",42615,"2016-17"
"Stanford","Pac-12",42648,"2016-17"
"Stetson","ASUN",42650,"2016-17"
"Stony Brook","America East",42651,"2016-17"
"Syracuse","ACC",42652,"2016-17"
"TCU","Big 12",42660,"2016-17"
"Temple","AAC",42653,"2016-17"
"Tennessee","SEC",42657,"2016-17"
"Tennessee St.","OVC",42654,"2016-17"
"Tennessee Tech","OVC",42655,"2016-17"
"Texas","Big 12",42664,"2016-17"
"Texas A&M","SEC",42659,"2016-17"
"Texas Southern","SWAC",42661,"2016-17"
"Texas St.","Sun Belt",42646,"2016-17"
"Texas Tech","Big 12",42662,"2016-17"
"The Citadel","SoCon",42429,"2016-17"
"Toledo","MAC",42667,"2016-17"
"Towson","CAA",42668,"2016-17"
"Troy","Sun Belt",42669,"2016-17"
"Tulane","AAC",42670,"2016-17"
"Tulsa","AAC",42671,"2016-17"
"UAB","C-USA",42381,"2016-17"
"UAlbany","America East",42382,"2016-17"
"UC Davis","Big West",42418,"2016-17"
"UC Irvine","Big West",42419,"2016-17"
"UC Riverside","Big West",42421,"2016-17"
"UC Santa Barbara","Big West",42416,"2016-17"
"UCF","AAC",42425,"2016-17"
"UCLA","Pac-12",42420,"2016-17"
"UConn","AAC",42437,"2016-17"
"UIC","Horizon",42491,"2016-17"
"UIW","Southland",42718,"2016-17"
"ULM","Sun Belt",42572,"2016-17"
"UMBC","America East",42525,"2016-17"
"UMES","MEAC",42527,"2016-17"
"UMass Lowell","America East",42516,"2016-17"
"UNC Asheville","Big South",42549,"2016-17"
"UNC Greensboro","SoCon",42552,"2016-17"
"UNCW","CAA",42553,"2016-17"
"UNI","MVC",42577,"2016-17"
"UNLV","MWC",42556,"2016-17"
"USC Upstate","Big South",42720,"2016-17"
"UT Arlington","Sun Belt",42663,"2016-17"
"UT Martin","OVC",42658,"2016-17"
"UTEP","C-USA",42665,"2016-17"
"UTRGV","WAC",42592,"2016-17"
"UTSA","C-USA",42666,"2016-17"
"Utah","Pac-12",42676,"2016-17"
"Utah St.","MWC",42675,"2016-17"
"Utah Valley","WAC",42726,"2016-17"
"VCU","Atlantic 10",42681,"2016-17"
"VMI","SoCon",42682,"2016-17"
"Valparaiso","MVC",42677,"2016-17"
"Vanderbilt","SEC",42678,"2016-17"
"Vermont","America East",42679,"2016-17"
"Villanova","Big East",42680,"2016-17"
"Virginia","ACC",42684,"2016-17"
"Virginia Tech","ACC",42683,"2016-17"
"Wagner","NEC",42685,"2016-17"
"Wake Forest","ACC",42686,"2016-17"
"Washington","Pac-12",42688,"2016-17"
"Washington St.","Pac-12",42687,"2016-17"
"Weber St.","Big Sky",42689,"2016-17"
"West Virginia","Big 12",42690,"2016-17"
"Western Caro.","SoCon",42691,"2016-17"
"Western Ill.","Summit League",42692,"2016-17"
"Western Ky.","C-USA",42693,"2016-17"
"Western Mich.","MAC",42694,"2016-17"
"Wichita St.","AAC",42695,"2016-17"
"William & Mary","CAA",42696,"2016-17"
"Winthrop","Big South",42697,"2016-17"
"Wisconsin","Big Ten",42699,"2016-17"
"Wofford","SoCon",42719,"2016-17"
"Wright St.","Horizon",42701,"2016-17"
"Wyoming","MWC",42702,"2016-17"
"Xavier","Big East",42703,"2016-17"
"Yale","Ivy League",42704,"2016-17"
"Youngstown St.","Horizon",42705,"2016-17"
"A&M-Corpus Christi","Southland",22078,"2015-16"
"Abilene Christian","Southland",21731,"2015-16"
"Air Force","MWC",22027,"2015-16"
"Akron","MAC",21732,"2015-16"
"Alabama","SEC",21735,"2015-16"
"Alabama A&M","SWAC",21733,"2015-16"
"Alabama St.","SWAC",21734,"2015-16"
"Alcorn","SWAC",21738,"2015-16"
"American","Patriot",21739,"2015-16"
"App State","Sun Belt",21740,"2015-16"
"Arizona","Pac-12",21742,"2015-16"
"Arizona St.","Pac-12",21741,"2015-16"
"Ark.-Pine Bluff","SWAC",22069,"2015-16"
"Arkansas","SEC",21744,"2015-16"
"Arkansas St.","Sun Belt",21743,"2015-16"
"Army West Point","Patriot",22028,"2015-16"
"Auburn","SEC",21746,"2015-16"
"Austin Peay","OVC",21747,"2015-16"
"BYU","WCC",21758,"2015-16"
"Ball St.","MAC",21748,"2015-16"
"Baylor","Big 12",21750,"2015-16"
"Belmont","OVC",22076,"2015-16"
"Bethune-Cookman","MEAC",21751,"2015-16"
"Binghamton","America East",21752,"2015-16"
"Boise St.","MWC",21753,"2015-16"
"Boston College","ACC",21754,"2015-16"
"Boston U.","Patriot",21755,"2015-16"
"Bowling Green","MAC",21756,"2015-16"
"Bradley","MVC",21757,"2015-16"
"Brown","Ivy League",21759,"2015-16"
"Bryant","NEC",21760,"2015-16"
"Bucknell","Patriot",21761,"2015-16"
"Buffalo","MAC",21762,"2015-16"
"Butler","Big East",21763,"2015-16"
"CSU Bakersfield","WAC",21765,"2015-16"
"CSUN","Big West",21769,"2015-16"
"Cal Poly","Big West",21764,"2015-16"
"Cal St. Fullerton","Big West",21767,"2015-16"
"California","Pac-12",21772,"2015-16"
"Campbell","Big South",21777,"2015-16"
"Canisius","MAAC",21778,"2015-16"
"Central Ark.","Southland",22061,"2015-16"
"Central Conn. St.","NEC",21779,"2015-16"
"Central Mich.","MAC",21781,"2015-16"
"Charleston So.","Big South",21749,"2015-16"
"Charlotte","C-USA",21906,"2015-16"
"Chattanooga","SoCon",22011,"2015-16"
"Chicago St.","WAC",21782,"2015-16"
"Cincinnati","AAC",21783,"2015-16"
"Clemson","ACC",21785,"2015-16"
"Cleveland St.","Horizon",21786,"2015-16"
"Coastal Carolina","Sun Belt",21787,"2015-16"
"Col. of Charleston","CAA",22062,"2015-16"
"Colgate","Patriot",21788,"2015-16"
"Colorado","Pac-12",21790,"2015-16"
"Colorado St.","MWC",21789,"2015-16"
"Columbia","Ivy League",21791,"2015-16"
"Coppin St.","MEAC",21793,"2015-16"
"Cornell","Ivy League",21794,"2015-16"
"Creighton","Big East",21795,"2015-16"
"Dartmouth","Ivy League",21796,"2015-16"
"Davidson","Atlantic 10",21797,"2015-16"
"Dayton","Atlantic 10",21798,"2015-16"
"DePaul","Big East",21799,"2015-16"
"Delaware","CAA",21801,"2015-16"
"Delaware St.","MEAC",21800,"2015-16"
"Denver","Summit League",21802,"2015-16"
"Detroit Mercy","Horizon",21803,"2015-16"
"Drake","MVC",21804,"2015-16"
"Drexel","CAA",21805,"2015-16"
"Duke","ACC",21806,"2015-16"
"Duquesne","Atlantic 10",21807,"2015-16"
"ETSU","SoCon",21809,"2015-16"
"East Carolina","AAC",21808,"2015-16"
"Eastern Ill.","OVC",21810,"2015-16"
"Eastern Ky.","OVC",21811,"2015-16"
"Eastern Mich.","MAC",21812,"2015-16"
"Eastern Wash.","Big Sky",21813,"2015-16"
"Elon","CAA",22063,"2015-16"
"Evansville","MVC",21814,"2015-16"
"FGCU","ASUN",22080,"2015-16"
"FIU","C-USA",21819,"2015-16"
"Fairfield","MAAC",21815,"2015-16"
"Fairleigh Dickinson","NEC",21816,"2015-16"
"Fla. Atlantic","C-USA",21818,"2015-16"
"Florida","SEC",21821,"2015-16"
"Florida A&M","MEAC",21817,"2015-16"
"Florida St.","ACC",21820,"2015-16"
"Fordham","Atlantic 10",21822,"2015-16"
"Fresno St.","MWC",21766,"2015-16"
"Furman","SoCon",21823,"2015-16"
"Ga. Southern","Sun Belt",21827,"2015-16"
"Gardner-Webb","Big South",22064,"2015-16"
"George Mason","Atlantic 10",21824,"2015-16"
"George Washington","Atlantic 10",21825,"2015-16"
"Georgetown","Big East",21826,"2015-16"
"Georgia","SEC",21830,"2015-16"
"Georgia St.","Sun Belt",21828,"2015-16"
"Georgia Tech","ACC",21829,"2015-16"
"Gonzaga","WCC",21831,"2015-16"
"Grambling","SWAC",21832,"2015-16"
"Grand Canyon","WAC",22065,"2015-16"
"Green Bay","Horizon",22053,"2015-16"
"Hampton","Big South",21833,"2015-16"
"Hartford","America East",21834,"2015-16"
"Harvard","Ivy League",21835,"2015-16"
"Hawaii","Big West",21836,"2015-16"
"High Point","Big South",22077,"2015-16"
"Hofstra","CAA",21837,"2015-16"
"Holy Cross","Patriot",21838,"2015-16"
"Houston","AAC",21840,"2015-16"
"Houston Christian","Southland",21839,"2015-16"
"Howard","MEAC",21841,"2015-16"
"IUPUI","Horizon",22070,"2015-16"
"Idaho","Big Sky",21843,"2015-16"
"Idaho St.","Big Sky",21842,"2015-16"
"Illinois","Big Ten",21845,"2015-16"
"Illinois St.","MVC",21844,"2015-16"
"Indiana","Big Ten",21848,"2015-16"
"Indiana St.","MVC",21847,"2015-16"
"Iona","MAAC",21850,"2015-16"
"Iowa","Big Ten",21852,"2015-16"
"Iowa St.","Big 12",21851,"2015-16"
"Jackson St.","SWAC",21853,"2015-16"
"Jacksonville","ASUN",21855,"2015-16"
"Jacksonville St.","OVC",21854,"2015-16"
"James Madison","CAA",21856,"2015-16"
"Kansas","Big 12",21858,"2015-16"
"Kansas City","WAC",22071,"2015-16"
"Kansas St.","Big 12",21857,"2015-16"
"Kennesaw St.","ASUN",22066,"2015-16"
"Kent St.","MAC",21859,"2015-16"
"Kentucky","SEC",21860,"2015-16"
"LIU","NEC",21866,"2015-16"
"LMU (CA)","WCC",21873,"2015-16"
"LSU","SEC",21868,"2015-16"
"La Salle","Atlantic 10",21861,"2015-16"
"Lafayette","Patriot",21862,"2015-16"
"Lamar University","Southland",21863,"2015-16"
"Lehigh","Patriot",21864,"2015-16"
"Liberty","ASUN",21865,"2015-16"
"Lipscomb","ASUN",22079,"2015-16"
"Little Rock","Sun Belt",21745,"2015-16"
"Long Beach St.","Big West",21768,"2015-16"
"Longwood","Big South",21867,"2015-16"
"Louisiana","Sun Belt",22002,"2015-16"
"Louisiana Tech","C-USA",21869,"2015-16"
"Louisville","ACC",21870,"2015-16"
"Loyola Chicago","MVC",21874,"2015-16"
"Loyola Maryland","Patriot",21872,"2015-16"
"Maine","America East",21875,"2015-16"
"Manhattan","MAAC",21876,"2015-16"
"Marist","MAAC",21877,"2015-16"
"Marquette","Big East",21878,"2015-16"
"Marshall","C-USA",21879,"2015-16"
"Maryland","Big Ten",21881,"2015-16"
"Massachusetts","Atlantic 10",21883,"2015-16"
"McNeese","Southland",21884,"2015-16"
"Memphis","AAC",21885,"2015-16"
"Mercer","SoCon",21886,"2015-16"
"Miami (FL)","ACC",21888,"2015-16"
"Miami (OH)","MAC",21887,"2015-16"
"Michigan","Big Ten",21890,"2015-16"
"Michigan St.","Big Ten",21889,"2015-16"
"Middle Tenn.","C-USA",21891,"2015-16"
"Milwaukee","Horizon",22055,"2015-16"
"Minnesota","Big Ten",21892,"2015-16"
"Mississippi St.","SEC",21893,"2015-16"
"Mississippi Val.","SWAC",21894,"2015-16"
"Missouri","SEC",21896,"2015-16"
"Missouri St.","MVC",22000,"2015-16"
"Monmouth","MAAC",21897,"2015-16"
"Montana","Big Sky",21899,"2015-16"
"Montana St.","Big Sky",21898,"2015-16"
"Morehead St.","OVC",21900,"2015-16"
"Morgan St.","MEAC",21901,"2015-16"
"Mount St. Mary's","NEC",21902,"2015-16"
"Murray St.","OVC",21903,"2015-16"
"N.C. A&T","MEAC",21921,"2015-16"
"N.C. Central","MEAC",21922,"2015-16"
"NC State","ACC",21923,"2015-16"
"NIU","MAC",21931,"2015-16"
"NJIT","ASUN",21914,"2015-16"
"Navy","Patriot",22029,"2015-16"
"Nebraska","Big Ten",21909,"2015-16"
"Nevada","MWC",21912,"2015-16"
"New Hampshire","America East",21913,"2015-16"
"New Mexico","MWC",21916,"2015-16"
"New Mexico St.","WAC",21915,"2015-16"
"New Orleans","Southland",21917,"2015-16"
"Niagara","MAAC",21918,"2015-16"
"Nicholls","Southland",21919,"2015-16"
"Norfolk St.","MEAC",21920,"2015-16"
"North Carolina","ACC",21905,"2015-16"
"North Dakota","Summit League",21925,"2015-16"
"North Dakota St.","Summit League",21924,"2015-16"
"North Florida","ASUN",22072,"2015-16"
"North Texas","C-USA",21926,"2015-16"
"Northeastern","CAA",21928,"2015-16"
"Northern Ariz.","Big Sky",21929,"2015-16"
"Northern Colo.","Big Sky",21930,"2015-16"
"Northern Ky.","Horizon",21933,"2015-16"
"Northwestern","Big Ten",21935,"2015-16"
"Northwestern St.","Southland",21934,"2015-16"
"Notre Dame","ACC",21936,"2015-16"
"Oakland","Horizon",21937,"2015-16"
"Ohio","MAC",21939,"2015-16"
"Ohio St.","Big Ten",21938,"2015-16"
"Oklahoma","Big 12",21941,"2015-16"
"Oklahoma St.","Big 12",21940,"2015-16"
"Old Dominion","C-USA",21942,"2015-16"
"Ole Miss","SEC",21895,"2015-16"
"Omaha","Summit League",21910,"2015-16"
"Oral Roberts","Summit League",21943,"2015-16"
"Oregon","Pac-12",21945,"2015-16"
"Oregon St.","Pac-12",21944,"2015-16"
"Pacific","WCC",21946,"2015-16"
"Penn","Ivy League",21949,"2015-16"
"Penn St.","Big Ten",21948,"2015-16"
"Pepperdine","WCC",21950,"2015-16"
"Pittsburgh","ACC",21951,"2015-16"
"Portland","WCC",21953,"2015-16"
"Portland St.","Big Sky",21952,"2015-16"
"Prairie View","SWAC",21954,"2015-16"
"Presbyterian","Big South",22067,"2015-16"
"Princeton","Ivy League",21955,"2015-16"
"Providence","Big East",21956,"2015-16"
"Purdue","Big Ten",21957,"2015-16"
"Purdue Fort Wayne","Summit League",21849,"2015-16"
"Quinnipiac","MAAC",21958,"2015-16"
"Radford","Big South",21959,"2015-16"
"Rhode Island","Atlantic 10",21960,"2015-16"
"Rice","C-USA",21961,"2015-16"
"Richmond","Atlantic 10",21962,"2015-16"
"Rider","MAAC",21963,"2015-16"
"Robert Morris","NEC",21964,"2015-16"
"Rutgers","Big Ten",21965,"2015-16"
"SFA","Southland",22004,"2015-16"
"SIUE","OVC",21995,"2015-16"
"SMU","AAC",21996,"2015-16"
"Sacramento St.","Big Sky",21770,"2015-16"
"Sacred Heart","NEC",21966,"2015-16"
"Saint Francis (PA)","NEC",21969,"2015-16"
"Saint Joseph's","Atlantic 10",21971,"2015-16"
"Saint Louis","Atlantic 10",21972,"2015-16"
"Saint Mary's (CA)","WCC",21973,"2015-16"
"Saint Peter's","MAAC",21974,"2015-16"
"Sam Houston","Southland",21975,"2015-16"
"Samford","SoCon",21976,"2015-16"
"San Diego","WCC",21978,"2015-16"
"San Diego St.","MWC",21977,"2015-16"
"San Francisco","WCC",21979,"2015-16"
"San Jose St.","MWC",21980,"2015-16"
"Santa Clara","WCC",21981,"2015-16"
"Savannah St.","MEAC",21982,"2015-16"
"Seattle U","WAC",22068,"2015-16"
"Seton Hall","Big East",21983,"2015-16"
"Siena","MAAC",21984,"2015-16"
"South Alabama","Sun Belt",21985,"2015-16"
"South Carolina","SEC",21987,"2015-16"
"South Carolina St.","MEAC",21986,"2015-16"
"South Dakota","Summit League",21989,"2015-16"
"South Dakota St.","Summit League",21988,"2015-16"
"South Fla.","AAC",21990,"2015-16"
"Southeast Mo. St.","OVC",21991,"2015-16"
"Southeastern La.","Southland",21992,"2015-16"
"Southern California","Pac-12",21993,"2015-16"
"Southern Ill.","MVC",21994,"2015-16"
"Southern Miss.","C-USA",21997,"2015-16"
"Southern U.","SWAC",21998,"2015-16"
"Southern Utah","Big Sky",21999,"2015-16"
"St. Bonaventure","Atlantic 10",21967,"2015-16"
"St. Francis Brooklyn","NEC",21968,"2015-16"
"St. John's (NY)","Big East",21970,"2015-16"
"Stanford","Pac-12",22003,"2015-16"
"Stetson","ASUN",22005,"2015-16"
"Stony Brook","America East",22006,"2015-16"
"Syracuse","ACC",22007,"2015-16"
"TCU","Big 12",22015,"2015-16"
"Temple","AAC",22008,"2015-16"
"Tennessee","SEC",22012,"2015-16"
"Tennessee St.","OVC",22009,"2015-16"
"Tennessee Tech","OVC",22010,"2015-16"
"Texas","Big 12",22019,"2015-16"
"Texas A&M","SEC",22014,"2015-16"
"Texas Southern","SWAC",22016,"2015-16"
"Texas St.","Sun Belt",22001,"2015-16"
"Texas Tech","Big 12",22017,"2015-16"
"The Citadel","SoCon",21784,"2015-16"
"Toledo","MAC",22022,"2015-16"
"Towson","CAA",22023,"2015-16"
"Troy","Sun Belt",22024,"2015-16"
"Tulane","AAC",22025,"2015-16"
"Tulsa","AAC",22026,"2015-16"
"UAB","C-USA",21736,"2015-16"
"UAlbany","America East",21737,"2015-16"
"UC Davis","Big West",21773,"2015-16"
"UC Irvine","Big West",21774,"2015-16"
"UC Riverside","Big West",21776,"2015-16"
"UC Santa Barbara","Big West",21771,"2015-16"
"UCF","AAC",21780,"2015-16"
"UCLA","Pac-12",21775,"2015-16"
"UConn","AAC",21792,"2015-16"
"UIC","Horizon",21846,"2015-16"
"UIW","Southland",22073,"2015-16"
"ULM","Sun Belt",21927,"2015-16"
"UMBC","America East",21880,"2015-16"
"UMES","MEAC",21882,"2015-16"
"UMass Lowell","America East",21871,"2015-16"
"UNC Asheville","Big South",21904,"2015-16"
"UNC Greensboro","SoCon",21907,"2015-16"
"UNCW","CAA",21908,"2015-16"
"UNI","MVC",21932,"2015-16"
"UNLV","MWC",21911,"2015-16"
"USC Upstate","Big South",22075,"2015-16"
"UT Arlington","Sun Belt",22018,"2015-16"
"UT Martin","OVC",22013,"2015-16"
"UTEP","C-USA",22020,"2015-16"
"UTRGV","WAC",21947,"2015-16"
"UTSA","C-USA",22021,"2015-16"
"Utah","Pac-12",22031,"2015-16"
"Utah St.","MWC",22030,"2015-16"
"Utah Valley","WAC",22081,"2015-16"
"VCU","Atlantic 10",22036,"2015-16"
"VMI","SoCon",22037,"2015-16"
"Valparaiso","MVC",22032,"2015-16"
"Vanderbilt","SEC",22033,"2015-16"
"Vermont","America East",22034,"2015-16"
"Villanova","Big East",22035,"2015-16"
"Virginia","ACC",22039,"2015-16"
"Virginia Tech","ACC",22038,"2015-16"
"Wagner","NEC",22040,"2015-16"
"Wake Forest","ACC",22041,"2015-16"
"Washington","Pac-12",22043,"2015-16"
"Washington St.","Pac-12",22042,"2015-16"
"Weber St.","Big Sky",22044,"2015-16"
"West Virginia","Big 12",22045,"2015-16"
"Western Caro.","SoCon",22046,"2015-16"
"Western Ill.","Summit League",22047,"2015-16"
"Western Ky.","C-USA",22048,"2015-16"
"Western Mich.","MAC",22049,"2015-16"
"Wichita St.","AAC",22050,"2015-16"
"William & Mary","CAA",22051,"2015-16"
"Winthrop","Big South",22052,"2015-16"
"Wisconsin","Big Ten",22054,"2015-16"
"Wofford","SoCon",22074,"2015-16"
"Wright St.","Horizon",22056,"2015-16"
"Wyoming","MWC",22057,"2015-16"
"Xavier","Big East",22058,"2015-16"
"Yale","Ivy League",22059,"2015-16"
"Youngstown St.","Horizon",22060,"2015-16"
"A&M-Corpus Christi","Southland",84290,"2014-15"
"Abilene Christian","Southland",83943,"2014-15"
"Air Force","MWC",84239,"2014-15"
"Akron","MAC",83944,"2014-15"
"Alabama","SEC",83947,"2014-15"
"Alabama A&M","SWAC",83945,"2014-15"
"Alabama St.","SWAC",83946,"2014-15"
"Alcorn","SWAC",83950,"2014-15"
"American","Patriot",83951,"2014-15"
"App State","Sun Belt",83952,"2014-15"
"Arizona","Pac-12",83954,"2014-15"
"Arizona St.","Pac-12",83953,"2014-15"
"Ark.-Pine Bluff","SWAC",84281,"2014-15"
"Arkansas","SEC",83956,"2014-15"
"Arkansas St.","Sun Belt",83955,"2014-15"
"Army West Point","Patriot",84240,"2014-15"
"Auburn","SEC",83958,"2014-15"
"Austin Peay","OVC",83959,"2014-15"
"BYU","WCC",83970,"2014-15"
"Ball St.","MAC",83960,"2014-15"
"Baylor","Big 12",83962,"2014-15"
"Belmont","OVC",84288,"2014-15"
"Bethune-Cookman","MEAC",83963,"2014-15"
"Binghamton","America East",83964,"2014-15"
"Boise St.","MWC",83965,"2014-15"
"Boston College","ACC",83966,"2014-15"
"Boston U.","Patriot",83967,"2014-15"
"Bowling Green","MAC",83968,"2014-15"
"Bradley","MVC",83969,"2014-15"
"Brown","Ivy League",83971,"2014-15"
"Bryant","NEC",83972,"2014-15"
"Bucknell","Patriot",83973,"2014-15"
"Buffalo","MAC",83974,"2014-15"
"Butler","Big East",83975,"2014-15"
"CSU Bakersfield","WAC",83977,"2014-15"
"CSUN","Big West",83981,"2014-15"
"Cal Poly","Big West",83976,"2014-15"
"Cal St. Fullerton","Big West",83979,"2014-15"
"California","Pac-12",83984,"2014-15"
"Campbell","Big South",83989,"2014-15"
"Canisius","MAAC",83990,"2014-15"
"Central Ark.","Southland",84273,"2014-15"
"Central Conn. St.","NEC",83991,"2014-15"
"Central Mich.","MAC",83993,"2014-15"
"Charleston So.","Big South",83961,"2014-15"
"Charlotte","C-USA",84118,"2014-15"
"Chattanooga","SoCon",84223,"2014-15"
"Chicago St.","WAC",83994,"2014-15"
"Cincinnati","AAC",83995,"2014-15"
"Clemson","ACC",83997,"2014-15"
"Cleveland St.","Horizon",83998,"2014-15"
"Coastal Carolina","Sun Belt",83999,"2014-15"
"Col. of Charleston","CAA",84274,"2014-15"
"Colgate","Patriot",84000,"2014-15"
"Colorado","Pac-12",84002,"2014-15"
"Colorado St.","MWC",84001,"2014-15"
"Columbia","Ivy League",84003,"2014-15"
"Coppin St.","MEAC",84005,"2014-15"
"Cornell","Ivy League",84006,"2014-15"
"Creighton","Big East",84007,"2014-15"
"Dartmouth","Ivy League",84008,"2014-15"
"Davidson","Atlantic 10",84009,"2014-15"
"Dayton","Atlantic 10",84010,"2014-15"
"DePaul","Big East",84011,"2014-15"
"Delaware","CAA",84013,"2014-15"
"Delaware St.","MEAC",84012,"2014-15"
"Denver","Summit League",84014,"2014-15"
"Detroit Mercy","Horizon",84015,"2014-15"
"Drake","MVC",84016,"2014-15"
"Drexel","CAA",84017,"2014-15"
"Duke","ACC",84018,"2014-15"
"Duquesne","Atlantic 10",84019,"2014-15"
"ETSU","SoCon",84021,"2014-15"
"East Carolina","AAC",84020,"2014-15"
"Eastern Ill.","OVC",84022,"2014-15"
"Eastern Ky.","OVC",84023,"2014-15"
"Eastern Mich.","MAC",84024,"2014-15"
"Eastern Wash.","Big Sky",84025,"2014-15"
"Elon","CAA",84275,"2014-15"
"Evansville","MVC",84026,"2014-15"
"FGCU","ASUN",84292,"2014-15"
"FIU","C-USA",84031,"2014-15"
"Fairfield","MAAC",84027,"2014-15"
"Fairleigh Dickinson","NEC",84028,"2014-15"
"Fla. Atlantic","C-USA",84030,"2014-15"
"Florida","SEC",84033,"2014-15"
"Florida A&M","MEAC",84029,"2014-15"
"Florida St.","ACC",84032,"2014-15"
"Fordham","Atlantic 10",84034,"2014-15"
"Fresno St.","MWC",83978,"2014-15"
"Furman","SoCon",84035,"2014-15"
"Ga. Southern","Sun Belt",84039,"2014-15"
"Gardner-Webb","Big South",84276,"2014-15"
"George Mason","Atlantic 10",84036,"2014-15"
"George Washington","Atlantic 10",84037,"2014-15"
"Georgetown","Big East",84038,"2014-15"
"Georgia","SEC",84042,"2014-15"
"Georgia St.","Sun Belt",84040,"2014-15"
"Georgia Tech","ACC",84041,"2014-15"
"Gonzaga","WCC",84043,"2014-15"
"Grambling","SWAC",84044,"2014-15"
"Grand Canyon","WAC",84277,"2014-15"
"Green Bay","Horizon",84265,"2014-15"
"Hampton","Big South",84045,"2014-15"
"Hartford","America East",84046,"2014-15"
"Harvard","Ivy League",84047,"2014-15"
"Hawaii","Big West",84048,"2014-15"
"High Point","Big South",84289,"2014-15"
"Hofstra","CAA",84049,"2014-15"
"Holy Cross","Patriot",84050,"2014-15"
"Houston","AAC",84052,"2014-15"
"Houston Christian","Southland",84051,"2014-15"
"Howard","MEAC",84053,"2014-15"
"IUPUI","Horizon",84282,"2014-15"
"Idaho","Big Sky",84055,"2014-15"
"Idaho St.","Big Sky",84054,"2014-15"
"Illinois","Big Ten",84057,"2014-15"
"Illinois St.","MVC",84056,"2014-15"
"Indiana","Big Ten",84060,"2014-15"
"Indiana St.","MVC",84059,"2014-15"
"Iona","MAAC",84062,"2014-15"
"Iowa","Big Ten",84064,"2014-15"
"Iowa St.","Big 12",84063,"2014-15"
"Jackson St.","SWAC",84065,"2014-15"
"Jacksonville","ASUN",84067,"2014-15"
"Jacksonville St.","OVC",84066,"2014-15"
"James Madison","CAA",84068,"2014-15"
"Kansas","Big 12",84070,"2014-15"
"Kansas City","WAC",84283,"2014-15"
"Kansas St.","Big 12",84069,"2014-15"
"Kennesaw St.","ASUN",84278,"2014-15"
"Kent St.","MAC",84071,"2014-15"
"Kentucky","SEC",84072,"2014-15"
"LIU","NEC",84078,"2014-15"
"LMU (CA)","WCC",84085,"2014-15"
"LSU","SEC",84080,"2014-15"
"La Salle","Atlantic 10",84073,"2014-15"
"Lafayette","Patriot",84074,"2014-15"
"Lamar University","Southland",84075,"2014-15"
"Lehigh","Patriot",84076,"2014-15"
"Liberty","ASUN",84077,"2014-15"
"Lipscomb","ASUN",84291,"2014-15"
"Little Rock","Sun Belt",83957,"2014-15"
"Long Beach St.","Big West",83980,"2014-15"
"Longwood","Big South",84079,"2014-15"
"Louisiana","Sun Belt",84214,"2014-15"
"Louisiana Tech","C-USA",84081,"2014-15"
"Louisville","ACC",84082,"2014-15"
"Loyola Chicago","MVC",84086,"2014-15"
"Loyola Maryland","Patriot",84084,"2014-15"
"Maine","America East",84087,"2014-15"
"Manhattan","MAAC",84088,"2014-15"
"Marist","MAAC",84089,"2014-15"
"Marquette","Big East",84090,"2014-15"
"Marshall","C-USA",84091,"2014-15"
"Maryland","Big Ten",84093,"2014-15"
"Massachusetts","Atlantic 10",84095,"2014-15"
"McNeese","Southland",84096,"2014-15"
"Memphis","AAC",84097,"2014-15"
"Mercer","SoCon",84098,"2014-15"
"Miami (FL)","ACC",84100,"2014-15"
"Miami (OH)","MAC",84099,"2014-15"
"Michigan","Big Ten",84102,"2014-15"
"Michigan St.","Big Ten",84101,"2014-15"
"Middle Tenn.","C-USA",84103,"2014-15"
"Milwaukee","Horizon",84267,"2014-15"
"Minnesota","Big Ten",84104,"2014-15"
"Mississippi St.","SEC",84105,"2014-15"
"Mississippi Val.","SWAC",84106,"2014-15"
"Missouri","SEC",84108,"2014-15"
"Missouri St.","MVC",84212,"2014-15"
"Monmouth","MAAC",84109,"2014-15"
"Montana","Big Sky",84111,"2014-15"
"Montana St.","Big Sky",84110,"2014-15"
"Morehead St.","OVC",84112,"2014-15"
"Morgan St.","MEAC",84113,"2014-15"
"Mount St. Mary's","NEC",84114,"2014-15"
"Murray St.","OVC",84115,"2014-15"
"N.C. A&T","MEAC",84133,"2014-15"
"N.C. Central","MEAC",84134,"2014-15"
"NC State","ACC",84135,"2014-15"
"NIU","MAC",84143,"2014-15"
"NJIT","ASUN",84126,"2014-15"
"Navy","Patriot",84241,"2014-15"
"Nebraska","Big Ten",84121,"2014-15"
"Nevada","MWC",84124,"2014-15"
"New Hampshire","America East",84125,"2014-15"
"New Mexico","MWC",84128,"2014-15"
"New Mexico St.","WAC",84127,"2014-15"
"New Orleans","Southland",84129,"2014-15"
"Niagara","MAAC",84130,"2014-15"
"Nicholls","Southland",84131,"2014-15"
"Norfolk St.","MEAC",84132,"2014-15"
"North Carolina","ACC",84117,"2014-15"
"North Dakota","Summit League",84137,"2014-15"
"North Dakota St.","Summit League",84136,"2014-15"
"North Florida","ASUN",84284,"2014-15"
"North Texas","C-USA",84138,"2014-15"
"Northeastern","CAA",84140,"2014-15"
"Northern Ariz.","Big Sky",84141,"2014-15"
"Northern Colo.","Big Sky",84142,"2014-15"
"Northern Ky.","Horizon",84145,"2014-15"
"Northwestern","Big Ten",84147,"2014-15"
"Northwestern St.","Southland",84146,"2014-15"
"Notre Dame","ACC",84148,"2014-15"
"Oakland","Horizon",84149,"2014-15"
"Ohio","MAC",84151,"2014-15"
"Ohio St.","Big Ten",84150,"2014-15"
"Oklahoma","Big 12",84153,"2014-15"
"Oklahoma St.","Big 12",84152,"2014-15"
"Old Dominion","C-USA",84154,"2014-15"
"Ole Miss","SEC",84107,"2014-15"
"Omaha","Summit League",84122,"2014-15"
"Oral Roberts","Summit League",84155,"2014-15"
"Oregon","Pac-12",84157,"2014-15"
"Oregon St.","Pac-12",84156,"2014-15"
"Pacific","WCC",84158,"2014-15"
"Penn","Ivy League",84161,"2014-15"
"Penn St.","Big Ten",84160,"2014-15"
"Pepperdine","WCC",84162,"2014-15"
"Pittsburgh","ACC",84163,"2014-15"
"Portland","WCC",84165,"2014-15"
"Portland St.","Big Sky",84164,"2014-15"
"Prairie View","SWAC",84166,"2014-15"
"Presbyterian","Big South",84279,"2014-15"
"Princeton","Ivy League",84167,"2014-15"
"Providence","Big East",84168,"2014-15"
"Purdue","Big Ten",84169,"2014-15"
"Purdue Fort Wayne","Summit League",84061,"2014-15"
"Quinnipiac","MAAC",84170,"2014-15"
"Radford","Big South",84171,"2014-15"
"Rhode Island","Atlantic 10",84172,"2014-15"
"Rice","C-USA",84173,"2014-15"
"Richmond","Atlantic 10",84174,"2014-15"
"Rider","MAAC",84175,"2014-15"
"Robert Morris","NEC",84176,"2014-15"
"Rutgers","Big Ten",84177,"2014-15"
"SFA","Southland",84216,"2014-15"
"SIUE","OVC",84207,"2014-15"
"SMU","AAC",84208,"2014-15"
"Sacramento St.","Big Sky",83982,"2014-15"
"Sacred Heart","NEC",84178,"2014-15"
"Saint Francis (PA)","NEC",84181,"2014-15"
"Saint Joseph's","Atlantic 10",84183,"2014-15"
"Saint Louis","Atlantic 10",84184,"2014-15"
"Saint Mary's (CA)","WCC",84185,"2014-15"
"Saint Peter's","MAAC",84186,"2014-15"
"Sam Houston","Southland",84187,"2014-15"
"Samford","SoCon",84188,"2014-15"
"San Diego","WCC",84190,"2014-15"
"San Diego St.","MWC",84189,"2014-15"
"San Francisco","WCC",84191,"2014-15"
"San Jose St.","MWC",84192,"2014-15"
"Santa Clara","WCC",84193,"2014-15"
"Savannah St.","MEAC",84194,"2014-15"
"Seattle U","WAC",84280,"2014-15"
"Seton Hall","Big East",84195,"2014-15"
"Siena","MAAC",84196,"2014-15"
"South Alabama","Sun Belt",84197,"2014-15"
"South Carolina","SEC",84199,"2014-15"
"South Carolina St.","MEAC",84198,"2014-15"
"South Dakota","Summit League",84201,"2014-15"
"South Dakota St.","Summit League",84200,"2014-15"
"South Fla.","AAC",84202,"2014-15"
"Southeast Mo. St.","OVC",84203,"2014-15"
"Southeastern La.","Southland",84204,"2014-15"
"Southern California","Pac-12",84205,"2014-15"
"Southern Ill.","MVC",84206,"2014-15"
"Southern Miss.","C-USA",84209,"2014-15"
"Southern U.","SWAC",84210,"2014-15"
"Southern Utah","Big Sky",84211,"2014-15"
"St. Bonaventure","Atlantic 10",84179,"2014-15"
"St. Francis Brooklyn","NEC",84180,"2014-15"
"St. John's (NY)","Big East",84182,"2014-15"
"Stanford","Pac-12",84215,"2014-15"
"Stetson","ASUN",84217,"2014-15"
"Stony Brook","America East",84218,"2014-15"
"Syracuse","ACC",84219,"2014-15"
"TCU","Big 12",84227,"2014-15"
"Temple","AAC",84220,"2014-15"
"Tennessee","SEC",84224,"2014-15"
"Tennessee St.","OVC",84221,"2014-15"
"Tennessee Tech","OVC",84222,"2014-15"
"Texas","Big 12",84231,"2014-15"
"Texas A&M","SEC",84226,"2014-15"
"Texas Southern","SWAC",84228,"2014-15"
"Texas St.","Sun Belt",84213,"2014-15"
"Texas Tech","Big 12",84229,"2014-15"
"The Citadel","SoCon",83996,"2014-15"
"Toledo","MAC",84234,"2014-15"
"Towson","CAA",84235,"2014-15"
"Troy","Sun Belt",84236,"2014-15"
"Tulane","AAC",84237,"2014-15"
"Tulsa","AAC",84238,"2014-15"
"UAB","C-USA",83948,"2014-15"
"UAlbany","America East",83949,"2014-15"
"UC Davis","Big West",83985,"2014-15"
"UC Irvine","Big West",83986,"2014-15"
"UC Riverside","Big West",83988,"2014-15"
"UC Santa Barbara","Big West",83983,"2014-15"
"UCF","AAC",83992,"2014-15"
"UCLA","Pac-12",83987,"2014-15"
"UConn","AAC",84004,"2014-15"
"UIC","Horizon",84058,"2014-15"
"UIW","Southland",84285,"2014-15"
"ULM","Sun Belt",84139,"2014-15"
"UMBC","America East",84092,"2014-15"
"UMES","MEAC",84094,"2014-15"
"UMass Lowell","America East",84083,"2014-15"
"UNC Asheville","Big South",84116,"2014-15"
"UNC Greensboro","SoCon",84119,"2014-15"
"UNCW","CAA",84120,"2014-15"
"UNI","MVC",84144,"2014-15"
"UNLV","MWC",84123,"2014-15"
"USC Upstate","Big South",84287,"2014-15"
"UT Arlington","Sun Belt",84230,"2014-15"
"UT Martin","OVC",84225,"2014-15"
"UTEP","C-USA",84232,"2014-15"
"UTRGV","WAC",84159,"2014-15"
"UTSA","C-USA",84233,"2014-15"
"Utah","Pac-12",84243,"2014-15"
"Utah St.","MWC",84242,"2014-15"
"Utah Valley","WAC",84293,"2014-15"
"VCU","Atlantic 10",84248,"2014-15"
"VMI","SoCon",84249,"2014-15"
"Valparaiso","MVC",84244,"2014-15"
"Vanderbilt","SEC",84245,"2014-15"
"Vermont","America East",84246,"2014-15"
"Villanova","Big East",84247,"2014-15"
"Virginia","ACC",84251,"2014-15"
"Virginia Tech","ACC",84250,"2014-15"
"Wagner","NEC",84252,"2014-15"
"Wake Forest","ACC",84253,"2014-15"
"Washington","Pac-12",84255,"2014-15"
"Washington St.","Pac-12",84254,"2014-15"
"Weber St.","Big Sky",84256,"2014-15"
"West Virginia","Big 12",84257,"2014-15"
"Western Caro.","SoCon",84258,"2014-15"
"Western Ill.","Summit League",84259,"2014-15"
"Western Ky.","C-USA",84260,"2014-15"
"Western Mich.","MAC",84261,"2014-15"
"Wichita St.","AAC",84262,"2014-15"
"William & Mary","CAA",84263,"2014-15"
"Winthrop","Big South",84264,"2014-15"
"Wisconsin","Big Ten",84266,"2014-15"
"Wofford","SoCon",84286,"2014-15"
"Wright St.","Horizon",84268,"2014-15"
"Wyoming","MWC",84269,"2014-15"
"Xavier","Big East",84270,"2014-15"
"Yale","Ivy League",84271,"2014-15"
"Youngstown St.","Horizon",84272,"2014-15"
"A&M-Corpus Christi","Southland",102770,"2013-14"
"Abilene Christian","Southland",102423,"2013-14"
"Air Force","MWC",102719,"2013-14"
"Akron","MAC",102424,"2013-14"
"Alabama","SEC",102427,"2013-14"
"Alabama A&M","SWAC",102425,"2013-14"
"Alabama St.","SWAC",102426,"2013-14"
"Alcorn","SWAC",102430,"2013-14"
"American","Patriot",102431,"2013-14"
"App State","Sun Belt",102432,"2013-14"
"Arizona","Pac-12",102434,"2013-14"
"Arizona St.","Pac-12",102433,"2013-14"
"Ark.-Pine Bluff","SWAC",102761,"2013-14"
"Arkansas","SEC",102436,"2013-14"
"Arkansas St.","Sun Belt",102435,"2013-14"
"Army West Point","Patriot",102720,"2013-14"
"Auburn","SEC",102438,"2013-14"
"Austin Peay","OVC",102439,"2013-14"
"BYU","WCC",102450,"2013-14"
"Ball St.","MAC",102440,"2013-14"
"Baylor","Big 12",102442,"2013-14"
"Belmont","OVC",102768,"2013-14"
"Bethune-Cookman","MEAC",102443,"2013-14"
"Binghamton","America East",102444,"2013-14"
"Boise St.","MWC",102445,"2013-14"
"Boston College","ACC",102446,"2013-14"
"Boston U.","Patriot",102447,"2013-14"
"Bowling Green","MAC",102448,"2013-14"
"Bradley","MVC",102449,"2013-14"
"Brown","Ivy League",102451,"2013-14"
"Bryant","NEC",102452,"2013-14"
"Bucknell","Patriot",102453,"2013-14"
"Buffalo","MAC",102454,"2013-14"
"Butler","Big East",102455,"2013-14"
"CSU Bakersfield","WAC",102457,"2013-14"
"CSUN","Big West",102461,"2013-14"
"Cal Poly","Big West",102456,"2013-14"
"Cal St. Fullerton","Big West",102459,"2013-14"
"California","Pac-12",102464,"2013-14"
"Campbell","Big South",102469,"2013-14"
"Canisius","MAAC",102470,"2013-14"
"Central Ark.","Southland",102753,"2013-14"
"Central Conn. St.","NEC",102471,"2013-14"
"Central Mich.","MAC",102473,"2013-14"
"Charleston So.","Big South",102441,"2013-14"
"Charlotte","C-USA",102598,"2013-14"
"Chattanooga","SoCon",102703,"2013-14"
"Chicago St.","WAC",102474,"2013-14"
"Cincinnati","AAC",102475,"2013-14"
"Clemson","ACC",102477,"2013-14"
"Cleveland St.","Horizon",102478,"2013-14"
"Coastal Carolina","Sun Belt",102479,"2013-14"
"Col. of Charleston","CAA",102754,"2013-14"
"Colgate","Patriot",102480,"2013-14"
"Colorado","Pac-12",102482,"2013-14"
"Colorado St.","MWC",102481,"2013-14"
"Columbia","Ivy League",102483,"2013-14"
"Coppin St.","MEAC",102485,"2013-14"
"Cornell","Ivy League",102486,"2013-14"
"Creighton","Big East",102487,"2013-14"
"Dartmouth","Ivy League",102488,"2013-14"
"Davidson","Atlantic 10",102489,"2013-14"
"Dayton","Atlantic 10",102490,"2013-14"
"DePaul","Big East",102491,"2013-14"
"Delaware","CAA",102493,"2013-14"
"Delaware St.","MEAC",102492,"2013-14"
"Denver","Summit League",102494,"2013-14"
"Detroit Mercy","Horizon",102495,"2013-14"
"Drake","MVC",102496,"2013-14"
"Drexel","CAA",102497,"2013-14"
"Duke","ACC",102498,"2013-14"
"Duquesne","Atlantic 10",102499,"2013-14"
"ETSU","SoCon",102501,"2013-14"
"East Carolina","AAC",102500,"2013-14"
"Eastern Ill.","OVC",102502,"2013-14"
"Eastern Ky.","OVC",102503,"2013-14"
"Eastern Mich.","MAC",102504,"2013-14"
"Eastern Wash.","Big Sky",102505,"2013-14"
"Elon","CAA",102755,"2013-14"
"Evansville","MVC",102506,"2013-14"
"FGCU","ASUN",102772,"2013-14"
"FIU","C-USA",102511,"2013-14"
"Fairfield","MAAC",102507,"2013-14"
"Fairleigh Dickinson","NEC",102508,"2013-14"
"Fla. Atlantic","C-USA",102510,"2013-14"
"Florida","SEC",102513,"2013-14"
"Florida A&M","MEAC",102509,"2013-14"
"Florida St.","ACC",102512,"2013-14"
"Fordham","Atlantic 10",102514,"2013-14"
"Fresno St.","MWC",102458,"2013-14"
"Furman","SoCon",102515,"2013-14"
"Ga. Southern","Sun Belt",102519,"2013-14"
"Gardner-Webb","Big South",102756,"2013-14"
"George Mason","Atlantic 10",102516,"2013-14"
"George Washington","Atlantic 10",102517,"2013-14"
"Georgetown","Big East",102518,"2013-14"
"Georgia","SEC",102522,"2013-14"
"Georgia St.","Sun Belt",102520,"2013-14"
"Georgia Tech","ACC",102521,"2013-14"
"Gonzaga","WCC",102523,"2013-14"
"Grambling","SWAC",102524,"2013-14"
"Grand Canyon","WAC",102757,"2013-14"
"Green Bay","Horizon",102745,"2013-14"
"Hampton","Big South",102525,"2013-14"
"Hartford","America East",102526,"2013-14"
"Harvard","Ivy League",102527,"2013-14"
"Hawaii","Big West",102528,"2013-14"
"High Point","Big South",102769,"2013-14"
"Hofstra","CAA",102529,"2013-14"
"Holy Cross","Patriot",102530,"2013-14"
"Houston","AAC",102532,"2013-14"
"Houston Christian","Southland",102531,"2013-14"
"Howard","MEAC",102533,"2013-14"
"IUPUI","Horizon",102762,"2013-14"
"Idaho","Big Sky",102535,"2013-14"
"Idaho St.","Big Sky",102534,"2013-14"
"Illinois","Big Ten",102537,"2013-14"
"Illinois St.","MVC",102536,"2013-14"
"Indiana","Big Ten",102540,"2013-14"
"Indiana St.","MVC",102539,"2013-14"
"Iona","MAAC",102542,"2013-14"
"Iowa","Big Ten",102544,"2013-14"
"Iowa St.","Big 12",102543,"2013-14"
"Jackson St.","SWAC",102545,"2013-14"
"Jacksonville","ASUN",102547,"2013-14"
"Jacksonville St.","OVC",102546,"2013-14"
"James Madison","CAA",102548,"2013-14"
"Kansas","Big 12",102550,"2013-14"
"Kansas City","WAC",102763,"2013-14"
"Kansas St.","Big 12",102549,"2013-14"
"Kennesaw St.","ASUN",102758,"2013-14"
"Kent St.","MAC",102551,"2013-14"
"Kentucky","SEC",102552,"2013-14"
"LIU","NEC",102558,"2013-14"
"LMU (CA)","WCC",102565,"2013-14"
"LSU","SEC",102560,"2013-14"
"La Salle","Atlantic 10",102553,"2013-14"
"Lafayette","Patriot",102554,"2013-14"
"Lamar University","Southland",102555,"2013-14"
"Lehigh","Patriot",102556,"2013-14"
"Liberty","ASUN",102557,"2013-14"
"Lipscomb","ASUN",102771,"2013-14"
"Little Rock","Sun Belt",102437,"2013-14"
"Long Beach St.","Big West",102460,"2013-14"
"Longwood","Big South",102559,"2013-14"
"Louisiana","Sun Belt",102694,"2013-14"
"Louisiana Tech","C-USA",102561,"2013-14"
"Louisville","ACC",102562,"2013-14"
"Loyola Chicago","MVC",102566,"2013-14"
"Loyola Maryland","Patriot",102564,"2013-14"
"Maine","America East",102567,"2013-14"
"Manhattan","MAAC",102568,"2013-14"
"Marist","MAAC",102569,"2013-14"
"Marquette","Big East",102570,"2013-14"
"Marshall","C-USA",102571,"2013-14"
"Maryland","Big Ten",102573,"2013-14"
"Massachusetts","Atlantic 10",102575,"2013-14"
"McNeese","Southland",102576,"2013-14"
"Memphis","AAC",102577,"2013-14"
"Mercer","SoCon",102578,"2013-14"
"Miami (FL)","ACC",102580,"2013-14"
"Miami (OH)","MAC",102579,"2013-14"
"Michigan","Big Ten",102582,"2013-14"
"Michigan St.","Big Ten",102581,"2013-14"
"Middle Tenn.","C-USA",102583,"2013-14"
"Milwaukee","Horizon",102747,"2013-14"
"Minnesota","Big Ten",102584,"2013-14"
"Mississippi St.","SEC",102585,"2013-14"
"Mississippi Val.","SWAC",102586,"2013-14"
"Missouri","SEC",102588,"2013-14"
"Missouri St.","MVC",102692,"2013-14"
"Monmouth","MAAC",102589,"2013-14"
"Montana","Big Sky",102591,"2013-14"
"Montana St.","Big Sky",102590,"2013-14"
"Morehead St.","OVC",102592,"2013-14"
"Morgan St.","MEAC",102593,"2013-14"
"Mount St. Mary's","NEC",102594,"2013-14"
"Murray St.","OVC",102595,"2013-14"
"N.C. A&T","MEAC",102613,"2013-14"
"N.C. Central","MEAC",102614,"2013-14"
"NC State","ACC",102615,"2013-14"
"NIU","MAC",102623,"2013-14"
"NJIT","ASUN",102606,"2013-14"
"Navy","Patriot",102721,"2013-14"
"Nebraska","Big Ten",102601,"2013-14"
"Nevada","MWC",102604,"2013-14"
"New Hampshire","America East",102605,"2013-14"
"New Mexico","MWC",102608,"2013-14"
"New Mexico St.","WAC",102607,"2013-14"
"New Orleans","Southland",102609,"2013-14"
"Niagara","MAAC",102610,"2013-14"
"Nicholls","Southland",102611,"2013-14"
"Norfolk St.","MEAC",102612,"2013-14"
"North Carolina","ACC",102597,"2013-14"
"North Dakota","Summit League",102617,"2013-14"
"North Dakota St.","Summit League",102616,"2013-14"
"North Florida","ASUN",102764,"2013-14"
"North Texas","C-USA",102618,"2013-14"
"Northeastern","CAA",102620,"2013-14"
"Northern Ariz.","Big Sky",102621,"2013-14"
"Northern Colo.","Big Sky",102622,"2013-14"
"Northern Ky.","Horizon",102625,"2013-14"
"Northwestern","Big Ten",102627,"2013-14"
"Northwestern St.","Southland",102626,"2013-14"
"Notre Dame","ACC",102628,"2013-14"
"Oakland","Horizon",102629,"2013-14"
"Ohio","MAC",102631,"2013-14"
"Ohio St.","Big Ten",102630,"2013-14"
"Oklahoma","Big 12",102633,"2013-14"
"Oklahoma St.","Big 12",102632,"2013-14"
"Old Dominion","C-USA",102634,"2013-14"
"Ole Miss","SEC",102587,"2013-14"
"Omaha","Summit League",102602,"2013-14"
"Oral Roberts","Summit League",102635,"2013-14"
"Oregon","Pac-12",102637,"2013-14"
"Oregon St.","Pac-12",102636,"2013-14"
"Pacific","WCC",102638,"2013-14"
"Penn","Ivy League",102641,"2013-14"
"Penn St.","Big Ten",102640,"2013-14"
"Pepperdine","WCC",102642,"2013-14"
"Pittsburgh","ACC",102643,"2013-14"
"Portland","WCC",102645,"2013-14"
"Portland St.","Big Sky",102644,"2013-14"
"Prairie View","SWAC",102646,"2013-14"
"Presbyterian","Big South",102759,"2013-14"
"Princeton","Ivy League",102647,"2013-14"
"Providence","Big East",102648,"2013-14"
"Purdue","Big Ten",102649,"2013-14"
"Purdue Fort Wayne","Summit League",102541,"2013-14"
"Quinnipiac","MAAC",102650,"2013-14"
"Radford","Big South",102651,"2013-14"
"Rhode Island","Atlantic 10",102652,"2013-14"
"Rice","C-USA",102653,"2013-14"
"Richmond","Atlantic 10",102654,"2013-14"
"Rider","MAAC",102655,"2013-14"
"Robert Morris","NEC",102656,"2013-14"
"Rutgers","Big Ten",102657,"2013-14"
"SFA","Southland",102696,"2013-14"
"SIUE","OVC",102687,"2013-14"
"SMU","AAC",102688,"2013-14"
"Sacramento St.","Big Sky",102462,"2013-14"
"Sacred Heart","NEC",102658,"2013-14"
"Saint Francis (PA)","NEC",102661,"2013-14"
"Saint Joseph's","Atlantic 10",102663,"2013-14"
"Saint Louis","Atlantic 10",102664,"2013-14"
"Saint Mary's (CA)","WCC",102665,"2013-14"
"Saint Peter's","MAAC",102666,"2013-14"
"Sam Houston","Southland",102667,"2013-14"
"Samford","SoCon",102668,"2013-14"
"San Diego","WCC",102670,"2013-14"
"San Diego St.","MWC",102669,"2013-14"
"San Francisco","WCC",102671,"2013-14"
"San Jose St.","MWC",102672,"2013-14"
"Santa Clara","WCC",102673,"2013-14"
"Savannah St.","MEAC",102674,"2013-14"
"Seattle U","WAC",102760,"2013-14"
"Seton Hall","Big East",102675,"2013-14"
"Siena","MAAC",102676,"2013-14"
"South Alabama","Sun Belt",102677,"2013-14"
"South Carolina","SEC",102679,"2013-14"
"South Carolina St.","MEAC",102678,"2013-14"
"South Dakota","Summit League",102681,"2013-14"
"South Dakota St.","Summit League",102680,"2013-14"
"South Fla.","AAC",102682,"2013-14"
"Southeast Mo. St.","OVC",102683,"2013-14"
"Southeastern La.","Southland",102684,"2013-14"
"Southern California","Pac-12",102685,"2013-14"
"Southern Ill.","MVC",102686,"2013-14"
"Southern Miss.","C-USA",102689,"2013-14"
"Southern U.","SWAC",102690,"2013-14"
"Southern Utah","Big Sky",102691,"2013-14"
"St. Bonaventure","Atlantic 10",102659,"2013-14"
"St. Francis Brooklyn","NEC",102660,"2013-14"
"St. John's (NY)","Big East",102662,"2013-14"
"Stanford","Pac-12",102695,"2013-14"
"Stetson","ASUN",102697,"2013-14"
"Stony Brook","America East",102698,"2013-14"
"Syracuse","ACC",102699,"2013-14"
"TCU","Big 12",102707,"2013-14"
"Temple","AAC",102700,"2013-14"
"Tennessee","SEC",102704,"2013-14"
"Tennessee St.","OVC",102701,"2013-14"
"Tennessee Tech","OVC",102702,"2013-14"
"Texas","Big 12",102711,"2013-14"
"Texas A&M","SEC",102706,"2013-14"
"Texas Southern","SWAC",102708,"2013-14"
"Texas St.","Sun Belt",102693,"2013-14"
"Texas Tech","Big 12",102709,"2013-14"
"The Citadel","SoCon",102476,"2013-14"
"Toledo","MAC",102714,"2013-14"
"Towson","CAA",102715,"2013-14"
"Troy","Sun Belt",102716,"2013-14"
"Tulane","AAC",102717,"2013-14"
"Tulsa","AAC",102718,"2013-14"
"UAB","C-USA",102428,"2013-14"
"UAlbany","America East",102429,"2013-14"
"UC Davis","Big West",102465,"2013-14"
"UC Irvine","Big West",102466,"2013-14"
"UC Riverside","Big West",102468,"2013-14"
"UC Santa Barbara","Big West",102463,"2013-14"
"UCF","AAC",102472,"2013-14"
"UCLA","Pac-12",102467,"2013-14"
"UConn","AAC",102484,"2013-14"
"UIC","Horizon",102538,"2013-14"
"UIW","Southland",102765,"2013-14"
"ULM","Sun Belt",102619,"2013-14"
"UMBC","America East",102572,"2013-14"
"UMES","MEAC",102574,"2013-14"
"UMass Lowell","America East",102563,"2013-14"
"UNC Asheville","Big South",102596,"2013-14"
"UNC Greensboro","SoCon",102599,"2013-14"
"UNCW","CAA",102600,"2013-14"
"UNI","MVC",102624,"2013-14"
"UNLV","MWC",102603,"2013-14"
"USC Upstate","Big South",102767,"2013-14"
"UT Arlington","Sun Belt",102710,"2013-14"
"UT Martin","OVC",102705,"2013-14"
"UTEP","C-USA",102712,"2013-14"
"UTRGV","WAC",102639,"2013-14"
"UTSA","C-USA",102713,"2013-14"
"Utah","Pac-12",102723,"2013-14"
"Utah St.","MWC",102722,"2013-14"
"Utah Valley","WAC",102773,"2013-14"
"VCU","Atlantic 10",102728,"2013-14"
"VMI","SoCon",102729,"2013-14"
"Valparaiso","MVC",102724,"2013-14"
"Vanderbilt","SEC",102725,"2013-14"
"Vermont","America East",102726,"2013-14"
"Villanova","Big East",102727,"2013-14"
"Virginia","ACC",102731,"2013-14"
"Virginia Tech","ACC",102730,"2013-14"
"Wagner","NEC",102732,"2013-14"
"Wake Forest","ACC",102733,"2013-14"
"Washington","Pac-12",102735,"2013-14"
"Washington St.","Pac-12",102734,"2013-14"
"Weber St.","Big Sky",102736,"2013-14"
"West Virginia","Big 12",102737,"2013-14"
"Western Caro.","SoCon",102738,"2013-14"
"Western Ill.","Summit League",102739,"2013-14"
"Western Ky.","C-USA",102740,"2013-14"
"Western Mich.","MAC",102741,"2013-14"
"Wichita St.","AAC",102742,"2013-14"
"William & Mary","CAA",102743,"2013-14"
"Winthrop","Big South",102744,"2013-14"
"Wisconsin","Big Ten",102746,"2013-14"
"Wofford","SoCon",102766,"2013-14"
"Wright St.","Horizon",102748,"2013-14"
"Wyoming","MWC",102749,"2013-14"
"Xavier","Big East",102750,"2013-14"
"Yale","Ivy League",102751,"2013-14"
"Youngstown St.","Horizon",102752,"2013-14"
"A&M-Corpus Christi","Southland",14820,"2012-13"
"Air Force","MWC",14771,"2012-13"
"Akron","MAC",14477,"2012-13"
"Alabama","SEC",14480,"2012-13"
"Alabama A&M","SWAC",14478,"2012-13"
"Alabama St.","SWAC",14479,"2012-13"
"Alcorn","SWAC",14483,"2012-13"
"American","Patriot",14484,"2012-13"
"App State","Sun Belt",14485,"2012-13"
"Arizona","Pac-12",14487,"2012-13"
"Arizona St.","Pac-12",14486,"2012-13"
"Ark.-Pine Bluff","SWAC",14812,"2012-13"
"Arkansas","SEC",14489,"2012-13"
"Arkansas St.","Sun Belt",14488,"2012-13"
"Army West Point","Patriot",14772,"2012-13"
"Auburn","SEC",14491,"2012-13"
"Austin Peay","OVC",14492,"2012-13"
"BYU","WCC",14503,"2012-13"
"Ball St.","MAC",14493,"2012-13"
"Baylor","Big 12",14495,"2012-13"
"Belmont","OVC",14818,"2012-13"
"Bethune-Cookman","MEAC",14496,"2012-13"
"Binghamton","America East",14497,"2012-13"
"Boise St.","MWC",14498,"2012-13"
"Boston College","ACC",14499,"2012-13"
"Boston U.","Patriot",14500,"2012-13"
"Bowling Green","MAC",14501,"2012-13"
"Bradley","MVC",14502,"2012-13"
"Brown","Ivy League",14504,"2012-13"
"Bryant","NEC",14505,"2012-13"
"Bucknell","Patriot",14506,"2012-13"
"Buffalo","MAC",14507,"2012-13"
"Butler","Big East",14508,"2012-13"
"CSU Bakersfield","WAC",14510,"2012-13"
"CSUN","Big West",14514,"2012-13"
"Cal Poly","Big West",14509,"2012-13"
"Cal St. Fullerton","Big West",14512,"2012-13"
"California","Pac-12",14517,"2012-13"
"Campbell","Big South",14522,"2012-13"
"Canisius","MAAC",14523,"2012-13"
"Central Ark.","Southland",14805,"2012-13"
"Central Conn. St.","NEC",14524,"2012-13"
"Central Mich.","MAC",14526,"2012-13"
"Charleston So.","Big South",14494,"2012-13"
"Charlotte","C-USA",14650,"2012-13"
"Chattanooga","SoCon",14755,"2012-13"
"Chicago St.","WAC",14527,"2012-13"
"Cincinnati","AAC",14528,"2012-13"
"Clemson","ACC",14530,"2012-13"
"Cleveland St.","Horizon",14531,"2012-13"
"Coastal Carolina","Sun Belt",14532,"2012-13"
"Col. of Charleston","CAA",14806,"2012-13"
"Colgate","Patriot",14533,"2012-13"
"Colorado","Pac-12",14535,"2012-13"
"Colorado St.","MWC",14534,"2012-13"
"Columbia","Ivy League",14536,"2012-13"
"Coppin St.","MEAC",14538,"2012-13"
"Cornell","Ivy League",14539,"2012-13"
"Creighton","Big East",14540,"2012-13"
"Dartmouth","Ivy League",14541,"2012-13"
"Davidson","Atlantic 10",14542,"2012-13"
"Dayton","Atlantic 10",14543,"2012-13"
"DePaul","Big East",14544,"2012-13"
"Delaware","CAA",14546,"2012-13"
"Delaware St.","MEAC",14545,"2012-13"
"Denver","Summit League",14547,"2012-13"
"Detroit Mercy","Horizon",14548,"2012-13"
"Drake","MVC",14549,"2012-13"
"Drexel","CAA",14550,"2012-13"
"Duke","ACC",14551,"2012-13"
"Duquesne","Atlantic 10",14552,"2012-13"
"ETSU","SoCon",14554,"2012-13"
"East Carolina","AAC",14553,"2012-13"
"Eastern Ill.","OVC",14555,"2012-13"
"Eastern Ky.","OVC",14556,"2012-13"
"Eastern Mich.","MAC",14557,"2012-13"
"Eastern Wash.","Big Sky",14558,"2012-13"
"Elon","CAA",14807,"2012-13"
"Evansville","MVC",14559,"2012-13"
"FGCU","ASUN",14822,"2012-13"
"FIU","C-USA",14564,"2012-13"
"Fairfield","MAAC",14560,"2012-13"
"Fairleigh Dickinson","NEC",14561,"2012-13"
"Fla. Atlantic","C-USA",14563,"2012-13"
"Florida","SEC",14566,"2012-13"
"Florida A&M","MEAC",14562,"2012-13"
"Florida St.","ACC",14565,"2012-13"
"Fordham","Atlantic 10",14567,"2012-13"
"Fresno St.","MWC",14511,"2012-13"
"Furman","SoCon",14568,"2012-13"
"Ga. Southern","Sun Belt",14572,"2012-13"
"Gardner-Webb","Big South",14808,"2012-13"
"George Mason","Atlantic 10",14569,"2012-13"
"George Washington","Atlantic 10",14570,"2012-13"
"Georgetown","Big East",14571,"2012-13"
"Georgia","SEC",14575,"2012-13"
"Georgia St.","Sun Belt",14573,"2012-13"
"Georgia Tech","ACC",14574,"2012-13"
"Gonzaga","WCC",14576,"2012-13"
"Grambling","SWAC",14577,"2012-13"
"Green Bay","Horizon",14797,"2012-13"
"Hampton","Big South",14578,"2012-13"
"Hartford","America East",14579,"2012-13"
"Harvard","Ivy League",14580,"2012-13"
"Hawaii","Big West",14581,"2012-13"
"High Point","Big South",14819,"2012-13"
"Hofstra","CAA",14582,"2012-13"
"Holy Cross","Patriot",14583,"2012-13"
"Houston","AAC",14585,"2012-13"
"Houston Christian","Southland",14584,"2012-13"
"Howard","MEAC",14586,"2012-13"
"IUPUI","Horizon",14813,"2012-13"
"Idaho","Big Sky",14588,"2012-13"
"Idaho St.","Big Sky",14587,"2012-13"
"Illinois","Big Ten",14590,"2012-13"
"Illinois St.","MVC",14589,"2012-13"
"Indiana","Big Ten",14593,"2012-13"
"Indiana St.","MVC",14592,"2012-13"
"Iona","MAAC",14595,"2012-13"
"Iowa","Big Ten",14597,"2012-13"
"Iowa St.","Big 12",14596,"2012-13"
"Jackson St.","SWAC",14598,"2012-13"
"Jacksonville","ASUN",14600,"2012-13"
"Jacksonville St.","OVC",14599,"2012-13"
"James Madison","CAA",14601,"2012-13"
"Kansas","Big 12",14603,"2012-13"
"Kansas City","WAC",14814,"2012-13"
"Kansas St.","Big 12",14602,"2012-13"
"Kennesaw St.","ASUN",14809,"2012-13"
"Kent St.","MAC",14604,"2012-13"
"Kentucky","SEC",14605,"2012-13"
"LIU","NEC",14611,"2012-13"
"LMU (CA)","WCC",14617,"2012-13"
"LSU","SEC",14613,"2012-13"
"La Salle","Atlantic 10",14606,"2012-13"
"Lafayette","Patriot",14607,"2012-13"
"Lamar University","Southland",14608,"2012-13"
"Lehigh","Patriot",14609,"2012-13"
"Liberty","ASUN",14610,"2012-13"
"Lipscomb","ASUN",14821,"2012-13"
"Little Rock","Sun Belt",14490,"2012-13"
"Long Beach St.","Big West",14513,"2012-13"
"Longwood","Big South",14612,"2012-13"
"Louisiana","Sun Belt",14746,"2012-13"
"Louisiana Tech","C-USA",14614,"2012-13"
"Louisville","ACC",14615,"2012-13"
"Loyola Chicago","MVC",14618,"2012-13"
"Loyola Maryland","Patriot",14616,"2012-13"
"Maine","America East",14619,"2012-13"
"Manhattan","MAAC",14620,"2012-13"
"Marist","MAAC",14621,"2012-13"
"Marquette","Big East",14622,"2012-13"
"Marshall","C-USA",14623,"2012-13"
"Maryland","Big Ten",14625,"2012-13"
"Massachusetts","Atlantic 10",14627,"2012-13"
"McNeese","Southland",14628,"2012-13"
"Memphis","AAC",14629,"2012-13"
"Mercer","SoCon",14630,"2012-13"
"Miami (FL)","ACC",14632,"2012-13"
"Miami (OH)","MAC",14631,"2012-13"
"Michigan","Big Ten",14634,"2012-13"
"Michigan St.","Big Ten",14633,"2012-13"
"Middle Tenn.","C-USA",14635,"2012-13"
"Milwaukee","Horizon",14799,"2012-13"
"Minnesota","Big Ten",14636,"2012-13"
"Mississippi St.","SEC",14637,"2012-13"
"Mississippi Val.","SWAC",14638,"2012-13"
"Missouri","SEC",14640,"2012-13"
"Missouri St.","MVC",14744,"2012-13"
"Monmouth","MAAC",14641,"2012-13"
"Montana","Big Sky",14643,"2012-13"
"Montana St.","Big Sky",14642,"2012-13"
"Morehead St.","OVC",14644,"2012-13"
"Morgan St.","MEAC",14645,"2012-13"
"Mount St. Mary's","NEC",14646,"2012-13"
"Murray St.","OVC",14647,"2012-13"
"N.C. A&T","MEAC",14665,"2012-13"
"N.C. Central","MEAC",14666,"2012-13"
"NC State","ACC",14667,"2012-13"
"NIU","MAC",14675,"2012-13"
"NJIT","ASUN",14658,"2012-13"
"Navy","Patriot",14773,"2012-13"
"Nebraska","Big Ten",14653,"2012-13"
"Nevada","MWC",14656,"2012-13"
"New Hampshire","America East",14657,"2012-13"
"New Mexico","MWC",14660,"2012-13"
"New Mexico St.","WAC",14659,"2012-13"
"New Orleans","Southland",14661,"2012-13"
"Niagara","MAAC",14662,"2012-13"
"Nicholls","Southland",14663,"2012-13"
"Norfolk St.","MEAC",14664,"2012-13"
"North Carolina","ACC",14649,"2012-13"
"North Dakota","Summit League",14669,"2012-13"
"North Dakota St.","Summit League",14668,"2012-13"
"North Florida","ASUN",14815,"2012-13"
"North Texas","C-USA",14670,"2012-13"
"Northeastern","CAA",14672,"2012-13"
"Northern Ariz.","Big Sky",14673,"2012-13"
"Northern Colo.","Big Sky",14674,"2012-13"
"Northern Ky.","Horizon",14677,"2012-13"
"Northwestern","Big Ten",14679,"2012-13"
"Northwestern St.","Southland",14678,"2012-13"
"Notre Dame","ACC",14680,"2012-13"
"Oakland","Horizon",14681,"2012-13"
"Ohio","MAC",14683,"2012-13"
"Ohio St.","Big Ten",14682,"2012-13"
"Oklahoma","Big 12",14685,"2012-13"
"Oklahoma St.","Big 12",14684,"2012-13"
"Old Dominion","C-USA",14686,"2012-13"
"Ole Miss","SEC",14639,"2012-13"
"Omaha","Summit League",14654,"2012-13"
"Oral Roberts","Summit League",14687,"2012-13"
"Oregon","Pac-12",14689,"2012-13"
"Oregon St.","Pac-12",14688,"2012-13"
"Pacific","WCC",14690,"2012-13"
"Penn","Ivy League",14693,"2012-13"
"Penn St.","Big Ten",14692,"2012-13"
"Pepperdine","WCC",14694,"2012-13"
"Pittsburgh","ACC",14695,"2012-13"
"Portland","WCC",14697,"2012-13"
"Portland St.","Big Sky",14696,"2012-13"
"Prairie View","SWAC",14698,"2012-13"
"Presbyterian","Big South",14810,"2012-13"
"Princeton","Ivy League",14699,"2012-13"
"Providence","Big East",14700,"2012-13"
"Purdue","Big Ten",14701,"2012-13"
"Purdue Fort Wayne","Summit League",14594,"2012-13"
"Quinnipiac","MAAC",14702,"2012-13"
"Radford","Big South",14703,"2012-13"
"Rhode Island","Atlantic 10",14704,"2012-13"
"Rice","C-USA",14705,"2012-13"
"Richmond","Atlantic 10",14706,"2012-13"
"Rider","MAAC",14707,"2012-13"
"Robert Morris","NEC",14708,"2012-13"
"Rutgers","Big Ten",14709,"2012-13"
"SFA","Southland",14748,"2012-13"
"SIUE","OVC",14739,"2012-13"
"SMU","AAC",14740,"2012-13"
"Sacramento St.","Big Sky",14515,"2012-13"
"Sacred Heart","NEC",14710,"2012-13"
"Saint Francis (PA)","NEC",14713,"2012-13"
"Saint Joseph's","Atlantic 10",14715,"2012-13"
"Saint Louis","Atlantic 10",14716,"2012-13"
"Saint Mary's (CA)","WCC",14717,"2012-13"
"Saint Peter's","MAAC",14718,"2012-13"
"Sam Houston","Southland",14719,"2012-13"
"Samford","SoCon",14720,"2012-13"
"San Diego","WCC",14722,"2012-13"
"San Diego St.","MWC",14721,"2012-13"
"San Francisco","WCC",14723,"2012-13"
"San Jose St.","MWC",14724,"2012-13"
"Santa Clara","WCC",14725,"2012-13"
"Savannah St.","MEAC",14726,"2012-13"
"Seattle U","WAC",14811,"2012-13"
"Seton Hall","Big East",14727,"2012-13"
"Siena","MAAC",14728,"2012-13"
"South Alabama","Sun Belt",14729,"2012-13"
"South Carolina","SEC",14731,"2012-13"
"South Carolina St.","MEAC",14730,"2012-13"
"South Dakota","Summit League",14733,"2012-13"
"South Dakota St.","Summit League",14732,"2012-13"
"South Fla.","AAC",14734,"2012-13"
"Southeast Mo. St.","OVC",14735,"2012-13"
"Southeastern La.","Southland",14736,"2012-13"
"Southern California","Pac-12",14737,"2012-13"
"Southern Ill.","MVC",14738,"2012-13"
"Southern Miss.","C-USA",14741,"2012-13"
"Southern U.","SWAC",14742,"2012-13"
"Southern Utah","Big Sky",14743,"2012-13"
"St. Bonaventure","Atlantic 10",14711,"2012-13"
"St. Francis Brooklyn","NEC",14712,"2012-13"
"St. John's (NY)","Big East",14714,"2012-13"
"Stanford","Pac-12",14747,"2012-13"
"Stetson","ASUN",14749,"2012-13"
"Stony Brook","America East",14750,"2012-13"
"Syracuse","ACC",14751,"2012-13"
"TCU","Big 12",14759,"2012-13"
"Temple","AAC",14752,"2012-13"
"Tennessee","SEC",14756,"2012-13"
"Tennessee St.","OVC",14753,"2012-13"
"Tennessee Tech","OVC",14754,"2012-13"
"Texas","Big 12",14763,"2012-13"
"Texas A&M","SEC",14758,"2012-13"
"Texas Southern","SWAC",14760,"2012-13"
"Texas St.","Sun Belt",14745,"2012-13"
"Texas Tech","Big 12",14761,"2012-13"
"The Citadel","SoCon",14529,"2012-13"
"Toledo","MAC",14766,"2012-13"
"Towson","CAA",14767,"2012-13"
"Troy","Sun Belt",14768,"2012-13"
"Tulane","AAC",14769,"2012-13"
"Tulsa","AAC",14770,"2012-13"
"UAB","C-USA",14481,"2012-13"
"UAlbany","America East",14482,"2012-13"
"UC Davis","Big West",14518,"2012-13"
"UC Irvine","Big West",14519,"2012-13"
"UC Riverside","Big West",14521,"2012-13"
"UC Santa Barbara","Big West",14516,"2012-13"
"UCF","AAC",14525,"2012-13"
"UCLA","Pac-12",14520,"2012-13"
"UConn","AAC",14537,"2012-13"
"UIC","Horizon",14591,"2012-13"
"ULM","Sun Belt",14671,"2012-13"
"UMBC","America East",14624,"2012-13"
"UMES","MEAC",14626,"2012-13"
"UNC Asheville","Big South",14648,"2012-13"
"UNC Greensboro","SoCon",14651,"2012-13"
"UNCW","CAA",14652,"2012-13"
"UNI","MVC",14676,"2012-13"
"UNLV","MWC",14655,"2012-13"
"USC Upstate","Big South",14817,"2012-13"
"UT Arlington","Sun Belt",14762,"2012-13"
"UT Martin","OVC",14757,"2012-13"
"UTEP","C-USA",14764,"2012-13"
"UTRGV","WAC",14691,"2012-13"
"UTSA","C-USA",14765,"2012-13"
"Utah","Pac-12",14775,"2012-13"
"Utah St.","MWC",14774,"2012-13"
"Utah Valley","WAC",14823,"2012-13"
"VCU","Atlantic 10",14780,"2012-13"
"VMI","SoCon",14781,"2012-13"
"Valparaiso","MVC",14776,"2012-13"
"Vanderbilt","SEC",14777,"2012-13"
"Vermont","America East",14778,"2012-13"
"Villanova","Big East",14779,"2012-13"
"Virginia","ACC",14783,"2012-13"
"Virginia Tech","ACC",14782,"2012-13"
"Wagner","NEC",14784,"2012-13"
"Wake Forest","ACC",14785,"2012-13"
"Washington","Pac-12",14787,"2012-13"
"Washington St.","Pac-12",14786,"2012-13"
"Weber St.","Big Sky",14788,"2012-13"
"West Virginia","Big 12",14789,"2012-13"
"Western Caro.","SoCon",14790,"2012-13"
"Western Ill.","Summit League",14791,"2012-13"
"Western Ky.","C-USA",14792,"2012-13"
"Western Mich.","MAC",14793,"2012-13"
"Wichita St.","AAC",14794,"2012-13"
"William & Mary","CAA",14795,"2012-13"
"Winthrop","Big South",14796,"2012-13"
"Wisconsin","Big Ten",14798,"2012-13"
"Wofford","SoCon",14816,"2012-13"
"Wright St.","Horizon",14800,"2012-13"
"Wyoming","MWC",14801,"2012-13"
"Xavier","Big East",14802,"2012-13"
"Yale","Ivy League",14803,"2012-13"
"Youngstown St.","Horizon",14804,"2012-13"
"A&M-Corpus Christi","Southland",57342,"2011-12"
"Air Force","MWC",57293,"2011-12"
"Akron","MAC",57001,"2011-12"
"Alabama","SEC",57004,"2011-12"
"Alabama A&M","SWAC",57002,"2011-12"
"Alabama St.","SWAC",57003,"2011-12"
"Alcorn","SWAC",57007,"2011-12"
"American","Patriot",57008,"2011-12"
"App State","Sun Belt",57009,"2011-12"
"Arizona","Pac-12",57011,"2011-12"
"Arizona St.","Pac-12",57010,"2011-12"
"Ark.-Pine Bluff","SWAC",57334,"2011-12"
"Arkansas","SEC",57013,"2011-12"
"Arkansas St.","Sun Belt",57012,"2011-12"
"Army West Point","Patriot",57294,"2011-12"
"Auburn","SEC",57015,"2011-12"
"Austin Peay","OVC",57016,"2011-12"
"BYU","WCC",57027,"2011-12"
"Ball St.","MAC",57017,"2011-12"
"Baylor","Big 12",57019,"2011-12"
"Belmont","OVC",57340,"2011-12"
"Bethune-Cookman","MEAC",57020,"2011-12"
"Binghamton","America East",57021,"2011-12"
"Boise St.","MWC",57022,"2011-12"
"Boston College","ACC",57023,"2011-12"
"Boston U.","Patriot",57024,"2011-12"
"Bowling Green","MAC",57025,"2011-12"
"Bradley","MVC",57026,"2011-12"
"Brown","Ivy League",57028,"2011-12"
"Bryant","NEC",57029,"2011-12"
"Bucknell","Patriot",57030,"2011-12"
"Buffalo","MAC",57031,"2011-12"
"Butler","Big East",57032,"2011-12"
"CSU Bakersfield","WAC",57034,"2011-12"
"CSUN","Big West",57038,"2011-12"
"Cal Poly","Big West",57033,"2011-12"
"Cal St. Fullerton","Big West",57036,"2011-12"
"California","Pac-12",57041,"2011-12"
"Campbell","Big South",57046,"2011-12"
"Canisius","MAAC",57047,"2011-12"
"Central Ark.","Southland",57327,"2011-12"
"Central Conn. St.","NEC",57048,"2011-12"
"Central Mich.","MAC",57050,"2011-12"
"Charleston So.","Big South",57018,"2011-12"
"Charlotte","C-USA",57174,"2011-12"
"Chattanooga","SoCon",57277,"2011-12"
"Chicago St.","WAC",57051,"2011-12"
"Cincinnati","AAC",57052,"2011-12"
"Clemson","ACC",57054,"2011-12"
"Cleveland St.","Horizon",57055,"2011-12"
"Coastal Carolina","Sun Belt",57056,"2011-12"
"Col. of Charleston","CAA",57328,"2011-12"
"Colgate","Patriot",57057,"2011-12"
"Colorado","Pac-12",57059,"2011-12"
"Colorado St.","MWC",57058,"2011-12"
"Columbia","Ivy League",57060,"2011-12"
"Coppin St.","MEAC",57062,"2011-12"
"Cornell","Ivy League",57063,"2011-12"
"Creighton","Big East",57064,"2011-12"
"Dartmouth","Ivy League",57065,"2011-12"
"Davidson","Atlantic 10",57066,"2011-12"
"Dayton","Atlantic 10",57067,"2011-12"
"DePaul","Big East",57068,"2011-12"
"Delaware","CAA",57070,"2011-12"
"Delaware St.","MEAC",57069,"2011-12"
"Denver","Summit League",57071,"2011-12"
"Detroit Mercy","Horizon",57072,"2011-12"
"Drake","MVC",57073,"2011-12"
"Drexel","CAA",57074,"2011-12"
"Duke","ACC",57075,"2011-12"
"Duquesne","Atlantic 10",57076,"2011-12"
"ETSU","SoCon",57078,"2011-12"
"East Carolina","AAC",57077,"2011-12"
"Eastern Ill.","OVC",57079,"2011-12"
"Eastern Ky.","OVC",57080,"2011-12"
"Eastern Mich.","MAC",57081,"2011-12"
"Eastern Wash.","Big Sky",57082,"2011-12"
"Elon","CAA",57329,"2011-12"
"Evansville","MVC",57083,"2011-12"
"FGCU","ASUN",57344,"2011-12"
"FIU","C-USA",57088,"2011-12"
"Fairfield","MAAC",57084,"2011-12"
"Fairleigh Dickinson","NEC",57085,"2011-12"
"Fla. Atlantic","C-USA",57087,"2011-12"
"Florida","SEC",57090,"2011-12"
"Florida A&M","MEAC",57086,"2011-12"
"Florida St.","ACC",57089,"2011-12"
"Fordham","Atlantic 10",57091,"2011-12"
"Fresno St.","MWC",57035,"2011-12"
"Furman","SoCon",57092,"2011-12"
"Ga. Southern","Sun Belt",57096,"2011-12"
"Gardner-Webb","Big South",57330,"2011-12"
"George Mason","Atlantic 10",57093,"2011-12"
"George Washington","Atlantic 10",57094,"2011-12"
"Georgetown","Big East",57095,"2011-12"
"Georgia","SEC",57099,"2011-12"
"Georgia St.","Sun Belt",57097,"2011-12"
"Georgia Tech","ACC",57098,"2011-12"
"Gonzaga","WCC",57100,"2011-12"
"Grambling","SWAC",57101,"2011-12"
"Green Bay","Horizon",57319,"2011-12"
"Hampton","Big South",57102,"2011-12"
"Hartford","America East",57103,"2011-12"
"Harvard","Ivy League",57104,"2011-12"
"Hawaii","Big West",57105,"2011-12"
"High Point","Big South",57341,"2011-12"
"Hofstra","CAA",57106,"2011-12"
"Holy Cross","Patriot",57107,"2011-12"
"Houston","AAC",57109,"2011-12"
"Houston Christian","Southland",57108,"2011-12"
"Howard","MEAC",57110,"2011-12"
"IUPUI","Horizon",57335,"2011-12"
"Idaho","Big Sky",57112,"2011-12"
"Idaho St.","Big Sky",57111,"2011-12"
"Illinois","Big Ten",57114,"2011-12"
"Illinois St.","MVC",57113,"2011-12"
"Indiana","Big Ten",57117,"2011-12"
"Indiana St.","MVC",57116,"2011-12"
"Iona","MAAC",57119,"2011-12"
"Iowa","Big Ten",57121,"2011-12"
"Iowa St.","Big 12",57120,"2011-12"
"Jackson St.","SWAC",57122,"2011-12"
"Jacksonville","ASUN",57124,"2011-12"
"Jacksonville St.","OVC",57123,"2011-12"
"James Madison","CAA",57125,"2011-12"
"Kansas","Big 12",57127,"2011-12"
"Kansas City","WAC",57336,"2011-12"
"Kansas St.","Big 12",57126,"2011-12"
"Kennesaw St.","ASUN",57331,"2011-12"
"Kent St.","MAC",57128,"2011-12"
"Kentucky","SEC",57129,"2011-12"
"LIU","NEC",57135,"2011-12"
"LMU (CA)","WCC",57141,"2011-12"
"LSU","SEC",57137,"2011-12"
"La Salle","Atlantic 10",57130,"2011-12"
"Lafayette","Patriot",57131,"2011-12"
"Lamar University","Southland",57132,"2011-12"
"Lehigh","Patriot",57133,"2011-12"
"Liberty","ASUN",57134,"2011-12"
"Lipscomb","ASUN",57343,"2011-12"
"Little Rock","Sun Belt",57014,"2011-12"
"Long Beach St.","Big West",57037,"2011-12"
"Longwood","Big South",57136,"2011-12"
"Louisiana","Sun Belt",57268,"2011-12"
"Louisiana Tech","C-USA",57138,"2011-12"
"Louisville","ACC",57139,"2011-12"
"Loyola Chicago","MVC",57142,"2011-12"
"Loyola Maryland","Patriot",57140,"2011-12"
"Maine","America East",57143,"2011-12"
"Manhattan","MAAC",57144,"2011-12"
"Marist","MAAC",57145,"2011-12"
"Marquette","Big East",57146,"2011-12"
"Marshall","C-USA",57147,"2011-12"
"Maryland","Big Ten",57149,"2011-12"
"Massachusetts","Atlantic 10",57151,"2011-12"
"McNeese","Southland",57152,"2011-12"
"Memphis","AAC",57153,"2011-12"
"Mercer","SoCon",57154,"2011-12"
"Miami (FL)","ACC",57156,"2011-12"
"Miami (OH)","MAC",57155,"2011-12"
"Michigan","Big Ten",57158,"2011-12"
"Michigan St.","Big Ten",57157,"2011-12"
"Middle Tenn.","C-USA",57159,"2011-12"
"Milwaukee","Horizon",57321,"2011-12"
"Minnesota","Big Ten",57160,"2011-12"
"Mississippi St.","SEC",57161,"2011-12"
"Mississippi Val.","SWAC",57162,"2011-12"
"Missouri","SEC",57164,"2011-12"
"Missouri St.","MVC",57266,"2011-12"
"Monmouth","MAAC",57165,"2011-12"
"Montana","Big Sky",57167,"2011-12"
"Montana St.","Big Sky",57166,"2011-12"
"Morehead St.","OVC",57168,"2011-12"
"Morgan St.","MEAC",57169,"2011-12"
"Mount St. Mary's","NEC",57170,"2011-12"
"Murray St.","OVC",57171,"2011-12"
"N.C. A&T","MEAC",57188,"2011-12"
"N.C. Central","MEAC",57189,"2011-12"
"NC State","ACC",57190,"2011-12"
"NIU","MAC",57198,"2011-12"
"NJIT","ASUN",57182,"2011-12"
"Navy","Patriot",57295,"2011-12"
"Nebraska","Big Ten",57177,"2011-12"
"Nevada","MWC",57180,"2011-12"
"New Hampshire","America East",57181,"2011-12"
"New Mexico","MWC",57184,"2011-12"
"New Mexico St.","WAC",57183,"2011-12"
"Niagara","MAAC",57185,"2011-12"
"Nicholls","Southland",57186,"2011-12"
"Norfolk St.","MEAC",57187,"2011-12"
"North Carolina","ACC",57173,"2011-12"
"North Dakota","Summit League",57192,"2011-12"
"North Dakota St.","Summit League",57191,"2011-12"
"North Florida","ASUN",57337,"2011-12"
"North Texas","C-USA",57193,"2011-12"
"Northeastern","CAA",57195,"2011-12"
"Northern Ariz.","Big Sky",57196,"2011-12"
"Northern Colo.","Big Sky",57197,"2011-12"
"Northwestern","Big Ten",57201,"2011-12"
"Northwestern St.","Southland",57200,"2011-12"
"Notre Dame","ACC",57202,"2011-12"
"Oakland","Horizon",57203,"2011-12"
"Ohio","MAC",57205,"2011-12"
"Ohio St.","Big Ten",57204,"2011-12"
"Oklahoma","Big 12",57207,"2011-12"
"Oklahoma St.","Big 12",57206,"2011-12"
"Old Dominion","C-USA",57208,"2011-12"
"Ole Miss","SEC",57163,"2011-12"
"Omaha","Summit League",57178,"2011-12"
"Oral Roberts","Summit League",57209,"2011-12"
"Oregon","Pac-12",57211,"2011-12"
"Oregon St.","Pac-12",57210,"2011-12"
"Pacific","WCC",57212,"2011-12"
"Penn","Ivy League",57215,"2011-12"
"Penn St.","Big Ten",57214,"2011-12"
"Pepperdine","WCC",57216,"2011-12"
"Pittsburgh","ACC",57217,"2011-12"
"Portland","WCC",57219,"2011-12"
"Portland St.","Big Sky",57218,"2011-12"
"Prairie View","SWAC",57220,"2011-12"
"Presbyterian","Big South",57332,"2011-12"
"Princeton","Ivy League",57221,"2011-12"
"Providence","Big East",57222,"2011-12"
"Purdue","Big Ten",57223,"2011-12"
"Purdue Fort Wayne","Summit League",57118,"2011-12"
"Quinnipiac","MAAC",57224,"2011-12"
"Radford","Big South",57225,"2011-12"
"Rhode Island","Atlantic 10",57226,"2011-12"
"Rice","C-USA",57227,"2011-12"
"Richmond","Atlantic 10",57228,"2011-12"
"Rider","MAAC",57229,"2011-12"
"Robert Morris","NEC",57230,"2011-12"
"Rutgers","Big Ten",57231,"2011-12"
"SFA","Southland",57270,"2011-12"
"SIUE","OVC",57261,"2011-12"
"SMU","AAC",57262,"2011-12"
"Sacramento St.","Big Sky",57039,"2011-12"
"Sacred Heart","NEC",57232,"2011-12"
"Saint Francis (PA)","NEC",57235,"2011-12"
"Saint Joseph's","Atlantic 10",57237,"2011-12"
"Saint Louis","Atlantic 10",57238,"2011-12"
"Saint Mary's (CA)","WCC",57239,"2011-12"
"Saint Peter's","MAAC",57240,"2011-12"
"Sam Houston","Southland",57241,"2011-12"
"Samford","SoCon",57242,"2011-12"
"San Diego","WCC",57244,"2011-12"
"San Diego St.","MWC",57243,"2011-12"
"San Francisco","WCC",57245,"2011-12"
"San Jose St.","MWC",57246,"2011-12"
"Santa Clara","WCC",57247,"2011-12"
"Savannah St.","MEAC",57248,"2011-12"
"Seattle U","WAC",57333,"2011-12"
"Seton Hall","Big East",57249,"2011-12"
"Siena","MAAC",57250,"2011-12"
"South Alabama","Sun Belt",57251,"2011-12"
"South Carolina","SEC",57253,"2011-12"
"South Carolina St.","MEAC",57252,"2011-12"
"South Dakota","Summit League",57255,"2011-12"
"South Dakota St.","Summit League",57254,"2011-12"
"South Fla.","AAC",57256,"2011-12"
"Southeast Mo. St.","OVC",57257,"2011-12"
"Southeastern La.","Southland",57258,"2011-12"
"Southern California","Pac-12",57259,"2011-12"
"Southern Ill.","MVC",57260,"2011-12"
"Southern Miss.","C-USA",57263,"2011-12"
"Southern U.","SWAC",57264,"2011-12"
"Southern Utah","Big Sky",57265,"2011-12"
"St. Bonaventure","Atlantic 10",57233,"2011-12"
"St. Francis Brooklyn","NEC",57234,"2011-12"
"St. John's (NY)","Big East",57236,"2011-12"
"Stanford","Pac-12",57269,"2011-12"
"Stetson","ASUN",57271,"2011-12"
"Stony Brook","America East",57272,"2011-12"
"Syracuse","ACC",57273,"2011-12"
"TCU","Big 12",57281,"2011-12"
"Temple","AAC",57274,"2011-12"
"Tennessee","SEC",57278,"2011-12"
"Tennessee St.","OVC",57275,"2011-12"
"Tennessee Tech","OVC",57276,"2011-12"
"Texas","Big 12",57285,"2011-12"
"Texas A&M","SEC",57280,"2011-12"
"Texas Southern","SWAC",57282,"2011-12"
"Texas St.","Sun Belt",57267,"2011-12"
"Texas Tech","Big 12",57283,"2011-12"
"The Citadel","SoCon",57053,"2011-12"
"Toledo","MAC",57288,"2011-12"
"Towson","CAA",57289,"2011-12"
"Troy","Sun Belt",57290,"2011-12"
"Tulane","AAC",57291,"2011-12"
"Tulsa","AAC",57292,"2011-12"
"UAB","C-USA",57005,"2011-12"
"UAlbany","America East",57006,"2011-12"
"UC Davis","Big West",57042,"2011-12"
"UC Irvine","Big West",57043,"2011-12"
"UC Riverside","Big West",57045,"2011-12"
"UC Santa Barbara","Big West",57040,"2011-12"
"UCF","AAC",57049,"2011-12"
"UCLA","Pac-12",57044,"2011-12"
"UConn","AAC",57061,"2011-12"
"UIC","Horizon",57115,"2011-12"
"ULM","Sun Belt",57194,"2011-12"
"UMBC","America East",57148,"2011-12"
"UMES","MEAC",57150,"2011-12"
"UNC Asheville","Big South",57172,"2011-12"
"UNC Greensboro","SoCon",57175,"2011-12"
"UNCW","CAA",57176,"2011-12"
"UNI","MVC",57199,"2011-12"
"UNLV","MWC",57179,"2011-12"
"USC Upstate","Big South",57339,"2011-12"
"UT Arlington","Sun Belt",57284,"2011-12"
"UT Martin","OVC",57279,"2011-12"
"UTEP","C-USA",57286,"2011-12"
"UTRGV","WAC",57213,"2011-12"
"UTSA","C-USA",57287,"2011-12"
"Utah","Pac-12",57297,"2011-12"
"Utah St.","MWC",57296,"2011-12"
"Utah Valley","WAC",57345,"2011-12"
"VCU","Atlantic 10",57302,"2011-12"
"VMI","SoCon",57303,"2011-12"
"Valparaiso","MVC",57298,"2011-12"
"Vanderbilt","SEC",57299,"2011-12"
"Vermont","America East",57300,"2011-12"
"Villanova","Big East",57301,"2011-12"
"Virginia","ACC",57305,"2011-12"
"Virginia Tech","ACC",57304,"2011-12"
"Wagner","NEC",57306,"2011-12"
"Wake Forest","ACC",57307,"2011-12"
"Washington","Pac-12",57309,"2011-12"
"Washington St.","Pac-12",57308,"2011-12"
"Weber St.","Big Sky",57310,"2011-12"
"West Virginia","Big 12",57311,"2011-12"
"Western Caro.","SoCon",57312,"2011-12"
"Western Ill.","Summit League",57313,"2011-12"
"Western Ky.","C-USA",57314,"2011-12"
"Western Mich.","MAC",57315,"2011-12"
"Wichita St.","AAC",57316,"2011-12"
"William & Mary","CAA",57317,"2011-12"
"Winthrop","Big South",57318,"2011-12"
"Wisconsin","Big Ten",57320,"2011-12"
"Wofford","SoCon",57338,"2011-12"
"Wright St.","Horizon",57322,"2011-12"
"Wyoming","MWC",57323,"2011-12"
"Xavier","Big East",57324,"2011-12"
"Yale","Ivy League",57325,"2011-12"
"Youngstown St.","Horizon",57326,"2011-12"
"A&M-Corpus Christi","Southland",28588,"2010-11"
"Air Force","MWC",28539,"2010-11"
"Akron","MAC",28246,"2010-11"
"Alabama","SEC",28249,"2010-11"
"Alabama A&M","SWAC",28247,"2010-11"
"Alabama St.","SWAC",28248,"2010-11"
"Alcorn","SWAC",28252,"2010-11"
"American","Patriot",28253,"2010-11"
"App State","Sun Belt",28254,"2010-11"
"Arizona","Pac-12",28256,"2010-11"
"Arizona St.","Pac-12",28255,"2010-11"
"Ark.-Pine Bluff","SWAC",28580,"2010-11"
"Arkansas","SEC",28258,"2010-11"
"Arkansas St.","Sun Belt",28257,"2010-11"
"Army West Point","Patriot",28540,"2010-11"
"Auburn","SEC",28260,"2010-11"
"Austin Peay","OVC",28261,"2010-11"
"BYU","WCC",28272,"2010-11"
"Ball St.","MAC",28262,"2010-11"
"Baylor","Big 12",28264,"2010-11"
"Belmont","OVC",28586,"2010-11"
"Bethune-Cookman","MEAC",28265,"2010-11"
"Binghamton","America East",28266,"2010-11"
"Boise St.","MWC",28267,"2010-11"
"Boston College","ACC",28268,"2010-11"
"Boston U.","Patriot",28269,"2010-11"
"Bowling Green","MAC",28270,"2010-11"
"Bradley","MVC",28271,"2010-11"
"Brown","Ivy League",28273,"2010-11"
"Bryant","NEC",28274,"2010-11"
"Bucknell","Patriot",28275,"2010-11"
"Buffalo","MAC",28276,"2010-11"
"Butler","Big East",28277,"2010-11"
"CSU Bakersfield","WAC",28279,"2010-11"
"CSUN","Big West",28283,"2010-11"
"Cal Poly","Big West",28278,"2010-11"
"Cal St. Fullerton","Big West",28281,"2010-11"
"California","Pac-12",28286,"2010-11"
"Campbell","Big South",28291,"2010-11"
"Canisius","MAAC",28292,"2010-11"
"Central Ark.","Southland",28573,"2010-11"
"Central Conn. St.","NEC",28294,"2010-11"
"Central Mich.","MAC",28296,"2010-11"
"Charleston So.","Big South",28263,"2010-11"
"Charlotte","C-USA",28420,"2010-11"
"Chattanooga","SoCon",28523,"2010-11"
"Chicago St.","WAC",28297,"2010-11"
"Cincinnati","AAC",28298,"2010-11"
"Clemson","ACC",28300,"2010-11"
"Cleveland St.","Horizon",28301,"2010-11"
"Coastal Carolina","Sun Belt",28302,"2010-11"
"Col. of Charleston","CAA",28574,"2010-11"
"Colgate","Patriot",28303,"2010-11"
"Colorado","Pac-12",28305,"2010-11"
"Colorado St.","MWC",28304,"2010-11"
"Columbia","Ivy League",28306,"2010-11"
"Coppin St.","MEAC",28308,"2010-11"
"Cornell","Ivy League",28309,"2010-11"
"Creighton","Big East",28310,"2010-11"
"Dartmouth","Ivy League",28311,"2010-11"
"Davidson","Atlantic 10",28312,"2010-11"
"Dayton","Atlantic 10",28313,"2010-11"
"DePaul","Big East",28314,"2010-11"
"Delaware","CAA",28316,"2010-11"
"Delaware St.","MEAC",28315,"2010-11"
"Denver","Summit League",28317,"2010-11"
"Detroit Mercy","Horizon",28318,"2010-11"
"Drake","MVC",28319,"2010-11"
"Drexel","CAA",28320,"2010-11"
"Duke","ACC",28321,"2010-11"
"Duquesne","Atlantic 10",28322,"2010-11"
"ETSU","SoCon",28324,"2010-11"
"East Carolina","AAC",28323,"2010-11"
"Eastern Ill.","OVC",28325,"2010-11"
"Eastern Ky.","OVC",28326,"2010-11"
"Eastern Mich.","MAC",28327,"2010-11"
"Eastern Wash.","Big Sky",28328,"2010-11"
"Elon","CAA",28575,"2010-11"
"Evansville","MVC",28329,"2010-11"
"FGCU","ASUN",28590,"2010-11"
"FIU","C-USA",28334,"2010-11"
"Fairfield","MAAC",28330,"2010-11"
"Fairleigh Dickinson","NEC",28331,"2010-11"
"Fla. Atlantic","C-USA",28333,"2010-11"
"Florida","SEC",28336,"2010-11"
"Florida A&M","MEAC",28332,"2010-11"
"Florida St.","ACC",28335,"2010-11"
"Fordham","Atlantic 10",28337,"2010-11"
"Fresno St.","MWC",28280,"2010-11"
"Furman","SoCon",28338,"2010-11"
"Ga. Southern","Sun Belt",28342,"2010-11"
"Gardner-Webb","Big South",28576,"2010-11"
"George Mason","Atlantic 10",28339,"2010-11"
"George Washington","Atlantic 10",28340,"2010-11"
"Georgetown","Big East",28341,"2010-11"
"Georgia","SEC",28345,"2010-11"
"Georgia St.","Sun Belt",28343,"2010-11"
"Georgia Tech","ACC",28344,"2010-11"
"Gonzaga","WCC",28346,"2010-11"
"Grambling","SWAC",28347,"2010-11"
"Green Bay","Horizon",28565,"2010-11"
"Hampton","Big South",28348,"2010-11"
"Hartford","America East",28349,"2010-11"
"Harvard","Ivy League",28350,"2010-11"
"Hawaii","Big West",28351,"2010-11"
"High Point","Big South",28587,"2010-11"
"Hofstra","CAA",28352,"2010-11"
"Holy Cross","Patriot",28353,"2010-11"
"Houston","AAC",28355,"2010-11"
"Houston Christian","Southland",28354,"2010-11"
"Howard","MEAC",28356,"2010-11"
"IUPUI","Horizon",28581,"2010-11"
"Idaho","Big Sky",28358,"2010-11"
"Idaho St.","Big Sky",28357,"2010-11"
"Illinois","Big Ten",28360,"2010-11"
"Illinois St.","MVC",28359,"2010-11"
"Indiana","Big Ten",28363,"2010-11"
"Indiana St.","MVC",28362,"2010-11"
"Iona","MAAC",28365,"2010-11"
"Iowa","Big Ten",28367,"2010-11"
"Iowa St.","Big 12",28366,"2010-11"
"Jackson St.","SWAC",28368,"2010-11"
"Jacksonville","ASUN",28370,"2010-11"
"Jacksonville St.","OVC",28369,"2010-11"
"James Madison","CAA",28371,"2010-11"
"Kansas","Big 12",28373,"2010-11"
"Kansas City","WAC",28582,"2010-11"
"Kansas St.","Big 12",28372,"2010-11"
"Kennesaw St.","ASUN",28577,"2010-11"
"Kent St.","MAC",28374,"2010-11"
"Kentucky","SEC",28375,"2010-11"
"LIU","NEC",28381,"2010-11"
"LMU (CA)","WCC",28387,"2010-11"
"LSU","SEC",28383,"2010-11"
"La Salle","Atlantic 10",28376,"2010-11"
"Lafayette","Patriot",28377,"2010-11"
"Lamar University","Southland",28378,"2010-11"
"Lehigh","Patriot",28379,"2010-11"
"Liberty","ASUN",28380,"2010-11"
"Lipscomb","ASUN",28589,"2010-11"
"Little Rock","Sun Belt",28259,"2010-11"
"Long Beach St.","Big West",28282,"2010-11"
"Longwood","Big South",28382,"2010-11"
"Louisiana","Sun Belt",28514,"2010-11"
"Louisiana Tech","C-USA",28384,"2010-11"
"Louisville","ACC",28385,"2010-11"
"Loyola Chicago","MVC",28388,"2010-11"
"Loyola Maryland","Patriot",28386,"2010-11"
"Maine","America East",28389,"2010-11"
"Manhattan","MAAC",28390,"2010-11"
"Marist","MAAC",28391,"2010-11"
"Marquette","Big East",28392,"2010-11"
"Marshall","C-USA",28393,"2010-11"
"Maryland","Big Ten",28395,"2010-11"
"Massachusetts","Atlantic 10",28397,"2010-11"
"McNeese","Southland",28398,"2010-11"
"Memphis","AAC",28399,"2010-11"
"Mercer","SoCon",28400,"2010-11"
"Miami (FL)","ACC",28402,"2010-11"
"Miami (OH)","MAC",28401,"2010-11"
"Michigan","Big Ten",28404,"2010-11"
"Michigan St.","Big Ten",28403,"2010-11"
"Middle Tenn.","C-USA",28405,"2010-11"
"Milwaukee","Horizon",28567,"2010-11"
"Minnesota","Big Ten",28406,"2010-11"
"Mississippi St.","SEC",28407,"2010-11"
"Mississippi Val.","SWAC",28408,"2010-11"
"Missouri","SEC",28410,"2010-11"
"Missouri St.","MVC",28512,"2010-11"
"Monmouth","MAAC",28411,"2010-11"
"Montana","Big Sky",28413,"2010-11"
"Montana St.","Big Sky",28412,"2010-11"
"Morehead St.","OVC",28414,"2010-11"
"Morgan St.","MEAC",28415,"2010-11"
"Mount St. Mary's","NEC",28416,"2010-11"
"Murray St.","OVC",28417,"2010-11"
"N.C. A&T","MEAC",28434,"2010-11"
"N.C. Central","MEAC",28435,"2010-11"
"NC State","ACC",28436,"2010-11"
"NIU","MAC",28444,"2010-11"
"NJIT","ASUN",28427,"2010-11"
"Navy","Patriot",28541,"2010-11"
"Nebraska","Big Ten",28423,"2010-11"
"Nevada","MWC",28425,"2010-11"
"New Hampshire","America East",28426,"2010-11"
"New Mexico","MWC",28429,"2010-11"
"New Mexico St.","WAC",28428,"2010-11"
"Niagara","MAAC",28431,"2010-11"
"Nicholls","Southland",28432,"2010-11"
"Norfolk St.","MEAC",28433,"2010-11"
"North Carolina","ACC",28419,"2010-11"
"North Dakota","Summit League",28438,"2010-11"
"North Dakota St.","Summit League",28437,"2010-11"
"North Florida","ASUN",28583,"2010-11"
"North Texas","C-USA",28439,"2010-11"
"Northeastern","CAA",28441,"2010-11"
"Northern Ariz.","Big Sky",28442,"2010-11"
"Northern Colo.","Big Sky",28443,"2010-11"
"Northwestern","Big Ten",28447,"2010-11"
"Northwestern St.","Southland",28446,"2010-11"
"Notre Dame","ACC",28448,"2010-11"
"Oakland","Horizon",28449,"2010-11"
"Ohio","MAC",28451,"2010-11"
"Ohio St.","Big Ten",28450,"2010-11"
"Oklahoma","Big 12",28453,"2010-11"
"Oklahoma St.","Big 12",28452,"2010-11"
"Old Dominion","C-USA",28454,"2010-11"
"Ole Miss","SEC",28409,"2010-11"
"Oral Roberts","Summit League",28455,"2010-11"
"Oregon","Pac-12",28457,"2010-11"
"Oregon St.","Pac-12",28456,"2010-11"
"Pacific","WCC",28458,"2010-11"
"Penn","Ivy League",28461,"2010-11"
"Penn St.","Big Ten",28460,"2010-11"
"Pepperdine","WCC",28462,"2010-11"
"Pittsburgh","ACC",28463,"2010-11"
"Portland","WCC",28465,"2010-11"
"Portland St.","Big Sky",28464,"2010-11"
"Prairie View","SWAC",28466,"2010-11"
"Presbyterian","Big South",28578,"2010-11"
"Princeton","Ivy League",28467,"2010-11"
"Providence","Big East",28468,"2010-11"
"Purdue","Big Ten",28469,"2010-11"
"Purdue Fort Wayne","Summit League",28364,"2010-11"
"Quinnipiac","MAAC",28470,"2010-11"
"Radford","Big South",28471,"2010-11"
"Rhode Island","Atlantic 10",28472,"2010-11"
"Rice","C-USA",28473,"2010-11"
"Richmond","Atlantic 10",28474,"2010-11"
"Rider","MAAC",28475,"2010-11"
"Robert Morris","NEC",28476,"2010-11"
"Rutgers","Big Ten",28477,"2010-11"
"SFA","Southland",28516,"2010-11"
"SIUE","OVC",28507,"2010-11"
"SMU","AAC",28508,"2010-11"
"Sacramento St.","Big Sky",28284,"2010-11"
"Sacred Heart","NEC",28478,"2010-11"
"Saint Francis (PA)","NEC",28481,"2010-11"
"Saint Joseph's","Atlantic 10",28483,"2010-11"
"Saint Louis","Atlantic 10",28484,"2010-11"
"Saint Mary's (CA)","WCC",28485,"2010-11"
"Saint Peter's","MAAC",28486,"2010-11"
"Sam Houston","Southland",28487,"2010-11"
"Samford","SoCon",28488,"2010-11"
"San Diego","WCC",28490,"2010-11"
"San Diego St.","MWC",28489,"2010-11"
"San Francisco","WCC",28491,"2010-11"
"San Jose St.","MWC",28492,"2010-11"
"Santa Clara","WCC",28493,"2010-11"
"Savannah St.","MEAC",28494,"2010-11"
"Seattle U","WAC",28579,"2010-11"
"Seton Hall","Big East",28495,"2010-11"
"Siena","MAAC",28496,"2010-11"
"South Alabama","Sun Belt",28497,"2010-11"
"South Carolina","SEC",28499,"2010-11"
"South Carolina St.","MEAC",28498,"2010-11"
"South Dakota","Summit League",28501,"2010-11"
"South Dakota St.","Summit League",28500,"2010-11"
"South Fla.","AAC",28502,"2010-11"
"Southeast Mo. St.","OVC",28503,"2010-11"
"Southeastern La.","Southland",28504,"2010-11"
"Southern California","Pac-12",28505,"2010-11"
"Southern Ill.","MVC",28506,"2010-11"
"Southern Miss.","C-USA",28509,"2010-11"
"Southern U.","SWAC",28510,"2010-11"
"Southern Utah","Big Sky",28511,"2010-11"
"St. Bonaventure","Atlantic 10",28479,"2010-11"
"St. Francis Brooklyn","NEC",28480,"2010-11"
"St. John's (NY)","Big East",28482,"2010-11"
"Stanford","Pac-12",28515,"2010-11"
"Stetson","ASUN",28517,"2010-11"
"Stony Brook","America East",28518,"2010-11"
"Syracuse","ACC",28519,"2010-11"
"TCU","Big 12",28527,"2010-11"
"Temple","AAC",28520,"2010-11"
"Tennessee","SEC",28524,"2010-11"
"Tennessee St.","OVC",28521,"2010-11"
"Tennessee Tech","OVC",28522,"2010-11"
"Texas","Big 12",28531,"2010-11"
"Texas A&M","SEC",28526,"2010-11"
"Texas Southern","SWAC",28528,"2010-11"
"Texas St.","Sun Belt",28513,"2010-11"
"Texas Tech","Big 12",28529,"2010-11"
"The Citadel","SoCon",28299,"2010-11"
"Toledo","MAC",28534,"2010-11"
"Towson","CAA",28535,"2010-11"
"Troy","Sun Belt",28536,"2010-11"
"Tulane","AAC",28537,"2010-11"
"Tulsa","AAC",28538,"2010-11"
"UAB","C-USA",28250,"2010-11"
"UAlbany","America East",28251,"2010-11"
"UC Davis","Big West",28287,"2010-11"
"UC Irvine","Big West",28288,"2010-11"
"UC Riverside","Big West",28290,"2010-11"
"UC Santa Barbara","Big West",28285,"2010-11"
"UCF","AAC",28295,"2010-11"
"UCLA","Pac-12",28289,"2010-11"
"UConn","AAC",28307,"2010-11"
"UIC","Horizon",28361,"2010-11"
"ULM","Sun Belt",28440,"2010-11"
"UMBC","America East",28394,"2010-11"
"UMES","MEAC",28396,"2010-11"
"UNC Asheville","Big South",28418,"2010-11"
"UNC Greensboro","SoCon",28421,"2010-11"
"UNCW","CAA",28422,"2010-11"
"UNI","MVC",28445,"2010-11"
"UNLV","MWC",28424,"2010-11"
"USC Upstate","Big South",28585,"2010-11"
"UT Arlington","Sun Belt",28530,"2010-11"
"UT Martin","OVC",28525,"2010-11"
"UTEP","C-USA",28532,"2010-11"
"UTRGV","WAC",28459,"2010-11"
"UTSA","C-USA",28533,"2010-11"
"Utah","Pac-12",28543,"2010-11"
"Utah St.","MWC",28542,"2010-11"
"Utah Valley","WAC",28591,"2010-11"
"VCU","Atlantic 10",28548,"2010-11"
"VMI","SoCon",28549,"2010-11"
"Valparaiso","MVC",28544,"2010-11"
"Vanderbilt","SEC",28545,"2010-11"
"Vermont","America East",28546,"2010-11"
"Villanova","Big East",28547,"2010-11"
"Virginia","ACC",28551,"2010-11"
"Virginia Tech","ACC",28550,"2010-11"
"Wagner","NEC",28552,"2010-11"
"Wake Forest","ACC",28553,"2010-11"
"Washington","Pac-12",28555,"2010-11"
"Washington St.","Pac-12",28554,"2010-11"
"Weber St.","Big Sky",28556,"2010-11"
"West Virginia","Big 12",28557,"2010-11"
"Western Caro.","SoCon",28558,"2010-11"
"Western Ill.","Summit League",28559,"2010-11"
"Western Ky.","C-USA",28560,"2010-11"
"Western Mich.","MAC",28561,"2010-11"
"Wichita St.","AAC",28562,"2010-11"
"William & Mary","CAA",28563,"2010-11"
"Winthrop","Big South",28564,"2010-11"
"Wisconsin","Big Ten",28566,"2010-11"
"Wofford","SoCon",28584,"2010-11"
"Wright St.","Horizon",28568,"2010-11"
"Wyoming","MWC",28569,"2010-11"
"Xavier","Big East",28570,"2010-11"
"Yale","Ivy League",28571,"2010-11"
"Youngstown St.","Horizon",28572,"2010-11"
"A&M-Corpus Christi","Southland",51431,"2009-10"
"Air Force","MWC",51381,"2009-10"
"Akron","MAC",51088,"2009-10"
"Alabama","SEC",51091,"2009-10"
"Alabama A&M","SWAC",51089,"2009-10"
"Alabama St.","SWAC",51090,"2009-10"
"Alcorn","SWAC",51094,"2009-10"
"American","Patriot",51095,"2009-10"
"App State","Sun Belt",51096,"2009-10"
"Arizona","Pac-12",51098,"2009-10"
"Arizona St.","Pac-12",51097,"2009-10"
"Ark.-Pine Bluff","SWAC",51423,"2009-10"
"Arkansas","SEC",51100,"2009-10"
"Arkansas St.","Sun Belt",51099,"2009-10"
"Army West Point","Patriot",51382,"2009-10"
"Auburn","SEC",51102,"2009-10"
"Austin Peay","OVC",51103,"2009-10"
"BYU","WCC",51114,"2009-10"
"Ball St.","MAC",51104,"2009-10"
"Baylor","Big 12",51106,"2009-10"
"Belmont","OVC",51429,"2009-10"
"Bethune-Cookman","MEAC",51107,"2009-10"
"Binghamton","America East",51108,"2009-10"
"Boise St.","MWC",51109,"2009-10"
"Boston College","ACC",51110,"2009-10"
"Boston U.","Patriot",51111,"2009-10"
"Bowling Green","MAC",51112,"2009-10"
"Bradley","MVC",51113,"2009-10"
"Brown","Ivy League",51115,"2009-10"
"Bryant","NEC",51116,"2009-10"
"Bucknell","Patriot",51117,"2009-10"
"Buffalo","MAC",51118,"2009-10"
"Butler","Big East",51119,"2009-10"
"CSU Bakersfield","WAC",51121,"2009-10"
"CSUN","Big West",51125,"2009-10"
"Cal Poly","Big West",51120,"2009-10"
"Cal St. Fullerton","Big West",51123,"2009-10"
"California","Pac-12",51128,"2009-10"
"Campbell","Big South",51133,"2009-10"
"Canisius","MAAC",51134,"2009-10"
"Central Ark.","Southland",51416,"2009-10"
"Central Conn. St.","NEC",51136,"2009-10"
"Central Mich.","MAC",51138,"2009-10"
"Charleston So.","Big South",51105,"2009-10"
"Charlotte","C-USA",51262,"2009-10"
"Chattanooga","SoCon",51365,"2009-10"
"Chicago St.","WAC",51139,"2009-10"
"Cincinnati","AAC",51140,"2009-10"
"Clemson","ACC",51142,"2009-10"
"Cleveland St.","Horizon",51143,"2009-10"
"Coastal Carolina","Sun Belt",51144,"2009-10"
"Col. of Charleston","CAA",51417,"2009-10"
"Colgate","Patriot",51145,"2009-10"
"Colorado","Pac-12",51147,"2009-10"
"Colorado St.","MWC",51146,"2009-10"
"Columbia","Ivy League",51148,"2009-10"
"Coppin St.","MEAC",51150,"2009-10"
"Cornell","Ivy League",51151,"2009-10"
"Creighton","Big East",51152,"2009-10"
"Dartmouth","Ivy League",51153,"2009-10"
"Davidson","Atlantic 10",51154,"2009-10"
"Dayton","Atlantic 10",51155,"2009-10"
"DePaul","Big East",51156,"2009-10"
"Delaware","CAA",51158,"2009-10"
"Delaware St.","MEAC",51157,"2009-10"
"Denver","Summit League",51159,"2009-10"
"Detroit Mercy","Horizon",51160,"2009-10"
"Drake","MVC",51161,"2009-10"
"Drexel","CAA",51162,"2009-10"
"Duke","ACC",51163,"2009-10"
"Duquesne","Atlantic 10",51164,"2009-10"
"ETSU","SoCon",51166,"2009-10"
"East Carolina","AAC",51165,"2009-10"
"Eastern Ill.","OVC",51167,"2009-10"
"Eastern Ky.","OVC",51168,"2009-10"
"Eastern Mich.","MAC",51169,"2009-10"
"Eastern Wash.","Big Sky",51170,"2009-10"
"Elon","CAA",51418,"2009-10"
"Evansville","MVC",51171,"2009-10"
"FGCU","ASUN",51433,"2009-10"
"FIU","C-USA",51176,"2009-10"
"Fairfield","MAAC",51172,"2009-10"
"Fairleigh Dickinson","NEC",51173,"2009-10"
"Fla. Atlantic","C-USA",51175,"2009-10"
"Florida","SEC",51178,"2009-10"
"Florida A&M","MEAC",51174,"2009-10"
"Florida St.","ACC",51177,"2009-10"
"Fordham","Atlantic 10",51179,"2009-10"
"Fresno St.","MWC",51122,"2009-10"
"Furman","SoCon",51180,"2009-10"
"Ga. Southern","Sun Belt",51184,"2009-10"
"Gardner-Webb","Big South",51419,"2009-10"
"George Mason","Atlantic 10",51181,"2009-10"
"George Washington","Atlantic 10",51182,"2009-10"
"Georgetown","Big East",51183,"2009-10"
"Georgia","SEC",51187,"2009-10"
"Georgia St.","Sun Belt",51185,"2009-10"
"Georgia Tech","ACC",51186,"2009-10"
"Gonzaga","WCC",51188,"2009-10"
"Grambling","SWAC",51189,"2009-10"
"Green Bay","Horizon",51408,"2009-10"
"Hampton","Big South",51190,"2009-10"
"Hartford","America East",51191,"2009-10"
"Harvard","Ivy League",51192,"2009-10"
"Hawaii","Big West",51193,"2009-10"
"High Point","Big South",51430,"2009-10"
"Hofstra","CAA",51194,"2009-10"
"Holy Cross","Patriot",51195,"2009-10"
"Houston","AAC",51197,"2009-10"
"Houston Christian","Southland",51196,"2009-10"
"Howard","MEAC",51198,"2009-10"
"IUPUI","Horizon",51424,"2009-10"
"Idaho","Big Sky",51200,"2009-10"
"Idaho St.","Big Sky",51199,"2009-10"
"Illinois","Big Ten",51202,"2009-10"
"Illinois St.","MVC",51201,"2009-10"
"Indiana","Big Ten",51205,"2009-10"
"Indiana St.","MVC",51204,"2009-10"
"Iona","MAAC",51207,"2009-10"
"Iowa","Big Ten",51209,"2009-10"
"Iowa St.","Big 12",51208,"2009-10"
"Jackson St.","SWAC",51210,"2009-10"
"Jacksonville","ASUN",51212,"2009-10"
"Jacksonville St.","OVC",51211,"2009-10"
"James Madison","CAA",51213,"2009-10"
"Kansas","Big 12",51215,"2009-10"
"Kansas City","WAC",51425,"2009-10"
"Kansas St.","Big 12",51214,"2009-10"
"Kennesaw St.","ASUN",51420,"2009-10"
"Kent St.","MAC",51216,"2009-10"
"Kentucky","SEC",51217,"2009-10"
"LIU","NEC",51223,"2009-10"
"LMU (CA)","WCC",51229,"2009-10"
"LSU","SEC",51225,"2009-10"
"La Salle","Atlantic 10",51218,"2009-10"
"Lafayette","Patriot",51219,"2009-10"
"Lamar University","Southland",51220,"2009-10"
"Lehigh","Patriot",51221,"2009-10"
"Liberty","ASUN",51222,"2009-10"
"Lipscomb","ASUN",51432,"2009-10"
"Little Rock","Sun Belt",51101,"2009-10"
"Long Beach St.","Big West",51124,"2009-10"
"Longwood","Big South",51224,"2009-10"
"Louisiana","Sun Belt",51356,"2009-10"
"Louisiana Tech","C-USA",51226,"2009-10"
"Louisville","ACC",51227,"2009-10"
"Loyola Chicago","MVC",51230,"2009-10"
"Loyola Maryland","Patriot",51228,"2009-10"
"Maine","America East",51231,"2009-10"
"Manhattan","MAAC",51232,"2009-10"
"Marist","MAAC",51233,"2009-10"
"Marquette","Big East",51234,"2009-10"
"Marshall","C-USA",51235,"2009-10"
"Maryland","Big Ten",51237,"2009-10"
"Massachusetts","Atlantic 10",51239,"2009-10"
"McNeese","Southland",51240,"2009-10"
"Memphis","AAC",51241,"2009-10"
"Mercer","SoCon",51242,"2009-10"
"Miami (FL)","ACC",51244,"2009-10"
"Miami (OH)","MAC",51243,"2009-10"
"Michigan","Big Ten",51246,"2009-10"
"Michigan St.","Big Ten",51245,"2009-10"
"Middle Tenn.","C-USA",51247,"2009-10"
"Milwaukee","Horizon",51410,"2009-10"
"Minnesota","Big Ten",51248,"2009-10"
"Mississippi St.","SEC",51249,"2009-10"
"Mississippi Val.","SWAC",51250,"2009-10"
"Missouri","SEC",51252,"2009-10"
"Missouri St.","MVC",51354,"2009-10"
"Monmouth","MAAC",51253,"2009-10"
"Montana","Big Sky",51255,"2009-10"
"Montana St.","Big Sky",51254,"2009-10"
"Morehead St.","OVC",51256,"2009-10"
"Morgan St.","MEAC",51257,"2009-10"
"Mount St. Mary's","NEC",51258,"2009-10"
"Murray St.","OVC",51259,"2009-10"
"N.C. A&T","MEAC",51276,"2009-10"
"N.C. Central","MEAC",51277,"2009-10"
"NC State","ACC",51278,"2009-10"
"NIU","MAC",51286,"2009-10"
"NJIT","ASUN",51269,"2009-10"
"Navy","Patriot",51383,"2009-10"
"Nebraska","Big Ten",51265,"2009-10"
"Nevada","MWC",51267,"2009-10"
"New Hampshire","America East",51268,"2009-10"
"New Mexico","MWC",51271,"2009-10"
"New Mexico St.","WAC",51270,"2009-10"
"New Orleans","Southland",51272,"2009-10"
"Niagara","MAAC",51273,"2009-10"
"Nicholls","Southland",51274,"2009-10"
"Norfolk St.","MEAC",51275,"2009-10"
"North Carolina","ACC",51261,"2009-10"
"North Dakota","Summit League",51280,"2009-10"
"North Dakota St.","Summit League",51279,"2009-10"
"North Florida","ASUN",51426,"2009-10"
"North Texas","C-USA",51281,"2009-10"
"Northeastern","CAA",51283,"2009-10"
"Northern Ariz.","Big Sky",51284,"2009-10"
"Northern Colo.","Big Sky",51285,"2009-10"
"Northwestern","Big Ten",51289,"2009-10"
"Northwestern St.","Southland",51288,"2009-10"
"Notre Dame","ACC",51290,"2009-10"
"Oakland","Horizon",51291,"2009-10"
"Ohio","MAC",51293,"2009-10"
"Ohio St.","Big Ten",51292,"2009-10"
"Oklahoma","Big 12",51295,"2009-10"
"Oklahoma St.","Big 12",51294,"2009-10"
"Old Dominion","C-USA",51296,"2009-10"
"Ole Miss","SEC",51251,"2009-10"
"Oral Roberts","Summit League",51297,"2009-10"
"Oregon","Pac-12",51299,"2009-10"
"Oregon St.","Pac-12",51298,"2009-10"
"Pacific","WCC",51300,"2009-10"
"Penn","Ivy League",51303,"2009-10"
"Penn St.","Big Ten",51302,"2009-10"
"Pepperdine","WCC",51304,"2009-10"
"Pittsburgh","ACC",51305,"2009-10"
"Portland","WCC",51307,"2009-10"
"Portland St.","Big Sky",51306,"2009-10"
"Prairie View","SWAC",51308,"2009-10"
"Presbyterian","Big South",51421,"2009-10"
"Princeton","Ivy League",51309,"2009-10"
"Providence","Big East",51310,"2009-10"
"Purdue","Big Ten",51311,"2009-10"
"Purdue Fort Wayne","Summit League",51206,"2009-10"
"Quinnipiac","MAAC",51312,"2009-10"
"Radford","Big South",51313,"2009-10"
"Rhode Island","Atlantic 10",51314,"2009-10"
"Rice","C-USA",51315,"2009-10"
"Richmond","Atlantic 10",51316,"2009-10"
"Rider","MAAC",51317,"2009-10"
"Robert Morris","NEC",51318,"2009-10"
"Rutgers","Big Ten",51319,"2009-10"
"SFA","Southland",51358,"2009-10"
"SIUE","OVC",51349,"2009-10"
"SMU","AAC",51350,"2009-10"
"Sacramento St.","Big Sky",51126,"2009-10"
"Sacred Heart","NEC",51320,"2009-10"
"Saint Francis (PA)","NEC",51323,"2009-10"
"Saint Joseph's","Atlantic 10",51325,"2009-10"
"Saint Louis","Atlantic 10",51326,"2009-10"
"Saint Mary's (CA)","WCC",51327,"2009-10"
"Saint Peter's","MAAC",51328,"2009-10"
"Sam Houston","Southland",51329,"2009-10"
"Samford","SoCon",51330,"2009-10"
"San Diego","WCC",51332,"2009-10"
"San Diego St.","MWC",51331,"2009-10"
"San Francisco","WCC",51333,"2009-10"
"San Jose St.","MWC",51334,"2009-10"
"Santa Clara","WCC",51335,"2009-10"
"Savannah St.","MEAC",51336,"2009-10"
"Seattle U","WAC",51422,"2009-10"
"Seton Hall","Big East",51337,"2009-10"
"Siena","MAAC",51338,"2009-10"
"South Alabama","Sun Belt",51339,"2009-10"
"South Carolina","SEC",51341,"2009-10"
"South Carolina St.","MEAC",51340,"2009-10"
"South Dakota","Summit League",51343,"2009-10"
"South Dakota St.","Summit League",51342,"2009-10"
"South Fla.","AAC",51344,"2009-10"
"Southeast Mo. St.","OVC",51345,"2009-10"
"Southeastern La.","Southland",51346,"2009-10"
"Southern California","Pac-12",51347,"2009-10"
"Southern Ill.","MVC",51348,"2009-10"
"Southern Miss.","C-USA",51351,"2009-10"
"Southern U.","SWAC",51352,"2009-10"
"Southern Utah","Big Sky",51353,"2009-10"
"St. Bonaventure","Atlantic 10",51321,"2009-10"
"St. Francis Brooklyn","NEC",51322,"2009-10"
"St. John's (NY)","Big East",51324,"2009-10"
"Stanford","Pac-12",51357,"2009-10"
"Stetson","ASUN",51359,"2009-10"
"Stony Brook","America East",51360,"2009-10"
"Syracuse","ACC",51361,"2009-10"
"TCU","Big 12",51369,"2009-10"
"Temple","AAC",51362,"2009-10"
"Tennessee","SEC",51366,"2009-10"
"Tennessee St.","OVC",51363,"2009-10"
"Tennessee Tech","OVC",51364,"2009-10"
"Texas","Big 12",51373,"2009-10"
"Texas A&M","SEC",51368,"2009-10"
"Texas Southern","SWAC",51370,"2009-10"
"Texas St.","Sun Belt",51355,"2009-10"
"Texas Tech","Big 12",51371,"2009-10"
"The Citadel","SoCon",51141,"2009-10"
"Toledo","MAC",51376,"2009-10"
"Towson","CAA",51377,"2009-10"
"Troy","Sun Belt",51378,"2009-10"
"Tulane","AAC",51379,"2009-10"
"Tulsa","AAC",51380,"2009-10"
"UAB","C-USA",51092,"2009-10"
"UAlbany","America East",51093,"2009-10"
"UC Davis","Big West",51129,"2009-10"
"UC Irvine","Big West",51130,"2009-10"
"UC Riverside","Big West",51132,"2009-10"
"UC Santa Barbara","Big West",51127,"2009-10"
"UCF","AAC",51137,"2009-10"
"UCLA","Pac-12",51131,"2009-10"
"UConn","AAC",51149,"2009-10"
"UIC","Horizon",51203,"2009-10"
"ULM","Sun Belt",51282,"2009-10"
"UMBC","America East",51236,"2009-10"
"UMES","MEAC",51238,"2009-10"
"UNC Asheville","Big South",51260,"2009-10"
"UNC Greensboro","SoCon",51263,"2009-10"
"UNCW","CAA",51264,"2009-10"
"UNI","MVC",51287,"2009-10"
"UNLV","MWC",51266,"2009-10"
"USC Upstate","Big South",51428,"2009-10"
"UT Arlington","Sun Belt",51372,"2009-10"
"UT Martin","OVC",51367,"2009-10"
"UTEP","C-USA",51374,"2009-10"
"UTRGV","WAC",51301,"2009-10"
"UTSA","C-USA",51375,"2009-10"
"Utah","Pac-12",51385,"2009-10"
"Utah St.","MWC",51384,"2009-10"
"Utah Valley","WAC",51434,"2009-10"
"VCU","Atlantic 10",51390,"2009-10"
"VMI","SoCon",51391,"2009-10"
"Valparaiso","MVC",51386,"2009-10"
"Vanderbilt","SEC",51387,"2009-10"
"Vermont","America East",51388,"2009-10"
"Villanova","Big East",51389,"2009-10"
"Virginia","ACC",51393,"2009-10"
"Virginia Tech","ACC",51392,"2009-10"
"Wagner","NEC",51394,"2009-10"
"Wake Forest","ACC",51395,"2009-10"
"Washington","Pac-12",51397,"2009-10"
"Washington St.","Pac-12",51396,"2009-10"
"Weber St.","Big Sky",51398,"2009-10"
"West Virginia","Big 12",51399,"2009-10"
"Western Caro.","SoCon",51400,"2009-10"
"Western Ill.","Summit League",51401,"2009-10"
"Western Ky.","C-USA",51402,"2009-10"
"Western Mich.","MAC",51403,"2009-10"
"Wichita St.","AAC",51404,"2009-10"
"William & Mary","CAA",51405,"2009-10"
"Winthrop","Big South",51407,"2009-10"
"Wisconsin","Big Ten",51409,"2009-10"
"Wofford","SoCon",51427,"2009-10"
"Wright St.","Horizon",51411,"2009-10"
"Wyoming","MWC",51412,"2009-10"
"Xavier","Big East",51413,"2009-10"
"Yale","Ivy League",51414,"2009-10"
"Youngstown St.","Horizon",51415,"2009-10"
