season,espn_team_id,conference_id,espn_conference_id,espn_conference_name,ncaa_conference
2002,103,wbb:big-east,4,Big East Conference,Big East
2002,104,wbb:america-east,1,America East Conference,America East
2002,107,wbb:patriot,22,Patriot League,Patriot
2002,108,wbb:ivy,12,Ivy League,Ivy League
2002,111,wbb:america-east,1,America East Conference,America East
2002,113,wbb:atlantic-10,3,Atlantic 10 Conference,Atlantic 10
2002,116,wbb:nec,19,Northeast Conference,NEC
2002,119,wbb:caa,10,Colonial Athletic Association,CAA
2002,12,wbb:pac-12,21,Pacific-10 Conference,Pac-12
2002,120,wbb:acc,2,Atlantic Coast Conference,ACC
2002,127,wbb:big-ten,7,Big Ten Conference,Big Ten
2002,13,wbb:big-west,9,Big West Conference,Big West
2002,130,wbb:big-ten,7,Big Ten Conference,Big Ten
2002,135,wbb:big-ten,7,Big Ten Conference,Big Ten
2002,139,wbb:cusa,11,Conference USA,C-USA
2002,142,wbb:big-12,8,Big 12 Conference,Big 12
2002,145,wbb:sec,23,Southeastern Conference,SEC
2002,147,wbb:big-sky,5,Big Sky Conference,Big Sky
2002,149,wbb:big-sky,5,Big Sky Conference,Big Sky
2002,150,wbb:acc,2,Atlantic Coast Conference,ACC
2002,151,wbb:cusa,11,Conference USA,C-USA
2002,152,wbb:acc,2,Atlantic Coast Conference,ACC
2002,153,wbb:acc,2,Atlantic Coast Conference,ACC
2002,154,wbb:acc,2,Atlantic Coast Conference,ACC
2002,156,wbb:mvc,18,Missouri Valley Conference,MVC
2002,158,wbb:big-12,8,Big 12 Conference,Big 12
2002,159,wbb:ivy,12,Ivy League,Ivy League
2002,16,wbb:big-sky,5,Big Sky Conference,Big Sky
2002,160,wbb:america-east,1,America East Conference,America East
2002,161,wbb:nec,19,Northeast Conference,NEC
2002,163,wbb:ivy,12,Ivy League,Ivy League
2002,164,wbb:big-east,4,Big East Conference,Big East
2002,166,wbb:sun-belt,27,Sun Belt Conference,Sun Belt
2002,167,wbb:mountain-west,44,Mountain West Conference,Mountain West
2002,171,wbb:ivy,12,Ivy League,Ivy League
2002,172,wbb:ivy,12,Ivy League,Ivy League
2002,179,wbb:atlantic-10,3,Atlantic 10 Conference,Atlantic 10
2002,183,wbb:big-east,4,Big East Conference,Big East
2002,189,wbb:mac,14,Mid-American Conference,MAC
2002,193,wbb:mac,14,Mid-American Conference,MAC
2002,194,wbb:big-ten,7,Big Ten Conference,Big Ten
2002,195,wbb:mac,14,Mid-American Conference,MAC
2002,197,wbb:big-12,8,Big 12 Conference,Big 12
2002,2,wbb:sec,23,Southeastern Conference,SEC
2002,2005,wbb:mountain-west,44,Mountain West Conference,Mountain West
2002,2006,wbb:mac,14,Mid-American Conference,MAC
2002,201,wbb:big-12,8,Big 12 Conference,Big 12
2002,2010,wbb:swac,26,Southwestern Athletic Conference,SWAC
2002,2011,wbb:swac,26,Southwestern Athletic Conference,SWAC
2002,2016,wbb:swac,26,Southwestern Athletic Conference,SWAC
2002,202,wbb:wac,30,Western Athletic Conference,WAC
2002,2026,wbb:socon,24,Southern Conference,SoCon
2002,2029,wbb:swac,26,Southwestern Athletic Conference,SWAC
2002,2031,wbb:sun-belt,27,Sun Belt Conference,Sun Belt
2002,2032,wbb:sun-belt,27,Sun Belt Conference,Sun Belt
2002,204,wbb:pac-12,21,Pacific-10 Conference,Pac-12
2002,2046,wbb:ovc,20,Ohio Valley Conference,OVC
2002,2050,wbb:mac,14,Mid-American Conference,MAC
2002,2057,wbb:asun,46,Atlantic Sun Conference,ASUN
2002,2065,wbb:meac,16,Mid-Eastern Athletic Conference,MEAC
2002,2066,wbb:america-east,1,America East Conference,America East
2002,2083,wbb:patriot,22,Patriot League,Patriot
2002,2084,wbb:mac,14,Mid-American Conference,MAC
2002,2086,wbb:horizon,45,Horizon League,Horizon
2002,2097,wbb:asun,46,Atlantic Sun Conference,ASUN
2002,2099,wbb:maac,13,Metro Atlantic Athletic Conference,MAAC
2002,21,wbb:mountain-west,44,Mountain West Conference,Mountain West
2002,2113,wbb:independents,43,Division I Independents,-
2002,2115,wbb:nec,19,Northeast Conference,NEC
2002,2116,wbb:asun,46,Atlantic Sun Conference,ASUN
2002,2117,wbb:mac,14,Mid-American Conference,MAC
2002,2127,wbb:big-south,6,Big South Conference,Big South
2002,213,wbb:big-ten,7,Big Ten Conference,Big Ten
2002,2132,wbb:cusa,11,Conference USA,C-USA
2002,2142,wbb:patriot,22,Patriot League,Patriot
2002,2154,wbb:meac,16,Mid-Eastern Athletic Conference,MEAC
2002,2166,wbb:socon,24,Southern Conference,SoCon
2002,2168,wbb:atlantic-10,3,Atlantic 10 Conference,Atlantic 10
2002,2169,wbb:meac,16,Mid-Eastern Athletic Conference,MEAC
2002,2172,wbb:sun-belt,27,Sun Belt Conference,Sun Belt
2002,2174,wbb:horizon,45,Horizon League,Horizon
2002,218,wbb:atlantic-10,3,Atlantic 10 Conference,Atlantic 10
2002,2181,wbb:mvc,18,Missouri Valley Conference,MVC
2002,2182,wbb:caa,10,Colonial Athletic Association,CAA
2002,2184,wbb:atlantic-10,3,Atlantic 10 Conference,Atlantic 10
2002,219,wbb:ivy,12,Ivy League,Ivy League
2002,2193,wbb:socon,24,Southern Conference,SoCon
2002,2197,wbb:ovc,20,Ohio Valley Conference,OVC
2002,2198,wbb:ovc,20,Ohio Valley Conference,OVC
2002,2199,wbb:mac,14,Mid-American Conference,MAC
2002,221,wbb:big-east,4,Big East Conference,Big East
2002,2210,wbb:big-south,6,Big South Conference,Big South
2002,2217,wbb:maac,13,Metro Atlantic Athletic Conference,MAAC
2002,222,wbb:big-east,4,Big East Conference,Big East
2002,2226,wbb:asun,46,Atlantic Sun Conference,ASUN
2002,2229,wbb:sun-belt,27,Sun Belt Conference,Sun Belt
2002,2230,wbb:atlantic-10,3,Atlantic 10 Conference,Atlantic 10
2002,2239,wbb:big-west,9,Big West Conference,Big West
2002,2241,wbb:independents,43,Division I Independents,-
2002,2244,wbb:caa,10,Colonial Athletic Association,CAA
2002,2247,wbb:asun,46,Atlantic Sun Conference,ASUN
2002,225,wbb:ivy,12,Ivy League,Ivy League
2002,2250,wbb:wcc,29,West Coast Conference,WCC
2002,2261,wbb:meac,16,Mid-Eastern Athletic Conference,MEAC
2002,227,wbb:atlantic-10,3,Atlantic 10 Conference,Atlantic 10
2002,2272,wbb:big-south,6,Big South Conference,Big South
2002,2275,wbb:caa,10,Colonial Athletic Association,CAA
2002,228,wbb:acc,2,Atlantic Coast Conference,ACC
2002,2287,wbb:mvc,18,Missouri Valley Conference,MVC
2002,2294,wbb:big-ten,7,Big Ten Conference,Big Ten
2002,2296,wbb:swac,26,Southwestern Athletic Conference,SWAC
2002,23,wbb:wac,30,Western Athletic Conference,WAC
2002,2305,wbb:big-12,8,Big 12 Conference,Big 12
2002,2306,wbb:big-12,8,Big 12 Conference,Big 12
2002,2309,wbb:mac,14,Mid-American Conference,MAC
2002,231,wbb:socon,24,Southern Conference,SoCon
2002,232,wbb:socon,24,Southern Conference,SoCon
2002,2320,wbb:southland,25,Southland Conference,Southland
2002,2325,wbb:atlantic-10,3,Atlantic 10 Conference,Atlantic 10
2002,2329,wbb:patriot,22,Patriot League,Patriot
2002,2335,wbb:big-south,6,Big South Conference,Big South
2002,2341,wbb:nec,19,Northeast Conference,NEC
2002,2348,wbb:wac,30,Western Athletic Conference,WAC
2002,235,wbb:cusa,11,Conference USA,C-USA
2002,2350,wbb:horizon,45,Horizon League,Horizon
2002,2351,wbb:wcc,29,West Coast Conference,WCC
2002,2352,wbb:maac,13,Metro Atlantic Athletic Conference,MAAC
2002,236,wbb:socon,24,Southern Conference,SoCon
2002,2363,wbb:maac,13,Metro Atlantic Athletic Conference,MAAC
2002,2368,wbb:maac,13,Metro Atlantic Athletic Conference,MAAC
2002,2377,wbb:southland,25,Southland Conference,Southland
2002,2378,wbb:nec,19,Northeast Conference,NEC
2002,2379,wbb:meac,16,Mid-Eastern Athletic Conference,MEAC
2002,238,wbb:sec,23,Southeastern Conference,SEC
2002,2382,wbb:asun,46,Atlantic Sun Conference,ASUN
2002,239,wbb:big-12,8,Big 12 Conference,Big 12
2002,2390,wbb:big-east,4,Big East Conference,Big East
2002,2393,wbb:sun-belt,27,Sun Belt Conference,Sun Belt
2002,24,wbb:pac-12,21,Pacific-10 Conference,Pac-12
2002,2400,wbb:swac,26,Southwestern Athletic Conference,SWAC
2002,2405,wbb:nec,19,Northeast Conference,NEC
2002,2413,wbb:ovc,20,Ohio Valley Conference,OVC
2002,2415,wbb:meac,16,Mid-Eastern Athletic Conference,MEAC
2002,242,wbb:wac,30,Western Athletic Conference,WAC
2002,2426,wbb:patriot,22,Patriot League,Patriot
2002,2427,wbb:big-south,6,Big South Conference,Big South
2002,2429,wbb:cusa,11,Conference USA,C-USA
2002,2430,wbb:socon,24,Southern Conference,SoCon
2002,2433,wbb:southland,25,Southland Conference,Southland
2002,2439,wbb:mountain-west,44,Mountain West Conference,Mountain West
2002,2440,wbb:wac,30,Western Athletic Conference,WAC
2002,2443,wbb:sun-belt,27,Sun Belt Conference,Sun Belt
2002,2447,wbb:southland,25,Southland Conference,Southland
2002,2448,wbb:meac,16,Mid-Eastern Athletic Conference,MEAC
2002,245,wbb:big-12,8,Big 12 Conference,Big 12
2002,2450,wbb:meac,16,Mid-Eastern Athletic Conference,MEAC
2002,2459,wbb:mac,14,Mid-American Conference,MAC
2002,2460,wbb:mvc,18,Missouri Valley Conference,MVC
2002,2463,wbb:big-west,9,Big West Conference,Big West
2002,2464,wbb:big-sky,5,Big Sky Conference,Big Sky
2002,2466,wbb:southland,25,Southland Conference,Southland
2002,248,wbb:cusa,11,Conference USA,C-USA
2002,2483,wbb:pac-12,21,Pacific-10 Conference,Pac-12
2002,249,wbb:sun-belt,27,Sun Belt Conference,Sun Belt
2002,2492,wbb:wcc,29,West Coast Conference,WCC
2002,25,wbb:pac-12,21,Pacific-10 Conference,Pac-12
2002,250,wbb:southland,25,Southland Conference,Southland
2002,2501,wbb:wcc,29,West Coast Conference,WCC
2002,2502,wbb:big-sky,5,Big Sky Conference,Big Sky
2002,2504,wbb:swac,26,Southwestern Athletic Conference,SWAC
2002,2507,wbb:big-east,4,Big East Conference,Big East
2002,2509,wbb:big-ten,7,Big Ten Conference,Big Ten
2002,251,wbb:big-12,8,Big 12 Conference,Big 12
2002,2514,wbb:nec,19,Northeast Conference,NEC
2002,2515,wbb:big-south,6,Big South Conference,Big South
2002,252,wbb:mountain-west,44,Mountain West Conference,Mountain West
2002,2520,wbb:maac,13,Metro Atlantic Athletic Conference,MAAC
2002,2523,wbb:nec,19,Northeast Conference,NEC
2002,2529,wbb:nec,19,Northeast Conference,NEC
2002,2534,wbb:southland,25,Southland Conference,Southland
2002,2535,wbb:asun,46,Atlantic Sun Conference,ASUN
2002,2539,wbb:wcc,29,West Coast Conference,WCC
2002,254,wbb:mountain-west,44,Mountain West Conference,Mountain West
2002,2540,wbb:big-west,9,Big West Conference,Big West
2002,2541,wbb:wcc,29,West Coast Conference,WCC
2002,2545,wbb:southland,25,Southland Conference,Southland
2002,2546,wbb:ovc,20,Ohio Valley Conference,OVC
2002,2550,wbb:big-east,4,Big East Conference,Big East
2002,256,wbb:caa,10,Colonial Athletic Association,CAA
2002,2561,wbb:maac,13,Metro Atlantic Athletic Conference,MAAC
2002,2567,wbb:wac,30,Western Athletic Conference,WAC
2002,2569,wbb:meac,16,Mid-Eastern Athletic Conference,MEAC
2002,257,wbb:atlantic-10,3,Atlantic 10 Conference,Atlantic 10
2002,2572,wbb:cusa,11,Conference USA,C-USA
2002,2579,wbb:sec,23,Southeastern Conference,SEC
2002,258,wbb:acc,2,Atlantic Coast Conference,ACC
2002,2582,wbb:swac,26,Southwestern Athletic Conference,SWAC
2002,259,wbb:big-east,4,Big East Conference,Big East
2002,2597,wbb:nec,19,Northeast Conference,NEC
2002,2598,wbb:nec,19,Northeast Conference,NEC
2002,2599,wbb:big-east,4,Big East Conference,Big East
2002,26,wbb:pac-12,21,Pacific-10 Conference,Pac-12
2002,2603,wbb:atlantic-10,3,Atlantic 10 Conference,Atlantic 10
2002,2608,wbb:wcc,29,West Coast Conference,WCC
2002,261,wbb:america-east,1,America East Conference,America East
2002,2612,wbb:maac,13,Metro Atlantic Athletic Conference,MAAC
2002,2617,wbb:southland,25,Southland Conference,Southland
2002,2619,wbb:america-east,1,America East Conference,America East
2002,2623,wbb:mvc,18,Missouri Valley Conference,MVC
2002,2628,wbb:cusa,11,Conference USA,C-USA
2002,2630,wbb:ovc,20,Ohio Valley Conference,OVC
2002,2633,wbb:sec,23,Southeastern Conference,SEC
2002,2634,wbb:ovc,20,Ohio Valley Conference,OVC
2002,2635,wbb:ovc,20,Ohio Valley Conference,OVC
2002,2636,wbb:southland,25,Southland Conference,Southland
2002,2638,wbb:wac,30,Western Athletic Conference,WAC
2002,264,wbb:pac-12,21,Pacific-10 Conference,Pac-12
2002,2640,wbb:swac,26,Southwestern Athletic Conference,SWAC
2002,2641,wbb:big-12,8,Big 12 Conference,Big 12
2002,2649,wbb:mac,14,Mid-American Conference,MAC
2002,265,wbb:pac-12,21,Pacific-10 Conference,Pac-12
2002,2653,wbb:asun,46,Atlantic Sun Conference,ASUN
2002,2655,wbb:cusa,11,Conference USA,C-USA
2002,2670,wbb:caa,10,Colonial Athletic Association,CAA
2002,2681,wbb:nec,19,Northeast Conference,NEC
2002,269,wbb:cusa,11,Conference USA,C-USA
2002,2692,wbb:big-sky,5,Big Sky Conference,Big Sky
2002,27,wbb:big-west,9,Big West Conference,Big West
2002,270,wbb:horizon,45,Horizon League,Horizon
2002,2711,wbb:mac,14,Mid-American Conference,MAC
2002,2717,wbb:socon,24,Southern Conference,SoCon
2002,2724,wbb:mvc,18,Missouri Valley Conference,MVC
2002,2729,wbb:caa,10,Colonial Athletic Association,CAA
2002,2737,wbb:big-south,6,Big South Conference,Big South
2002,2739,wbb:horizon,45,Horizon League,Horizon
2002,2747,wbb:socon,24,Southern Conference,SoCon
2002,275,wbb:big-ten,7,Big Ten Conference,Big Ten
2002,2750,wbb:horizon,45,Horizon League,Horizon
2002,2751,wbb:mountain-west,44,Mountain West Conference,Mountain West
2002,2752,wbb:atlantic-10,3,Atlantic 10 Conference,Atlantic 10
2002,2754,wbb:horizon,45,Horizon League,Horizon
2002,2755,wbb:swac,26,Southwestern Athletic Conference,SWAC
2002,276,wbb:mac,14,Mid-American Conference,MAC
2002,277,wbb:big-east,4,Big East Conference,Big East
2002,278,wbb:wac,30,Western Athletic Conference,WAC
2002,279,wbb:big-west,9,Big West Conference,Big West
2002,282,wbb:mvc,18,Missouri Valley Conference,MVC
2002,288,wbb:independents,43,Division I Independents,-
2002,290,wbb:socon,24,Southern Conference,SoCon
2002,292,wbb:independents,43,Division I Independents,-
2002,294,wbb:asun,46,Atlantic Sun Conference,ASUN
2002,295,wbb:caa,10,Colonial Athletic Association,CAA
2002,299,wbb:big-west,9,Big West Conference,Big West
2002,3,wbb:independents,43,Division I Independents,-
2002,30,wbb:pac-12,21,Pacific-10 Conference,Pac-12
2002,300,wbb:big-west,9,Big West Conference,Big West
2002,301,wbb:wcc,29,West Coast Conference,WCC
2002,304,wbb:big-sky,5,Big Sky Conference,Big Sky
2002,305,wbb:cusa,11,Conference USA,C-USA
2002,309,wbb:sun-belt,27,Sun Belt Conference,Sun Belt
2002,311,wbb:america-east,1,America East Conference,America East
2002,314,wbb:maac,13,Metro Atlantic Athletic Conference,MAAC
2002,315,wbb:maac,13,Metro Atlantic Athletic Conference,MAAC
2002,322,wbb:patriot,22,Patriot League,Patriot
2002,324,wbb:big-south,6,Big South Conference,Big South
2002,325,wbb:horizon,45,Horizon League,Horizon
2002,326,wbb:southland,25,Southland Conference,Southland
2002,328,wbb:big-west,9,Big West Conference,Big West
2002,331,wbb:big-sky,5,Big Sky Conference,Big Sky
2002,333,wbb:sec,23,Southeastern Conference,SEC
2002,339,wbb:mvc,18,Missouri Valley Conference,MVC
2002,344,wbb:sec,23,Southeastern Conference,SEC
2002,349,wbb:patriot,22,Patriot League,Patriot
2002,350,wbb:caa,10,Colonial Athletic Association,CAA
2002,356,wbb:big-ten,7,Big Ten Conference,Big Ten
2002,357,wbb:independents,43,Division I Independents,-
2002,36,wbb:mountain-west,44,Mountain West Conference,Mountain West
2002,38,wbb:big-12,8,Big 12 Conference,Big 12
2002,399,wbb:america-east,1,America East Conference,America East
2002,41,wbb:big-east,4,Big East Conference,Big East
2002,42,wbb:america-east,1,America East Conference,America East
2002,43,wbb:ivy,12,Ivy League,Ivy League
2002,44,wbb:patriot,22,Patriot League,Patriot
2002,45,wbb:atlantic-10,3,Atlantic 10 Conference,Atlantic 10
2002,46,wbb:big-east,4,Big East Conference,Big East
2002,47,wbb:meac,16,Mid-Eastern Athletic Conference,MEAC
2002,48,wbb:caa,10,Colonial Athletic Association,CAA
2002,5,wbb:cusa,11,Conference USA,C-USA
2002,50,wbb:meac,16,Mid-Eastern Athletic Conference,MEAC
2002,52,wbb:acc,2,Atlantic Coast Conference,ACC
2002,55,wbb:asun,46,Atlantic Sun Conference,ASUN
2002,56,wbb:asun,46,Atlantic Sun Conference,ASUN
2002,57,wbb:sec,23,Southeastern Conference,SEC
2002,58,wbb:cusa,11,Conference USA,C-USA
2002,59,wbb:acc,2,Atlantic Coast Conference,ACC
2002,6,wbb:sun-belt,27,Sun Belt Conference,Sun Belt
2002,61,wbb:sec,23,Southeastern Conference,SEC
2002,62,wbb:wac,30,Western Athletic Conference,WAC
2002,66,wbb:big-12,8,Big 12 Conference,Big 12
2002,68,wbb:wac,30,Western Athletic Conference,WAC
2002,70,wbb:big-west,9,Big West Conference,Big West
2002,71,wbb:mvc,18,Missouri Valley Conference,MVC
2002,77,wbb:big-ten,7,Big Ten Conference,Big Ten
2002,79,wbb:mvc,18,Missouri Valley Conference,MVC
2002,8,wbb:sec,23,Southeastern Conference,SEC
2002,82,wbb:horizon,45,Horizon League,Horizon
2002,84,wbb:big-ten,7,Big Ten Conference,Big Ten
2002,87,wbb:big-east,4,Big East Conference,Big East
2002,9,wbb:pac-12,21,Pacific-10 Conference,Pac-12
2002,93,wbb:ovc,20,Ohio Valley Conference,OVC
2002,96,wbb:sec,23,Southeastern Conference,SEC
2002,97,wbb:cusa,11,Conference USA,C-USA
2002,98,wbb:sun-belt,27,Sun Belt Conference,Sun Belt
2002,99,wbb:sec,23,Southeastern Conference,SEC
2003,103,wbb:big-east,4,Big East Conference,Big East
2003,104,wbb:america-east,1,America East Conference,America East
2003,107,wbb:patriot,22,Patriot League,Patriot
2003,108,wbb:ivy,12,Ivy League,Ivy League
2003,111,wbb:america-east,1,America East Conference,America East
2003,113,wbb:atlantic-10,3,Atlantic 10 Conference,Atlantic 10
2003,116,wbb:nec,19,Northeast Conference,NEC
2003,119,wbb:caa,10,Colonial Athletic Association,CAA
2003,12,wbb:pac-12,21,Pacific-10 Conference,Pac-12
2003,120,wbb:acc,2,Atlantic Coast Conference,ACC
2003,127,wbb:big-ten,7,Big Ten Conference,Big Ten
2003,13,wbb:big-west,9,Big West Conference,Big West
2003,130,wbb:big-ten,7,Big Ten Conference,Big Ten
2003,135,wbb:big-ten,7,Big Ten Conference,Big Ten
2003,139,wbb:cusa,11,Conference USA,C-USA
2003,142,wbb:big-12,8,Big 12 Conference,Big 12
2003,145,wbb:sec,23,Southeastern Conference,SEC
2003,147,wbb:big-sky,5,Big Sky Conference,Big Sky
2003,149,wbb:big-sky,5,Big Sky Conference,Big Sky
2003,150,wbb:acc,2,Atlantic Coast Conference,ACC
2003,151,wbb:cusa,11,Conference USA,C-USA
2003,152,wbb:acc,2,Atlantic Coast Conference,ACC
2003,153,wbb:acc,2,Atlantic Coast Conference,ACC
2003,154,wbb:acc,2,Atlantic Coast Conference,ACC
2003,156,wbb:mvc,18,Missouri Valley Conference,MVC
2003,158,wbb:big-12,8,Big 12 Conference,Big 12
2003,159,wbb:ivy,12,Ivy League,Ivy League
2003,16,wbb:big-sky,5,Big Sky Conference,Big Sky
2003,160,wbb:america-east,1,America East Conference,America East
2003,161,wbb:nec,19,Northeast Conference,NEC
2003,163,wbb:ivy,12,Ivy League,Ivy League
2003,164,wbb:big-east,4,Big East Conference,Big East
2003,166,wbb:sun-belt,27,Sun Belt Conference,Sun Belt
2003,167,wbb:mountain-west,44,Mountain West Conference,Mountain West
2003,171,wbb:ivy,12,Ivy League,Ivy League
2003,172,wbb:ivy,12,Ivy League,Ivy League
2003,179,wbb:atlantic-10,3,Atlantic 10 Conference,Atlantic 10
2003,183,wbb:big-east,4,Big East Conference,Big East
2003,189,wbb:mac,14,Mid-American Conference,MAC
2003,193,wbb:mac,14,Mid-American Conference,MAC
2003,194,wbb:big-ten,7,Big Ten Conference,Big Ten
2003,195,wbb:mac,14,Mid-American Conference,MAC
2003,197,wbb:big-12,8,Big 12 Conference,Big 12
2003,2,wbb:sec,23,Southeastern Conference,SEC
2003,2005,wbb:mountain-west,44,Mountain West Conference,Mountain West
2003,2006,wbb:mac,14,Mid-American Conference,MAC
2003,201,wbb:big-12,8,Big 12 Conference,Big 12
2003,2010,wbb:swac,26,Southwestern Athletic Conference,SWAC
2003,2011,wbb:swac,26,Southwestern Athletic Conference,SWAC
2003,2016,wbb:swac,26,Southwestern Athletic Conference,SWAC
2003,202,wbb:wac,30,Western Athletic Conference,WAC
2003,2026,wbb:socon,24,Southern Conference,SoCon
2003,2029,wbb:swac,26,Southwestern Athletic Conference,SWAC
2003,2031,wbb:sun-belt,27,Sun Belt Conference,Sun Belt
2003,2032,wbb:sun-belt,27,Sun Belt Conference,Sun Belt
2003,204,wbb:pac-12,21,Pacific-10 Conference,Pac-12
2003,2046,wbb:ovc,20,Ohio Valley Conference,OVC
2003,2050,wbb:mac,14,Mid-American Conference,MAC
2003,2057,wbb:asun,46,Atlantic Sun Conference,ASUN
2003,2065,wbb:meac,16,Mid-Eastern Athletic Conference,MEAC
2003,2066,wbb:america-east,1,America East Conference,America East
2003,2083,wbb:patriot,22,Patriot League,Patriot
2003,2084,wbb:mac,14,Mid-American Conference,MAC
2003,2086,wbb:horizon,45,Horizon League,Horizon
2003,2097,wbb:asun,46,Atlantic Sun Conference,ASUN
2003,2099,wbb:maac,13,Metro Atlantic Athletic Conference,MAAC
2003,21,wbb:mountain-west,44,Mountain West Conference,Mountain West
2003,2113,wbb:independents,43,Division I Independents,-
2003,2115,wbb:nec,19,Northeast Conference,NEC
2003,2116,wbb:asun,46,Atlantic Sun Conference,ASUN
2003,2117,wbb:mac,14,Mid-American Conference,MAC
2003,2127,wbb:big-south,6,Big South Conference,Big South
2003,213,wbb:big-ten,7,Big Ten Conference,Big Ten
2003,2132,wbb:cusa,11,Conference USA,C-USA
2003,2142,wbb:patriot,22,Patriot League,Patriot
2003,2154,wbb:meac,16,Mid-Eastern Athletic Conference,MEAC
2003,2166,wbb:socon,24,Southern Conference,SoCon
2003,2168,wbb:atlantic-10,3,Atlantic 10 Conference,Atlantic 10
2003,2169,wbb:meac,16,Mid-Eastern Athletic Conference,MEAC
2003,2172,wbb:sun-belt,27,Sun Belt Conference,Sun Belt
2003,2174,wbb:horizon,45,Horizon League,Horizon
2003,218,wbb:atlantic-10,3,Atlantic 10 Conference,Atlantic 10
2003,2181,wbb:mvc,18,Missouri Valley Conference,MVC
2003,2182,wbb:caa,10,Colonial Athletic Association,CAA
2003,2184,wbb:atlantic-10,3,Atlantic 10 Conference,Atlantic 10
2003,219,wbb:ivy,12,Ivy League,Ivy League
2003,2193,wbb:socon,24,Southern Conference,SoCon
2003,2197,wbb:ovc,20,Ohio Valley Conference,OVC
2003,2198,wbb:ovc,20,Ohio Valley Conference,OVC
2003,2199,wbb:mac,14,Mid-American Conference,MAC
2003,221,wbb:big-east,4,Big East Conference,Big East
2003,2210,wbb:big-south,6,Big South Conference,Big South
2003,2217,wbb:maac,13,Metro Atlantic Athletic Conference,MAAC
2003,222,wbb:big-east,4,Big East Conference,Big East
2003,2226,wbb:asun,46,Atlantic Sun Conference,ASUN
2003,2229,wbb:sun-belt,27,Sun Belt Conference,Sun Belt
2003,2230,wbb:atlantic-10,3,Atlantic 10 Conference,Atlantic 10
2003,2239,wbb:big-west,9,Big West Conference,Big West
2003,2241,wbb:asun,46,Atlantic Sun Conference,ASUN
2003,2244,wbb:caa,10,Colonial Athletic Association,CAA
2003,2247,wbb:asun,46,Atlantic Sun Conference,ASUN
2003,225,wbb:ivy,12,Ivy League,Ivy League
2003,2250,wbb:wcc,29,West Coast Conference,WCC
2003,2261,wbb:meac,16,Mid-Eastern Athletic Conference,MEAC
2003,227,wbb:atlantic-10,3,Atlantic 10 Conference,Atlantic 10
2003,2272,wbb:big-south,6,Big South Conference,Big South
2003,2275,wbb:caa,10,Colonial Athletic Association,CAA
2003,228,wbb:acc,2,Atlantic Coast Conference,ACC
2003,2287,wbb:mvc,18,Missouri Valley Conference,MVC
2003,2294,wbb:big-ten,7,Big Ten Conference,Big Ten
2003,2296,wbb:swac,26,Southwestern Athletic Conference,SWAC
2003,23,wbb:wac,30,Western Athletic Conference,WAC
2003,2305,wbb:big-12,8,Big 12 Conference,Big 12
2003,2306,wbb:big-12,8,Big 12 Conference,Big 12
2003,2309,wbb:mac,14,Mid-American Conference,MAC
2003,231,wbb:socon,24,Southern Conference,SoCon
2003,232,wbb:socon,24,Southern Conference,SoCon
2003,2320,wbb:southland,25,Southland Conference,Southland
2003,2325,wbb:atlantic-10,3,Atlantic 10 Conference,Atlantic 10
2003,2329,wbb:patriot,22,Patriot League,Patriot
2003,2335,wbb:big-south,6,Big South Conference,Big South
2003,2341,wbb:nec,19,Northeast Conference,NEC
2003,2348,wbb:wac,30,Western Athletic Conference,WAC
2003,235,wbb:cusa,11,Conference USA,C-USA
2003,2350,wbb:horizon,45,Horizon League,Horizon
2003,2351,wbb:wcc,29,West Coast Conference,WCC
2003,2352,wbb:maac,13,Metro Atlantic Athletic Conference,MAAC
2003,236,wbb:socon,24,Southern Conference,SoCon
2003,2363,wbb:maac,13,Metro Atlantic Athletic Conference,MAAC
2003,2368,wbb:maac,13,Metro Atlantic Athletic Conference,MAAC
2003,2377,wbb:southland,25,Southland Conference,Southland
2003,2378,wbb:nec,19,Northeast Conference,NEC
2003,2379,wbb:meac,16,Mid-Eastern Athletic Conference,MEAC
2003,238,wbb:sec,23,Southeastern Conference,SEC
2003,2382,wbb:asun,46,Atlantic Sun Conference,ASUN
2003,239,wbb:big-12,8,Big 12 Conference,Big 12
2003,2390,wbb:big-east,4,Big East Conference,Big East
2003,2393,wbb:sun-belt,27,Sun Belt Conference,Sun Belt
2003,24,wbb:pac-12,21,Pacific-10 Conference,Pac-12
2003,2400,wbb:swac,26,Southwestern Athletic Conference,SWAC
2003,2405,wbb:nec,19,Northeast Conference,NEC
2003,2413,wbb:ovc,20,Ohio Valley Conference,OVC
2003,2415,wbb:meac,16,Mid-Eastern Athletic Conference,MEAC
2003,2417,wbb:independents,43,Division I Independents,-
2003,242,wbb:wac,30,Western Athletic Conference,WAC
2003,2426,wbb:patriot,22,Patriot League,Patriot
2003,2427,wbb:big-south,6,Big South Conference,Big South
2003,2429,wbb:cusa,11,Conference USA,C-USA
2003,2430,wbb:socon,24,Southern Conference,SoCon
2003,2433,wbb:southland,25,Southland Conference,Southland
2003,2439,wbb:mountain-west,44,Mountain West Conference,Mountain West
2003,2440,wbb:wac,30,Western Athletic Conference,WAC
2003,2443,wbb:sun-belt,27,Sun Belt Conference,Sun Belt
2003,2447,wbb:southland,25,Southland Conference,Southland
2003,2448,wbb:meac,16,Mid-Eastern Athletic Conference,MEAC
2003,245,wbb:big-12,8,Big 12 Conference,Big 12
2003,2450,wbb:meac,16,Mid-Eastern Athletic Conference,MEAC
2003,2459,wbb:mac,14,Mid-American Conference,MAC
2003,2460,wbb:mvc,18,Missouri Valley Conference,MVC
2003,2463,wbb:big-west,9,Big West Conference,Big West
2003,2464,wbb:big-sky,5,Big Sky Conference,Big Sky
2003,2466,wbb:southland,25,Southland Conference,Southland
2003,248,wbb:cusa,11,Conference USA,C-USA
2003,2483,wbb:pac-12,21,Pacific-10 Conference,Pac-12
2003,249,wbb:sun-belt,27,Sun Belt Conference,Sun Belt
2003,2492,wbb:wcc,29,West Coast Conference,WCC
2003,25,wbb:pac-12,21,Pacific-10 Conference,Pac-12
2003,250,wbb:southland,25,Southland Conference,Southland
2003,2501,wbb:wcc,29,West Coast Conference,WCC
2003,2502,wbb:big-sky,5,Big Sky Conference,Big Sky
2003,2504,wbb:swac,26,Southwestern Athletic Conference,SWAC
2003,2507,wbb:big-east,4,Big East Conference,Big East
2003,2509,wbb:big-ten,7,Big Ten Conference,Big Ten
2003,251,wbb:big-12,8,Big 12 Conference,Big 12
2003,2514,wbb:nec,19,Northeast Conference,NEC
2003,2515,wbb:big-south,6,Big South Conference,Big South
2003,252,wbb:mountain-west,44,Mountain West Conference,Mountain West
2003,2520,wbb:maac,13,Metro Atlantic Athletic Conference,MAAC
2003,2523,wbb:nec,19,Northeast Conference,NEC
2003,2529,wbb:nec,19,Northeast Conference,NEC
2003,2534,wbb:southland,25,Southland Conference,Southland
2003,2535,wbb:asun,46,Atlantic Sun Conference,ASUN
2003,2539,wbb:wcc,29,West Coast Conference,WCC
2003,254,wbb:mountain-west,44,Mountain West Conference,Mountain West
2003,2540,wbb:big-west,9,Big West Conference,Big West
2003,2541,wbb:wcc,29,West Coast Conference,WCC
2003,2542,wbb:independents,43,Division I Independents,-
2003,2545,wbb:southland,25,Southland Conference,Southland
2003,2546,wbb:ovc,20,Ohio Valley Conference,OVC
2003,2550,wbb:big-east,4,Big East Conference,Big East
2003,256,wbb:caa,10,Colonial Athletic Association,CAA
2003,2561,wbb:maac,13,Metro Atlantic Athletic Conference,MAAC
2003,2567,wbb:wac,30,Western Athletic Conference,WAC
2003,2569,wbb:meac,16,Mid-Eastern Athletic Conference,MEAC
2003,257,wbb:atlantic-10,3,Atlantic 10 Conference,Atlantic 10
2003,2572,wbb:cusa,11,Conference USA,C-USA
2003,2579,wbb:sec,23,Southeastern Conference,SEC
2003,258,wbb:acc,2,Atlantic Coast Conference,ACC
2003,2582,wbb:swac,26,Southwestern Athletic Conference,SWAC
2003,259,wbb:big-east,4,Big East Conference,Big East
2003,2597,wbb:nec,19,Northeast Conference,NEC
2003,2598,wbb:nec,19,Northeast Conference,NEC
2003,2599,wbb:big-east,4,Big East Conference,Big East
2003,26,wbb:pac-12,21,Pacific-10 Conference,Pac-12
2003,2603,wbb:atlantic-10,3,Atlantic 10 Conference,Atlantic 10
2003,2608,wbb:wcc,29,West Coast Conference,WCC
2003,261,wbb:america-east,1,America East Conference,America East
2003,2612,wbb:maac,13,Metro Atlantic Athletic Conference,MAAC
2003,2617,wbb:southland,25,Southland Conference,Southland
2003,2619,wbb:america-east,1,America East Conference,America East
2003,2623,wbb:mvc,18,Missouri Valley Conference,MVC
2003,2628,wbb:cusa,11,Conference USA,C-USA
2003,2630,wbb:ovc,20,Ohio Valley Conference,OVC
2003,2633,wbb:sec,23,Southeastern Conference,SEC
2003,2634,wbb:ovc,20,Ohio Valley Conference,OVC
2003,2635,wbb:ovc,20,Ohio Valley Conference,OVC
2003,2636,wbb:southland,25,Southland Conference,Southland
2003,2638,wbb:wac,30,Western Athletic Conference,WAC
2003,264,wbb:pac-12,21,Pacific-10 Conference,Pac-12
2003,2640,wbb:swac,26,Southwestern Athletic Conference,SWAC
2003,2641,wbb:big-12,8,Big 12 Conference,Big 12
2003,2649,wbb:mac,14,Mid-American Conference,MAC
2003,265,wbb:pac-12,21,Pacific-10 Conference,Pac-12
2003,2653,wbb:asun,46,Atlantic Sun Conference,ASUN
2003,2655,wbb:cusa,11,Conference USA,C-USA
2003,2670,wbb:caa,10,Colonial Athletic Association,CAA
2003,2681,wbb:nec,19,Northeast Conference,NEC
2003,269,wbb:cusa,11,Conference USA,C-USA
2003,2692,wbb:big-sky,5,Big Sky Conference,Big Sky
2003,27,wbb:big-west,9,Big West Conference,Big West
2003,270,wbb:horizon,45,Horizon League,Horizon
2003,2711,wbb:mac,14,Mid-American Conference,MAC
2003,2717,wbb:socon,24,Southern Conference,SoCon
2003,2724,wbb:mvc,18,Missouri Valley Conference,MVC
2003,2729,wbb:caa,10,Colonial Athletic Association,CAA
2003,2737,wbb:big-south,6,Big South Conference,Big South
2003,2739,wbb:horizon,45,Horizon League,Horizon
2003,2747,wbb:socon,24,Southern Conference,SoCon
2003,275,wbb:big-ten,7,Big Ten Conference,Big Ten
2003,2750,wbb:horizon,45,Horizon League,Horizon
2003,2751,wbb:mountain-west,44,Mountain West Conference,Mountain West
2003,2752,wbb:atlantic-10,3,Atlantic 10 Conference,Atlantic 10
2003,2754,wbb:horizon,45,Horizon League,Horizon
2003,2755,wbb:swac,26,Southwestern Athletic Conference,SWAC
2003,276,wbb:mac,14,Mid-American Conference,MAC
2003,277,wbb:big-east,4,Big East Conference,Big East
2003,278,wbb:wac,30,Western Athletic Conference,WAC
2003,279,wbb:big-west,9,Big West Conference,Big West
2003,282,wbb:mvc,18,Missouri Valley Conference,MVC
2003,2870,wbb:independents,43,Division I Independents,-
2003,288,wbb:independents,43,Division I Independents,-
2003,290,wbb:socon,24,Southern Conference,SoCon
2003,292,wbb:independents,43,Division I Independents,-
2003,294,wbb:asun,46,Atlantic Sun Conference,ASUN
2003,295,wbb:caa,10,Colonial Athletic Association,CAA
2003,299,wbb:big-west,9,Big West Conference,Big West
2003,3,wbb:independents,43,Division I Independents,-
2003,30,wbb:pac-12,21,Pacific-10 Conference,Pac-12
2003,300,wbb:big-west,9,Big West Conference,Big West
2003,301,wbb:wcc,29,West Coast Conference,WCC
2003,304,wbb:big-sky,5,Big Sky Conference,Big Sky
2003,305,wbb:cusa,11,Conference USA,C-USA
2003,309,wbb:sun-belt,27,Sun Belt Conference,Sun Belt
2003,311,wbb:america-east,1,America East Conference,America East
2003,314,wbb:maac,13,Metro Atlantic Athletic Conference,MAAC
2003,315,wbb:maac,13,Metro Atlantic Athletic Conference,MAAC
2003,322,wbb:patriot,22,Patriot League,Patriot
2003,324,wbb:big-south,6,Big South Conference,Big South
2003,325,wbb:horizon,45,Horizon League,Horizon
2003,326,wbb:southland,25,Southland Conference,Southland
2003,328,wbb:big-west,9,Big West Conference,Big West
2003,331,wbb:big-sky,5,Big Sky Conference,Big Sky
2003,333,wbb:sec,23,Southeastern Conference,SEC
2003,339,wbb:mvc,18,Missouri Valley Conference,MVC
2003,344,wbb:sec,23,Southeastern Conference,SEC
2003,349,wbb:patriot,22,Patriot League,Patriot
2003,350,wbb:caa,10,Colonial Athletic Association,CAA
2003,356,wbb:big-ten,7,Big Ten Conference,Big Ten
2003,357,wbb:independents,43,Division I Independents,-
2003,36,wbb:mountain-west,44,Mountain West Conference,Mountain West
2003,38,wbb:big-12,8,Big 12 Conference,Big 12
2003,399,wbb:america-east,1,America East Conference,America East
2003,41,wbb:big-east,4,Big East Conference,Big East
2003,42,wbb:america-east,1,America East Conference,America East
2003,43,wbb:ivy,12,Ivy League,Ivy League
2003,44,wbb:patriot,22,Patriot League,Patriot
2003,45,wbb:atlantic-10,3,Atlantic 10 Conference,Atlantic 10
2003,46,wbb:big-east,4,Big East Conference,Big East
2003,47,wbb:meac,16,Mid-Eastern Athletic Conference,MEAC
2003,48,wbb:caa,10,Colonial Athletic Association,CAA
2003,5,wbb:cusa,11,Conference USA,C-USA
2003,50,wbb:meac,16,Mid-Eastern Athletic Conference,MEAC
2003,52,wbb:acc,2,Atlantic Coast Conference,ACC
2003,55,wbb:asun,46,Atlantic Sun Conference,ASUN
2003,56,wbb:asun,46,Atlantic Sun Conference,ASUN
2003,57,wbb:sec,23,Southeastern Conference,SEC
2003,58,wbb:cusa,11,Conference USA,C-USA
2003,59,wbb:acc,2,Atlantic Coast Conference,ACC
2003,6,wbb:sun-belt,27,Sun Belt Conference,Sun Belt
2003,61,wbb:sec,23,Southeastern Conference,SEC
2003,62,wbb:wac,30,Western Athletic Conference,WAC
2003,66,wbb:big-12,8,Big 12 Conference,Big 12
2003,68,wbb:wac,30,Western Athletic Conference,WAC
2003,70,wbb:big-west,9,Big West Conference,Big West
2003,71,wbb:mvc,18,Missouri Valley Conference,MVC
2003,77,wbb:big-ten,7,Big Ten Conference,Big Ten
2003,79,wbb:mvc,18,Missouri Valley Conference,MVC
2003,8,wbb:sec,23,Southeastern Conference,SEC
2003,82,wbb:horizon,45,Horizon League,Horizon
2003,84,wbb:big-ten,7,Big Ten Conference,Big Ten
2003,87,wbb:big-east,4,Big East Conference,Big East
2003,9,wbb:pac-12,21,Pacific-10 Conference,Pac-12
2003,93,wbb:ovc,20,Ohio Valley Conference,OVC
2003,96,wbb:sec,23,Southeastern Conference,SEC
2003,97,wbb:cusa,11,Conference USA,C-USA
2003,98,wbb:sun-belt,27,Sun Belt Conference,Sun Belt
2003,99,wbb:sec,23,Southeastern Conference,SEC
2004,103,wbb:big-east,4,Big East Conference,Big East
2004,104,wbb:america-east,1,America East Conference,America East
2004,107,wbb:patriot,22,Patriot League,Patriot
2004,108,wbb:ivy,12,Ivy League,Ivy League
2004,111,wbb:america-east,1,America East Conference,America East
2004,113,wbb:atlantic-10,3,Atlantic 10 Conference,Atlantic 10
2004,116,wbb:nec,19,Northeast Conference,NEC
2004,119,wbb:caa,10,Colonial Athletic Association,CAA
2004,12,wbb:pac-12,21,Pacific-10 Conference,Pac-12
2004,120,wbb:acc,2,Atlantic Coast Conference,ACC
2004,127,wbb:big-ten,7,Big Ten Conference,Big Ten
2004,13,wbb:big-west,9,Big West Conference,Big West
2004,130,wbb:big-ten,7,Big Ten Conference,Big Ten
2004,135,wbb:big-ten,7,Big Ten Conference,Big Ten
2004,139,wbb:cusa,11,Conference USA,C-USA
2004,142,wbb:big-12,8,Big 12 Conference,Big 12
2004,145,wbb:sec,23,Southeastern Conference,SEC
2004,147,wbb:big-sky,5,Big Sky Conference,Big Sky
2004,149,wbb:big-sky,5,Big Sky Conference,Big Sky
2004,150,wbb:acc,2,Atlantic Coast Conference,ACC
2004,151,wbb:cusa,11,Conference USA,C-USA
2004,152,wbb:acc,2,Atlantic Coast Conference,ACC
2004,153,wbb:acc,2,Atlantic Coast Conference,ACC
2004,154,wbb:acc,2,Atlantic Coast Conference,ACC
2004,156,wbb:mvc,18,Missouri Valley Conference,MVC
2004,158,wbb:big-12,8,Big 12 Conference,Big 12
2004,159,wbb:ivy,12,Ivy League,Ivy League
2004,16,wbb:big-sky,5,Big Sky Conference,Big Sky
2004,160,wbb:america-east,1,America East Conference,America East
2004,161,wbb:nec,19,Northeast Conference,NEC
2004,163,wbb:ivy,12,Ivy League,Ivy League
2004,164,wbb:big-east,4,Big East Conference,Big East
2004,166,wbb:sun-belt,27,Sun Belt Conference,Sun Belt
2004,167,wbb:mountain-west,44,Mountain West Conference,Mountain West
2004,171,wbb:ivy,12,Ivy League,Ivy League
2004,172,wbb:ivy,12,Ivy League,Ivy League
2004,179,wbb:atlantic-10,3,Atlantic 10 Conference,Atlantic 10
2004,183,wbb:big-east,4,Big East Conference,Big East
2004,189,wbb:mac,14,Mid-American Conference,MAC
2004,193,wbb:mac,14,Mid-American Conference,MAC
2004,194,wbb:big-ten,7,Big Ten Conference,Big Ten
2004,195,wbb:mac,14,Mid-American Conference,MAC
2004,197,wbb:big-12,8,Big 12 Conference,Big 12
2004,2,wbb:sec,23,Southeastern Conference,SEC
2004,2005,wbb:mountain-west,44,Mountain West Conference,Mountain West
2004,2006,wbb:mac,14,Mid-American Conference,MAC
2004,201,wbb:big-12,8,Big 12 Conference,Big 12
2004,2010,wbb:swac,26,Southwestern Athletic Conference,SWAC
2004,2011,wbb:swac,26,Southwestern Athletic Conference,SWAC
2004,2016,wbb:swac,26,Southwestern Athletic Conference,SWAC
2004,202,wbb:wac,30,Western Athletic Conference,WAC
2004,2026,wbb:socon,24,Southern Conference,SoCon
2004,2029,wbb:swac,26,Southwestern Athletic Conference,SWAC
2004,2031,wbb:sun-belt,27,Sun Belt Conference,Sun Belt
2004,2032,wbb:sun-belt,27,Sun Belt Conference,Sun Belt
2004,204,wbb:pac-12,21,Pacific-10 Conference,Pac-12
2004,2046,wbb:ovc,20,Ohio Valley Conference,OVC
2004,2050,wbb:mac,14,Mid-American Conference,MAC
2004,2057,wbb:asun,46,Atlantic Sun Conference,ASUN
2004,2065,wbb:meac,16,Mid-Eastern Athletic Conference,MEAC
2004,2066,wbb:america-east,1,America East Conference,America East
2004,2083,wbb:patriot,22,Patriot League,Patriot
2004,2084,wbb:mac,14,Mid-American Conference,MAC
2004,2086,wbb:horizon,45,Horizon League,Horizon
2004,2097,wbb:asun,46,Atlantic Sun Conference,ASUN
2004,2099,wbb:maac,13,Metro Atlantic Athletic Conference,MAAC
2004,21,wbb:mountain-west,44,Mountain West Conference,Mountain West
2004,2115,wbb:nec,19,Northeast Conference,NEC
2004,2116,wbb:asun,46,Atlantic Sun Conference,ASUN
2004,2117,wbb:mac,14,Mid-American Conference,MAC
2004,2127,wbb:big-south,6,Big South Conference,Big South
2004,213,wbb:big-ten,7,Big Ten Conference,Big Ten
2004,2132,wbb:cusa,11,Conference USA,C-USA
2004,2142,wbb:patriot,22,Patriot League,Patriot
2004,2154,wbb:meac,16,Mid-Eastern Athletic Conference,MEAC
2004,2166,wbb:socon,24,Southern Conference,SoCon
2004,2168,wbb:atlantic-10,3,Atlantic 10 Conference,Atlantic 10
2004,2169,wbb:meac,16,Mid-Eastern Athletic Conference,MEAC
2004,2172,wbb:sun-belt,27,Sun Belt Conference,Sun Belt
2004,2174,wbb:horizon,45,Horizon League,Horizon
2004,218,wbb:atlantic-10,3,Atlantic 10 Conference,Atlantic 10
2004,2181,wbb:mvc,18,Missouri Valley Conference,MVC
2004,2182,wbb:caa,10,Colonial Athletic Association,CAA
2004,2184,wbb:atlantic-10,3,Atlantic 10 Conference,Atlantic 10
2004,219,wbb:ivy,12,Ivy League,Ivy League
2004,2193,wbb:socon,24,Southern Conference,SoCon
2004,2197,wbb:ovc,20,Ohio Valley Conference,OVC
2004,2198,wbb:ovc,20,Ohio Valley Conference,OVC
2004,2199,wbb:mac,14,Mid-American Conference,MAC
2004,221,wbb:big-east,4,Big East Conference,Big East
2004,2210,wbb:socon,24,Southern Conference,SoCon
2004,2217,wbb:maac,13,Metro Atlantic Athletic Conference,MAAC
2004,222,wbb:big-east,4,Big East Conference,Big East
2004,2226,wbb:asun,46,Atlantic Sun Conference,ASUN
2004,2229,wbb:sun-belt,27,Sun Belt Conference,Sun Belt
2004,2230,wbb:atlantic-10,3,Atlantic 10 Conference,Atlantic 10
2004,2239,wbb:big-west,9,Big West Conference,Big West
2004,2241,wbb:asun,46,Atlantic Sun Conference,ASUN
2004,2244,wbb:caa,10,Colonial Athletic Association,CAA
2004,2247,wbb:asun,46,Atlantic Sun Conference,ASUN
2004,225,wbb:ivy,12,Ivy League,Ivy League
2004,2250,wbb:wcc,29,West Coast Conference,WCC
2004,2261,wbb:meac,16,Mid-Eastern Athletic Conference,MEAC
2004,227,wbb:atlantic-10,3,Atlantic 10 Conference,Atlantic 10
2004,2272,wbb:big-south,6,Big South Conference,Big South
2004,2275,wbb:caa,10,Colonial Athletic Association,CAA
2004,228,wbb:acc,2,Atlantic Coast Conference,ACC
2004,2287,wbb:mvc,18,Missouri Valley Conference,MVC
2004,2294,wbb:big-ten,7,Big Ten Conference,Big Ten
2004,2296,wbb:swac,26,Southwestern Athletic Conference,SWAC
2004,23,wbb:wac,30,Western Athletic Conference,WAC
2004,2305,wbb:big-12,8,Big 12 Conference,Big 12
2004,2306,wbb:big-12,8,Big 12 Conference,Big 12
2004,2309,wbb:mac,14,Mid-American Conference,MAC
2004,231,wbb:socon,24,Southern Conference,SoCon
2004,232,wbb:socon,24,Southern Conference,SoCon
2004,2320,wbb:southland,25,Southland Conference,Southland
2004,2325,wbb:atlantic-10,3,Atlantic 10 Conference,Atlantic 10
2004,2329,wbb:patriot,22,Patriot League,Patriot
2004,2335,wbb:big-south,6,Big South Conference,Big South
2004,2341,wbb:nec,19,Northeast Conference,NEC
2004,2348,wbb:wac,30,Western Athletic Conference,WAC
2004,235,wbb:cusa,11,Conference USA,C-USA
2004,2350,wbb:horizon,45,Horizon League,Horizon
2004,2351,wbb:wcc,29,West Coast Conference,WCC
2004,2352,wbb:maac,13,Metro Atlantic Athletic Conference,MAAC
2004,236,wbb:socon,24,Southern Conference,SoCon
2004,2363,wbb:maac,13,Metro Atlantic Athletic Conference,MAAC
2004,2368,wbb:maac,13,Metro Atlantic Athletic Conference,MAAC
2004,2377,wbb:southland,25,Southland Conference,Southland
2004,2378,wbb:america-east,1,America East Conference,America East
2004,2379,wbb:meac,16,Mid-Eastern Athletic Conference,MEAC
2004,238,wbb:sec,23,Southeastern Conference,SEC
2004,2382,wbb:asun,46,Atlantic Sun Conference,ASUN
2004,239,wbb:big-12,8,Big 12 Conference,Big 12
2004,2390,wbb:big-east,4,Big East Conference,Big East
2004,2393,wbb:sun-belt,27,Sun Belt Conference,Sun Belt
2004,24,wbb:pac-12,21,Pacific-10 Conference,Pac-12
2004,2400,wbb:swac,26,Southwestern Athletic Conference,SWAC
2004,2405,wbb:nec,19,Northeast Conference,NEC
2004,2413,wbb:ovc,20,Ohio Valley Conference,OVC
2004,2415,wbb:meac,16,Mid-Eastern Athletic Conference,MEAC
2004,242,wbb:wac,30,Western Athletic Conference,WAC
2004,2426,wbb:patriot,22,Patriot League,Patriot
2004,2427,wbb:big-south,6,Big South Conference,Big South
2004,2429,wbb:cusa,11,Conference USA,C-USA
2004,2430,wbb:socon,24,Southern Conference,SoCon
2004,2433,wbb:southland,25,Southland Conference,Southland
2004,2439,wbb:mountain-west,44,Mountain West Conference,Mountain West
2004,2440,wbb:wac,30,Western Athletic Conference,WAC
2004,2443,wbb:sun-belt,27,Sun Belt Conference,Sun Belt
2004,2447,wbb:southland,25,Southland Conference,Southland
2004,2448,wbb:meac,16,Mid-Eastern Athletic Conference,MEAC
2004,245,wbb:big-12,8,Big 12 Conference,Big 12
2004,2450,wbb:meac,16,Mid-Eastern Athletic Conference,MEAC
2004,2459,wbb:mac,14,Mid-American Conference,MAC
2004,2460,wbb:mvc,18,Missouri Valley Conference,MVC
2004,2463,wbb:big-west,9,Big West Conference,Big West
2004,2464,wbb:big-sky,5,Big Sky Conference,Big Sky
2004,2466,wbb:southland,25,Southland Conference,Southland
2004,248,wbb:cusa,11,Conference USA,C-USA
2004,2483,wbb:pac-12,21,Pacific-10 Conference,Pac-12
2004,249,wbb:sun-belt,27,Sun Belt Conference,Sun Belt
2004,2492,wbb:wcc,29,West Coast Conference,WCC
2004,25,wbb:pac-12,21,Pacific-10 Conference,Pac-12
2004,250,wbb:southland,25,Southland Conference,Southland
2004,2501,wbb:wcc,29,West Coast Conference,WCC
2004,2502,wbb:big-sky,5,Big Sky Conference,Big Sky
2004,2504,wbb:swac,26,Southwestern Athletic Conference,SWAC
2004,2507,wbb:big-east,4,Big East Conference,Big East
2004,2509,wbb:big-ten,7,Big Ten Conference,Big Ten
2004,251,wbb:big-12,8,Big 12 Conference,Big 12
2004,2514,wbb:nec,19,Northeast Conference,NEC
2004,2515,wbb:big-south,6,Big South Conference,Big South
2004,252,wbb:mountain-west,44,Mountain West Conference,Mountain West
2004,2520,wbb:maac,13,Metro Atlantic Athletic Conference,MAAC
2004,2523,wbb:nec,19,Northeast Conference,NEC
2004,2529,wbb:nec,19,Northeast Conference,NEC
2004,2534,wbb:southland,25,Southland Conference,Southland
2004,2535,wbb:ovc,20,Ohio Valley Conference,OVC
2004,2539,wbb:wcc,29,West Coast Conference,WCC
2004,254,wbb:mountain-west,44,Mountain West Conference,Mountain West
2004,2540,wbb:big-west,9,Big West Conference,Big West
2004,2541,wbb:wcc,29,West Coast Conference,WCC
2004,2542,wbb:independents,43,Division I Independents,-
2004,2545,wbb:southland,25,Southland Conference,Southland
2004,2546,wbb:ovc,20,Ohio Valley Conference,OVC
2004,2550,wbb:big-east,4,Big East Conference,Big East
2004,256,wbb:caa,10,Colonial Athletic Association,CAA
2004,2561,wbb:maac,13,Metro Atlantic Athletic Conference,MAAC
2004,2567,wbb:wac,30,Western Athletic Conference,WAC
2004,2569,wbb:meac,16,Mid-Eastern Athletic Conference,MEAC
2004,257,wbb:atlantic-10,3,Atlantic 10 Conference,Atlantic 10
2004,2572,wbb:cusa,11,Conference USA,C-USA
2004,2579,wbb:sec,23,Southeastern Conference,SEC
2004,258,wbb:acc,2,Atlantic Coast Conference,ACC
2004,2582,wbb:swac,26,Southwestern Athletic Conference,SWAC
2004,259,wbb:big-east,4,Big East Conference,Big East
2004,2597,wbb:nec,19,Northeast Conference,NEC
2004,2598,wbb:nec,19,Northeast Conference,NEC
2004,2599,wbb:big-east,4,Big East Conference,Big East
2004,26,wbb:pac-12,21,Pacific-10 Conference,Pac-12
2004,2603,wbb:atlantic-10,3,Atlantic 10 Conference,Atlantic 10
2004,2608,wbb:wcc,29,West Coast Conference,WCC
2004,261,wbb:america-east,1,America East Conference,America East
2004,2612,wbb:maac,13,Metro Atlantic Athletic Conference,MAAC
2004,2617,wbb:southland,25,Southland Conference,Southland
2004,2619,wbb:america-east,1,America East Conference,America East
2004,2623,wbb:mvc,18,Missouri Valley Conference,MVC
2004,2628,wbb:cusa,11,Conference USA,C-USA
2004,2630,wbb:ovc,20,Ohio Valley Conference,OVC
2004,2633,wbb:sec,23,Southeastern Conference,SEC
2004,2634,wbb:ovc,20,Ohio Valley Conference,OVC
2004,2635,wbb:ovc,20,Ohio Valley Conference,OVC
2004,2636,wbb:southland,25,Southland Conference,Southland
2004,2638,wbb:wac,30,Western Athletic Conference,WAC
2004,264,wbb:pac-12,21,Pacific-10 Conference,Pac-12
2004,2640,wbb:swac,26,Southwestern Athletic Conference,SWAC
2004,2641,wbb:big-12,8,Big 12 Conference,Big 12
2004,2649,wbb:mac,14,Mid-American Conference,MAC
2004,265,wbb:pac-12,21,Pacific-10 Conference,Pac-12
2004,2653,wbb:asun,46,Atlantic Sun Conference,ASUN
2004,2655,wbb:cusa,11,Conference USA,C-USA
2004,2670,wbb:caa,10,Colonial Athletic Association,CAA
2004,2681,wbb:nec,19,Northeast Conference,NEC
2004,269,wbb:cusa,11,Conference USA,C-USA
2004,2692,wbb:big-sky,5,Big Sky Conference,Big Sky
2004,27,wbb:big-west,9,Big West Conference,Big West
2004,270,wbb:horizon,45,Horizon League,Horizon
2004,2711,wbb:mac,14,Mid-American Conference,MAC
2004,2717,wbb:socon,24,Southern Conference,SoCon
2004,2724,wbb:mvc,18,Missouri Valley Conference,MVC
2004,2729,wbb:caa,10,Colonial Athletic Association,CAA
2004,2737,wbb:big-south,6,Big South Conference,Big South
2004,2739,wbb:horizon,45,Horizon League,Horizon
2004,2747,wbb:socon,24,Southern Conference,SoCon
2004,275,wbb:big-ten,7,Big Ten Conference,Big Ten
2004,2750,wbb:horizon,45,Horizon League,Horizon
2004,2751,wbb:mountain-west,44,Mountain West Conference,Mountain West
2004,2752,wbb:atlantic-10,3,Atlantic 10 Conference,Atlantic 10
2004,2754,wbb:horizon,45,Horizon League,Horizon
2004,2755,wbb:swac,26,Southwestern Athletic Conference,SWAC
2004,276,wbb:mac,14,Mid-American Conference,MAC
2004,277,wbb:big-east,4,Big East Conference,Big East
2004,278,wbb:wac,30,Western Athletic Conference,WAC
2004,279,wbb:big-west,9,Big West Conference,Big West
2004,282,wbb:mvc,18,Missouri Valley Conference,MVC
2004,2870,wbb:independents,43,Division I Independents,-
2004,288,wbb:asun,46,Atlantic Sun Conference,ASUN
2004,290,wbb:socon,24,Southern Conference,SoCon
2004,292,wbb:independents,43,Division I Independents,-
2004,294,wbb:asun,46,Atlantic Sun Conference,ASUN
2004,295,wbb:caa,10,Colonial Athletic Association,CAA
2004,299,wbb:big-west,9,Big West Conference,Big West
2004,3,wbb:big-south,6,Big South Conference,Big South
2004,30,wbb:pac-12,21,Pacific-10 Conference,Pac-12
2004,300,wbb:big-west,9,Big West Conference,Big West
2004,301,wbb:wcc,29,West Coast Conference,WCC
2004,304,wbb:big-sky,5,Big Sky Conference,Big Sky
2004,305,wbb:cusa,11,Conference USA,C-USA
2004,309,wbb:sun-belt,27,Sun Belt Conference,Sun Belt
2004,311,wbb:america-east,1,America East Conference,America East
2004,314,wbb:maac,13,Metro Atlantic Athletic Conference,MAAC
2004,315,wbb:maac,13,Metro Atlantic Athletic Conference,MAAC
2004,322,wbb:patriot,22,Patriot League,Patriot
2004,324,wbb:big-south,6,Big South Conference,Big South
2004,325,wbb:horizon,45,Horizon League,Horizon
2004,326,wbb:southland,25,Southland Conference,Southland
2004,328,wbb:big-west,9,Big West Conference,Big West
2004,331,wbb:big-sky,5,Big Sky Conference,Big Sky
2004,333,wbb:sec,23,Southeastern Conference,SEC
2004,339,wbb:mvc,18,Missouri Valley Conference,MVC
2004,344,wbb:sec,23,Southeastern Conference,SEC
2004,349,wbb:patriot,22,Patriot League,Patriot
2004,350,wbb:caa,10,Colonial Athletic Association,CAA
2004,356,wbb:big-ten,7,Big Ten Conference,Big Ten
2004,357,wbb:independents,43,Division I Independents,-
2004,36,wbb:mountain-west,44,Mountain West Conference,Mountain West
2004,38,wbb:big-12,8,Big 12 Conference,Big 12
2004,399,wbb:america-east,1,America East Conference,America East
2004,41,wbb:big-east,4,Big East Conference,Big East
2004,42,wbb:america-east,1,America East Conference,America East
2004,43,wbb:ivy,12,Ivy League,Ivy League
2004,44,wbb:patriot,22,Patriot League,Patriot
2004,45,wbb:atlantic-10,3,Atlantic 10 Conference,Atlantic 10
2004,46,wbb:big-east,4,Big East Conference,Big East
2004,47,wbb:meac,16,Mid-Eastern Athletic Conference,MEAC
2004,48,wbb:caa,10,Colonial Athletic Association,CAA
2004,5,wbb:cusa,11,Conference USA,C-USA
2004,50,wbb:meac,16,Mid-Eastern Athletic Conference,MEAC
2004,52,wbb:acc,2,Atlantic Coast Conference,ACC
2004,55,wbb:ovc,20,Ohio Valley Conference,OVC
2004,56,wbb:asun,46,Atlantic Sun Conference,ASUN
2004,57,wbb:sec,23,Southeastern Conference,SEC
2004,58,wbb:cusa,11,Conference USA,C-USA
2004,59,wbb:acc,2,Atlantic Coast Conference,ACC
2004,6,wbb:sun-belt,27,Sun Belt Conference,Sun Belt
2004,61,wbb:sec,23,Southeastern Conference,SEC
2004,62,wbb:wac,30,Western Athletic Conference,WAC
2004,66,wbb:big-12,8,Big 12 Conference,Big 12
2004,68,wbb:wac,30,Western Athletic Conference,WAC
2004,70,wbb:big-west,9,Big West Conference,Big West
2004,71,wbb:mvc,18,Missouri Valley Conference,MVC
2004,77,wbb:big-ten,7,Big Ten Conference,Big Ten
2004,79,wbb:mvc,18,Missouri Valley Conference,MVC
2004,8,wbb:sec,23,Southeastern Conference,SEC
2004,82,wbb:horizon,45,Horizon League,Horizon
2004,84,wbb:big-ten,7,Big Ten Conference,Big Ten
2004,87,wbb:big-east,4,Big East Conference,Big East
2004,9,wbb:pac-12,21,Pacific-10 Conference,Pac-12
2004,93,wbb:ovc,20,Ohio Valley Conference,OVC
2004,96,wbb:sec,23,Southeastern Conference,SEC
2004,97,wbb:cusa,11,Conference USA,C-USA
2004,98,wbb:sun-belt,27,Sun Belt Conference,Sun Belt
2004,99,wbb:sec,23,Southeastern Conference,SEC
2005,103,wbb:big-east,4,Big East Conference,Big East
2005,104,wbb:america-east,1,America East Conference,America East
2005,107,wbb:patriot,22,Patriot League,Patriot
2005,108,wbb:ivy,12,Ivy League,Ivy League
2005,111,wbb:america-east,1,America East Conference,America East
2005,113,wbb:atlantic-10,3,Atlantic 10 Conference,Atlantic 10
2005,116,wbb:nec,19,Northeast Conference,NEC
2005,119,wbb:caa,10,Colonial Athletic Association,CAA
2005,12,wbb:pac-12,21,Pacific-10 Conference,Pac-12
2005,120,wbb:acc,2,Atlantic Coast Conference,ACC
2005,127,wbb:big-ten,7,Big Ten Conference,Big Ten
2005,13,wbb:big-west,9,Big West Conference,Big West
2005,130,wbb:big-ten,7,Big Ten Conference,Big Ten
2005,135,wbb:big-ten,7,Big Ten Conference,Big Ten
2005,139,wbb:cusa,11,Conference USA,C-USA
2005,142,wbb:big-12,8,Big 12 Conference,Big 12
2005,145,wbb:sec,23,Southeastern Conference,SEC
2005,147,wbb:big-sky,5,Big Sky Conference,Big Sky
2005,149,wbb:big-sky,5,Big Sky Conference,Big Sky
2005,150,wbb:acc,2,Atlantic Coast Conference,ACC
2005,151,wbb:cusa,11,Conference USA,C-USA
2005,152,wbb:acc,2,Atlantic Coast Conference,ACC
2005,153,wbb:acc,2,Atlantic Coast Conference,ACC
2005,154,wbb:acc,2,Atlantic Coast Conference,ACC
2005,156,wbb:mvc,18,Missouri Valley Conference,MVC
2005,158,wbb:big-12,8,Big 12 Conference,Big 12
2005,159,wbb:ivy,12,Ivy League,Ivy League
2005,16,wbb:big-sky,5,Big Sky Conference,Big Sky
2005,160,wbb:america-east,1,America East Conference,America East
2005,161,wbb:nec,19,Northeast Conference,NEC
2005,163,wbb:ivy,12,Ivy League,Ivy League
2005,164,wbb:big-east,4,Big East Conference,Big East
2005,166,wbb:sun-belt,27,Sun Belt Conference,Sun Belt
2005,167,wbb:mountain-west,44,Mountain West Conference,Mountain West
2005,171,wbb:ivy,12,Ivy League,Ivy League
2005,172,wbb:ivy,12,Ivy League,Ivy League
2005,179,wbb:atlantic-10,3,Atlantic 10 Conference,Atlantic 10
2005,183,wbb:big-east,4,Big East Conference,Big East
2005,189,wbb:mac,14,Mid-American Conference,MAC
2005,193,wbb:mac,14,Mid-American Conference,MAC
2005,194,wbb:big-ten,7,Big Ten Conference,Big Ten
2005,195,wbb:mac,14,Mid-American Conference,MAC
2005,197,wbb:big-12,8,Big 12 Conference,Big 12
2005,2,wbb:sec,23,Southeastern Conference,SEC
2005,2005,wbb:mountain-west,44,Mountain West Conference,Mountain West
2005,2006,wbb:mac,14,Mid-American Conference,MAC
2005,201,wbb:big-12,8,Big 12 Conference,Big 12
2005,2010,wbb:swac,26,Southwestern Athletic Conference,SWAC
2005,2011,wbb:swac,26,Southwestern Athletic Conference,SWAC
2005,2016,wbb:swac,26,Southwestern Athletic Conference,SWAC
2005,202,wbb:wac,30,Western Athletic Conference,WAC
2005,2026,wbb:socon,24,Southern Conference,SoCon
2005,2029,wbb:swac,26,Southwestern Athletic Conference,SWAC
2005,2031,wbb:sun-belt,27,Sun Belt Conference,Sun Belt
2005,2032,wbb:sun-belt,27,Sun Belt Conference,Sun Belt
2005,204,wbb:pac-12,21,Pacific-10 Conference,Pac-12
2005,2046,wbb:ovc,20,Ohio Valley Conference,OVC
2005,2050,wbb:mac,14,Mid-American Conference,MAC
2005,2057,wbb:asun,46,Atlantic Sun Conference,ASUN
2005,2065,wbb:meac,16,Mid-Eastern Athletic Conference,MEAC
2005,2066,wbb:america-east,1,America East Conference,America East
2005,2083,wbb:patriot,22,Patriot League,Patriot
2005,2084,wbb:mac,14,Mid-American Conference,MAC
2005,2086,wbb:horizon,45,Horizon League,Horizon
2005,2097,wbb:asun,46,Atlantic Sun Conference,ASUN
2005,2099,wbb:maac,13,Metro Atlantic Athletic Conference,MAAC
2005,21,wbb:mountain-west,44,Mountain West Conference,Mountain West
2005,2115,wbb:nec,19,Northeast Conference,NEC
2005,2116,wbb:asun,46,Atlantic Sun Conference,ASUN
2005,2117,wbb:mac,14,Mid-American Conference,MAC
2005,2127,wbb:big-south,6,Big South Conference,Big South
2005,213,wbb:big-ten,7,Big Ten Conference,Big Ten
2005,2132,wbb:cusa,11,Conference USA,C-USA
2005,2142,wbb:patriot,22,Patriot League,Patriot
2005,2154,wbb:meac,16,Mid-Eastern Athletic Conference,MEAC
2005,2166,wbb:socon,24,Southern Conference,SoCon
2005,2168,wbb:atlantic-10,3,Atlantic 10 Conference,Atlantic 10
2005,2169,wbb:meac,16,Mid-Eastern Athletic Conference,MEAC
2005,2172,wbb:sun-belt,27,Sun Belt Conference,Sun Belt
2005,2174,wbb:horizon,45,Horizon League,Horizon
2005,218,wbb:atlantic-10,3,Atlantic 10 Conference,Atlantic 10
2005,2181,wbb:mvc,18,Missouri Valley Conference,MVC
2005,2182,wbb:caa,10,Colonial Athletic Association,CAA
2005,2184,wbb:atlantic-10,3,Atlantic 10 Conference,Atlantic 10
2005,219,wbb:ivy,12,Ivy League,Ivy League
2005,2193,wbb:socon,24,Southern Conference,SoCon
2005,2197,wbb:ovc,20,Ohio Valley Conference,OVC
2005,2198,wbb:ovc,20,Ohio Valley Conference,OVC
2005,2199,wbb:mac,14,Mid-American Conference,MAC
2005,221,wbb:big-east,4,Big East Conference,Big East
2005,2210,wbb:socon,24,Southern Conference,SoCon
2005,2217,wbb:maac,13,Metro Atlantic Athletic Conference,MAAC
2005,222,wbb:big-east,4,Big East Conference,Big East
2005,2226,wbb:asun,46,Atlantic Sun Conference,ASUN
2005,2229,wbb:sun-belt,27,Sun Belt Conference,Sun Belt
2005,2230,wbb:atlantic-10,3,Atlantic 10 Conference,Atlantic 10
2005,2239,wbb:big-west,9,Big West Conference,Big West
2005,2241,wbb:asun,46,Atlantic Sun Conference,ASUN
2005,2244,wbb:caa,10,Colonial Athletic Association,CAA
2005,2247,wbb:asun,46,Atlantic Sun Conference,ASUN
2005,225,wbb:ivy,12,Ivy League,Ivy League
2005,2250,wbb:wcc,29,West Coast Conference,WCC
2005,2261,wbb:meac,16,Mid-Eastern Athletic Conference,MEAC
2005,227,wbb:atlantic-10,3,Atlantic 10 Conference,Atlantic 10
2005,2272,wbb:big-south,6,Big South Conference,Big South
2005,2275,wbb:caa,10,Colonial Athletic Association,CAA
2005,228,wbb:acc,2,Atlantic Coast Conference,ACC
2005,2287,wbb:mvc,18,Missouri Valley Conference,MVC
2005,2294,wbb:big-ten,7,Big Ten Conference,Big Ten
2005,2296,wbb:swac,26,Southwestern Athletic Conference,SWAC
2005,23,wbb:wac,30,Western Athletic Conference,WAC
2005,2305,wbb:big-12,8,Big 12 Conference,Big 12
2005,2306,wbb:big-12,8,Big 12 Conference,Big 12
2005,2309,wbb:mac,14,Mid-American Conference,MAC
2005,231,wbb:socon,24,Southern Conference,SoCon
2005,232,wbb:socon,24,Southern Conference,SoCon
2005,2320,wbb:southland,25,Southland Conference,Southland
2005,2325,wbb:atlantic-10,3,Atlantic 10 Conference,Atlantic 10
2005,2329,wbb:patriot,22,Patriot League,Patriot
2005,2335,wbb:big-south,6,Big South Conference,Big South
2005,2341,wbb:nec,19,Northeast Conference,NEC
2005,2344,wbb:independents,43,Division I Independents,-
2005,2348,wbb:wac,30,Western Athletic Conference,WAC
2005,235,wbb:cusa,11,Conference USA,C-USA
2005,2350,wbb:horizon,45,Horizon League,Horizon
2005,2351,wbb:wcc,29,West Coast Conference,WCC
2005,2352,wbb:maac,13,Metro Atlantic Athletic Conference,MAAC
2005,236,wbb:socon,24,Southern Conference,SoCon
2005,2363,wbb:maac,13,Metro Atlantic Athletic Conference,MAAC
2005,2368,wbb:maac,13,Metro Atlantic Athletic Conference,MAAC
2005,2377,wbb:southland,25,Southland Conference,Southland
2005,2378,wbb:america-east,1,America East Conference,America East
2005,2379,wbb:meac,16,Mid-Eastern Athletic Conference,MEAC
2005,238,wbb:sec,23,Southeastern Conference,SEC
2005,2382,wbb:asun,46,Atlantic Sun Conference,ASUN
2005,239,wbb:big-12,8,Big 12 Conference,Big 12
2005,2390,wbb:acc,2,Atlantic Coast Conference,ACC
2005,2393,wbb:sun-belt,27,Sun Belt Conference,Sun Belt
2005,24,wbb:pac-12,21,Pacific-10 Conference,Pac-12
2005,2400,wbb:swac,26,Southwestern Athletic Conference,SWAC
2005,2405,wbb:nec,19,Northeast Conference,NEC
2005,2413,wbb:ovc,20,Ohio Valley Conference,OVC
2005,2415,wbb:meac,16,Mid-Eastern Athletic Conference,MEAC
2005,242,wbb:wac,30,Western Athletic Conference,WAC
2005,2426,wbb:patriot,22,Patriot League,Patriot
2005,2427,wbb:big-south,6,Big South Conference,Big South
2005,2429,wbb:cusa,11,Conference USA,C-USA
2005,2430,wbb:socon,24,Southern Conference,SoCon
2005,2433,wbb:southland,25,Southland Conference,Southland
2005,2439,wbb:mountain-west,44,Mountain West Conference,Mountain West
2005,2440,wbb:wac,30,Western Athletic Conference,WAC
2005,2443,wbb:sun-belt,27,Sun Belt Conference,Sun Belt
2005,2447,wbb:southland,25,Southland Conference,Southland
2005,2448,wbb:meac,16,Mid-Eastern Athletic Conference,MEAC
2005,245,wbb:big-12,8,Big 12 Conference,Big 12
2005,2450,wbb:meac,16,Mid-Eastern Athletic Conference,MEAC
2005,2459,wbb:mac,14,Mid-American Conference,MAC
2005,2460,wbb:mvc,18,Missouri Valley Conference,MVC
2005,2463,wbb:big-west,9,Big West Conference,Big West
2005,2464,wbb:big-sky,5,Big Sky Conference,Big Sky
2005,2466,wbb:southland,25,Southland Conference,Southland
2005,248,wbb:cusa,11,Conference USA,C-USA
2005,2483,wbb:pac-12,21,Pacific-10 Conference,Pac-12
2005,249,wbb:sun-belt,27,Sun Belt Conference,Sun Belt
2005,2492,wbb:wcc,29,West Coast Conference,WCC
2005,25,wbb:pac-12,21,Pacific-10 Conference,Pac-12
2005,250,wbb:southland,25,Southland Conference,Southland
2005,2501,wbb:wcc,29,West Coast Conference,WCC
2005,2502,wbb:big-sky,5,Big Sky Conference,Big Sky
2005,2504,wbb:swac,26,Southwestern Athletic Conference,SWAC
2005,2507,wbb:big-east,4,Big East Conference,Big East
2005,2509,wbb:big-ten,7,Big Ten Conference,Big Ten
2005,251,wbb:big-12,8,Big 12 Conference,Big 12
2005,2514,wbb:nec,19,Northeast Conference,NEC
2005,2515,wbb:big-south,6,Big South Conference,Big South
2005,252,wbb:mountain-west,44,Mountain West Conference,Mountain West
2005,2520,wbb:maac,13,Metro Atlantic Athletic Conference,MAAC
2005,2523,wbb:nec,19,Northeast Conference,NEC
2005,2529,wbb:nec,19,Northeast Conference,NEC
2005,2534,wbb:southland,25,Southland Conference,Southland
2005,2535,wbb:ovc,20,Ohio Valley Conference,OVC
2005,2539,wbb:wcc,29,West Coast Conference,WCC
2005,254,wbb:mountain-west,44,Mountain West Conference,Mountain West
2005,2540,wbb:big-west,9,Big West Conference,Big West
2005,2541,wbb:wcc,29,West Coast Conference,WCC
2005,2542,wbb:independents,43,Division I Independents,-
2005,2545,wbb:southland,25,Southland Conference,Southland
2005,2546,wbb:ovc,20,Ohio Valley Conference,OVC
2005,2550,wbb:big-east,4,Big East Conference,Big East
2005,256,wbb:caa,10,Colonial Athletic Association,CAA
2005,2561,wbb:maac,13,Metro Atlantic Athletic Conference,MAAC
2005,2567,wbb:wac,30,Western Athletic Conference,WAC
2005,2569,wbb:meac,16,Mid-Eastern Athletic Conference,MEAC
2005,257,wbb:atlantic-10,3,Atlantic 10 Conference,Atlantic 10
2005,2572,wbb:cusa,11,Conference USA,C-USA
2005,2579,wbb:sec,23,Southeastern Conference,SEC
2005,258,wbb:acc,2,Atlantic Coast Conference,ACC
2005,2582,wbb:swac,26,Southwestern Athletic Conference,SWAC
2005,259,wbb:acc,2,Atlantic Coast Conference,ACC
2005,2597,wbb:nec,19,Northeast Conference,NEC
2005,2598,wbb:nec,19,Northeast Conference,NEC
2005,2599,wbb:big-east,4,Big East Conference,Big East
2005,26,wbb:pac-12,21,Pacific-10 Conference,Pac-12
2005,2603,wbb:atlantic-10,3,Atlantic 10 Conference,Atlantic 10
2005,2608,wbb:wcc,29,West Coast Conference,WCC
2005,261,wbb:america-east,1,America East Conference,America East
2005,2612,wbb:maac,13,Metro Atlantic Athletic Conference,MAAC
2005,2617,wbb:southland,25,Southland Conference,Southland
2005,2619,wbb:america-east,1,America East Conference,America East
2005,2623,wbb:mvc,18,Missouri Valley Conference,MVC
2005,2628,wbb:cusa,11,Conference USA,C-USA
2005,2630,wbb:ovc,20,Ohio Valley Conference,OVC
2005,2633,wbb:sec,23,Southeastern Conference,SEC
2005,2634,wbb:ovc,20,Ohio Valley Conference,OVC
2005,2635,wbb:ovc,20,Ohio Valley Conference,OVC
2005,2636,wbb:southland,25,Southland Conference,Southland
2005,2638,wbb:wac,30,Western Athletic Conference,WAC
2005,264,wbb:pac-12,21,Pacific-10 Conference,Pac-12
2005,2640,wbb:swac,26,Southwestern Athletic Conference,SWAC
2005,2641,wbb:big-12,8,Big 12 Conference,Big 12
2005,2649,wbb:mac,14,Mid-American Conference,MAC
2005,265,wbb:pac-12,21,Pacific-10 Conference,Pac-12
2005,2653,wbb:asun,46,Atlantic Sun Conference,ASUN
2005,2655,wbb:cusa,11,Conference USA,C-USA
2005,2670,wbb:caa,10,Colonial Athletic Association,CAA
2005,2681,wbb:nec,19,Northeast Conference,NEC
2005,269,wbb:cusa,11,Conference USA,C-USA
2005,2692,wbb:big-sky,5,Big Sky Conference,Big Sky
2005,27,wbb:big-west,9,Big West Conference,Big West
2005,270,wbb:horizon,45,Horizon League,Horizon
2005,2711,wbb:mac,14,Mid-American Conference,MAC
2005,2717,wbb:socon,24,Southern Conference,SoCon
2005,2724,wbb:mvc,18,Missouri Valley Conference,MVC
2005,2729,wbb:caa,10,Colonial Athletic Association,CAA
2005,2737,wbb:big-south,6,Big South Conference,Big South
2005,2739,wbb:horizon,45,Horizon League,Horizon
2005,2747,wbb:socon,24,Southern Conference,SoCon
2005,275,wbb:big-ten,7,Big Ten Conference,Big Ten
2005,2750,wbb:horizon,45,Horizon League,Horizon
2005,2751,wbb:mountain-west,44,Mountain West Conference,Mountain West
2005,2752,wbb:atlantic-10,3,Atlantic 10 Conference,Atlantic 10
2005,2754,wbb:horizon,45,Horizon League,Horizon
2005,2755,wbb:swac,26,Southwestern Athletic Conference,SWAC
2005,276,wbb:mac,14,Mid-American Conference,MAC
2005,277,wbb:big-east,4,Big East Conference,Big East
2005,278,wbb:wac,30,Western Athletic Conference,WAC
2005,279,wbb:big-west,9,Big West Conference,Big West
2005,282,wbb:mvc,18,Missouri Valley Conference,MVC
2005,2870,wbb:independents,43,Division I Independents,-
2005,288,wbb:asun,46,Atlantic Sun Conference,ASUN
2005,290,wbb:socon,24,Southern Conference,SoCon
2005,292,wbb:independents,43,Division I Independents,-
2005,294,wbb:asun,46,Atlantic Sun Conference,ASUN
2005,295,wbb:caa,10,Colonial Athletic Association,CAA
2005,299,wbb:big-west,9,Big West Conference,Big West
2005,3,wbb:big-south,6,Big South Conference,Big South
2005,30,wbb:pac-12,21,Pacific-10 Conference,Pac-12
2005,300,wbb:big-west,9,Big West Conference,Big West
2005,301,wbb:wcc,29,West Coast Conference,WCC
2005,304,wbb:big-sky,5,Big Sky Conference,Big Sky
2005,305,wbb:cusa,11,Conference USA,C-USA
2005,309,wbb:sun-belt,27,Sun Belt Conference,Sun Belt
2005,311,wbb:america-east,1,America East Conference,America East
2005,314,wbb:maac,13,Metro Atlantic Athletic Conference,MAAC
2005,315,wbb:maac,13,Metro Atlantic Athletic Conference,MAAC
2005,322,wbb:patriot,22,Patriot League,Patriot
2005,324,wbb:big-south,6,Big South Conference,Big South
2005,325,wbb:horizon,45,Horizon League,Horizon
2005,326,wbb:southland,25,Southland Conference,Southland
2005,328,wbb:big-west,9,Big West Conference,Big West
2005,331,wbb:big-sky,5,Big Sky Conference,Big Sky
2005,333,wbb:sec,23,Southeastern Conference,SEC
2005,339,wbb:mvc,18,Missouri Valley Conference,MVC
2005,344,wbb:sec,23,Southeastern Conference,SEC
2005,349,wbb:patriot,22,Patriot League,Patriot
2005,350,wbb:caa,10,Colonial Athletic Association,CAA
2005,356,wbb:big-ten,7,Big Ten Conference,Big Ten
2005,357,wbb:independents,43,Division I Independents,-
2005,36,wbb:mountain-west,44,Mountain West Conference,Mountain West
2005,38,wbb:big-12,8,Big 12 Conference,Big 12
2005,399,wbb:america-east,1,America East Conference,America East
2005,41,wbb:big-east,4,Big East Conference,Big East
2005,42,wbb:america-east,1,America East Conference,America East
2005,43,wbb:ivy,12,Ivy League,Ivy League
2005,44,wbb:patriot,22,Patriot League,Patriot
2005,45,wbb:atlantic-10,3,Atlantic 10 Conference,Atlantic 10
2005,46,wbb:big-east,4,Big East Conference,Big East
2005,47,wbb:meac,16,Mid-Eastern Athletic Conference,MEAC
2005,48,wbb:caa,10,Colonial Athletic Association,CAA
2005,5,wbb:cusa,11,Conference USA,C-USA
2005,50,wbb:meac,16,Mid-Eastern Athletic Conference,MEAC
2005,52,wbb:acc,2,Atlantic Coast Conference,ACC
2005,55,wbb:ovc,20,Ohio Valley Conference,OVC
2005,56,wbb:asun,46,Atlantic Sun Conference,ASUN
2005,57,wbb:sec,23,Southeastern Conference,SEC
2005,58,wbb:cusa,11,Conference USA,C-USA
2005,59,wbb:acc,2,Atlantic Coast Conference,ACC
2005,6,wbb:sun-belt,27,Sun Belt Conference,Sun Belt
2005,61,wbb:sec,23,Southeastern Conference,SEC
2005,62,wbb:wac,30,Western Athletic Conference,WAC
2005,66,wbb:big-12,8,Big 12 Conference,Big 12
2005,68,wbb:wac,30,Western Athletic Conference,WAC
2005,70,wbb:big-west,9,Big West Conference,Big West
2005,71,wbb:mvc,18,Missouri Valley Conference,MVC
2005,77,wbb:big-ten,7,Big Ten Conference,Big Ten
2005,79,wbb:mvc,18,Missouri Valley Conference,MVC
2005,8,wbb:sec,23,Southeastern Conference,SEC
2005,82,wbb:horizon,45,Horizon League,Horizon
2005,84,wbb:big-ten,7,Big Ten Conference,Big Ten
2005,87,wbb:big-east,4,Big East Conference,Big East
2005,9,wbb:pac-12,21,Pacific-10 Conference,Pac-12
2005,93,wbb:ovc,20,Ohio Valley Conference,OVC
2005,96,wbb:sec,23,Southeastern Conference,SEC
2005,97,wbb:cusa,11,Conference USA,C-USA
2005,98,wbb:sun-belt,27,Sun Belt Conference,Sun Belt
2005,99,wbb:sec,23,Southeastern Conference,SEC
2006,103,wbb:acc,2,Atlantic Coast Conference,ACC
2006,104,wbb:america-east,1,America East Conference,America East
2006,107,wbb:patriot,22,Patriot League,Patriot
2006,108,wbb:ivy,12,Ivy League,Ivy League
2006,111,wbb:caa,10,Colonial Athletic Association,CAA
2006,113,wbb:atlantic-10,3,Atlantic 10 Conference,Atlantic 10
2006,116,wbb:nec,19,Northeast Conference,NEC
2006,119,wbb:caa,10,Colonial Athletic Association,CAA
2006,12,wbb:pac-12,21,Pacific-10 Conference,Pac-12
2006,120,wbb:acc,2,Atlantic Coast Conference,ACC
2006,127,wbb:big-ten,7,Big Ten Conference,Big Ten
2006,13,wbb:big-west,9,Big West Conference,Big West
2006,130,wbb:big-ten,7,Big Ten Conference,Big Ten
2006,135,wbb:big-ten,7,Big Ten Conference,Big Ten
2006,139,wbb:atlantic-10,3,Atlantic 10 Conference,Atlantic 10
2006,142,wbb:big-12,8,Big 12 Conference,Big 12
2006,145,wbb:sec,23,Southeastern Conference,SEC
2006,147,wbb:big-sky,5,Big Sky Conference,Big Sky
2006,149,wbb:big-sky,5,Big Sky Conference,Big Sky
2006,150,wbb:acc,2,Atlantic Coast Conference,ACC
2006,151,wbb:cusa,11,Conference USA,C-USA
2006,152,wbb:acc,2,Atlantic Coast Conference,ACC
2006,153,wbb:acc,2,Atlantic Coast Conference,ACC
2006,154,wbb:acc,2,Atlantic Coast Conference,ACC
2006,156,wbb:mvc,18,Missouri Valley Conference,MVC
2006,158,wbb:big-12,8,Big 12 Conference,Big 12
2006,159,wbb:ivy,12,Ivy League,Ivy League
2006,16,wbb:big-sky,5,Big Sky Conference,Big Sky
2006,160,wbb:america-east,1,America East Conference,America East
2006,161,wbb:nec,19,Northeast Conference,NEC
2006,163,wbb:ivy,12,Ivy League,Ivy League
2006,164,wbb:big-east,4,Big East Conference,Big East
2006,166,wbb:wac,30,Western Athletic Conference,WAC
2006,167,wbb:mountain-west,44,Mountain West Conference,Mountain West
2006,171,wbb:ivy,12,Ivy League,Ivy League
2006,172,wbb:ivy,12,Ivy League,Ivy League
2006,179,wbb:atlantic-10,3,Atlantic 10 Conference,Atlantic 10
2006,183,wbb:big-east,4,Big East Conference,Big East
2006,189,wbb:mac,14,Mid-American Conference,MAC
2006,193,wbb:mac,14,Mid-American Conference,MAC
2006,194,wbb:big-ten,7,Big Ten Conference,Big Ten
2006,195,wbb:mac,14,Mid-American Conference,MAC
2006,197,wbb:big-12,8,Big 12 Conference,Big 12
2006,2,wbb:sec,23,Southeastern Conference,SEC
2006,2005,wbb:mountain-west,44,Mountain West Conference,Mountain West
2006,2006,wbb:mac,14,Mid-American Conference,MAC
2006,201,wbb:big-12,8,Big 12 Conference,Big 12
2006,2010,wbb:swac,26,Southwestern Athletic Conference,SWAC
2006,2011,wbb:swac,26,Southwestern Athletic Conference,SWAC
2006,2016,wbb:swac,26,Southwestern Athletic Conference,SWAC
2006,202,wbb:cusa,11,Conference USA,C-USA
2006,2026,wbb:socon,24,Southern Conference,SoCon
2006,2029,wbb:swac,26,Southwestern Athletic Conference,SWAC
2006,2031,wbb:sun-belt,27,Sun Belt Conference,Sun Belt
2006,2032,wbb:sun-belt,27,Sun Belt Conference,Sun Belt
2006,204,wbb:pac-12,21,Pacific-10 Conference,Pac-12
2006,2046,wbb:ovc,20,Ohio Valley Conference,OVC
2006,2050,wbb:mac,14,Mid-American Conference,MAC
2006,2057,wbb:asun,46,Atlantic Sun Conference,ASUN
2006,2065,wbb:meac,16,Mid-Eastern Athletic Conference,MEAC
2006,2066,wbb:america-east,1,America East Conference,America East
2006,2083,wbb:patriot,22,Patriot League,Patriot
2006,2084,wbb:mac,14,Mid-American Conference,MAC
2006,2086,wbb:horizon,45,Horizon League,Horizon
2006,2097,wbb:asun,46,Atlantic Sun Conference,ASUN
2006,2099,wbb:maac,13,Metro Atlantic Athletic Conference,MAAC
2006,21,wbb:mountain-west,44,Mountain West Conference,Mountain West
2006,2115,wbb:nec,19,Northeast Conference,NEC
2006,2116,wbb:cusa,11,Conference USA,C-USA
2006,2117,wbb:mac,14,Mid-American Conference,MAC
2006,2127,wbb:big-south,6,Big South Conference,Big South
2006,213,wbb:big-ten,7,Big Ten Conference,Big Ten
2006,2132,wbb:big-east,4,Big East Conference,Big East
2006,2142,wbb:patriot,22,Patriot League,Patriot
2006,2154,wbb:meac,16,Mid-Eastern Athletic Conference,MEAC
2006,2166,wbb:socon,24,Southern Conference,SoCon
2006,2168,wbb:atlantic-10,3,Atlantic 10 Conference,Atlantic 10
2006,2169,wbb:meac,16,Mid-Eastern Athletic Conference,MEAC
2006,2172,wbb:sun-belt,27,Sun Belt Conference,Sun Belt
2006,2174,wbb:horizon,45,Horizon League,Horizon
2006,218,wbb:atlantic-10,3,Atlantic 10 Conference,Atlantic 10
2006,2181,wbb:mvc,18,Missouri Valley Conference,MVC
2006,2182,wbb:caa,10,Colonial Athletic Association,CAA
2006,2184,wbb:atlantic-10,3,Atlantic 10 Conference,Atlantic 10
2006,219,wbb:ivy,12,Ivy League,Ivy League
2006,2193,wbb:asun,46,Atlantic Sun Conference,ASUN
2006,2197,wbb:ovc,20,Ohio Valley Conference,OVC
2006,2198,wbb:ovc,20,Ohio Valley Conference,OVC
2006,2199,wbb:mac,14,Mid-American Conference,MAC
2006,221,wbb:big-east,4,Big East Conference,Big East
2006,2210,wbb:socon,24,Southern Conference,SoCon
2006,2217,wbb:maac,13,Metro Atlantic Athletic Conference,MAAC
2006,222,wbb:big-east,4,Big East Conference,Big East
2006,2226,wbb:asun,46,Atlantic Sun Conference,ASUN
2006,2229,wbb:sun-belt,27,Sun Belt Conference,Sun Belt
2006,2230,wbb:atlantic-10,3,Atlantic 10 Conference,Atlantic 10
2006,2239,wbb:big-west,9,Big West Conference,Big West
2006,2241,wbb:asun,46,Atlantic Sun Conference,ASUN
2006,2244,wbb:caa,10,Colonial Athletic Association,CAA
2006,2247,wbb:caa,10,Colonial Athletic Association,CAA
2006,225,wbb:ivy,12,Ivy League,Ivy League
2006,2250,wbb:wcc,29,West Coast Conference,WCC
2006,2261,wbb:meac,16,Mid-Eastern Athletic Conference,MEAC
2006,227,wbb:atlantic-10,3,Atlantic 10 Conference,Atlantic 10
2006,2272,wbb:big-south,6,Big South Conference,Big South
2006,2275,wbb:caa,10,Colonial Athletic Association,CAA
2006,228,wbb:acc,2,Atlantic Coast Conference,ACC
2006,2287,wbb:mvc,18,Missouri Valley Conference,MVC
2006,2294,wbb:big-ten,7,Big Ten Conference,Big Ten
2006,2296,wbb:swac,26,Southwestern Athletic Conference,SWAC
2006,23,wbb:wac,30,Western Athletic Conference,WAC
2006,2305,wbb:big-12,8,Big 12 Conference,Big 12
2006,2306,wbb:big-12,8,Big 12 Conference,Big 12
2006,2309,wbb:mac,14,Mid-American Conference,MAC
2006,231,wbb:socon,24,Southern Conference,SoCon
2006,232,wbb:socon,24,Southern Conference,SoCon
2006,2320,wbb:southland,25,Southland Conference,Southland
2006,2325,wbb:atlantic-10,3,Atlantic 10 Conference,Atlantic 10
2006,2329,wbb:patriot,22,Patriot League,Patriot
2006,2335,wbb:big-south,6,Big South Conference,Big South
2006,2341,wbb:nec,19,Northeast Conference,NEC
2006,2344,wbb:independents,43,Division I Independents,-
2006,2348,wbb:wac,30,Western Athletic Conference,WAC
2006,235,wbb:cusa,11,Conference USA,C-USA
2006,2350,wbb:horizon,45,Horizon League,Horizon
2006,2351,wbb:wcc,29,West Coast Conference,WCC
2006,2352,wbb:maac,13,Metro Atlantic Athletic Conference,MAAC
2006,236,wbb:socon,24,Southern Conference,SoCon
2006,2363,wbb:maac,13,Metro Atlantic Athletic Conference,MAAC
2006,2368,wbb:maac,13,Metro Atlantic Athletic Conference,MAAC
2006,2377,wbb:southland,25,Southland Conference,Southland
2006,2378,wbb:america-east,1,America East Conference,America East
2006,2379,wbb:meac,16,Mid-Eastern Athletic Conference,MEAC
2006,238,wbb:sec,23,Southeastern Conference,SEC
2006,2382,wbb:asun,46,Atlantic Sun Conference,ASUN
2006,239,wbb:big-12,8,Big 12 Conference,Big 12
2006,2390,wbb:acc,2,Atlantic Coast Conference,ACC
2006,2393,wbb:sun-belt,27,Sun Belt Conference,Sun Belt
2006,24,wbb:pac-12,21,Pacific-10 Conference,Pac-12
2006,2400,wbb:swac,26,Southwestern Athletic Conference,SWAC
2006,2405,wbb:nec,19,Northeast Conference,NEC
2006,2413,wbb:ovc,20,Ohio Valley Conference,OVC
2006,2415,wbb:meac,16,Mid-Eastern Athletic Conference,MEAC
2006,242,wbb:cusa,11,Conference USA,C-USA
2006,2426,wbb:patriot,22,Patriot League,Patriot
2006,2427,wbb:big-south,6,Big South Conference,Big South
2006,2429,wbb:atlantic-10,3,Atlantic 10 Conference,Atlantic 10
2006,2430,wbb:socon,24,Southern Conference,SoCon
2006,2433,wbb:southland,25,Southland Conference,Southland
2006,2439,wbb:mountain-west,44,Mountain West Conference,Mountain West
2006,2440,wbb:wac,30,Western Athletic Conference,WAC
2006,2443,wbb:sun-belt,27,Sun Belt Conference,Sun Belt
2006,2447,wbb:southland,25,Southland Conference,Southland
2006,2448,wbb:meac,16,Mid-Eastern Athletic Conference,MEAC
2006,2449,wbb:independents,43,Division I Independents,-
2006,245,wbb:big-12,8,Big 12 Conference,Big 12
2006,2450,wbb:meac,16,Mid-Eastern Athletic Conference,MEAC
2006,2454,wbb:asun,46,Atlantic Sun Conference,ASUN
2006,2459,wbb:mac,14,Mid-American Conference,MAC
2006,2460,wbb:mvc,18,Missouri Valley Conference,MVC
2006,2463,wbb:big-west,9,Big West Conference,Big West
2006,2464,wbb:big-sky,5,Big Sky Conference,Big Sky
2006,2466,wbb:southland,25,Southland Conference,Southland
2006,248,wbb:cusa,11,Conference USA,C-USA
2006,2483,wbb:pac-12,21,Pacific-10 Conference,Pac-12
2006,249,wbb:sun-belt,27,Sun Belt Conference,Sun Belt
2006,2492,wbb:wcc,29,West Coast Conference,WCC
2006,25,wbb:pac-12,21,Pacific-10 Conference,Pac-12
2006,250,wbb:southland,25,Southland Conference,Southland
2006,2501,wbb:wcc,29,West Coast Conference,WCC
2006,2502,wbb:big-sky,5,Big Sky Conference,Big Sky
2006,2504,wbb:swac,26,Southwestern Athletic Conference,SWAC
2006,2507,wbb:big-east,4,Big East Conference,Big East
2006,2509,wbb:big-ten,7,Big Ten Conference,Big Ten
2006,251,wbb:big-12,8,Big 12 Conference,Big 12
2006,2514,wbb:nec,19,Northeast Conference,NEC
2006,2515,wbb:big-south,6,Big South Conference,Big South
2006,252,wbb:mountain-west,44,Mountain West Conference,Mountain West
2006,2520,wbb:maac,13,Metro Atlantic Athletic Conference,MAAC
2006,2523,wbb:nec,19,Northeast Conference,NEC
2006,2529,wbb:nec,19,Northeast Conference,NEC
2006,2534,wbb:southland,25,Southland Conference,Southland
2006,2535,wbb:ovc,20,Ohio Valley Conference,OVC
2006,2539,wbb:wcc,29,West Coast Conference,WCC
2006,254,wbb:mountain-west,44,Mountain West Conference,Mountain West
2006,2540,wbb:big-west,9,Big West Conference,Big West
2006,2541,wbb:wcc,29,West Coast Conference,WCC
2006,2542,wbb:independents,43,Division I Independents,-
2006,2545,wbb:southland,25,Southland Conference,Southland
2006,2546,wbb:ovc,20,Ohio Valley Conference,OVC
2006,2550,wbb:big-east,4,Big East Conference,Big East
2006,256,wbb:caa,10,Colonial Athletic Association,CAA
2006,2561,wbb:maac,13,Metro Atlantic Athletic Conference,MAAC
2006,2567,wbb:cusa,11,Conference USA,C-USA
2006,2569,wbb:meac,16,Mid-Eastern Athletic Conference,MEAC
2006,257,wbb:atlantic-10,3,Atlantic 10 Conference,Atlantic 10
2006,2571,wbb:independents,43,Division I Independents,-
2006,2572,wbb:cusa,11,Conference USA,C-USA
2006,2579,wbb:sec,23,Southeastern Conference,SEC
2006,258,wbb:acc,2,Atlantic Coast Conference,ACC
2006,2582,wbb:swac,26,Southwestern Athletic Conference,SWAC
2006,259,wbb:acc,2,Atlantic Coast Conference,ACC
2006,2597,wbb:nec,19,Northeast Conference,NEC
2006,2598,wbb:nec,19,Northeast Conference,NEC
2006,2599,wbb:big-east,4,Big East Conference,Big East
2006,26,wbb:pac-12,21,Pacific-10 Conference,Pac-12
2006,2603,wbb:atlantic-10,3,Atlantic 10 Conference,Atlantic 10
2006,2608,wbb:wcc,29,West Coast Conference,WCC
2006,261,wbb:america-east,1,America East Conference,America East
2006,2612,wbb:maac,13,Metro Atlantic Athletic Conference,MAAC
2006,2617,wbb:southland,25,Southland Conference,Southland
2006,2619,wbb:america-east,1,America East Conference,America East
2006,2623,wbb:mvc,18,Missouri Valley Conference,MVC
2006,2628,wbb:mountain-west,44,Mountain West Conference,Mountain West
2006,2630,wbb:ovc,20,Ohio Valley Conference,OVC
2006,2633,wbb:sec,23,Southeastern Conference,SEC
2006,2634,wbb:ovc,20,Ohio Valley Conference,OVC
2006,2635,wbb:ovc,20,Ohio Valley Conference,OVC
2006,2636,wbb:southland,25,Southland Conference,Southland
2006,2638,wbb:cusa,11,Conference USA,C-USA
2006,264,wbb:pac-12,21,Pacific-10 Conference,Pac-12
2006,2640,wbb:swac,26,Southwestern Athletic Conference,SWAC
2006,2641,wbb:big-12,8,Big 12 Conference,Big 12
2006,2649,wbb:mac,14,Mid-American Conference,MAC
2006,265,wbb:pac-12,21,Pacific-10 Conference,Pac-12
2006,2655,wbb:cusa,11,Conference USA,C-USA
2006,2670,wbb:caa,10,Colonial Athletic Association,CAA
2006,2678,wbb:big-south,6,Big South Conference,Big South
2006,2681,wbb:nec,19,Northeast Conference,NEC
2006,269,wbb:big-east,4,Big East Conference,Big East
2006,2692,wbb:big-sky,5,Big Sky Conference,Big Sky
2006,27,wbb:big-west,9,Big West Conference,Big West
2006,270,wbb:horizon,45,Horizon League,Horizon
2006,2711,wbb:mac,14,Mid-American Conference,MAC
2006,2717,wbb:socon,24,Southern Conference,SoCon
2006,2724,wbb:mvc,18,Missouri Valley Conference,MVC
2006,2729,wbb:caa,10,Colonial Athletic Association,CAA
2006,2737,wbb:big-south,6,Big South Conference,Big South
2006,2739,wbb:horizon,45,Horizon League,Horizon
2006,2747,wbb:socon,24,Southern Conference,SoCon
2006,275,wbb:big-ten,7,Big Ten Conference,Big Ten
2006,2750,wbb:horizon,45,Horizon League,Horizon
2006,2751,wbb:mountain-west,44,Mountain West Conference,Mountain West
2006,2752,wbb:atlantic-10,3,Atlantic 10 Conference,Atlantic 10
2006,2754,wbb:horizon,45,Horizon League,Horizon
2006,2755,wbb:swac,26,Southwestern Athletic Conference,SWAC
2006,276,wbb:cusa,11,Conference USA,C-USA
2006,277,wbb:big-east,4,Big East Conference,Big East
2006,278,wbb:wac,30,Western Athletic Conference,WAC
2006,279,wbb:big-west,9,Big West Conference,Big West
2006,282,wbb:mvc,18,Missouri Valley Conference,MVC
2006,2870,wbb:independents,43,Division I Independents,-
2006,288,wbb:asun,46,Atlantic Sun Conference,ASUN
2006,290,wbb:socon,24,Southern Conference,SoCon
2006,292,wbb:independents,43,Division I Independents,-
2006,294,wbb:asun,46,Atlantic Sun Conference,ASUN
2006,295,wbb:caa,10,Colonial Athletic Association,CAA
2006,299,wbb:big-west,9,Big West Conference,Big West
2006,3,wbb:big-south,6,Big South Conference,Big South
2006,30,wbb:pac-12,21,Pacific-10 Conference,Pac-12
2006,300,wbb:big-west,9,Big West Conference,Big West
2006,301,wbb:wcc,29,West Coast Conference,WCC
2006,304,wbb:big-sky,5,Big Sky Conference,Big Sky
2006,305,wbb:big-east,4,Big East Conference,Big East
2006,3084,wbb:independents,43,Division I Independents,-
2006,309,wbb:sun-belt,27,Sun Belt Conference,Sun Belt
2006,311,wbb:america-east,1,America East Conference,America East
2006,314,wbb:maac,13,Metro Atlantic Athletic Conference,MAAC
2006,315,wbb:maac,13,Metro Atlantic Athletic Conference,MAAC
2006,322,wbb:patriot,22,Patriot League,Patriot
2006,324,wbb:big-south,6,Big South Conference,Big South
2006,325,wbb:horizon,45,Horizon League,Horizon
2006,326,wbb:southland,25,Southland Conference,Southland
2006,328,wbb:wac,30,Western Athletic Conference,WAC
2006,331,wbb:big-sky,5,Big Sky Conference,Big Sky
2006,333,wbb:sec,23,Southeastern Conference,SEC
2006,338,wbb:asun,46,Atlantic Sun Conference,ASUN
2006,339,wbb:mvc,18,Missouri Valley Conference,MVC
2006,344,wbb:sec,23,Southeastern Conference,SEC
2006,349,wbb:patriot,22,Patriot League,Patriot
2006,350,wbb:caa,10,Colonial Athletic Association,CAA
2006,356,wbb:big-ten,7,Big Ten Conference,Big Ten
2006,357,wbb:independents,43,Division I Independents,-
2006,36,wbb:mountain-west,44,Mountain West Conference,Mountain West
2006,38,wbb:big-12,8,Big 12 Conference,Big 12
2006,399,wbb:america-east,1,America East Conference,America East
2006,41,wbb:big-east,4,Big East Conference,Big East
2006,42,wbb:america-east,1,America East Conference,America East
2006,43,wbb:ivy,12,Ivy League,Ivy League
2006,44,wbb:patriot,22,Patriot League,Patriot
2006,45,wbb:atlantic-10,3,Atlantic 10 Conference,Atlantic 10
2006,46,wbb:big-east,4,Big East Conference,Big East
2006,47,wbb:meac,16,Mid-Eastern Athletic Conference,MEAC
2006,48,wbb:caa,10,Colonial Athletic Association,CAA
2006,5,wbb:cusa,11,Conference USA,C-USA
2006,50,wbb:meac,16,Mid-Eastern Athletic Conference,MEAC
2006,52,wbb:acc,2,Atlantic Coast Conference,ACC
2006,55,wbb:ovc,20,Ohio Valley Conference,OVC
2006,56,wbb:asun,46,Atlantic Sun Conference,ASUN
2006,57,wbb:sec,23,Southeastern Conference,SEC
2006,58,wbb:big-east,4,Big East Conference,Big East
2006,59,wbb:acc,2,Atlantic Coast Conference,ACC
2006,6,wbb:sun-belt,27,Sun Belt Conference,Sun Belt
2006,61,wbb:sec,23,Southeastern Conference,SEC
2006,62,wbb:wac,30,Western Athletic Conference,WAC
2006,66,wbb:big-12,8,Big 12 Conference,Big 12
2006,68,wbb:wac,30,Western Athletic Conference,WAC
2006,70,wbb:wac,30,Western Athletic Conference,WAC
2006,71,wbb:mvc,18,Missouri Valley Conference,MVC
2006,77,wbb:big-ten,7,Big Ten Conference,Big Ten
2006,79,wbb:mvc,18,Missouri Valley Conference,MVC
2006,8,wbb:sec,23,Southeastern Conference,SEC
2006,82,wbb:horizon,45,Horizon League,Horizon
2006,84,wbb:big-ten,7,Big Ten Conference,Big Ten
2006,87,wbb:big-east,4,Big East Conference,Big East
2006,9,wbb:pac-12,21,Pacific-10 Conference,Pac-12
2006,93,wbb:ovc,20,Ohio Valley Conference,OVC
2006,96,wbb:sec,23,Southeastern Conference,SEC
2006,97,wbb:big-east,4,Big East Conference,Big East
2006,98,wbb:sun-belt,27,Sun Belt Conference,Sun Belt
2006,99,wbb:sec,23,Southeastern Conference,SEC
2007,103,wbb:acc,2,Atlantic Coast Conference,ACC
2007,104,wbb:america-east,1,America East Conference,America East
2007,107,wbb:patriot,22,Patriot League,Patriot
2007,108,wbb:ivy,12,Ivy League,Ivy League
2007,111,wbb:caa,10,Colonial Athletic Association,CAA
2007,113,wbb:atlantic-10,3,Atlantic 10 Conference,Atlantic 10
2007,116,wbb:nec,19,Northeast Conference,NEC
2007,119,wbb:caa,10,Colonial Athletic Association,CAA
2007,12,wbb:pac-12,21,Pacific-10 Conference,Pac-12
2007,120,wbb:acc,2,Atlantic Coast Conference,ACC
2007,127,wbb:big-ten,7,Big Ten Conference,Big Ten
2007,13,wbb:big-west,9,Big West Conference,Big West
2007,130,wbb:big-ten,7,Big Ten Conference,Big Ten
2007,135,wbb:big-ten,7,Big Ten Conference,Big Ten
2007,139,wbb:atlantic-10,3,Atlantic 10 Conference,Atlantic 10
2007,142,wbb:big-12,8,Big 12 Conference,Big 12
2007,145,wbb:sec,23,Southeastern Conference,SEC
2007,147,wbb:big-sky,5,Big Sky Conference,Big Sky
2007,149,wbb:big-sky,5,Big Sky Conference,Big Sky
2007,150,wbb:acc,2,Atlantic Coast Conference,ACC
2007,151,wbb:cusa,11,Conference USA,C-USA
2007,152,wbb:acc,2,Atlantic Coast Conference,ACC
2007,153,wbb:acc,2,Atlantic Coast Conference,ACC
2007,154,wbb:acc,2,Atlantic Coast Conference,ACC
2007,156,wbb:mvc,18,Missouri Valley Conference,MVC
2007,158,wbb:big-12,8,Big 12 Conference,Big 12
2007,159,wbb:ivy,12,Ivy League,Ivy League
2007,16,wbb:big-sky,5,Big Sky Conference,Big Sky
2007,160,wbb:america-east,1,America East Conference,America East
2007,161,wbb:nec,19,Northeast Conference,NEC
2007,163,wbb:ivy,12,Ivy League,Ivy League
2007,164,wbb:big-east,4,Big East Conference,Big East
2007,166,wbb:wac,30,Western Athletic Conference,WAC
2007,167,wbb:mountain-west,44,Mountain West Conference,Mountain West
2007,171,wbb:ivy,12,Ivy League,Ivy League
2007,172,wbb:ivy,12,Ivy League,Ivy League
2007,179,wbb:atlantic-10,3,Atlantic 10 Conference,Atlantic 10
2007,183,wbb:big-east,4,Big East Conference,Big East
2007,189,wbb:mac,14,Mid-American Conference,MAC
2007,193,wbb:mac,14,Mid-American Conference,MAC
2007,194,wbb:big-ten,7,Big Ten Conference,Big Ten
2007,195,wbb:mac,14,Mid-American Conference,MAC
2007,197,wbb:big-12,8,Big 12 Conference,Big 12
2007,2,wbb:sec,23,Southeastern Conference,SEC
2007,2005,wbb:mountain-west,44,Mountain West Conference,Mountain West
2007,2006,wbb:mac,14,Mid-American Conference,MAC
2007,201,wbb:big-12,8,Big 12 Conference,Big 12
2007,2010,wbb:swac,26,Southwestern Athletic Conference,SWAC
2007,2011,wbb:swac,26,Southwestern Athletic Conference,SWAC
2007,2016,wbb:swac,26,Southwestern Athletic Conference,SWAC
2007,202,wbb:cusa,11,Conference USA,C-USA
2007,2026,wbb:socon,24,Southern Conference,SoCon
2007,2029,wbb:swac,26,Southwestern Athletic Conference,SWAC
2007,2031,wbb:sun-belt,27,Sun Belt Conference,Sun Belt
2007,2032,wbb:sun-belt,27,Sun Belt Conference,Sun Belt
2007,204,wbb:pac-12,21,Pacific-10 Conference,Pac-12
2007,2046,wbb:ovc,20,Ohio Valley Conference,OVC
2007,2050,wbb:mac,14,Mid-American Conference,MAC
2007,2057,wbb:asun,46,Atlantic Sun Conference,ASUN
2007,2065,wbb:meac,16,Mid-Eastern Athletic Conference,MEAC
2007,2066,wbb:america-east,1,America East Conference,America East
2007,2083,wbb:patriot,22,Patriot League,Patriot
2007,2084,wbb:mac,14,Mid-American Conference,MAC
2007,2086,wbb:horizon,45,Horizon League,Horizon
2007,2097,wbb:asun,46,Atlantic Sun Conference,ASUN
2007,2099,wbb:maac,13,Metro Atlantic Athletic Conference,MAAC
2007,21,wbb:mountain-west,44,Mountain West Conference,Mountain West
2007,2110,wbb:southland,25,Southland Conference,Southland
2007,2115,wbb:nec,19,Northeast Conference,NEC
2007,2116,wbb:cusa,11,Conference USA,C-USA
2007,2117,wbb:mac,14,Mid-American Conference,MAC
2007,2127,wbb:big-south,6,Big South Conference,Big South
2007,213,wbb:big-ten,7,Big Ten Conference,Big Ten
2007,2130,wbb:independents,43,Division I Independents,-
2007,2132,wbb:big-east,4,Big East Conference,Big East
2007,2142,wbb:patriot,22,Patriot League,Patriot
2007,2154,wbb:meac,16,Mid-Eastern Athletic Conference,MEAC
2007,2166,wbb:socon,24,Southern Conference,SoCon
2007,2168,wbb:atlantic-10,3,Atlantic 10 Conference,Atlantic 10
2007,2169,wbb:meac,16,Mid-Eastern Athletic Conference,MEAC
2007,2172,wbb:sun-belt,27,Sun Belt Conference,Sun Belt
2007,2174,wbb:horizon,45,Horizon League,Horizon
2007,218,wbb:atlantic-10,3,Atlantic 10 Conference,Atlantic 10
2007,2181,wbb:mvc,18,Missouri Valley Conference,MVC
2007,2182,wbb:caa,10,Colonial Athletic Association,CAA
2007,2184,wbb:atlantic-10,3,Atlantic 10 Conference,Atlantic 10
2007,219,wbb:ivy,12,Ivy League,Ivy League
2007,2193,wbb:asun,46,Atlantic Sun Conference,ASUN
2007,2197,wbb:ovc,20,Ohio Valley Conference,OVC
2007,2198,wbb:ovc,20,Ohio Valley Conference,OVC
2007,2199,wbb:mac,14,Mid-American Conference,MAC
2007,221,wbb:big-east,4,Big East Conference,Big East
2007,2210,wbb:socon,24,Southern Conference,SoCon
2007,2217,wbb:maac,13,Metro Atlantic Athletic Conference,MAAC
2007,222,wbb:big-east,4,Big East Conference,Big East
2007,2229,wbb:sun-belt,27,Sun Belt Conference,Sun Belt
2007,2230,wbb:atlantic-10,3,Atlantic 10 Conference,Atlantic 10
2007,2239,wbb:big-west,9,Big West Conference,Big West
2007,2241,wbb:asun,46,Atlantic Sun Conference,ASUN
2007,2244,wbb:caa,10,Colonial Athletic Association,CAA
2007,2247,wbb:caa,10,Colonial Athletic Association,CAA
2007,225,wbb:ivy,12,Ivy League,Ivy League
2007,2250,wbb:wcc,29,West Coast Conference,WCC
2007,2261,wbb:meac,16,Mid-Eastern Athletic Conference,MEAC
2007,227,wbb:atlantic-10,3,Atlantic 10 Conference,Atlantic 10
2007,2272,wbb:big-south,6,Big South Conference,Big South
2007,2275,wbb:caa,10,Colonial Athletic Association,CAA
2007,228,wbb:acc,2,Atlantic Coast Conference,ACC
2007,2287,wbb:mvc,18,Missouri Valley Conference,MVC
2007,2294,wbb:big-ten,7,Big Ten Conference,Big Ten
2007,2296,wbb:swac,26,Southwestern Athletic Conference,SWAC
2007,23,wbb:wac,30,Western Athletic Conference,WAC
2007,2305,wbb:big-12,8,Big 12 Conference,Big 12
2007,2306,wbb:big-12,8,Big 12 Conference,Big 12
2007,2309,wbb:mac,14,Mid-American Conference,MAC
2007,231,wbb:socon,24,Southern Conference,SoCon
2007,232,wbb:socon,24,Southern Conference,SoCon
2007,2320,wbb:southland,25,Southland Conference,Southland
2007,2325,wbb:atlantic-10,3,Atlantic 10 Conference,Atlantic 10
2007,2329,wbb:patriot,22,Patriot League,Patriot
2007,2335,wbb:big-south,6,Big South Conference,Big South
2007,2341,wbb:nec,19,Northeast Conference,NEC
2007,2344,wbb:independents,43,Division I Independents,-
2007,2348,wbb:wac,30,Western Athletic Conference,WAC
2007,235,wbb:cusa,11,Conference USA,C-USA
2007,2350,wbb:horizon,45,Horizon League,Horizon
2007,2351,wbb:wcc,29,West Coast Conference,WCC
2007,2352,wbb:maac,13,Metro Atlantic Athletic Conference,MAAC
2007,236,wbb:socon,24,Southern Conference,SoCon
2007,2363,wbb:maac,13,Metro Atlantic Athletic Conference,MAAC
2007,2368,wbb:maac,13,Metro Atlantic Athletic Conference,MAAC
2007,2377,wbb:southland,25,Southland Conference,Southland
2007,2378,wbb:america-east,1,America East Conference,America East
2007,2379,wbb:meac,16,Mid-Eastern Athletic Conference,MEAC
2007,238,wbb:sec,23,Southeastern Conference,SEC
2007,2382,wbb:asun,46,Atlantic Sun Conference,ASUN
2007,239,wbb:big-12,8,Big 12 Conference,Big 12
2007,2390,wbb:acc,2,Atlantic Coast Conference,ACC
2007,2393,wbb:sun-belt,27,Sun Belt Conference,Sun Belt
2007,24,wbb:pac-12,21,Pacific-10 Conference,Pac-12
2007,2400,wbb:swac,26,Southwestern Athletic Conference,SWAC
2007,2405,wbb:nec,19,Northeast Conference,NEC
2007,2413,wbb:ovc,20,Ohio Valley Conference,OVC
2007,2415,wbb:meac,16,Mid-Eastern Athletic Conference,MEAC
2007,242,wbb:cusa,11,Conference USA,C-USA
2007,2426,wbb:patriot,22,Patriot League,Patriot
2007,2427,wbb:big-south,6,Big South Conference,Big South
2007,2429,wbb:atlantic-10,3,Atlantic 10 Conference,Atlantic 10
2007,2430,wbb:socon,24,Southern Conference,SoCon
2007,2439,wbb:mountain-west,44,Mountain West Conference,Mountain West
2007,2440,wbb:wac,30,Western Athletic Conference,WAC
2007,2443,wbb:sun-belt,27,Sun Belt Conference,Sun Belt
2007,2447,wbb:southland,25,Southland Conference,Southland
2007,2448,wbb:meac,16,Mid-Eastern Athletic Conference,MEAC
2007,2449,wbb:independents,43,Division I Independents,-
2007,245,wbb:big-12,8,Big 12 Conference,Big 12
2007,2450,wbb:meac,16,Mid-Eastern Athletic Conference,MEAC
2007,2454,wbb:asun,46,Atlantic Sun Conference,ASUN
2007,2458,wbb:big-sky,5,Big Sky Conference,Big Sky
2007,2459,wbb:mac,14,Mid-American Conference,MAC
2007,2460,wbb:mvc,18,Missouri Valley Conference,MVC
2007,2463,wbb:big-west,9,Big West Conference,Big West
2007,2464,wbb:big-sky,5,Big Sky Conference,Big Sky
2007,2466,wbb:southland,25,Southland Conference,Southland
2007,248,wbb:cusa,11,Conference USA,C-USA
2007,2483,wbb:pac-12,21,Pacific-10 Conference,Pac-12
2007,249,wbb:sun-belt,27,Sun Belt Conference,Sun Belt
2007,2492,wbb:wcc,29,West Coast Conference,WCC
2007,25,wbb:pac-12,21,Pacific-10 Conference,Pac-12
2007,250,wbb:southland,25,Southland Conference,Southland
2007,2501,wbb:wcc,29,West Coast Conference,WCC
2007,2502,wbb:big-sky,5,Big Sky Conference,Big Sky
2007,2504,wbb:swac,26,Southwestern Athletic Conference,SWAC
2007,2507,wbb:big-east,4,Big East Conference,Big East
2007,2509,wbb:big-ten,7,Big Ten Conference,Big Ten
2007,251,wbb:big-12,8,Big 12 Conference,Big 12
2007,2514,wbb:nec,19,Northeast Conference,NEC
2007,2515,wbb:big-south,6,Big South Conference,Big South
2007,252,wbb:mountain-west,44,Mountain West Conference,Mountain West
2007,2520,wbb:maac,13,Metro Atlantic Athletic Conference,MAAC
2007,2523,wbb:nec,19,Northeast Conference,NEC
2007,2529,wbb:nec,19,Northeast Conference,NEC
2007,2534,wbb:southland,25,Southland Conference,Southland
2007,2535,wbb:ovc,20,Ohio Valley Conference,OVC
2007,2539,wbb:wcc,29,West Coast Conference,WCC
2007,254,wbb:mountain-west,44,Mountain West Conference,Mountain West
2007,2540,wbb:big-west,9,Big West Conference,Big West
2007,2541,wbb:wcc,29,West Coast Conference,WCC
2007,2542,wbb:independents,43,Division I Independents,-
2007,2545,wbb:southland,25,Southland Conference,Southland
2007,2546,wbb:ovc,20,Ohio Valley Conference,OVC
2007,2550,wbb:big-east,4,Big East Conference,Big East
2007,256,wbb:caa,10,Colonial Athletic Association,CAA
2007,2561,wbb:maac,13,Metro Atlantic Athletic Conference,MAAC
2007,2567,wbb:cusa,11,Conference USA,C-USA
2007,2569,wbb:meac,16,Mid-Eastern Athletic Conference,MEAC
2007,257,wbb:atlantic-10,3,Atlantic 10 Conference,Atlantic 10
2007,2571,wbb:independents,43,Division I Independents,-
2007,2572,wbb:cusa,11,Conference USA,C-USA
2007,2579,wbb:sec,23,Southeastern Conference,SEC
2007,258,wbb:acc,2,Atlantic Coast Conference,ACC
2007,2582,wbb:swac,26,Southwestern Athletic Conference,SWAC
2007,259,wbb:acc,2,Atlantic Coast Conference,ACC
2007,2597,wbb:nec,19,Northeast Conference,NEC
2007,2598,wbb:nec,19,Northeast Conference,NEC
2007,2599,wbb:big-east,4,Big East Conference,Big East
2007,26,wbb:pac-12,21,Pacific-10 Conference,Pac-12
2007,2603,wbb:atlantic-10,3,Atlantic 10 Conference,Atlantic 10
2007,2608,wbb:wcc,29,West Coast Conference,WCC
2007,261,wbb:america-east,1,America East Conference,America East
2007,2612,wbb:maac,13,Metro Atlantic Athletic Conference,MAAC
2007,2617,wbb:southland,25,Southland Conference,Southland
2007,2619,wbb:america-east,1,America East Conference,America East
2007,2623,wbb:mvc,18,Missouri Valley Conference,MVC
2007,2628,wbb:mountain-west,44,Mountain West Conference,Mountain West
2007,2630,wbb:ovc,20,Ohio Valley Conference,OVC
2007,2633,wbb:sec,23,Southeastern Conference,SEC
2007,2634,wbb:ovc,20,Ohio Valley Conference,OVC
2007,2635,wbb:ovc,20,Ohio Valley Conference,OVC
2007,2636,wbb:southland,25,Southland Conference,Southland
2007,2638,wbb:cusa,11,Conference USA,C-USA
2007,264,wbb:pac-12,21,Pacific-10 Conference,Pac-12
2007,2640,wbb:swac,26,Southwestern Athletic Conference,SWAC
2007,2641,wbb:big-12,8,Big 12 Conference,Big 12
2007,2649,wbb:mac,14,Mid-American Conference,MAC
2007,265,wbb:pac-12,21,Pacific-10 Conference,Pac-12
2007,2655,wbb:cusa,11,Conference USA,C-USA
2007,2670,wbb:caa,10,Colonial Athletic Association,CAA
2007,2678,wbb:big-south,6,Big South Conference,Big South
2007,2681,wbb:nec,19,Northeast Conference,NEC
2007,269,wbb:big-east,4,Big East Conference,Big East
2007,2692,wbb:big-sky,5,Big Sky Conference,Big Sky
2007,27,wbb:big-west,9,Big West Conference,Big West
2007,270,wbb:horizon,45,Horizon League,Horizon
2007,2711,wbb:mac,14,Mid-American Conference,MAC
2007,2717,wbb:socon,24,Southern Conference,SoCon
2007,2724,wbb:mvc,18,Missouri Valley Conference,MVC
2007,2729,wbb:caa,10,Colonial Athletic Association,CAA
2007,2736,wbb:independents,43,Division I Independents,-
2007,2737,wbb:big-south,6,Big South Conference,Big South
2007,2739,wbb:horizon,45,Horizon League,Horizon
2007,2747,wbb:socon,24,Southern Conference,SoCon
2007,275,wbb:big-ten,7,Big Ten Conference,Big Ten
2007,2750,wbb:horizon,45,Horizon League,Horizon
2007,2751,wbb:mountain-west,44,Mountain West Conference,Mountain West
2007,2752,wbb:atlantic-10,3,Atlantic 10 Conference,Atlantic 10
2007,2754,wbb:horizon,45,Horizon League,Horizon
2007,2755,wbb:swac,26,Southwestern Athletic Conference,SWAC
2007,276,wbb:cusa,11,Conference USA,C-USA
2007,277,wbb:big-east,4,Big East Conference,Big East
2007,278,wbb:wac,30,Western Athletic Conference,WAC
2007,279,wbb:big-west,9,Big West Conference,Big West
2007,282,wbb:mvc,18,Missouri Valley Conference,MVC
2007,2870,wbb:independents,43,Division I Independents,-
2007,288,wbb:asun,46,Atlantic Sun Conference,ASUN
2007,2885,wbb:independents,43,Division I Independents,-
2007,290,wbb:socon,24,Southern Conference,SoCon
2007,292,wbb:independents,43,Division I Independents,-
2007,294,wbb:asun,46,Atlantic Sun Conference,ASUN
2007,295,wbb:caa,10,Colonial Athletic Association,CAA
2007,299,wbb:big-west,9,Big West Conference,Big West
2007,30,wbb:pac-12,21,Pacific-10 Conference,Pac-12
2007,300,wbb:big-west,9,Big West Conference,Big West
2007,301,wbb:wcc,29,West Coast Conference,WCC
2007,302,wbb:independents,43,Division I Independents,-
2007,304,wbb:big-sky,5,Big Sky Conference,Big Sky
2007,305,wbb:big-east,4,Big East Conference,Big East
2007,3084,wbb:independents,43,Division I Independents,-
2007,309,wbb:sun-belt,27,Sun Belt Conference,Sun Belt
2007,311,wbb:america-east,1,America East Conference,America East
2007,314,wbb:maac,13,Metro Atlantic Athletic Conference,MAAC
2007,315,wbb:maac,13,Metro Atlantic Athletic Conference,MAAC
2007,322,wbb:patriot,22,Patriot League,Patriot
2007,324,wbb:big-south,6,Big South Conference,Big South
2007,325,wbb:horizon,45,Horizon League,Horizon
2007,326,wbb:southland,25,Southland Conference,Southland
2007,328,wbb:wac,30,Western Athletic Conference,WAC
2007,331,wbb:big-sky,5,Big Sky Conference,Big Sky
2007,333,wbb:sec,23,Southeastern Conference,SEC
2007,338,wbb:asun,46,Atlantic Sun Conference,ASUN
2007,339,wbb:mvc,18,Missouri Valley Conference,MVC
2007,344,wbb:sec,23,Southeastern Conference,SEC
2007,349,wbb:patriot,22,Patriot League,Patriot
2007,350,wbb:caa,10,Colonial Athletic Association,CAA
2007,356,wbb:big-ten,7,Big Ten Conference,Big Ten
2007,357,wbb:southland,25,Southland Conference,Southland
2007,36,wbb:mountain-west,44,Mountain West Conference,Mountain West
2007,38,wbb:big-12,8,Big 12 Conference,Big 12
2007,399,wbb:america-east,1,America East Conference,America East
2007,41,wbb:big-east,4,Big East Conference,Big East
2007,42,wbb:america-east,1,America East Conference,America East
2007,43,wbb:ivy,12,Ivy League,Ivy League
2007,44,wbb:patriot,22,Patriot League,Patriot
2007,45,wbb:atlantic-10,3,Atlantic 10 Conference,Atlantic 10
2007,46,wbb:big-east,4,Big East Conference,Big East
2007,47,wbb:meac,16,Mid-Eastern Athletic Conference,MEAC
2007,48,wbb:caa,10,Colonial Athletic Association,CAA
2007,5,wbb:cusa,11,Conference USA,C-USA
2007,50,wbb:meac,16,Mid-Eastern Athletic Conference,MEAC
2007,52,wbb:acc,2,Atlantic Coast Conference,ACC
2007,55,wbb:ovc,20,Ohio Valley Conference,OVC
2007,56,wbb:asun,46,Atlantic Sun Conference,ASUN
2007,57,wbb:sec,23,Southeastern Conference,SEC
2007,58,wbb:big-east,4,Big East Conference,Big East
2007,59,wbb:acc,2,Atlantic Coast Conference,ACC
2007,6,wbb:sun-belt,27,Sun Belt Conference,Sun Belt
2007,61,wbb:sec,23,Southeastern Conference,SEC
2007,62,wbb:wac,30,Western Athletic Conference,WAC
2007,66,wbb:big-12,8,Big 12 Conference,Big 12
2007,68,wbb:wac,30,Western Athletic Conference,WAC
2007,70,wbb:wac,30,Western Athletic Conference,WAC
2007,71,wbb:mvc,18,Missouri Valley Conference,MVC
2007,77,wbb:big-ten,7,Big Ten Conference,Big Ten
2007,79,wbb:mvc,18,Missouri Valley Conference,MVC
2007,8,wbb:sec,23,Southeastern Conference,SEC
2007,82,wbb:horizon,45,Horizon League,Horizon
2007,84,wbb:big-ten,7,Big Ten Conference,Big Ten
2007,87,wbb:big-east,4,Big East Conference,Big East
2007,9,wbb:pac-12,21,Pacific-10 Conference,Pac-12
2007,93,wbb:ovc,20,Ohio Valley Conference,OVC
2007,96,wbb:sec,23,Southeastern Conference,SEC
2007,97,wbb:big-east,4,Big East Conference,Big East
2007,98,wbb:sun-belt,27,Sun Belt Conference,Sun Belt
2007,99,wbb:sec,23,Southeastern Conference,SEC
2008,103,wbb:acc,2,Atlantic Coast Conference,ACC
2008,104,wbb:america-east,1,America East Conference,America East
2008,107,wbb:patriot,22,Patriot League,Patriot
2008,108,wbb:ivy,12,Ivy League,Ivy League
2008,111,wbb:caa,10,Colonial Athletic Association,CAA
2008,113,wbb:atlantic-10,3,Atlantic 10 Conference,Atlantic 10
2008,116,wbb:nec,19,Northeast Conference,NEC
2008,119,wbb:caa,10,Colonial Athletic Association,CAA
2008,12,wbb:pac-12,21,Pacific-10 Conference,Pac-12
2008,120,wbb:acc,2,Atlantic Coast Conference,ACC
2008,127,wbb:big-ten,7,Big Ten Conference,Big Ten
2008,13,wbb:big-west,9,Big West Conference,Big West
2008,130,wbb:big-ten,7,Big Ten Conference,Big Ten
2008,135,wbb:big-ten,7,Big Ten Conference,Big Ten
2008,139,wbb:atlantic-10,3,Atlantic 10 Conference,Atlantic 10
2008,140,wbb:summit,47,The Summit League,Summit League
2008,142,wbb:big-12,8,Big 12 Conference,Big 12
2008,145,wbb:sec,23,Southeastern Conference,SEC
2008,147,wbb:big-sky,5,Big Sky Conference,Big Sky
2008,149,wbb:big-sky,5,Big Sky Conference,Big Sky
2008,150,wbb:acc,2,Atlantic Coast Conference,ACC
2008,151,wbb:cusa,11,Conference USA,C-USA
2008,152,wbb:acc,2,Atlantic Coast Conference,ACC
2008,153,wbb:acc,2,Atlantic Coast Conference,ACC
2008,154,wbb:acc,2,Atlantic Coast Conference,ACC
2008,156,wbb:mvc,18,Missouri Valley Conference,MVC
2008,158,wbb:big-12,8,Big 12 Conference,Big 12
2008,159,wbb:ivy,12,Ivy League,Ivy League
2008,16,wbb:big-sky,5,Big Sky Conference,Big Sky
2008,160,wbb:america-east,1,America East Conference,America East
2008,161,wbb:nec,19,Northeast Conference,NEC
2008,163,wbb:ivy,12,Ivy League,Ivy League
2008,164,wbb:big-east,4,Big East Conference,Big East
2008,166,wbb:wac,30,Western Athletic Conference,WAC
2008,167,wbb:mountain-west,44,Mountain West Conference,Mountain West
2008,171,wbb:ivy,12,Ivy League,Ivy League
2008,172,wbb:ivy,12,Ivy League,Ivy League
2008,179,wbb:atlantic-10,3,Atlantic 10 Conference,Atlantic 10
2008,183,wbb:big-east,4,Big East Conference,Big East
2008,189,wbb:mac,14,Mid-American Conference,MAC
2008,193,wbb:mac,14,Mid-American Conference,MAC
2008,194,wbb:big-ten,7,Big Ten Conference,Big Ten
2008,195,wbb:mac,14,Mid-American Conference,MAC
2008,197,wbb:big-12,8,Big 12 Conference,Big 12
2008,198,wbb:summit,47,The Summit League,Summit League
2008,2,wbb:sec,23,Southeastern Conference,SEC
2008,2005,wbb:mountain-west,44,Mountain West Conference,Mountain West
2008,2006,wbb:mac,14,Mid-American Conference,MAC
2008,201,wbb:big-12,8,Big 12 Conference,Big 12
2008,2010,wbb:swac,26,Southwestern Athletic Conference,SWAC
2008,2011,wbb:swac,26,Southwestern Athletic Conference,SWAC
2008,2016,wbb:swac,26,Southwestern Athletic Conference,SWAC
2008,202,wbb:cusa,11,Conference USA,C-USA
2008,2026,wbb:socon,24,Southern Conference,SoCon
2008,2029,wbb:swac,26,Southwestern Athletic Conference,SWAC
2008,2031,wbb:sun-belt,27,Sun Belt Conference,Sun Belt
2008,2032,wbb:sun-belt,27,Sun Belt Conference,Sun Belt
2008,204,wbb:pac-12,21,Pacific-10 Conference,Pac-12
2008,2046,wbb:ovc,20,Ohio Valley Conference,OVC
2008,2050,wbb:mac,14,Mid-American Conference,MAC
2008,2057,wbb:asun,46,Atlantic Sun Conference,ASUN
2008,2065,wbb:meac,16,Mid-Eastern Athletic Conference,MEAC
2008,2066,wbb:america-east,1,America East Conference,America East
2008,2083,wbb:patriot,22,Patriot League,Patriot
2008,2084,wbb:mac,14,Mid-American Conference,MAC
2008,2086,wbb:horizon,45,Horizon League,Horizon
2008,2097,wbb:asun,46,Atlantic Sun Conference,ASUN
2008,2099,wbb:maac,13,Metro Atlantic Athletic Conference,MAAC
2008,21,wbb:mountain-west,44,Mountain West Conference,Mountain West
2008,2110,wbb:southland,25,Southland Conference,Southland
2008,2113,wbb:summit,47,The Summit League,Summit League
2008,2115,wbb:nec,19,Northeast Conference,NEC
2008,2116,wbb:cusa,11,Conference USA,C-USA
2008,2117,wbb:mac,14,Mid-American Conference,MAC
2008,2127,wbb:big-south,6,Big South Conference,Big South
2008,213,wbb:big-ten,7,Big Ten Conference,Big Ten
2008,2130,wbb:independents,43,Division I Independents,-
2008,2132,wbb:big-east,4,Big East Conference,Big East
2008,2142,wbb:patriot,22,Patriot League,Patriot
2008,2154,wbb:meac,16,Mid-Eastern Athletic Conference,MEAC
2008,2166,wbb:socon,24,Southern Conference,SoCon
2008,2168,wbb:atlantic-10,3,Atlantic 10 Conference,Atlantic 10
2008,2169,wbb:meac,16,Mid-Eastern Athletic Conference,MEAC
2008,2172,wbb:sun-belt,27,Sun Belt Conference,Sun Belt
2008,2174,wbb:horizon,45,Horizon League,Horizon
2008,218,wbb:atlantic-10,3,Atlantic 10 Conference,Atlantic 10
2008,2181,wbb:mvc,18,Missouri Valley Conference,MVC
2008,2182,wbb:caa,10,Colonial Athletic Association,CAA
2008,2184,wbb:atlantic-10,3,Atlantic 10 Conference,Atlantic 10
2008,219,wbb:ivy,12,Ivy League,Ivy League
2008,2193,wbb:asun,46,Atlantic Sun Conference,ASUN
2008,2197,wbb:ovc,20,Ohio Valley Conference,OVC
2008,2198,wbb:ovc,20,Ohio Valley Conference,OVC
2008,2199,wbb:mac,14,Mid-American Conference,MAC
2008,221,wbb:big-east,4,Big East Conference,Big East
2008,2210,wbb:socon,24,Southern Conference,SoCon
2008,2217,wbb:maac,13,Metro Atlantic Athletic Conference,MAAC
2008,222,wbb:big-east,4,Big East Conference,Big East
2008,2229,wbb:sun-belt,27,Sun Belt Conference,Sun Belt
2008,2230,wbb:atlantic-10,3,Atlantic 10 Conference,Atlantic 10
2008,2239,wbb:big-west,9,Big West Conference,Big West
2008,2241,wbb:asun,46,Atlantic Sun Conference,ASUN
2008,2244,wbb:caa,10,Colonial Athletic Association,CAA
2008,2247,wbb:caa,10,Colonial Athletic Association,CAA
2008,225,wbb:ivy,12,Ivy League,Ivy League
2008,2250,wbb:wcc,29,West Coast Conference,WCC
2008,2261,wbb:meac,16,Mid-Eastern Athletic Conference,MEAC
2008,227,wbb:atlantic-10,3,Atlantic 10 Conference,Atlantic 10
2008,2272,wbb:big-south,6,Big South Conference,Big South
2008,2275,wbb:caa,10,Colonial Athletic Association,CAA
2008,228,wbb:acc,2,Atlantic Coast Conference,ACC
2008,2287,wbb:mvc,18,Missouri Valley Conference,MVC
2008,2294,wbb:big-ten,7,Big Ten Conference,Big Ten
2008,2296,wbb:swac,26,Southwestern Athletic Conference,SWAC
2008,23,wbb:wac,30,Western Athletic Conference,WAC
2008,2305,wbb:big-12,8,Big 12 Conference,Big 12
2008,2306,wbb:big-12,8,Big 12 Conference,Big 12
2008,2309,wbb:mac,14,Mid-American Conference,MAC
2008,231,wbb:socon,24,Southern Conference,SoCon
2008,232,wbb:socon,24,Southern Conference,SoCon
2008,2320,wbb:southland,25,Southland Conference,Southland
2008,2325,wbb:atlantic-10,3,Atlantic 10 Conference,Atlantic 10
2008,2329,wbb:patriot,22,Patriot League,Patriot
2008,2335,wbb:big-south,6,Big South Conference,Big South
2008,2341,wbb:nec,19,Northeast Conference,NEC
2008,2344,wbb:independents,43,Division I Independents,-
2008,2348,wbb:wac,30,Western Athletic Conference,WAC
2008,235,wbb:cusa,11,Conference USA,C-USA
2008,2350,wbb:horizon,45,Horizon League,Horizon
2008,2351,wbb:wcc,29,West Coast Conference,WCC
2008,2352,wbb:maac,13,Metro Atlantic Athletic Conference,MAAC
2008,236,wbb:socon,24,Southern Conference,SoCon
2008,2363,wbb:maac,13,Metro Atlantic Athletic Conference,MAAC
2008,2368,wbb:maac,13,Metro Atlantic Athletic Conference,MAAC
2008,2377,wbb:southland,25,Southland Conference,Southland
2008,2378,wbb:america-east,1,America East Conference,America East
2008,2379,wbb:meac,16,Mid-Eastern Athletic Conference,MEAC
2008,238,wbb:sec,23,Southeastern Conference,SEC
2008,2382,wbb:asun,46,Atlantic Sun Conference,ASUN
2008,239,wbb:big-12,8,Big 12 Conference,Big 12
2008,2390,wbb:acc,2,Atlantic Coast Conference,ACC
2008,2393,wbb:sun-belt,27,Sun Belt Conference,Sun Belt
2008,24,wbb:pac-12,21,Pacific-10 Conference,Pac-12
2008,2400,wbb:swac,26,Southwestern Athletic Conference,SWAC
2008,2405,wbb:nec,19,Northeast Conference,NEC
2008,2413,wbb:ovc,20,Ohio Valley Conference,OVC
2008,2415,wbb:meac,16,Mid-Eastern Athletic Conference,MEAC
2008,242,wbb:cusa,11,Conference USA,C-USA
2008,2426,wbb:patriot,22,Patriot League,Patriot
2008,2427,wbb:big-south,6,Big South Conference,Big South
2008,2428,wbb:independents,43,Division I Independents,-
2008,2429,wbb:atlantic-10,3,Atlantic 10 Conference,Atlantic 10
2008,2430,wbb:socon,24,Southern Conference,SoCon
2008,2439,wbb:mountain-west,44,Mountain West Conference,Mountain West
2008,2440,wbb:wac,30,Western Athletic Conference,WAC
2008,2443,wbb:sun-belt,27,Sun Belt Conference,Sun Belt
2008,2447,wbb:southland,25,Southland Conference,Southland
2008,2448,wbb:meac,16,Mid-Eastern Athletic Conference,MEAC
2008,2449,wbb:summit,47,The Summit League,Summit League
2008,245,wbb:big-12,8,Big 12 Conference,Big 12
2008,2450,wbb:meac,16,Mid-Eastern Athletic Conference,MEAC
2008,2454,wbb:asun,46,Atlantic Sun Conference,ASUN
2008,2458,wbb:big-sky,5,Big Sky Conference,Big Sky
2008,2459,wbb:mac,14,Mid-American Conference,MAC
2008,2460,wbb:mvc,18,Missouri Valley Conference,MVC
2008,2463,wbb:big-west,9,Big West Conference,Big West
2008,2464,wbb:big-sky,5,Big Sky Conference,Big Sky
2008,2466,wbb:southland,25,Southland Conference,Southland
2008,2473,wbb:summit,47,The Summit League,Summit League
2008,248,wbb:cusa,11,Conference USA,C-USA
2008,2483,wbb:pac-12,21,Pacific-10 Conference,Pac-12
2008,249,wbb:sun-belt,27,Sun Belt Conference,Sun Belt
2008,2492,wbb:wcc,29,West Coast Conference,WCC
2008,25,wbb:pac-12,21,Pacific-10 Conference,Pac-12
2008,250,wbb:southland,25,Southland Conference,Southland
2008,2501,wbb:wcc,29,West Coast Conference,WCC
2008,2502,wbb:big-sky,5,Big Sky Conference,Big Sky
2008,2504,wbb:swac,26,Southwestern Athletic Conference,SWAC
2008,2506,wbb:independents,43,Division I Independents,-
2008,2507,wbb:big-east,4,Big East Conference,Big East
2008,2509,wbb:big-ten,7,Big Ten Conference,Big Ten
2008,251,wbb:big-12,8,Big 12 Conference,Big 12
2008,2514,wbb:nec,19,Northeast Conference,NEC
2008,2515,wbb:big-south,6,Big South Conference,Big South
2008,252,wbb:mountain-west,44,Mountain West Conference,Mountain West
2008,2520,wbb:maac,13,Metro Atlantic Athletic Conference,MAAC
2008,2523,wbb:nec,19,Northeast Conference,NEC
2008,2529,wbb:nec,19,Northeast Conference,NEC
2008,253,wbb:summit,47,The Summit League,Summit League
2008,2534,wbb:southland,25,Southland Conference,Southland
2008,2535,wbb:ovc,20,Ohio Valley Conference,OVC
2008,2539,wbb:wcc,29,West Coast Conference,WCC
2008,254,wbb:mountain-west,44,Mountain West Conference,Mountain West
2008,2540,wbb:big-west,9,Big West Conference,Big West
2008,2541,wbb:wcc,29,West Coast Conference,WCC
2008,2542,wbb:independents,43,Division I Independents,-
2008,2545,wbb:southland,25,Southland Conference,Southland
2008,2546,wbb:ovc,20,Ohio Valley Conference,OVC
2008,2550,wbb:big-east,4,Big East Conference,Big East
2008,256,wbb:caa,10,Colonial Athletic Association,CAA
2008,2561,wbb:maac,13,Metro Atlantic Athletic Conference,MAAC
2008,2567,wbb:cusa,11,Conference USA,C-USA
2008,2569,wbb:meac,16,Mid-Eastern Athletic Conference,MEAC
2008,257,wbb:atlantic-10,3,Atlantic 10 Conference,Atlantic 10
2008,2571,wbb:summit,47,The Summit League,Summit League
2008,2572,wbb:cusa,11,Conference USA,C-USA
2008,2579,wbb:sec,23,Southeastern Conference,SEC
2008,258,wbb:acc,2,Atlantic Coast Conference,ACC
2008,2582,wbb:swac,26,Southwestern Athletic Conference,SWAC
2008,259,wbb:acc,2,Atlantic Coast Conference,ACC
2008,2597,wbb:nec,19,Northeast Conference,NEC
2008,2598,wbb:nec,19,Northeast Conference,NEC
2008,2599,wbb:big-east,4,Big East Conference,Big East
2008,26,wbb:pac-12,21,Pacific-10 Conference,Pac-12
2008,2603,wbb:atlantic-10,3,Atlantic 10 Conference,Atlantic 10
2008,2608,wbb:wcc,29,West Coast Conference,WCC
2008,261,wbb:america-east,1,America East Conference,America East
2008,2612,wbb:maac,13,Metro Atlantic Athletic Conference,MAAC
2008,2617,wbb:southland,25,Southland Conference,Southland
2008,2619,wbb:america-east,1,America East Conference,America East
2008,2623,wbb:mvc,18,Missouri Valley Conference,MVC
2008,2628,wbb:mountain-west,44,Mountain West Conference,Mountain West
2008,2630,wbb:ovc,20,Ohio Valley Conference,OVC
2008,2633,wbb:sec,23,Southeastern Conference,SEC
2008,2634,wbb:ovc,20,Ohio Valley Conference,OVC
2008,2635,wbb:ovc,20,Ohio Valley Conference,OVC
2008,2636,wbb:southland,25,Southland Conference,Southland
2008,2638,wbb:cusa,11,Conference USA,C-USA
2008,264,wbb:pac-12,21,Pacific-10 Conference,Pac-12
2008,2640,wbb:swac,26,Southwestern Athletic Conference,SWAC
2008,2641,wbb:big-12,8,Big 12 Conference,Big 12
2008,2649,wbb:mac,14,Mid-American Conference,MAC
2008,265,wbb:pac-12,21,Pacific-10 Conference,Pac-12
2008,2655,wbb:cusa,11,Conference USA,C-USA
2008,2670,wbb:caa,10,Colonial Athletic Association,CAA
2008,2674,wbb:horizon,45,Horizon League,Horizon
2008,2681,wbb:nec,19,Northeast Conference,NEC
2008,269,wbb:big-east,4,Big East Conference,Big East
2008,2692,wbb:big-sky,5,Big Sky Conference,Big Sky
2008,27,wbb:big-west,9,Big West Conference,Big West
2008,270,wbb:horizon,45,Horizon League,Horizon
2008,2710,wbb:summit,47,The Summit League,Summit League
2008,2711,wbb:mac,14,Mid-American Conference,MAC
2008,2717,wbb:socon,24,Southern Conference,SoCon
2008,2724,wbb:mvc,18,Missouri Valley Conference,MVC
2008,2729,wbb:caa,10,Colonial Athletic Association,CAA
2008,2736,wbb:independents,43,Division I Independents,-
2008,2737,wbb:big-south,6,Big South Conference,Big South
2008,2739,wbb:horizon,45,Horizon League,Horizon
2008,2747,wbb:socon,24,Southern Conference,SoCon
2008,275,wbb:big-ten,7,Big Ten Conference,Big Ten
2008,2750,wbb:horizon,45,Horizon League,Horizon
2008,2751,wbb:mountain-west,44,Mountain West Conference,Mountain West
2008,2752,wbb:atlantic-10,3,Atlantic 10 Conference,Atlantic 10
2008,2754,wbb:horizon,45,Horizon League,Horizon
2008,2755,wbb:swac,26,Southwestern Athletic Conference,SWAC
2008,276,wbb:cusa,11,Conference USA,C-USA
2008,277,wbb:big-east,4,Big East Conference,Big East
2008,278,wbb:wac,30,Western Athletic Conference,WAC
2008,279,wbb:big-west,9,Big West Conference,Big West
2008,282,wbb:mvc,18,Missouri Valley Conference,MVC
2008,2870,wbb:summit,47,The Summit League,Summit League
2008,288,wbb:asun,46,Atlantic Sun Conference,ASUN
2008,2885,wbb:independents,43,Division I Independents,-
2008,290,wbb:socon,24,Southern Conference,SoCon
2008,2908,wbb:asun,46,Atlantic Sun Conference,ASUN
2008,292,wbb:independents,43,Division I Independents,-
2008,2934,wbb:independents,43,Division I Independents,-
2008,294,wbb:asun,46,Atlantic Sun Conference,ASUN
2008,295,wbb:caa,10,Colonial Athletic Association,CAA
2008,299,wbb:big-west,9,Big West Conference,Big West
2008,30,wbb:pac-12,21,Pacific-10 Conference,Pac-12
2008,300,wbb:big-west,9,Big West Conference,Big West
2008,301,wbb:wcc,29,West Coast Conference,WCC
2008,302,wbb:big-west,9,Big West Conference,Big West
2008,304,wbb:big-sky,5,Big Sky Conference,Big Sky
2008,305,wbb:big-east,4,Big East Conference,Big East
2008,3084,wbb:independents,43,Division I Independents,-
2008,309,wbb:sun-belt,27,Sun Belt Conference,Sun Belt
2008,311,wbb:america-east,1,America East Conference,America East
2008,314,wbb:maac,13,Metro Atlantic Athletic Conference,MAAC
2008,315,wbb:maac,13,Metro Atlantic Athletic Conference,MAAC
2008,322,wbb:patriot,22,Patriot League,Patriot
2008,324,wbb:big-south,6,Big South Conference,Big South
2008,325,wbb:horizon,45,Horizon League,Horizon
2008,326,wbb:southland,25,Southland Conference,Southland
2008,328,wbb:wac,30,Western Athletic Conference,WAC
2008,331,wbb:big-sky,5,Big Sky Conference,Big Sky
2008,333,wbb:sec,23,Southeastern Conference,SEC
2008,338,wbb:asun,46,Atlantic Sun Conference,ASUN
2008,339,wbb:mvc,18,Missouri Valley Conference,MVC
2008,344,wbb:sec,23,Southeastern Conference,SEC
2008,349,wbb:patriot,22,Patriot League,Patriot
2008,350,wbb:caa,10,Colonial Athletic Association,CAA
2008,356,wbb:big-ten,7,Big Ten Conference,Big Ten
2008,357,wbb:southland,25,Southland Conference,Southland
2008,36,wbb:mountain-west,44,Mountain West Conference,Mountain West
2008,38,wbb:big-12,8,Big 12 Conference,Big 12
2008,399,wbb:america-east,1,America East Conference,America East
2008,41,wbb:big-east,4,Big East Conference,Big East
2008,42,wbb:america-east,1,America East Conference,America East
2008,43,wbb:ivy,12,Ivy League,Ivy League
2008,44,wbb:patriot,22,Patriot League,Patriot
2008,45,wbb:atlantic-10,3,Atlantic 10 Conference,Atlantic 10
2008,46,wbb:big-east,4,Big East Conference,Big East
2008,47,wbb:meac,16,Mid-Eastern Athletic Conference,MEAC
2008,48,wbb:caa,10,Colonial Athletic Association,CAA
2008,5,wbb:cusa,11,Conference USA,C-USA
2008,50,wbb:meac,16,Mid-Eastern Athletic Conference,MEAC
2008,52,wbb:acc,2,Atlantic Coast Conference,ACC
2008,526,wbb:asun,46,Atlantic Sun Conference,ASUN
2008,55,wbb:ovc,20,Ohio Valley Conference,OVC
2008,56,wbb:asun,46,Atlantic Sun Conference,ASUN
2008,57,wbb:sec,23,Southeastern Conference,SEC
2008,58,wbb:big-east,4,Big East Conference,Big East
2008,59,wbb:acc,2,Atlantic Coast Conference,ACC
2008,6,wbb:sun-belt,27,Sun Belt Conference,Sun Belt
2008,61,wbb:sec,23,Southeastern Conference,SEC
2008,62,wbb:wac,30,Western Athletic Conference,WAC
2008,66,wbb:big-12,8,Big 12 Conference,Big 12
2008,68,wbb:wac,30,Western Athletic Conference,WAC
2008,70,wbb:wac,30,Western Athletic Conference,WAC
2008,71,wbb:mvc,18,Missouri Valley Conference,MVC
2008,77,wbb:big-ten,7,Big Ten Conference,Big Ten
2008,79,wbb:mvc,18,Missouri Valley Conference,MVC
2008,8,wbb:sec,23,Southeastern Conference,SEC
2008,82,wbb:horizon,45,Horizon League,Horizon
2008,84,wbb:big-ten,7,Big Ten Conference,Big Ten
2008,85,wbb:summit,47,The Summit League,Summit League
2008,87,wbb:big-east,4,Big East Conference,Big East
2008,9,wbb:pac-12,21,Pacific-10 Conference,Pac-12
2008,93,wbb:ovc,20,Ohio Valley Conference,OVC
2008,96,wbb:sec,23,Southeastern Conference,SEC
2008,97,wbb:big-east,4,Big East Conference,Big East
2008,98,wbb:sun-belt,27,Sun Belt Conference,Sun Belt
2008,99,wbb:sec,23,Southeastern Conference,SEC
2009,103,wbb:acc,2,Atlantic Coast Conference,ACC
2009,104,wbb:america-east,1,America East Conference,America East
2009,107,wbb:patriot,22,Patriot League,Patriot
2009,108,wbb:ivy,12,Ivy League,Ivy League
2009,111,wbb:caa,10,Colonial Athletic Association,CAA
2009,113,wbb:atlantic-10,3,Atlantic 10 Conference,Atlantic 10
2009,116,wbb:nec,19,Northeast Conference,NEC
2009,119,wbb:caa,10,Colonial Athletic Association,CAA
2009,12,wbb:pac-12,21,Pacific-10 Conference,Pac-12
2009,120,wbb:acc,2,Atlantic Coast Conference,ACC
2009,127,wbb:big-ten,7,Big Ten Conference,Big Ten
2009,13,wbb:big-west,9,Big West Conference,Big West
2009,130,wbb:big-ten,7,Big Ten Conference,Big Ten
2009,135,wbb:big-ten,7,Big Ten Conference,Big Ten
2009,139,wbb:atlantic-10,3,Atlantic 10 Conference,Atlantic 10
2009,140,wbb:summit,47,The Summit League,Summit League
2009,142,wbb:big-12,8,Big 12 Conference,Big 12
2009,145,wbb:sec,23,Southeastern Conference,SEC
2009,147,wbb:big-sky,5,Big Sky Conference,Big Sky
2009,149,wbb:big-sky,5,Big Sky Conference,Big Sky
2009,150,wbb:acc,2,Atlantic Coast Conference,ACC
2009,151,wbb:cusa,11,Conference USA,C-USA
2009,152,wbb:acc,2,Atlantic Coast Conference,ACC
2009,153,wbb:acc,2,Atlantic Coast Conference,ACC
2009,154,wbb:acc,2,Atlantic Coast Conference,ACC
2009,155,wbb:independents,43,Division I Independents,-
2009,156,wbb:mvc,18,Missouri Valley Conference,MVC
2009,158,wbb:big-12,8,Big 12 Conference,Big 12
2009,159,wbb:ivy,12,Ivy League,Ivy League
2009,16,wbb:big-sky,5,Big Sky Conference,Big Sky
2009,160,wbb:america-east,1,America East Conference,America East
2009,161,wbb:nec,19,Northeast Conference,NEC
2009,163,wbb:ivy,12,Ivy League,Ivy League
2009,164,wbb:big-east,4,Big East Conference,Big East
2009,166,wbb:wac,30,Western Athletic Conference,WAC
2009,167,wbb:mountain-west,44,Mountain West Conference,Mountain West
2009,171,wbb:ivy,12,Ivy League,Ivy League
2009,172,wbb:ivy,12,Ivy League,Ivy League
2009,179,wbb:atlantic-10,3,Atlantic 10 Conference,Atlantic 10
2009,183,wbb:big-east,4,Big East Conference,Big East
2009,189,wbb:mac,14,Mid-American Conference,MAC
2009,193,wbb:mac,14,Mid-American Conference,MAC
2009,194,wbb:big-ten,7,Big Ten Conference,Big Ten
2009,195,wbb:mac,14,Mid-American Conference,MAC
2009,197,wbb:big-12,8,Big 12 Conference,Big 12
2009,198,wbb:summit,47,The Summit League,Summit League
2009,2,wbb:sec,23,Southeastern Conference,SEC
2009,2005,wbb:mountain-west,44,Mountain West Conference,Mountain West
2009,2006,wbb:mac,14,Mid-American Conference,MAC
2009,201,wbb:big-12,8,Big 12 Conference,Big 12
2009,2010,wbb:swac,26,Southwestern Athletic Conference,SWAC
2009,2011,wbb:swac,26,Southwestern Athletic Conference,SWAC
2009,2016,wbb:swac,26,Southwestern Athletic Conference,SWAC
2009,202,wbb:cusa,11,Conference USA,C-USA
2009,2026,wbb:socon,24,Southern Conference,SoCon
2009,2029,wbb:swac,26,Southwestern Athletic Conference,SWAC
2009,2031,wbb:sun-belt,27,Sun Belt Conference,Sun Belt
2009,2032,wbb:sun-belt,27,Sun Belt Conference,Sun Belt
2009,204,wbb:pac-12,21,Pacific-10 Conference,Pac-12
2009,2046,wbb:ovc,20,Ohio Valley Conference,OVC
2009,2050,wbb:mac,14,Mid-American Conference,MAC
2009,2057,wbb:asun,46,Atlantic Sun Conference,ASUN
2009,2065,wbb:meac,16,Mid-Eastern Athletic Conference,MEAC
2009,2066,wbb:america-east,1,America East Conference,America East
2009,2083,wbb:patriot,22,Patriot League,Patriot
2009,2084,wbb:mac,14,Mid-American Conference,MAC
2009,2086,wbb:horizon,45,Horizon League,Horizon
2009,2097,wbb:asun,46,Atlantic Sun Conference,ASUN
2009,2099,wbb:maac,13,Metro Atlantic Athletic Conference,MAAC
2009,21,wbb:mountain-west,44,Mountain West Conference,Mountain West
2009,2110,wbb:southland,25,Southland Conference,Southland
2009,2113,wbb:summit,47,The Summit League,Summit League
2009,2115,wbb:nec,19,Northeast Conference,NEC
2009,2116,wbb:cusa,11,Conference USA,C-USA
2009,2117,wbb:mac,14,Mid-American Conference,MAC
2009,2127,wbb:big-south,6,Big South Conference,Big South
2009,213,wbb:big-ten,7,Big Ten Conference,Big Ten
2009,2130,wbb:independents,43,Division I Independents,-
2009,2132,wbb:big-east,4,Big East Conference,Big East
2009,2142,wbb:patriot,22,Patriot League,Patriot
2009,2154,wbb:meac,16,Mid-Eastern Athletic Conference,MEAC
2009,2166,wbb:socon,24,Southern Conference,SoCon
2009,2168,wbb:atlantic-10,3,Atlantic 10 Conference,Atlantic 10
2009,2169,wbb:meac,16,Mid-Eastern Athletic Conference,MEAC
2009,2172,wbb:sun-belt,27,Sun Belt Conference,Sun Belt
2009,2174,wbb:horizon,45,Horizon League,Horizon
2009,218,wbb:atlantic-10,3,Atlantic 10 Conference,Atlantic 10
2009,2181,wbb:mvc,18,Missouri Valley Conference,MVC
2009,2182,wbb:caa,10,Colonial Athletic Association,CAA
2009,2184,wbb:atlantic-10,3,Atlantic 10 Conference,Atlantic 10
2009,219,wbb:ivy,12,Ivy League,Ivy League
2009,2193,wbb:asun,46,Atlantic Sun Conference,ASUN
2009,2197,wbb:ovc,20,Ohio Valley Conference,OVC
2009,2198,wbb:ovc,20,Ohio Valley Conference,OVC
2009,2199,wbb:mac,14,Mid-American Conference,MAC
2009,221,wbb:big-east,4,Big East Conference,Big East
2009,2210,wbb:socon,24,Southern Conference,SoCon
2009,2217,wbb:maac,13,Metro Atlantic Athletic Conference,MAAC
2009,222,wbb:big-east,4,Big East Conference,Big East
2009,2226,wbb:sun-belt,27,Sun Belt Conference,Sun Belt
2009,2229,wbb:sun-belt,27,Sun Belt Conference,Sun Belt
2009,2230,wbb:atlantic-10,3,Atlantic 10 Conference,Atlantic 10
2009,2239,wbb:big-west,9,Big West Conference,Big West
2009,2241,wbb:big-south,6,Big South Conference,Big South
2009,2244,wbb:caa,10,Colonial Athletic Association,CAA
2009,2247,wbb:caa,10,Colonial Athletic Association,CAA
2009,225,wbb:ivy,12,Ivy League,Ivy League
2009,2250,wbb:wcc,29,West Coast Conference,WCC
2009,2261,wbb:meac,16,Mid-Eastern Athletic Conference,MEAC
2009,227,wbb:atlantic-10,3,Atlantic 10 Conference,Atlantic 10
2009,2272,wbb:big-south,6,Big South Conference,Big South
2009,2275,wbb:caa,10,Colonial Athletic Association,CAA
2009,2277,wbb:independents,43,Division I Independents,-
2009,228,wbb:acc,2,Atlantic Coast Conference,ACC
2009,2287,wbb:mvc,18,Missouri Valley Conference,MVC
2009,2294,wbb:big-ten,7,Big Ten Conference,Big Ten
2009,2296,wbb:swac,26,Southwestern Athletic Conference,SWAC
2009,23,wbb:wac,30,Western Athletic Conference,WAC
2009,2305,wbb:big-12,8,Big 12 Conference,Big 12
2009,2306,wbb:big-12,8,Big 12 Conference,Big 12
2009,2309,wbb:mac,14,Mid-American Conference,MAC
2009,231,wbb:socon,24,Southern Conference,SoCon
2009,232,wbb:socon,24,Southern Conference,SoCon
2009,2320,wbb:southland,25,Southland Conference,Southland
2009,2325,wbb:atlantic-10,3,Atlantic 10 Conference,Atlantic 10
2009,2329,wbb:patriot,22,Patriot League,Patriot
2009,233,wbb:independents,43,Division I Independents,-
2009,2335,wbb:big-south,6,Big South Conference,Big South
2009,2341,wbb:nec,19,Northeast Conference,NEC
2009,2344,wbb:independents,43,Division I Independents,-
2009,2348,wbb:wac,30,Western Athletic Conference,WAC
2009,235,wbb:cusa,11,Conference USA,C-USA
2009,2350,wbb:horizon,45,Horizon League,Horizon
2009,2351,wbb:wcc,29,West Coast Conference,WCC
2009,2352,wbb:maac,13,Metro Atlantic Athletic Conference,MAAC
2009,236,wbb:socon,24,Southern Conference,SoCon
2009,2363,wbb:maac,13,Metro Atlantic Athletic Conference,MAAC
2009,2368,wbb:maac,13,Metro Atlantic Athletic Conference,MAAC
2009,2377,wbb:southland,25,Southland Conference,Southland
2009,2378,wbb:america-east,1,America East Conference,America East
2009,2379,wbb:meac,16,Mid-Eastern Athletic Conference,MEAC
2009,238,wbb:sec,23,Southeastern Conference,SEC
2009,2382,wbb:asun,46,Atlantic Sun Conference,ASUN
2009,239,wbb:big-12,8,Big 12 Conference,Big 12
2009,2390,wbb:acc,2,Atlantic Coast Conference,ACC
2009,2393,wbb:sun-belt,27,Sun Belt Conference,Sun Belt
2009,24,wbb:pac-12,21,Pacific-10 Conference,Pac-12
2009,2400,wbb:swac,26,Southwestern Athletic Conference,SWAC
2009,2405,wbb:nec,19,Northeast Conference,NEC
2009,2413,wbb:ovc,20,Ohio Valley Conference,OVC
2009,2415,wbb:meac,16,Mid-Eastern Athletic Conference,MEAC
2009,242,wbb:cusa,11,Conference USA,C-USA
2009,2426,wbb:patriot,22,Patriot League,Patriot
2009,2427,wbb:big-south,6,Big South Conference,Big South
2009,2428,wbb:independents,43,Division I Independents,-
2009,2429,wbb:atlantic-10,3,Atlantic 10 Conference,Atlantic 10
2009,2430,wbb:socon,24,Southern Conference,SoCon
2009,2433,wbb:sun-belt,27,Sun Belt Conference,Sun Belt
2009,2439,wbb:mountain-west,44,Mountain West Conference,Mountain West
2009,2440,wbb:wac,30,Western Athletic Conference,WAC
2009,2443,wbb:sun-belt,27,Sun Belt Conference,Sun Belt
2009,2447,wbb:southland,25,Southland Conference,Southland
2009,2448,wbb:meac,16,Mid-Eastern Athletic Conference,MEAC
2009,2449,wbb:summit,47,The Summit League,Summit League
2009,245,wbb:big-12,8,Big 12 Conference,Big 12
2009,2450,wbb:meac,16,Mid-Eastern Athletic Conference,MEAC
2009,2454,wbb:asun,46,Atlantic Sun Conference,ASUN
2009,2458,wbb:big-sky,5,Big Sky Conference,Big Sky
2009,2459,wbb:mac,14,Mid-American Conference,MAC
2009,2460,wbb:mvc,18,Missouri Valley Conference,MVC
2009,2463,wbb:big-west,9,Big West Conference,Big West
2009,2464,wbb:big-sky,5,Big Sky Conference,Big Sky
2009,2466,wbb:southland,25,Southland Conference,Southland
2009,2473,wbb:summit,47,The Summit League,Summit League
2009,248,wbb:cusa,11,Conference USA,C-USA
2009,2483,wbb:pac-12,21,Pacific-10 Conference,Pac-12
2009,249,wbb:sun-belt,27,Sun Belt Conference,Sun Belt
2009,2492,wbb:wcc,29,West Coast Conference,WCC
2009,25,wbb:pac-12,21,Pacific-10 Conference,Pac-12
2009,250,wbb:southland,25,Southland Conference,Southland
2009,2501,wbb:wcc,29,West Coast Conference,WCC
2009,2502,wbb:big-sky,5,Big Sky Conference,Big Sky
2009,2504,wbb:swac,26,Southwestern Athletic Conference,SWAC
2009,2506,wbb:big-south,6,Big South Conference,Big South
2009,2507,wbb:big-east,4,Big East Conference,Big East
2009,2509,wbb:big-ten,7,Big Ten Conference,Big Ten
2009,251,wbb:big-12,8,Big 12 Conference,Big 12
2009,2514,wbb:nec,19,Northeast Conference,NEC
2009,2515,wbb:big-south,6,Big South Conference,Big South
2009,252,wbb:mountain-west,44,Mountain West Conference,Mountain West
2009,2520,wbb:maac,13,Metro Atlantic Athletic Conference,MAAC
2009,2523,wbb:nec,19,Northeast Conference,NEC
2009,2529,wbb:nec,19,Northeast Conference,NEC
2009,253,wbb:summit,47,The Summit League,Summit League
2009,2534,wbb:southland,25,Southland Conference,Southland
2009,2535,wbb:socon,24,Southern Conference,SoCon
2009,2539,wbb:wcc,29,West Coast Conference,WCC
2009,254,wbb:mountain-west,44,Mountain West Conference,Mountain West
2009,2540,wbb:big-west,9,Big West Conference,Big West
2009,2541,wbb:wcc,29,West Coast Conference,WCC
2009,2542,wbb:independents,43,Division I Independents,-
2009,2545,wbb:southland,25,Southland Conference,Southland
2009,2546,wbb:ovc,20,Ohio Valley Conference,OVC
2009,2547,wbb:independents,43,Division I Independents,-
2009,2550,wbb:big-east,4,Big East Conference,Big East
2009,256,wbb:caa,10,Colonial Athletic Association,CAA
2009,2561,wbb:maac,13,Metro Atlantic Athletic Conference,MAAC
2009,2565,wbb:independents,43,Division I Independents,-
2009,2567,wbb:cusa,11,Conference USA,C-USA
2009,2569,wbb:meac,16,Mid-Eastern Athletic Conference,MEAC
2009,257,wbb:atlantic-10,3,Atlantic 10 Conference,Atlantic 10
2009,2571,wbb:summit,47,The Summit League,Summit League
2009,2572,wbb:cusa,11,Conference USA,C-USA
2009,2579,wbb:sec,23,Southeastern Conference,SEC
2009,258,wbb:acc,2,Atlantic Coast Conference,ACC
2009,2582,wbb:swac,26,Southwestern Athletic Conference,SWAC
2009,259,wbb:acc,2,Atlantic Coast Conference,ACC
2009,2597,wbb:nec,19,Northeast Conference,NEC
2009,2598,wbb:nec,19,Northeast Conference,NEC
2009,2599,wbb:big-east,4,Big East Conference,Big East
2009,26,wbb:pac-12,21,Pacific-10 Conference,Pac-12
2009,2603,wbb:atlantic-10,3,Atlantic 10 Conference,Atlantic 10
2009,2608,wbb:wcc,29,West Coast Conference,WCC
2009,261,wbb:america-east,1,America East Conference,America East
2009,2612,wbb:maac,13,Metro Atlantic Athletic Conference,MAAC
2009,2617,wbb:southland,25,Southland Conference,Southland
2009,2619,wbb:america-east,1,America East Conference,America East
2009,2623,wbb:mvc,18,Missouri Valley Conference,MVC
2009,2628,wbb:mountain-west,44,Mountain West Conference,Mountain West
2009,2630,wbb:ovc,20,Ohio Valley Conference,OVC
2009,2633,wbb:sec,23,Southeastern Conference,SEC
2009,2634,wbb:ovc,20,Ohio Valley Conference,OVC
2009,2635,wbb:ovc,20,Ohio Valley Conference,OVC
2009,2636,wbb:southland,25,Southland Conference,Southland
2009,2638,wbb:cusa,11,Conference USA,C-USA
2009,264,wbb:pac-12,21,Pacific-10 Conference,Pac-12
2009,2640,wbb:swac,26,Southwestern Athletic Conference,SWAC
2009,2641,wbb:big-12,8,Big 12 Conference,Big 12
2009,2649,wbb:mac,14,Mid-American Conference,MAC
2009,265,wbb:pac-12,21,Pacific-10 Conference,Pac-12
2009,2653,wbb:sun-belt,27,Sun Belt Conference,Sun Belt
2009,2655,wbb:cusa,11,Conference USA,C-USA
2009,2670,wbb:caa,10,Colonial Athletic Association,CAA
2009,2674,wbb:horizon,45,Horizon League,Horizon
2009,2681,wbb:nec,19,Northeast Conference,NEC
2009,269,wbb:big-east,4,Big East Conference,Big East
2009,2692,wbb:big-sky,5,Big Sky Conference,Big Sky
2009,27,wbb:big-west,9,Big West Conference,Big West
2009,270,wbb:horizon,45,Horizon League,Horizon
2009,2710,wbb:summit,47,The Summit League,Summit League
2009,2711,wbb:mac,14,Mid-American Conference,MAC
2009,2717,wbb:socon,24,Southern Conference,SoCon
2009,2724,wbb:mvc,18,Missouri Valley Conference,MVC
2009,2729,wbb:caa,10,Colonial Athletic Association,CAA
2009,2736,wbb:independents,43,Division I Independents,-
2009,2737,wbb:big-south,6,Big South Conference,Big South
2009,2739,wbb:horizon,45,Horizon League,Horizon
2009,2747,wbb:socon,24,Southern Conference,SoCon
2009,275,wbb:big-ten,7,Big Ten Conference,Big Ten
2009,2750,wbb:horizon,45,Horizon League,Horizon
2009,2751,wbb:mountain-west,44,Mountain West Conference,Mountain West
2009,2752,wbb:atlantic-10,3,Atlantic 10 Conference,Atlantic 10
2009,2754,wbb:horizon,45,Horizon League,Horizon
2009,2755,wbb:swac,26,Southwestern Athletic Conference,SWAC
2009,276,wbb:cusa,11,Conference USA,C-USA
2009,277,wbb:big-east,4,Big East Conference,Big East
2009,278,wbb:wac,30,Western Athletic Conference,WAC
2009,279,wbb:big-west,9,Big West Conference,Big West
2009,2803,wbb:independents,43,Division I Independents,-
2009,282,wbb:mvc,18,Missouri Valley Conference,MVC
2009,2870,wbb:summit,47,The Summit League,Summit League
2009,288,wbb:asun,46,Atlantic Sun Conference,ASUN
2009,2885,wbb:independents,43,Division I Independents,-
2009,290,wbb:socon,24,Southern Conference,SoCon
2009,2908,wbb:asun,46,Atlantic Sun Conference,ASUN
2009,292,wbb:independents,43,Division I Independents,-
2009,2934,wbb:independents,43,Division I Independents,-
2009,294,wbb:asun,46,Atlantic Sun Conference,ASUN
2009,295,wbb:caa,10,Colonial Athletic Association,CAA
2009,299,wbb:big-west,9,Big West Conference,Big West
2009,30,wbb:pac-12,21,Pacific-10 Conference,Pac-12
2009,300,wbb:big-west,9,Big West Conference,Big West
2009,301,wbb:wcc,29,West Coast Conference,WCC
2009,302,wbb:big-west,9,Big West Conference,Big West
2009,304,wbb:big-sky,5,Big Sky Conference,Big Sky
2009,305,wbb:big-east,4,Big East Conference,Big East
2009,3084,wbb:independents,43,Division I Independents,-
2009,309,wbb:sun-belt,27,Sun Belt Conference,Sun Belt
2009,311,wbb:america-east,1,America East Conference,America East
2009,314,wbb:maac,13,Metro Atlantic Athletic Conference,MAAC
2009,315,wbb:maac,13,Metro Atlantic Athletic Conference,MAAC
2009,322,wbb:patriot,22,Patriot League,Patriot
2009,324,wbb:big-south,6,Big South Conference,Big South
2009,325,wbb:horizon,45,Horizon League,Horizon
2009,326,wbb:southland,25,Southland Conference,Southland
2009,328,wbb:wac,30,Western Athletic Conference,WAC
2009,331,wbb:big-sky,5,Big Sky Conference,Big Sky
2009,333,wbb:sec,23,Southeastern Conference,SEC
2009,338,wbb:asun,46,Atlantic Sun Conference,ASUN
2009,339,wbb:mvc,18,Missouri Valley Conference,MVC
2009,344,wbb:sec,23,Southeastern Conference,SEC
2009,349,wbb:patriot,22,Patriot League,Patriot
2009,350,wbb:caa,10,Colonial Athletic Association,CAA
2009,356,wbb:big-ten,7,Big Ten Conference,Big Ten
2009,357,wbb:southland,25,Southland Conference,Southland
2009,36,wbb:mountain-west,44,Mountain West Conference,Mountain West
2009,38,wbb:big-12,8,Big 12 Conference,Big 12
2009,399,wbb:america-east,1,America East Conference,America East
2009,41,wbb:big-east,4,Big East Conference,Big East
2009,42,wbb:america-east,1,America East Conference,America East
2009,43,wbb:ivy,12,Ivy League,Ivy League
2009,44,wbb:patriot,22,Patriot League,Patriot
2009,45,wbb:atlantic-10,3,Atlantic 10 Conference,Atlantic 10
2009,46,wbb:big-east,4,Big East Conference,Big East
2009,47,wbb:meac,16,Mid-Eastern Athletic Conference,MEAC
2009,48,wbb:caa,10,Colonial Athletic Association,CAA
2009,5,wbb:cusa,11,Conference USA,C-USA
2009,50,wbb:meac,16,Mid-Eastern Athletic Conference,MEAC
2009,52,wbb:acc,2,Atlantic Coast Conference,ACC
2009,526,wbb:asun,46,Atlantic Sun Conference,ASUN
2009,55,wbb:ovc,20,Ohio Valley Conference,OVC
2009,56,wbb:asun,46,Atlantic Sun Conference,ASUN
2009,57,wbb:sec,23,Southeastern Conference,SEC
2009,58,wbb:big-east,4,Big East Conference,Big East
2009,59,wbb:acc,2,Atlantic Coast Conference,ACC
2009,6,wbb:sun-belt,27,Sun Belt Conference,Sun Belt
2009,61,wbb:sec,23,Southeastern Conference,SEC
2009,62,wbb:wac,30,Western Athletic Conference,WAC
2009,66,wbb:big-12,8,Big 12 Conference,Big 12
2009,68,wbb:wac,30,Western Athletic Conference,WAC
2009,70,wbb:wac,30,Western Athletic Conference,WAC
2009,71,wbb:mvc,18,Missouri Valley Conference,MVC
2009,77,wbb:big-ten,7,Big Ten Conference,Big Ten
2009,79,wbb:mvc,18,Missouri Valley Conference,MVC
2009,8,wbb:sec,23,Southeastern Conference,SEC
2009,82,wbb:horizon,45,Horizon League,Horizon
2009,84,wbb:big-ten,7,Big Ten Conference,Big Ten
2009,85,wbb:summit,47,The Summit League,Summit League
2009,87,wbb:big-east,4,Big East Conference,Big East
2009,9,wbb:pac-12,21,Pacific-10 Conference,Pac-12
2009,93,wbb:ovc,20,Ohio Valley Conference,OVC
2009,96,wbb:sec,23,Southeastern Conference,SEC
2009,97,wbb:big-east,4,Big East Conference,Big East
2009,98,wbb:sun-belt,27,Sun Belt Conference,Sun Belt
2009,99,wbb:sec,23,Southeastern Conference,SEC
2010,103,wbb:acc,2,Atlantic Coast Conference,ACC
2010,104,wbb:america-east,1,America East Conference,America East
2010,107,wbb:patriot,22,Patriot League,Patriot
2010,108,wbb:ivy,12,Ivy League,Ivy League
2010,111,wbb:caa,10,Colonial Athletic Association,CAA
2010,113,wbb:atlantic-10,3,Atlantic 10 Conference,Atlantic 10
2010,116,wbb:nec,19,Northeast Conference,NEC
2010,119,wbb:caa,10,Colonial Athletic Association,CAA
2010,12,wbb:pac-12,21,Pacific-10 Conference,Pac-12
2010,120,wbb:acc,2,Atlantic Coast Conference,ACC
2010,127,wbb:big-ten,7,Big Ten Conference,Big Ten
2010,13,wbb:big-west,9,Big West Conference,Big West
2010,130,wbb:big-ten,7,Big Ten Conference,Big Ten
2010,135,wbb:big-ten,7,Big Ten Conference,Big Ten
2010,139,wbb:atlantic-10,3,Atlantic 10 Conference,Atlantic 10
2010,140,wbb:summit,47,The Summit League,Summit League
2010,142,wbb:big-12,8,Big 12 Conference,Big 12
2010,145,wbb:sec,23,Southeastern Conference,SEC
2010,147,wbb:big-sky,5,Big Sky Conference,Big Sky
2010,149,wbb:big-sky,5,Big Sky Conference,Big Sky
2010,150,wbb:acc,2,Atlantic Coast Conference,ACC
2010,151,wbb:cusa,11,Conference USA,C-USA
2010,152,wbb:acc,2,Atlantic Coast Conference,ACC
2010,153,wbb:acc,2,Atlantic Coast Conference,ACC
2010,154,wbb:acc,2,Atlantic Coast Conference,ACC
2010,155,wbb:great-west,57,Great West Conference,GWC
2010,156,wbb:mvc,18,Missouri Valley Conference,MVC
2010,158,wbb:big-12,8,Big 12 Conference,Big 12
2010,159,wbb:ivy,12,Ivy League,Ivy League
2010,16,wbb:big-sky,5,Big Sky Conference,Big Sky
2010,160,wbb:america-east,1,America East Conference,America East
2010,161,wbb:nec,19,Northeast Conference,NEC
2010,163,wbb:ivy,12,Ivy League,Ivy League
2010,164,wbb:big-east,4,Big East Conference,Big East
2010,166,wbb:wac,30,Western Athletic Conference,WAC
2010,167,wbb:mountain-west,44,Mountain West Conference,Mountain West
2010,171,wbb:ivy,12,Ivy League,Ivy League
2010,172,wbb:ivy,12,Ivy League,Ivy League
2010,179,wbb:atlantic-10,3,Atlantic 10 Conference,Atlantic 10
2010,183,wbb:big-east,4,Big East Conference,Big East
2010,189,wbb:mac,14,Mid-American Conference,MAC
2010,193,wbb:mac,14,Mid-American Conference,MAC
2010,194,wbb:big-ten,7,Big Ten Conference,Big Ten
2010,195,wbb:mac,14,Mid-American Conference,MAC
2010,197,wbb:big-12,8,Big 12 Conference,Big 12
2010,198,wbb:summit,47,The Summit League,Summit League
2010,2,wbb:sec,23,Southeastern Conference,SEC
2010,2005,wbb:mountain-west,44,Mountain West Conference,Mountain West
2010,2006,wbb:mac,14,Mid-American Conference,MAC
2010,201,wbb:big-12,8,Big 12 Conference,Big 12
2010,2010,wbb:swac,26,Southwestern Athletic Conference,SWAC
2010,2011,wbb:swac,26,Southwestern Athletic Conference,SWAC
2010,2016,wbb:swac,26,Southwestern Athletic Conference,SWAC
2010,202,wbb:cusa,11,Conference USA,C-USA
2010,2026,wbb:socon,24,Southern Conference,SoCon
2010,2029,wbb:swac,26,Southwestern Athletic Conference,SWAC
2010,2031,wbb:sun-belt,27,Sun Belt Conference,Sun Belt
2010,2032,wbb:sun-belt,27,Sun Belt Conference,Sun Belt
2010,204,wbb:pac-12,21,Pacific-10 Conference,Pac-12
2010,2046,wbb:ovc,20,Ohio Valley Conference,OVC
2010,2050,wbb:mac,14,Mid-American Conference,MAC
2010,2057,wbb:asun,46,Atlantic Sun Conference,ASUN
2010,2065,wbb:meac,16,Mid-Eastern Athletic Conference,MEAC
2010,2066,wbb:america-east,1,America East Conference,America East
2010,2083,wbb:patriot,22,Patriot League,Patriot
2010,2084,wbb:mac,14,Mid-American Conference,MAC
2010,2086,wbb:horizon,45,Horizon League,Horizon
2010,2097,wbb:asun,46,Atlantic Sun Conference,ASUN
2010,2099,wbb:maac,13,Metro Atlantic Athletic Conference,MAAC
2010,21,wbb:mountain-west,44,Mountain West Conference,Mountain West
2010,2110,wbb:southland,25,Southland Conference,Southland
2010,2113,wbb:summit,47,The Summit League,Summit League
2010,2115,wbb:nec,19,Northeast Conference,NEC
2010,2116,wbb:cusa,11,Conference USA,C-USA
2010,2117,wbb:mac,14,Mid-American Conference,MAC
2010,2127,wbb:big-south,6,Big South Conference,Big South
2010,213,wbb:big-ten,7,Big Ten Conference,Big Ten
2010,2130,wbb:great-west,57,Great West Conference,GWC
2010,2132,wbb:big-east,4,Big East Conference,Big East
2010,2142,wbb:patriot,22,Patriot League,Patriot
2010,2154,wbb:meac,16,Mid-Eastern Athletic Conference,MEAC
2010,2166,wbb:socon,24,Southern Conference,SoCon
2010,2168,wbb:atlantic-10,3,Atlantic 10 Conference,Atlantic 10
2010,2169,wbb:meac,16,Mid-Eastern Athletic Conference,MEAC
2010,2172,wbb:sun-belt,27,Sun Belt Conference,Sun Belt
2010,2174,wbb:horizon,45,Horizon League,Horizon
2010,218,wbb:atlantic-10,3,Atlantic 10 Conference,Atlantic 10
2010,2181,wbb:mvc,18,Missouri Valley Conference,MVC
2010,2182,wbb:caa,10,Colonial Athletic Association,CAA
2010,2184,wbb:atlantic-10,3,Atlantic 10 Conference,Atlantic 10
2010,219,wbb:ivy,12,Ivy League,Ivy League
2010,2193,wbb:asun,46,Atlantic Sun Conference,ASUN
2010,2197,wbb:ovc,20,Ohio Valley Conference,OVC
2010,2198,wbb:ovc,20,Ohio Valley Conference,OVC
2010,2199,wbb:mac,14,Mid-American Conference,MAC
2010,221,wbb:big-east,4,Big East Conference,Big East
2010,2210,wbb:socon,24,Southern Conference,SoCon
2010,2217,wbb:maac,13,Metro Atlantic Athletic Conference,MAAC
2010,222,wbb:big-east,4,Big East Conference,Big East
2010,2226,wbb:sun-belt,27,Sun Belt Conference,Sun Belt
2010,2229,wbb:sun-belt,27,Sun Belt Conference,Sun Belt
2010,2230,wbb:atlantic-10,3,Atlantic 10 Conference,Atlantic 10
2010,2239,wbb:big-west,9,Big West Conference,Big West
2010,2241,wbb:big-south,6,Big South Conference,Big South
2010,2244,wbb:caa,10,Colonial Athletic Association,CAA
2010,2247,wbb:caa,10,Colonial Athletic Association,CAA
2010,225,wbb:ivy,12,Ivy League,Ivy League
2010,2250,wbb:wcc,29,West Coast Conference,WCC
2010,2261,wbb:meac,16,Mid-Eastern Athletic Conference,MEAC
2010,227,wbb:atlantic-10,3,Atlantic 10 Conference,Atlantic 10
2010,2272,wbb:big-south,6,Big South Conference,Big South
2010,2275,wbb:caa,10,Colonial Athletic Association,CAA
2010,2277,wbb:great-west,57,Great West Conference,GWC
2010,228,wbb:acc,2,Atlantic Coast Conference,ACC
2010,2287,wbb:mvc,18,Missouri Valley Conference,MVC
2010,2294,wbb:big-ten,7,Big Ten Conference,Big Ten
2010,2296,wbb:swac,26,Southwestern Athletic Conference,SWAC
2010,23,wbb:wac,30,Western Athletic Conference,WAC
2010,2305,wbb:big-12,8,Big 12 Conference,Big 12
2010,2306,wbb:big-12,8,Big 12 Conference,Big 12
2010,2309,wbb:mac,14,Mid-American Conference,MAC
2010,231,wbb:socon,24,Southern Conference,SoCon
2010,232,wbb:socon,24,Southern Conference,SoCon
2010,2320,wbb:southland,25,Southland Conference,Southland
2010,2325,wbb:atlantic-10,3,Atlantic 10 Conference,Atlantic 10
2010,2329,wbb:patriot,22,Patriot League,Patriot
2010,233,wbb:great-west,57,Great West Conference,GWC
2010,2335,wbb:big-south,6,Big South Conference,Big South
2010,2341,wbb:nec,19,Northeast Conference,NEC
2010,2344,wbb:independents,43,Division I Independents,-
2010,2348,wbb:wac,30,Western Athletic Conference,WAC
2010,235,wbb:cusa,11,Conference USA,C-USA
2010,2350,wbb:horizon,45,Horizon League,Horizon
2010,2351,wbb:wcc,29,West Coast Conference,WCC
2010,2352,wbb:maac,13,Metro Atlantic Athletic Conference,MAAC
2010,236,wbb:socon,24,Southern Conference,SoCon
2010,2363,wbb:maac,13,Metro Atlantic Athletic Conference,MAAC
2010,2368,wbb:maac,13,Metro Atlantic Athletic Conference,MAAC
2010,2377,wbb:southland,25,Southland Conference,Southland
2010,2378,wbb:america-east,1,America East Conference,America East
2010,2379,wbb:meac,16,Mid-Eastern Athletic Conference,MEAC
2010,238,wbb:sec,23,Southeastern Conference,SEC
2010,2382,wbb:asun,46,Atlantic Sun Conference,ASUN
2010,239,wbb:big-12,8,Big 12 Conference,Big 12
2010,2390,wbb:acc,2,Atlantic Coast Conference,ACC
2010,2393,wbb:sun-belt,27,Sun Belt Conference,Sun Belt
2010,24,wbb:pac-12,21,Pacific-10 Conference,Pac-12
2010,2400,wbb:swac,26,Southwestern Athletic Conference,SWAC
2010,2405,wbb:nec,19,Northeast Conference,NEC
2010,2413,wbb:ovc,20,Ohio Valley Conference,OVC
2010,2415,wbb:meac,16,Mid-Eastern Athletic Conference,MEAC
2010,242,wbb:cusa,11,Conference USA,C-USA
2010,2426,wbb:patriot,22,Patriot League,Patriot
2010,2427,wbb:big-south,6,Big South Conference,Big South
2010,2428,wbb:independents,43,Division I Independents,-
2010,2429,wbb:atlantic-10,3,Atlantic 10 Conference,Atlantic 10
2010,2430,wbb:socon,24,Southern Conference,SoCon
2010,2433,wbb:sun-belt,27,Sun Belt Conference,Sun Belt
2010,2439,wbb:mountain-west,44,Mountain West Conference,Mountain West
2010,2440,wbb:wac,30,Western Athletic Conference,WAC
2010,2443,wbb:sun-belt,27,Sun Belt Conference,Sun Belt
2010,2447,wbb:southland,25,Southland Conference,Southland
2010,2448,wbb:meac,16,Mid-Eastern Athletic Conference,MEAC
2010,2449,wbb:summit,47,The Summit League,Summit League
2010,245,wbb:big-12,8,Big 12 Conference,Big 12
2010,2450,wbb:meac,16,Mid-Eastern Athletic Conference,MEAC
2010,2454,wbb:asun,46,Atlantic Sun Conference,ASUN
2010,2458,wbb:big-sky,5,Big Sky Conference,Big Sky
2010,2459,wbb:mac,14,Mid-American Conference,MAC
2010,2460,wbb:mvc,18,Missouri Valley Conference,MVC
2010,2463,wbb:big-west,9,Big West Conference,Big West
2010,2464,wbb:big-sky,5,Big Sky Conference,Big Sky
2010,2466,wbb:southland,25,Southland Conference,Southland
2010,2473,wbb:summit,47,The Summit League,Summit League
2010,248,wbb:cusa,11,Conference USA,C-USA
2010,2483,wbb:pac-12,21,Pacific-10 Conference,Pac-12
2010,249,wbb:sun-belt,27,Sun Belt Conference,Sun Belt
2010,2492,wbb:wcc,29,West Coast Conference,WCC
2010,25,wbb:pac-12,21,Pacific-10 Conference,Pac-12
2010,250,wbb:southland,25,Southland Conference,Southland
2010,2501,wbb:wcc,29,West Coast Conference,WCC
2010,2502,wbb:big-sky,5,Big Sky Conference,Big Sky
2010,2504,wbb:swac,26,Southwestern Athletic Conference,SWAC
2010,2506,wbb:big-south,6,Big South Conference,Big South
2010,2507,wbb:big-east,4,Big East Conference,Big East
2010,2509,wbb:big-ten,7,Big Ten Conference,Big Ten
2010,251,wbb:big-12,8,Big 12 Conference,Big 12
2010,2514,wbb:nec,19,Northeast Conference,NEC
2010,2515,wbb:big-south,6,Big South Conference,Big South
2010,252,wbb:mountain-west,44,Mountain West Conference,Mountain West
2010,2520,wbb:maac,13,Metro Atlantic Athletic Conference,MAAC
2010,2523,wbb:nec,19,Northeast Conference,NEC
2010,2529,wbb:nec,19,Northeast Conference,NEC
2010,253,wbb:summit,47,The Summit League,Summit League
2010,2534,wbb:southland,25,Southland Conference,Southland
2010,2535,wbb:socon,24,Southern Conference,SoCon
2010,2539,wbb:wcc,29,West Coast Conference,WCC
2010,254,wbb:mountain-west,44,Mountain West Conference,Mountain West
2010,2540,wbb:big-west,9,Big West Conference,Big West
2010,2541,wbb:wcc,29,West Coast Conference,WCC
2010,2542,wbb:independents,43,Division I Independents,-
2010,2545,wbb:southland,25,Southland Conference,Southland
2010,2546,wbb:ovc,20,Ohio Valley Conference,OVC
2010,2547,wbb:independents,43,Division I Independents,-
2010,2550,wbb:big-east,4,Big East Conference,Big East
2010,256,wbb:caa,10,Colonial Athletic Association,CAA
2010,2561,wbb:maac,13,Metro Atlantic Athletic Conference,MAAC
2010,2565,wbb:independents,43,Division I Independents,-
2010,2567,wbb:cusa,11,Conference USA,C-USA
2010,2569,wbb:meac,16,Mid-Eastern Athletic Conference,MEAC
2010,257,wbb:atlantic-10,3,Atlantic 10 Conference,Atlantic 10
2010,2571,wbb:summit,47,The Summit League,Summit League
2010,2572,wbb:cusa,11,Conference USA,C-USA
2010,2579,wbb:sec,23,Southeastern Conference,SEC
2010,258,wbb:acc,2,Atlantic Coast Conference,ACC
2010,2582,wbb:swac,26,Southwestern Athletic Conference,SWAC
2010,259,wbb:acc,2,Atlantic Coast Conference,ACC
2010,2597,wbb:nec,19,Northeast Conference,NEC
2010,2598,wbb:nec,19,Northeast Conference,NEC
2010,2599,wbb:big-east,4,Big East Conference,Big East
2010,26,wbb:pac-12,21,Pacific-10 Conference,Pac-12
2010,2603,wbb:atlantic-10,3,Atlantic 10 Conference,Atlantic 10
2010,2608,wbb:wcc,29,West Coast Conference,WCC
2010,261,wbb:america-east,1,America East Conference,America East
2010,2612,wbb:maac,13,Metro Atlantic Athletic Conference,MAAC
2010,2617,wbb:southland,25,Southland Conference,Southland
2010,2619,wbb:america-east,1,America East Conference,America East
2010,2623,wbb:mvc,18,Missouri Valley Conference,MVC
2010,2628,wbb:mountain-west,44,Mountain West Conference,Mountain West
2010,2630,wbb:ovc,20,Ohio Valley Conference,OVC
2010,2633,wbb:sec,23,Southeastern Conference,SEC
2010,2634,wbb:ovc,20,Ohio Valley Conference,OVC
2010,2635,wbb:ovc,20,Ohio Valley Conference,OVC
2010,2636,wbb:southland,25,Southland Conference,Southland
2010,2638,wbb:cusa,11,Conference USA,C-USA
2010,264,wbb:pac-12,21,Pacific-10 Conference,Pac-12
2010,2640,wbb:swac,26,Southwestern Athletic Conference,SWAC
2010,2641,wbb:big-12,8,Big 12 Conference,Big 12
2010,2649,wbb:mac,14,Mid-American Conference,MAC
2010,265,wbb:pac-12,21,Pacific-10 Conference,Pac-12
2010,2653,wbb:sun-belt,27,Sun Belt Conference,Sun Belt
2010,2655,wbb:cusa,11,Conference USA,C-USA
2010,2670,wbb:caa,10,Colonial Athletic Association,CAA
2010,2674,wbb:horizon,45,Horizon League,Horizon
2010,2681,wbb:nec,19,Northeast Conference,NEC
2010,269,wbb:big-east,4,Big East Conference,Big East
2010,2692,wbb:big-sky,5,Big Sky Conference,Big Sky
2010,27,wbb:big-west,9,Big West Conference,Big West
2010,270,wbb:horizon,45,Horizon League,Horizon
2010,2710,wbb:summit,47,The Summit League,Summit League
2010,2711,wbb:mac,14,Mid-American Conference,MAC
2010,2717,wbb:socon,24,Southern Conference,SoCon
2010,2724,wbb:mvc,18,Missouri Valley Conference,MVC
2010,2729,wbb:caa,10,Colonial Athletic Association,CAA
2010,2736,wbb:independents,43,Division I Independents,-
2010,2737,wbb:big-south,6,Big South Conference,Big South
2010,2739,wbb:horizon,45,Horizon League,Horizon
2010,2747,wbb:socon,24,Southern Conference,SoCon
2010,275,wbb:big-ten,7,Big Ten Conference,Big Ten
2010,2750,wbb:horizon,45,Horizon League,Horizon
2010,2751,wbb:mountain-west,44,Mountain West Conference,Mountain West
2010,2752,wbb:atlantic-10,3,Atlantic 10 Conference,Atlantic 10
2010,2754,wbb:horizon,45,Horizon League,Horizon
2010,2755,wbb:swac,26,Southwestern Athletic Conference,SWAC
2010,276,wbb:cusa,11,Conference USA,C-USA
2010,277,wbb:big-east,4,Big East Conference,Big East
2010,278,wbb:wac,30,Western Athletic Conference,WAC
2010,279,wbb:big-west,9,Big West Conference,Big West
2010,2803,wbb:nec,19,Northeast Conference,NEC
2010,282,wbb:mvc,18,Missouri Valley Conference,MVC
2010,2870,wbb:summit,47,The Summit League,Summit League
2010,288,wbb:asun,46,Atlantic Sun Conference,ASUN
2010,2885,wbb:great-west,57,Great West Conference,GWC
2010,290,wbb:socon,24,Southern Conference,SoCon
2010,2908,wbb:asun,46,Atlantic Sun Conference,ASUN
2010,292,wbb:great-west,57,Great West Conference,GWC
2010,2934,wbb:independents,43,Division I Independents,-
2010,294,wbb:asun,46,Atlantic Sun Conference,ASUN
2010,295,wbb:caa,10,Colonial Athletic Association,CAA
2010,299,wbb:big-west,9,Big West Conference,Big West
2010,30,wbb:pac-12,21,Pacific-10 Conference,Pac-12
2010,300,wbb:big-west,9,Big West Conference,Big West
2010,301,wbb:wcc,29,West Coast Conference,WCC
2010,302,wbb:big-west,9,Big West Conference,Big West
2010,304,wbb:big-sky,5,Big Sky Conference,Big Sky
2010,305,wbb:big-east,4,Big East Conference,Big East
2010,3084,wbb:great-west,57,Great West Conference,GWC
2010,309,wbb:sun-belt,27,Sun Belt Conference,Sun Belt
2010,311,wbb:america-east,1,America East Conference,America East
2010,314,wbb:maac,13,Metro Atlantic Athletic Conference,MAAC
2010,315,wbb:maac,13,Metro Atlantic Athletic Conference,MAAC
2010,322,wbb:patriot,22,Patriot League,Patriot
2010,324,wbb:big-south,6,Big South Conference,Big South
2010,325,wbb:horizon,45,Horizon League,Horizon
2010,326,wbb:southland,25,Southland Conference,Southland
2010,328,wbb:wac,30,Western Athletic Conference,WAC
2010,331,wbb:big-sky,5,Big Sky Conference,Big Sky
2010,333,wbb:sec,23,Southeastern Conference,SEC
2010,338,wbb:asun,46,Atlantic Sun Conference,ASUN
2010,339,wbb:mvc,18,Missouri Valley Conference,MVC
2010,344,wbb:sec,23,Southeastern Conference,SEC
2010,349,wbb:patriot,22,Patriot League,Patriot
2010,350,wbb:caa,10,Colonial Athletic Association,CAA
2010,356,wbb:big-ten,7,Big Ten Conference,Big Ten
2010,357,wbb:southland,25,Southland Conference,Southland
2010,36,wbb:mountain-west,44,Mountain West Conference,Mountain West
2010,38,wbb:big-12,8,Big 12 Conference,Big 12
2010,399,wbb:america-east,1,America East Conference,America East
2010,41,wbb:big-east,4,Big East Conference,Big East
2010,42,wbb:america-east,1,America East Conference,America East
2010,43,wbb:ivy,12,Ivy League,Ivy League
2010,44,wbb:patriot,22,Patriot League,Patriot
2010,45,wbb:atlantic-10,3,Atlantic 10 Conference,Atlantic 10
2010,46,wbb:big-east,4,Big East Conference,Big East
2010,47,wbb:meac,16,Mid-Eastern Athletic Conference,MEAC
2010,48,wbb:caa,10,Colonial Athletic Association,CAA
2010,5,wbb:cusa,11,Conference USA,C-USA
2010,50,wbb:meac,16,Mid-Eastern Athletic Conference,MEAC
2010,52,wbb:acc,2,Atlantic Coast Conference,ACC
2010,526,wbb:asun,46,Atlantic Sun Conference,ASUN
2010,55,wbb:ovc,20,Ohio Valley Conference,OVC
2010,56,wbb:asun,46,Atlantic Sun Conference,ASUN
2010,57,wbb:sec,23,Southeastern Conference,SEC
2010,58,wbb:big-east,4,Big East Conference,Big East
2010,59,wbb:acc,2,Atlantic Coast Conference,ACC
2010,6,wbb:sun-belt,27,Sun Belt Conference,Sun Belt
2010,61,wbb:sec,23,Southeastern Conference,SEC
2010,62,wbb:wac,30,Western Athletic Conference,WAC
2010,66,wbb:big-12,8,Big 12 Conference,Big 12
2010,68,wbb:wac,30,Western Athletic Conference,WAC
2010,70,wbb:wac,30,Western Athletic Conference,WAC
2010,71,wbb:mvc,18,Missouri Valley Conference,MVC
2010,77,wbb:big-ten,7,Big Ten Conference,Big Ten
2010,79,wbb:mvc,18,Missouri Valley Conference,MVC
2010,8,wbb:sec,23,Southeastern Conference,SEC
2010,82,wbb:horizon,45,Horizon League,Horizon
2010,84,wbb:big-ten,7,Big Ten Conference,Big Ten
2010,85,wbb:summit,47,The Summit League,Summit League
2010,87,wbb:big-east,4,Big East Conference,Big East
2010,9,wbb:pac-12,21,Pacific-10 Conference,Pac-12
2010,93,wbb:ovc,20,Ohio Valley Conference,OVC
2010,96,wbb:sec,23,Southeastern Conference,SEC
2010,97,wbb:big-east,4,Big East Conference,Big East
2010,98,wbb:sun-belt,27,Sun Belt Conference,Sun Belt
2010,99,wbb:sec,23,Southeastern Conference,SEC
2011,103,wbb:acc,2,Atlantic Coast Conference,ACC
2011,104,wbb:america-east,1,America East Conference,America East
2011,107,wbb:patriot,22,Patriot League,Patriot
2011,108,wbb:ivy,12,Ivy League,Ivy League
2011,111,wbb:caa,10,Colonial Athletic Association,CAA
2011,113,wbb:atlantic-10,3,Atlantic 10 Conference,Atlantic 10
2011,116,wbb:nec,19,Northeast Conference,NEC
2011,119,wbb:caa,10,Colonial Athletic Association,CAA
2011,12,wbb:pac-12,21,Pacific-10 Conference,Pac-12
2011,120,wbb:acc,2,Atlantic Coast Conference,ACC
2011,127,wbb:big-ten,7,Big Ten Conference,Big Ten
2011,13,wbb:big-west,9,Big West Conference,Big West
2011,130,wbb:big-ten,7,Big Ten Conference,Big Ten
2011,135,wbb:big-ten,7,Big Ten Conference,Big Ten
2011,139,wbb:atlantic-10,3,Atlantic 10 Conference,Atlantic 10
2011,140,wbb:summit,47,The Summit League,Summit League
2011,142,wbb:big-12,8,Big 12 Conference,Big 12
2011,145,wbb:sec,23,Southeastern Conference,SEC
2011,147,wbb:big-sky,5,Big Sky Conference,Big Sky
2011,149,wbb:big-sky,5,Big Sky Conference,Big Sky
2011,150,wbb:acc,2,Atlantic Coast Conference,ACC
2011,151,wbb:cusa,11,Conference USA,C-USA
2011,152,wbb:acc,2,Atlantic Coast Conference,ACC
2011,153,wbb:acc,2,Atlantic Coast Conference,ACC
2011,154,wbb:acc,2,Atlantic Coast Conference,ACC
2011,155,wbb:great-west,57,Great West Conference,GWC
2011,156,wbb:mvc,18,Missouri Valley Conference,MVC
2011,158,wbb:big-12,8,Big 12 Conference,Big 12
2011,159,wbb:ivy,12,Ivy League,Ivy League
2011,16,wbb:big-sky,5,Big Sky Conference,Big Sky
2011,160,wbb:america-east,1,America East Conference,America East
2011,161,wbb:nec,19,Northeast Conference,NEC
2011,163,wbb:ivy,12,Ivy League,Ivy League
2011,164,wbb:big-east,4,Big East Conference,Big East
2011,166,wbb:wac,30,Western Athletic Conference,WAC
2011,167,wbb:mountain-west,44,Mountain West Conference,Mountain West
2011,171,wbb:ivy,12,Ivy League,Ivy League
2011,172,wbb:ivy,12,Ivy League,Ivy League
2011,179,wbb:atlantic-10,3,Atlantic 10 Conference,Atlantic 10
2011,183,wbb:big-east,4,Big East Conference,Big East
2011,189,wbb:mac,14,Mid-American Conference,MAC
2011,193,wbb:mac,14,Mid-American Conference,MAC
2011,194,wbb:big-ten,7,Big Ten Conference,Big Ten
2011,195,wbb:mac,14,Mid-American Conference,MAC
2011,197,wbb:big-12,8,Big 12 Conference,Big 12
2011,198,wbb:summit,47,The Summit League,Summit League
2011,2,wbb:sec,23,Southeastern Conference,SEC
2011,2005,wbb:mountain-west,44,Mountain West Conference,Mountain West
2011,2006,wbb:mac,14,Mid-American Conference,MAC
2011,201,wbb:big-12,8,Big 12 Conference,Big 12
2011,2010,wbb:swac,26,Southwestern Athletic Conference,SWAC
2011,2011,wbb:swac,26,Southwestern Athletic Conference,SWAC
2011,2016,wbb:swac,26,Southwestern Athletic Conference,SWAC
2011,202,wbb:cusa,11,Conference USA,C-USA
2011,2026,wbb:socon,24,Southern Conference,SoCon
2011,2029,wbb:swac,26,Southwestern Athletic Conference,SWAC
2011,2031,wbb:sun-belt,27,Sun Belt Conference,Sun Belt
2011,2032,wbb:sun-belt,27,Sun Belt Conference,Sun Belt
2011,204,wbb:pac-12,21,Pacific-10 Conference,Pac-12
2011,2046,wbb:ovc,20,Ohio Valley Conference,OVC
2011,2050,wbb:mac,14,Mid-American Conference,MAC
2011,2057,wbb:asun,46,Atlantic Sun Conference,ASUN
2011,2065,wbb:meac,16,Mid-Eastern Athletic Conference,MEAC
2011,2066,wbb:america-east,1,America East Conference,America East
2011,2083,wbb:patriot,22,Patriot League,Patriot
2011,2084,wbb:mac,14,Mid-American Conference,MAC
2011,2086,wbb:horizon,45,Horizon League,Horizon
2011,2097,wbb:asun,46,Atlantic Sun Conference,ASUN
2011,2099,wbb:maac,13,Metro Atlantic Athletic Conference,MAAC
2011,21,wbb:mountain-west,44,Mountain West Conference,Mountain West
2011,2110,wbb:southland,25,Southland Conference,Southland
2011,2113,wbb:summit,47,The Summit League,Summit League
2011,2115,wbb:nec,19,Northeast Conference,NEC
2011,2116,wbb:cusa,11,Conference USA,C-USA
2011,2117,wbb:mac,14,Mid-American Conference,MAC
2011,2127,wbb:big-south,6,Big South Conference,Big South
2011,213,wbb:big-ten,7,Big Ten Conference,Big Ten
2011,2130,wbb:great-west,57,Great West Conference,GWC
2011,2132,wbb:big-east,4,Big East Conference,Big East
2011,2142,wbb:patriot,22,Patriot League,Patriot
2011,2154,wbb:meac,16,Mid-Eastern Athletic Conference,MEAC
2011,2166,wbb:socon,24,Southern Conference,SoCon
2011,2168,wbb:atlantic-10,3,Atlantic 10 Conference,Atlantic 10
2011,2169,wbb:meac,16,Mid-Eastern Athletic Conference,MEAC
2011,2172,wbb:sun-belt,27,Sun Belt Conference,Sun Belt
2011,2174,wbb:horizon,45,Horizon League,Horizon
2011,218,wbb:atlantic-10,3,Atlantic 10 Conference,Atlantic 10
2011,2181,wbb:mvc,18,Missouri Valley Conference,MVC
2011,2182,wbb:caa,10,Colonial Athletic Association,CAA
2011,2184,wbb:atlantic-10,3,Atlantic 10 Conference,Atlantic 10
2011,219,wbb:ivy,12,Ivy League,Ivy League
2011,2193,wbb:asun,46,Atlantic Sun Conference,ASUN
2011,2197,wbb:ovc,20,Ohio Valley Conference,OVC
2011,2198,wbb:ovc,20,Ohio Valley Conference,OVC
2011,2199,wbb:mac,14,Mid-American Conference,MAC
2011,221,wbb:big-east,4,Big East Conference,Big East
2011,2210,wbb:socon,24,Southern Conference,SoCon
2011,2217,wbb:maac,13,Metro Atlantic Athletic Conference,MAAC
2011,222,wbb:big-east,4,Big East Conference,Big East
2011,2226,wbb:sun-belt,27,Sun Belt Conference,Sun Belt
2011,2229,wbb:sun-belt,27,Sun Belt Conference,Sun Belt
2011,2230,wbb:atlantic-10,3,Atlantic 10 Conference,Atlantic 10
2011,2239,wbb:big-west,9,Big West Conference,Big West
2011,2241,wbb:big-south,6,Big South Conference,Big South
2011,2244,wbb:caa,10,Colonial Athletic Association,CAA
2011,2247,wbb:caa,10,Colonial Athletic Association,CAA
2011,225,wbb:ivy,12,Ivy League,Ivy League
2011,2250,wbb:wcc,29,West Coast Conference,WCC
2011,2261,wbb:meac,16,Mid-Eastern Athletic Conference,MEAC
2011,227,wbb:atlantic-10,3,Atlantic 10 Conference,Atlantic 10
2011,2272,wbb:big-south,6,Big South Conference,Big South
2011,2275,wbb:caa,10,Colonial Athletic Association,CAA
2011,2277,wbb:great-west,57,Great West Conference,GWC
2011,228,wbb:acc,2,Atlantic Coast Conference,ACC
2011,2287,wbb:mvc,18,Missouri Valley Conference,MVC
2011,2294,wbb:big-ten,7,Big Ten Conference,Big Ten
2011,2296,wbb:swac,26,Southwestern Athletic Conference,SWAC
2011,23,wbb:wac,30,Western Athletic Conference,WAC
2011,2305,wbb:big-12,8,Big 12 Conference,Big 12
2011,2306,wbb:big-12,8,Big 12 Conference,Big 12
2011,2309,wbb:mac,14,Mid-American Conference,MAC
2011,231,wbb:socon,24,Southern Conference,SoCon
2011,232,wbb:socon,24,Southern Conference,SoCon
2011,2320,wbb:southland,25,Southland Conference,Southland
2011,2325,wbb:atlantic-10,3,Atlantic 10 Conference,Atlantic 10
2011,2329,wbb:patriot,22,Patriot League,Patriot
2011,233,wbb:great-west,57,Great West Conference,GWC
2011,2335,wbb:big-south,6,Big South Conference,Big South
2011,2341,wbb:nec,19,Northeast Conference,NEC
2011,2344,wbb:independents,43,Division I Independents,-
2011,2348,wbb:wac,30,Western Athletic Conference,WAC
2011,235,wbb:cusa,11,Conference USA,C-USA
2011,2350,wbb:horizon,45,Horizon League,Horizon
2011,2351,wbb:wcc,29,West Coast Conference,WCC
2011,2352,wbb:maac,13,Metro Atlantic Athletic Conference,MAAC
2011,236,wbb:socon,24,Southern Conference,SoCon
2011,2363,wbb:maac,13,Metro Atlantic Athletic Conference,MAAC
2011,2368,wbb:maac,13,Metro Atlantic Athletic Conference,MAAC
2011,2377,wbb:southland,25,Southland Conference,Southland
2011,2378,wbb:america-east,1,America East Conference,America East
2011,2379,wbb:meac,16,Mid-Eastern Athletic Conference,MEAC
2011,238,wbb:sec,23,Southeastern Conference,SEC
2011,2382,wbb:asun,46,Atlantic Sun Conference,ASUN
2011,239,wbb:big-12,8,Big 12 Conference,Big 12
2011,2390,wbb:acc,2,Atlantic Coast Conference,ACC
2011,2393,wbb:sun-belt,27,Sun Belt Conference,Sun Belt
2011,24,wbb:pac-12,21,Pacific-10 Conference,Pac-12
2011,2400,wbb:swac,26,Southwestern Athletic Conference,SWAC
2011,2405,wbb:nec,19,Northeast Conference,NEC
2011,2413,wbb:ovc,20,Ohio Valley Conference,OVC
2011,2415,wbb:meac,16,Mid-Eastern Athletic Conference,MEAC
2011,242,wbb:cusa,11,Conference USA,C-USA
2011,2426,wbb:patriot,22,Patriot League,Patriot
2011,2427,wbb:big-south,6,Big South Conference,Big South
2011,2428,wbb:independents,43,Division I Independents,-
2011,2429,wbb:atlantic-10,3,Atlantic 10 Conference,Atlantic 10
2011,2430,wbb:socon,24,Southern Conference,SoCon
2011,2433,wbb:sun-belt,27,Sun Belt Conference,Sun Belt
2011,2439,wbb:mountain-west,44,Mountain West Conference,Mountain West
2011,2440,wbb:wac,30,Western Athletic Conference,WAC
2011,2443,wbb:independents,43,Division I Independents,-
2011,2447,wbb:southland,25,Southland Conference,Southland
2011,2448,wbb:meac,16,Mid-Eastern Athletic Conference,MEAC
2011,2449,wbb:summit,47,The Summit League,Summit League
2011,245,wbb:big-12,8,Big 12 Conference,Big 12
2011,2450,wbb:meac,16,Mid-Eastern Athletic Conference,MEAC
2011,2454,wbb:asun,46,Atlantic Sun Conference,ASUN
2011,2458,wbb:big-sky,5,Big Sky Conference,Big Sky
2011,2459,wbb:mac,14,Mid-American Conference,MAC
2011,2460,wbb:mvc,18,Missouri Valley Conference,MVC
2011,2463,wbb:big-west,9,Big West Conference,Big West
2011,2464,wbb:big-sky,5,Big Sky Conference,Big Sky
2011,2466,wbb:southland,25,Southland Conference,Southland
2011,2473,wbb:summit,47,The Summit League,Summit League
2011,248,wbb:cusa,11,Conference USA,C-USA
2011,2483,wbb:pac-12,21,Pacific-10 Conference,Pac-12
2011,249,wbb:sun-belt,27,Sun Belt Conference,Sun Belt
2011,2492,wbb:wcc,29,West Coast Conference,WCC
2011,25,wbb:pac-12,21,Pacific-10 Conference,Pac-12
2011,250,wbb:southland,25,Southland Conference,Southland
2011,2501,wbb:wcc,29,West Coast Conference,WCC
2011,2502,wbb:big-sky,5,Big Sky Conference,Big Sky
2011,2504,wbb:swac,26,Southwestern Athletic Conference,SWAC
2011,2506,wbb:big-south,6,Big South Conference,Big South
2011,2507,wbb:big-east,4,Big East Conference,Big East
2011,2509,wbb:big-ten,7,Big Ten Conference,Big Ten
2011,251,wbb:big-12,8,Big 12 Conference,Big 12
2011,2514,wbb:nec,19,Northeast Conference,NEC
2011,2515,wbb:big-south,6,Big South Conference,Big South
2011,252,wbb:mountain-west,44,Mountain West Conference,Mountain West
2011,2520,wbb:maac,13,Metro Atlantic Athletic Conference,MAAC
2011,2523,wbb:nec,19,Northeast Conference,NEC
2011,2529,wbb:nec,19,Northeast Conference,NEC
2011,253,wbb:summit,47,The Summit League,Summit League
2011,2534,wbb:southland,25,Southland Conference,Southland
2011,2535,wbb:socon,24,Southern Conference,SoCon
2011,2539,wbb:wcc,29,West Coast Conference,WCC
2011,254,wbb:mountain-west,44,Mountain West Conference,Mountain West
2011,2540,wbb:big-west,9,Big West Conference,Big West
2011,2541,wbb:wcc,29,West Coast Conference,WCC
2011,2542,wbb:independents,43,Division I Independents,-
2011,2545,wbb:southland,25,Southland Conference,Southland
2011,2546,wbb:ovc,20,Ohio Valley Conference,OVC
2011,2547,wbb:independents,43,Division I Independents,-
2011,2550,wbb:big-east,4,Big East Conference,Big East
2011,256,wbb:caa,10,Colonial Athletic Association,CAA
2011,2561,wbb:maac,13,Metro Atlantic Athletic Conference,MAAC
2011,2565,wbb:independents,43,Division I Independents,-
2011,2567,wbb:cusa,11,Conference USA,C-USA
2011,2569,wbb:meac,16,Mid-Eastern Athletic Conference,MEAC
2011,257,wbb:atlantic-10,3,Atlantic 10 Conference,Atlantic 10
2011,2571,wbb:summit,47,The Summit League,Summit League
2011,2572,wbb:cusa,11,Conference USA,C-USA
2011,2579,wbb:sec,23,Southeastern Conference,SEC
2011,258,wbb:acc,2,Atlantic Coast Conference,ACC
2011,2582,wbb:swac,26,Southwestern Athletic Conference,SWAC
2011,259,wbb:acc,2,Atlantic Coast Conference,ACC
2011,2597,wbb:nec,19,Northeast Conference,NEC
2011,2598,wbb:nec,19,Northeast Conference,NEC
2011,2599,wbb:big-east,4,Big East Conference,Big East
2011,26,wbb:pac-12,21,Pacific-10 Conference,Pac-12
2011,2603,wbb:atlantic-10,3,Atlantic 10 Conference,Atlantic 10
2011,2608,wbb:wcc,29,West Coast Conference,WCC
2011,261,wbb:america-east,1,America East Conference,America East
2011,2612,wbb:maac,13,Metro Atlantic Athletic Conference,MAAC
2011,2617,wbb:southland,25,Southland Conference,Southland
2011,2619,wbb:america-east,1,America East Conference,America East
2011,2623,wbb:mvc,18,Missouri Valley Conference,MVC
2011,2628,wbb:mountain-west,44,Mountain West Conference,Mountain West
2011,2630,wbb:ovc,20,Ohio Valley Conference,OVC
2011,2633,wbb:sec,23,Southeastern Conference,SEC
2011,2634,wbb:ovc,20,Ohio Valley Conference,OVC
2011,2635,wbb:ovc,20,Ohio Valley Conference,OVC
2011,2636,wbb:southland,25,Southland Conference,Southland
2011,2638,wbb:cusa,11,Conference USA,C-USA
2011,264,wbb:pac-12,21,Pacific-10 Conference,Pac-12
2011,2640,wbb:swac,26,Southwestern Athletic Conference,SWAC
2011,2641,wbb:big-12,8,Big 12 Conference,Big 12
2011,2649,wbb:mac,14,Mid-American Conference,MAC
2011,265,wbb:pac-12,21,Pacific-10 Conference,Pac-12
2011,2653,wbb:sun-belt,27,Sun Belt Conference,Sun Belt
2011,2655,wbb:cusa,11,Conference USA,C-USA
2011,2670,wbb:caa,10,Colonial Athletic Association,CAA
2011,2674,wbb:horizon,45,Horizon League,Horizon
2011,2681,wbb:nec,19,Northeast Conference,NEC
2011,269,wbb:big-east,4,Big East Conference,Big East
2011,2692,wbb:big-sky,5,Big Sky Conference,Big Sky
2011,27,wbb:big-west,9,Big West Conference,Big West
2011,270,wbb:horizon,45,Horizon League,Horizon
2011,2710,wbb:summit,47,The Summit League,Summit League
2011,2711,wbb:mac,14,Mid-American Conference,MAC
2011,2717,wbb:socon,24,Southern Conference,SoCon
2011,2724,wbb:mvc,18,Missouri Valley Conference,MVC
2011,2729,wbb:caa,10,Colonial Athletic Association,CAA
2011,2737,wbb:big-south,6,Big South Conference,Big South
2011,2739,wbb:horizon,45,Horizon League,Horizon
2011,2747,wbb:socon,24,Southern Conference,SoCon
2011,275,wbb:big-ten,7,Big Ten Conference,Big Ten
2011,2750,wbb:horizon,45,Horizon League,Horizon
2011,2751,wbb:mountain-west,44,Mountain West Conference,Mountain West
2011,2752,wbb:atlantic-10,3,Atlantic 10 Conference,Atlantic 10
2011,2754,wbb:horizon,45,Horizon League,Horizon
2011,2755,wbb:swac,26,Southwestern Athletic Conference,SWAC
2011,276,wbb:cusa,11,Conference USA,C-USA
2011,277,wbb:big-east,4,Big East Conference,Big East
2011,278,wbb:wac,30,Western Athletic Conference,WAC
2011,279,wbb:big-west,9,Big West Conference,Big West
2011,2803,wbb:nec,19,Northeast Conference,NEC
2011,282,wbb:mvc,18,Missouri Valley Conference,MVC
2011,2870,wbb:summit,47,The Summit League,Summit League
2011,288,wbb:asun,46,Atlantic Sun Conference,ASUN
2011,2885,wbb:great-west,57,Great West Conference,GWC
2011,290,wbb:socon,24,Southern Conference,SoCon
2011,2908,wbb:asun,46,Atlantic Sun Conference,ASUN
2011,292,wbb:great-west,57,Great West Conference,GWC
2011,2934,wbb:independents,43,Division I Independents,-
2011,294,wbb:asun,46,Atlantic Sun Conference,ASUN
2011,295,wbb:caa,10,Colonial Athletic Association,CAA
2011,299,wbb:big-west,9,Big West Conference,Big West
2011,30,wbb:pac-12,21,Pacific-10 Conference,Pac-12
2011,300,wbb:big-west,9,Big West Conference,Big West
2011,301,wbb:wcc,29,West Coast Conference,WCC
2011,302,wbb:big-west,9,Big West Conference,Big West
2011,304,wbb:big-sky,5,Big Sky Conference,Big Sky
2011,305,wbb:big-east,4,Big East Conference,Big East
2011,3084,wbb:great-west,57,Great West Conference,GWC
2011,309,wbb:sun-belt,27,Sun Belt Conference,Sun Belt
2011,311,wbb:america-east,1,America East Conference,America East
2011,314,wbb:maac,13,Metro Atlantic Athletic Conference,MAAC
2011,315,wbb:maac,13,Metro Atlantic Athletic Conference,MAAC
2011,322,wbb:patriot,22,Patriot League,Patriot
2011,324,wbb:big-south,6,Big South Conference,Big South
2011,325,wbb:horizon,45,Horizon League,Horizon
2011,326,wbb:southland,25,Southland Conference,Southland
2011,328,wbb:wac,30,Western Athletic Conference,WAC
2011,331,wbb:big-sky,5,Big Sky Conference,Big Sky
2011,333,wbb:sec,23,Southeastern Conference,SEC
2011,338,wbb:asun,46,Atlantic Sun Conference,ASUN
2011,339,wbb:mvc,18,Missouri Valley Conference,MVC
2011,344,wbb:sec,23,Southeastern Conference,SEC
2011,349,wbb:patriot,22,Patriot League,Patriot
2011,350,wbb:caa,10,Colonial Athletic Association,CAA
2011,356,wbb:big-ten,7,Big Ten Conference,Big Ten
2011,357,wbb:southland,25,Southland Conference,Southland
2011,36,wbb:mountain-west,44,Mountain West Conference,Mountain West
2011,38,wbb:big-12,8,Big 12 Conference,Big 12
2011,399,wbb:america-east,1,America East Conference,America East
2011,41,wbb:big-east,4,Big East Conference,Big East
2011,42,wbb:america-east,1,America East Conference,America East
2011,43,wbb:ivy,12,Ivy League,Ivy League
2011,44,wbb:patriot,22,Patriot League,Patriot
2011,45,wbb:atlantic-10,3,Atlantic 10 Conference,Atlantic 10
2011,46,wbb:big-east,4,Big East Conference,Big East
2011,47,wbb:meac,16,Mid-Eastern Athletic Conference,MEAC
2011,48,wbb:caa,10,Colonial Athletic Association,CAA
2011,5,wbb:cusa,11,Conference USA,C-USA
2011,50,wbb:meac,16,Mid-Eastern Athletic Conference,MEAC
2011,52,wbb:acc,2,Atlantic Coast Conference,ACC
2011,526,wbb:asun,46,Atlantic Sun Conference,ASUN
2011,55,wbb:ovc,20,Ohio Valley Conference,OVC
2011,56,wbb:asun,46,Atlantic Sun Conference,ASUN
2011,57,wbb:sec,23,Southeastern Conference,SEC
2011,58,wbb:big-east,4,Big East Conference,Big East
2011,59,wbb:acc,2,Atlantic Coast Conference,ACC
2011,6,wbb:sun-belt,27,Sun Belt Conference,Sun Belt
2011,61,wbb:sec,23,Southeastern Conference,SEC
2011,62,wbb:wac,30,Western Athletic Conference,WAC
2011,66,wbb:big-12,8,Big 12 Conference,Big 12
2011,68,wbb:wac,30,Western Athletic Conference,WAC
2011,70,wbb:wac,30,Western Athletic Conference,WAC
2011,71,wbb:mvc,18,Missouri Valley Conference,MVC
2011,77,wbb:big-ten,7,Big Ten Conference,Big Ten
2011,79,wbb:mvc,18,Missouri Valley Conference,MVC
2011,8,wbb:sec,23,Southeastern Conference,SEC
2011,82,wbb:horizon,45,Horizon League,Horizon
2011,84,wbb:big-ten,7,Big Ten Conference,Big Ten
2011,85,wbb:summit,47,The Summit League,Summit League
2011,87,wbb:big-east,4,Big East Conference,Big East
2011,9,wbb:pac-12,21,Pacific-10 Conference,Pac-12
2011,93,wbb:ovc,20,Ohio Valley Conference,OVC
2011,96,wbb:sec,23,Southeastern Conference,SEC
2011,97,wbb:big-east,4,Big East Conference,Big East
2011,98,wbb:sun-belt,27,Sun Belt Conference,Sun Belt
2011,99,wbb:sec,23,Southeastern Conference,SEC
2012,103,wbb:acc,2,Atlantic Coast Conference,ACC
2012,104,wbb:america-east,1,America East Conference,America East
2012,107,wbb:patriot,22,Patriot League,Patriot
2012,108,wbb:ivy,12,Ivy League,Ivy League
2012,111,wbb:caa,10,Colonial Athletic Association,CAA
2012,113,wbb:atlantic-10,3,Atlantic 10 Conference,Atlantic 10
2012,116,wbb:nec,19,Northeast Conference,NEC
2012,119,wbb:caa,10,Colonial Athletic Association,CAA
2012,12,wbb:pac-12,21,Pac-12 Conference,Pac-12
2012,120,wbb:acc,2,Atlantic Coast Conference,ACC
2012,127,wbb:big-ten,7,Big Ten Conference,Big Ten
2012,13,wbb:big-west,9,Big West Conference,Big West
2012,130,wbb:big-ten,7,Big Ten Conference,Big Ten
2012,135,wbb:big-ten,7,Big Ten Conference,Big Ten
2012,139,wbb:atlantic-10,3,Atlantic 10 Conference,Atlantic 10
2012,140,wbb:summit,47,The Summit League,Summit League
2012,142,wbb:big-12,8,Big 12 Conference,Big 12
2012,145,wbb:sec,23,Southeastern Conference,SEC
2012,147,wbb:big-sky,5,Big Sky Conference,Big Sky
2012,149,wbb:big-sky,5,Big Sky Conference,Big Sky
2012,150,wbb:acc,2,Atlantic Coast Conference,ACC
2012,151,wbb:cusa,11,Conference USA,C-USA
2012,152,wbb:acc,2,Atlantic Coast Conference,ACC
2012,153,wbb:acc,2,Atlantic Coast Conference,ACC
2012,154,wbb:acc,2,Atlantic Coast Conference,ACC
2012,155,wbb:great-west,57,Great West Conference,GWC
2012,156,wbb:mvc,18,Missouri Valley Conference,MVC
2012,158,wbb:big-ten,7,Big Ten Conference,Big Ten
2012,159,wbb:ivy,12,Ivy League,Ivy League
2012,16,wbb:big-sky,5,Big Sky Conference,Big Sky
2012,160,wbb:america-east,1,America East Conference,America East
2012,161,wbb:nec,19,Northeast Conference,NEC
2012,163,wbb:ivy,12,Ivy League,Ivy League
2012,164,wbb:big-east,4,Big East Conference,Big East
2012,166,wbb:wac,30,Western Athletic Conference,WAC
2012,167,wbb:mountain-west,44,Mountain West Conference,Mountain West
2012,171,wbb:ivy,12,Ivy League,Ivy League
2012,172,wbb:ivy,12,Ivy League,Ivy League
2012,179,wbb:atlantic-10,3,Atlantic 10 Conference,Atlantic 10
2012,183,wbb:big-east,4,Big East Conference,Big East
2012,189,wbb:mac,14,Mid-American Conference,MAC
2012,193,wbb:mac,14,Mid-American Conference,MAC
2012,194,wbb:big-ten,7,Big Ten Conference,Big Ten
2012,195,wbb:mac,14,Mid-American Conference,MAC
2012,197,wbb:big-12,8,Big 12 Conference,Big 12
2012,198,wbb:summit,47,The Summit League,Summit League
2012,2,wbb:sec,23,Southeastern Conference,SEC
2012,2005,wbb:mountain-west,44,Mountain West Conference,Mountain West
2012,2006,wbb:mac,14,Mid-American Conference,MAC
2012,201,wbb:big-12,8,Big 12 Conference,Big 12
2012,2010,wbb:swac,26,Southwestern Athletic Conference,SWAC
2012,2011,wbb:swac,26,Southwestern Athletic Conference,SWAC
2012,2016,wbb:swac,26,Southwestern Athletic Conference,SWAC
2012,202,wbb:cusa,11,Conference USA,C-USA
2012,2026,wbb:socon,24,Southern Conference,SoCon
2012,2029,wbb:swac,26,Southwestern Athletic Conference,SWAC
2012,2031,wbb:sun-belt,27,Sun Belt Conference,Sun Belt
2012,2032,wbb:sun-belt,27,Sun Belt Conference,Sun Belt
2012,204,wbb:pac-12,21,Pac-12 Conference,Pac-12
2012,2046,wbb:ovc,20,Ohio Valley Conference,OVC
2012,2050,wbb:mac,14,Mid-American Conference,MAC
2012,2057,wbb:asun,46,Atlantic Sun Conference,ASUN
2012,2065,wbb:meac,16,Mid-Eastern Athletic Conference,MEAC
2012,2066,wbb:america-east,1,America East Conference,America East
2012,2083,wbb:patriot,22,Patriot League,Patriot
2012,2084,wbb:mac,14,Mid-American Conference,MAC
2012,2086,wbb:horizon,45,Horizon League,Horizon
2012,2097,wbb:big-south,6,Big South Conference,Big South
2012,2099,wbb:maac,13,Metro Atlantic Athletic Conference,MAAC
2012,21,wbb:mountain-west,44,Mountain West Conference,Mountain West
2012,2110,wbb:southland,25,Southland Conference,Southland
2012,2115,wbb:nec,19,Northeast Conference,NEC
2012,2116,wbb:cusa,11,Conference USA,C-USA
2012,2117,wbb:mac,14,Mid-American Conference,MAC
2012,2127,wbb:big-south,6,Big South Conference,Big South
2012,213,wbb:big-ten,7,Big Ten Conference,Big Ten
2012,2130,wbb:great-west,57,Great West Conference,GWC
2012,2132,wbb:big-east,4,Big East Conference,Big East
2012,2142,wbb:patriot,22,Patriot League,Patriot
2012,2154,wbb:meac,16,Mid-Eastern Athletic Conference,MEAC
2012,2166,wbb:socon,24,Southern Conference,SoCon
2012,2168,wbb:atlantic-10,3,Atlantic 10 Conference,Atlantic 10
2012,2169,wbb:meac,16,Mid-Eastern Athletic Conference,MEAC
2012,2172,wbb:sun-belt,27,Sun Belt Conference,Sun Belt
2012,2174,wbb:horizon,45,Horizon League,Horizon
2012,218,wbb:atlantic-10,3,Atlantic 10 Conference,Atlantic 10
2012,2181,wbb:mvc,18,Missouri Valley Conference,MVC
2012,2182,wbb:caa,10,Colonial Athletic Association,CAA
2012,2184,wbb:atlantic-10,3,Atlantic 10 Conference,Atlantic 10
2012,219,wbb:ivy,12,Ivy League,Ivy League
2012,2193,wbb:asun,46,Atlantic Sun Conference,ASUN
2012,2197,wbb:ovc,20,Ohio Valley Conference,OVC
2012,2198,wbb:ovc,20,Ohio Valley Conference,OVC
2012,2199,wbb:mac,14,Mid-American Conference,MAC
2012,221,wbb:big-east,4,Big East Conference,Big East
2012,2210,wbb:socon,24,Southern Conference,SoCon
2012,2217,wbb:maac,13,Metro Atlantic Athletic Conference,MAAC
2012,222,wbb:big-east,4,Big East Conference,Big East
2012,2226,wbb:sun-belt,27,Sun Belt Conference,Sun Belt
2012,2229,wbb:sun-belt,27,Sun Belt Conference,Sun Belt
2012,2230,wbb:atlantic-10,3,Atlantic 10 Conference,Atlantic 10
2012,2239,wbb:big-west,9,Big West Conference,Big West
2012,2241,wbb:big-south,6,Big South Conference,Big South
2012,2244,wbb:caa,10,Colonial Athletic Association,CAA
2012,2247,wbb:caa,10,Colonial Athletic Association,CAA
2012,225,wbb:ivy,12,Ivy League,Ivy League
2012,2250,wbb:wcc,29,West Coast Conference,WCC
2012,2261,wbb:meac,16,Mid-Eastern Athletic Conference,MEAC
2012,227,wbb:atlantic-10,3,Atlantic 10 Conference,Atlantic 10
2012,2272,wbb:big-south,6,Big South Conference,Big South
2012,2275,wbb:caa,10,Colonial Athletic Association,CAA
2012,2277,wbb:great-west,57,Great West Conference,GWC
2012,228,wbb:acc,2,Atlantic Coast Conference,ACC
2012,2287,wbb:mvc,18,Missouri Valley Conference,MVC
2012,2294,wbb:big-ten,7,Big Ten Conference,Big Ten
2012,2296,wbb:swac,26,Southwestern Athletic Conference,SWAC
2012,23,wbb:wac,30,Western Athletic Conference,WAC
2012,2305,wbb:big-12,8,Big 12 Conference,Big 12
2012,2306,wbb:big-12,8,Big 12 Conference,Big 12
2012,2309,wbb:mac,14,Mid-American Conference,MAC
2012,231,wbb:socon,24,Southern Conference,SoCon
2012,232,wbb:socon,24,Southern Conference,SoCon
2012,2320,wbb:southland,25,Southland Conference,Southland
2012,2325,wbb:atlantic-10,3,Atlantic 10 Conference,Atlantic 10
2012,2329,wbb:patriot,22,Patriot League,Patriot
2012,233,wbb:summit,47,The Summit League,Summit League
2012,2335,wbb:big-south,6,Big South Conference,Big South
2012,2341,wbb:nec,19,Northeast Conference,NEC
2012,2344,wbb:independents,43,Division I Independents,-
2012,2348,wbb:wac,30,Western Athletic Conference,WAC
2012,235,wbb:cusa,11,Conference USA,C-USA
2012,2350,wbb:horizon,45,Horizon League,Horizon
2012,2351,wbb:wcc,29,West Coast Conference,WCC
2012,2352,wbb:maac,13,Metro Atlantic Athletic Conference,MAAC
2012,236,wbb:socon,24,Southern Conference,SoCon
2012,2363,wbb:maac,13,Metro Atlantic Athletic Conference,MAAC
2012,2368,wbb:maac,13,Metro Atlantic Athletic Conference,MAAC
2012,2377,wbb:southland,25,Southland Conference,Southland
2012,2378,wbb:america-east,1,America East Conference,America East
2012,2379,wbb:meac,16,Mid-Eastern Athletic Conference,MEAC
2012,238,wbb:sec,23,Southeastern Conference,SEC
2012,2382,wbb:asun,46,Atlantic Sun Conference,ASUN
2012,239,wbb:big-12,8,Big 12 Conference,Big 12
2012,2390,wbb:acc,2,Atlantic Coast Conference,ACC
2012,2393,wbb:sun-belt,27,Sun Belt Conference,Sun Belt
2012,24,wbb:pac-12,21,Pac-12 Conference,Pac-12
2012,2400,wbb:swac,26,Southwestern Athletic Conference,SWAC
2012,2405,wbb:nec,19,Northeast Conference,NEC
2012,2413,wbb:ovc,20,Ohio Valley Conference,OVC
2012,2415,wbb:meac,16,Mid-Eastern Athletic Conference,MEAC
2012,242,wbb:cusa,11,Conference USA,C-USA
2012,2426,wbb:patriot,22,Patriot League,Patriot
2012,2427,wbb:big-south,6,Big South Conference,Big South
2012,2428,wbb:meac,16,Mid-Eastern Athletic Conference,MEAC
2012,2429,wbb:atlantic-10,3,Atlantic 10 Conference,Atlantic 10
2012,2430,wbb:socon,24,Southern Conference,SoCon
2012,2433,wbb:sun-belt,27,Sun Belt Conference,Sun Belt
2012,2437,wbb:independents,43,Division I Independents,-
2012,2439,wbb:mountain-west,44,Mountain West Conference,Mountain West
2012,2440,wbb:wac,30,Western Athletic Conference,WAC
2012,2447,wbb:southland,25,Southland Conference,Southland
2012,2448,wbb:meac,16,Mid-Eastern Athletic Conference,MEAC
2012,2449,wbb:summit,47,The Summit League,Summit League
2012,245,wbb:big-12,8,Big 12 Conference,Big 12
2012,2450,wbb:meac,16,Mid-Eastern Athletic Conference,MEAC
2012,2454,wbb:asun,46,Atlantic Sun Conference,ASUN
2012,2458,wbb:big-sky,5,Big Sky Conference,Big Sky
2012,2459,wbb:mac,14,Mid-American Conference,MAC
2012,2460,wbb:mvc,18,Missouri Valley Conference,MVC
2012,2463,wbb:big-west,9,Big West Conference,Big West
2012,2464,wbb:big-sky,5,Big Sky Conference,Big Sky
2012,2466,wbb:southland,25,Southland Conference,Southland
2012,2473,wbb:summit,47,The Summit League,Summit League
2012,248,wbb:cusa,11,Conference USA,C-USA
2012,2483,wbb:pac-12,21,Pac-12 Conference,Pac-12
2012,249,wbb:sun-belt,27,Sun Belt Conference,Sun Belt
2012,2492,wbb:wcc,29,West Coast Conference,WCC
2012,25,wbb:pac-12,21,Pac-12 Conference,Pac-12
2012,250,wbb:southland,25,Southland Conference,Southland
2012,2501,wbb:wcc,29,West Coast Conference,WCC
2012,2502,wbb:big-sky,5,Big Sky Conference,Big Sky
2012,2504,wbb:swac,26,Southwestern Athletic Conference,SWAC
2012,2506,wbb:big-south,6,Big South Conference,Big South
2012,2507,wbb:big-east,4,Big East Conference,Big East
2012,2509,wbb:big-ten,7,Big Ten Conference,Big Ten
2012,251,wbb:big-12,8,Big 12 Conference,Big 12
2012,2514,wbb:nec,19,Northeast Conference,NEC
2012,2515,wbb:big-south,6,Big South Conference,Big South
2012,252,wbb:wcc,29,West Coast Conference,WCC
2012,2520,wbb:maac,13,Metro Atlantic Athletic Conference,MAAC
2012,2523,wbb:nec,19,Northeast Conference,NEC
2012,2529,wbb:nec,19,Northeast Conference,NEC
2012,253,wbb:summit,47,The Summit League,Summit League
2012,2534,wbb:southland,25,Southland Conference,Southland
2012,2535,wbb:socon,24,Southern Conference,SoCon
2012,2539,wbb:wcc,29,West Coast Conference,WCC
2012,254,wbb:pac-12,21,Pac-12 Conference,Pac-12
2012,2540,wbb:big-west,9,Big West Conference,Big West
2012,2541,wbb:wcc,29,West Coast Conference,WCC
2012,2542,wbb:meac,16,Mid-Eastern Athletic Conference,MEAC
2012,2545,wbb:southland,25,Southland Conference,Southland
2012,2546,wbb:ovc,20,Ohio Valley Conference,OVC
2012,2547,wbb:independents,43,Division I Independents,-
2012,2550,wbb:big-east,4,Big East Conference,Big East
2012,256,wbb:caa,10,Colonial Athletic Association,CAA
2012,2561,wbb:maac,13,Metro Atlantic Athletic Conference,MAAC
2012,2565,wbb:ovc,20,Ohio Valley Conference,OVC
2012,2567,wbb:cusa,11,Conference USA,C-USA
2012,2569,wbb:meac,16,Mid-Eastern Athletic Conference,MEAC
2012,257,wbb:atlantic-10,3,Atlantic 10 Conference,Atlantic 10
2012,2571,wbb:summit,47,The Summit League,Summit League
2012,2572,wbb:cusa,11,Conference USA,C-USA
2012,2579,wbb:sec,23,Southeastern Conference,SEC
2012,258,wbb:acc,2,Atlantic Coast Conference,ACC
2012,2582,wbb:swac,26,Southwestern Athletic Conference,SWAC
2012,259,wbb:acc,2,Atlantic Coast Conference,ACC
2012,2597,wbb:nec,19,Northeast Conference,NEC
2012,2598,wbb:nec,19,Northeast Conference,NEC
2012,2599,wbb:big-east,4,Big East Conference,Big East
2012,26,wbb:pac-12,21,Pac-12 Conference,Pac-12
2012,2603,wbb:atlantic-10,3,Atlantic 10 Conference,Atlantic 10
2012,2608,wbb:wcc,29,West Coast Conference,WCC
2012,261,wbb:america-east,1,America East Conference,America East
2012,2612,wbb:maac,13,Metro Atlantic Athletic Conference,MAAC
2012,2617,wbb:southland,25,Southland Conference,Southland
2012,2619,wbb:america-east,1,America East Conference,America East
2012,2623,wbb:mvc,18,Missouri Valley Conference,MVC
2012,2628,wbb:mountain-west,44,Mountain West Conference,Mountain West
2012,2630,wbb:ovc,20,Ohio Valley Conference,OVC
2012,2633,wbb:sec,23,Southeastern Conference,SEC
2012,2634,wbb:ovc,20,Ohio Valley Conference,OVC
2012,2635,wbb:ovc,20,Ohio Valley Conference,OVC
2012,2636,wbb:southland,25,Southland Conference,Southland
2012,2638,wbb:cusa,11,Conference USA,C-USA
2012,264,wbb:pac-12,21,Pac-12 Conference,Pac-12
2012,2640,wbb:swac,26,Southwestern Athletic Conference,SWAC
2012,2641,wbb:big-12,8,Big 12 Conference,Big 12
2012,2649,wbb:mac,14,Mid-American Conference,MAC
2012,265,wbb:pac-12,21,Pac-12 Conference,Pac-12
2012,2653,wbb:sun-belt,27,Sun Belt Conference,Sun Belt
2012,2655,wbb:cusa,11,Conference USA,C-USA
2012,2670,wbb:caa,10,Colonial Athletic Association,CAA
2012,2674,wbb:horizon,45,Horizon League,Horizon
2012,2681,wbb:nec,19,Northeast Conference,NEC
2012,269,wbb:big-east,4,Big East Conference,Big East
2012,2692,wbb:big-sky,5,Big Sky Conference,Big Sky
2012,27,wbb:big-west,9,Big West Conference,Big West
2012,270,wbb:horizon,45,Horizon League,Horizon
2012,2710,wbb:summit,47,The Summit League,Summit League
2012,2711,wbb:mac,14,Mid-American Conference,MAC
2012,2717,wbb:socon,24,Southern Conference,SoCon
2012,2724,wbb:mvc,18,Missouri Valley Conference,MVC
2012,2729,wbb:caa,10,Colonial Athletic Association,CAA
2012,2737,wbb:big-south,6,Big South Conference,Big South
2012,2739,wbb:horizon,45,Horizon League,Horizon
2012,2747,wbb:socon,24,Southern Conference,SoCon
2012,275,wbb:big-ten,7,Big Ten Conference,Big Ten
2012,2750,wbb:horizon,45,Horizon League,Horizon
2012,2751,wbb:mountain-west,44,Mountain West Conference,Mountain West
2012,2752,wbb:atlantic-10,3,Atlantic 10 Conference,Atlantic 10
2012,2754,wbb:horizon,45,Horizon League,Horizon
2012,2755,wbb:swac,26,Southwestern Athletic Conference,SWAC
2012,276,wbb:cusa,11,Conference USA,C-USA
2012,277,wbb:big-east,4,Big East Conference,Big East
2012,278,wbb:wac,30,Western Athletic Conference,WAC
2012,279,wbb:big-west,9,Big West Conference,Big West
2012,2803,wbb:nec,19,Northeast Conference,NEC
2012,282,wbb:mvc,18,Missouri Valley Conference,MVC
2012,2870,wbb:summit,47,The Summit League,Summit League
2012,288,wbb:asun,46,Atlantic Sun Conference,ASUN
2012,2885,wbb:great-west,57,Great West Conference,GWC
2012,290,wbb:socon,24,Southern Conference,SoCon
2012,2908,wbb:asun,46,Atlantic Sun Conference,ASUN
2012,292,wbb:great-west,57,Great West Conference,GWC
2012,2934,wbb:independents,43,Division I Independents,-
2012,294,wbb:asun,46,Atlantic Sun Conference,ASUN
2012,295,wbb:caa,10,Colonial Athletic Association,CAA
2012,299,wbb:big-west,9,Big West Conference,Big West
2012,30,wbb:pac-12,21,Pac-12 Conference,Pac-12
2012,300,wbb:big-west,9,Big West Conference,Big West
2012,301,wbb:wcc,29,West Coast Conference,WCC
2012,302,wbb:big-west,9,Big West Conference,Big West
2012,304,wbb:big-sky,5,Big Sky Conference,Big Sky
2012,305,wbb:big-east,4,Big East Conference,Big East
2012,3084,wbb:great-west,57,Great West Conference,GWC
2012,309,wbb:sun-belt,27,Sun Belt Conference,Sun Belt
2012,311,wbb:america-east,1,America East Conference,America East
2012,314,wbb:maac,13,Metro Atlantic Athletic Conference,MAAC
2012,315,wbb:maac,13,Metro Atlantic Athletic Conference,MAAC
2012,322,wbb:patriot,22,Patriot League,Patriot
2012,324,wbb:big-south,6,Big South Conference,Big South
2012,325,wbb:horizon,45,Horizon League,Horizon
2012,326,wbb:southland,25,Southland Conference,Southland
2012,328,wbb:wac,30,Western Athletic Conference,WAC
2012,331,wbb:big-sky,5,Big Sky Conference,Big Sky
2012,333,wbb:sec,23,Southeastern Conference,SEC
2012,338,wbb:asun,46,Atlantic Sun Conference,ASUN
2012,339,wbb:mvc,18,Missouri Valley Conference,MVC
2012,344,wbb:sec,23,Southeastern Conference,SEC
2012,349,wbb:patriot,22,Patriot League,Patriot
2012,350,wbb:caa,10,Colonial Athletic Association,CAA
2012,356,wbb:big-ten,7,Big Ten Conference,Big Ten
2012,357,wbb:southland,25,Southland Conference,Southland
2012,36,wbb:mountain-west,44,Mountain West Conference,Mountain West
2012,38,wbb:pac-12,21,Pac-12 Conference,Pac-12
2012,399,wbb:america-east,1,America East Conference,America East
2012,41,wbb:big-east,4,Big East Conference,Big East
2012,42,wbb:america-east,1,America East Conference,America East
2012,43,wbb:ivy,12,Ivy League,Ivy League
2012,44,wbb:patriot,22,Patriot League,Patriot
2012,45,wbb:atlantic-10,3,Atlantic 10 Conference,Atlantic 10
2012,46,wbb:big-east,4,Big East Conference,Big East
2012,47,wbb:meac,16,Mid-Eastern Athletic Conference,MEAC
2012,48,wbb:caa,10,Colonial Athletic Association,CAA
2012,5,wbb:cusa,11,Conference USA,C-USA
2012,50,wbb:meac,16,Mid-Eastern Athletic Conference,MEAC
2012,52,wbb:acc,2,Atlantic Coast Conference,ACC
2012,526,wbb:asun,46,Atlantic Sun Conference,ASUN
2012,55,wbb:ovc,20,Ohio Valley Conference,OVC
2012,56,wbb:asun,46,Atlantic Sun Conference,ASUN
2012,57,wbb:sec,23,Southeastern Conference,SEC
2012,58,wbb:big-east,4,Big East Conference,Big East
2012,59,wbb:acc,2,Atlantic Coast Conference,ACC
2012,6,wbb:sun-belt,27,Sun Belt Conference,Sun Belt
2012,61,wbb:sec,23,Southeastern Conference,SEC
2012,62,wbb:wac,30,Western Athletic Conference,WAC
2012,66,wbb:big-12,8,Big 12 Conference,Big 12
2012,68,wbb:mountain-west,44,Mountain West Conference,Mountain West
2012,70,wbb:wac,30,Western Athletic Conference,WAC
2012,71,wbb:mvc,18,Missouri Valley Conference,MVC
2012,77,wbb:big-ten,7,Big Ten Conference,Big Ten
2012,79,wbb:mvc,18,Missouri Valley Conference,MVC
2012,8,wbb:sec,23,Southeastern Conference,SEC
2012,82,wbb:horizon,45,Horizon League,Horizon
2012,84,wbb:big-ten,7,Big Ten Conference,Big Ten
2012,85,wbb:summit,47,The Summit League,Summit League
2012,87,wbb:big-east,4,Big East Conference,Big East
2012,9,wbb:pac-12,21,Pac-12 Conference,Pac-12
2012,93,wbb:ovc,20,Ohio Valley Conference,OVC
2012,96,wbb:sec,23,Southeastern Conference,SEC
2012,97,wbb:big-east,4,Big East Conference,Big East
2012,98,wbb:sun-belt,27,Sun Belt Conference,Sun Belt
2012,99,wbb:sec,23,Southeastern Conference,SEC
2013,103,wbb:acc,2,Atlantic Coast Conference,ACC
2013,104,wbb:america-east,1,America East Conference,America East
2013,107,wbb:patriot,22,Patriot League,Patriot
2013,108,wbb:ivy,12,Ivy League,Ivy League
2013,111,wbb:caa,10,Colonial Athletic Association,CAA
2013,113,wbb:atlantic-10,3,Atlantic 10 Conference,Atlantic 10
2013,116,wbb:nec,19,Northeast Conference,NEC
2013,119,wbb:caa,10,Colonial Athletic Association,CAA
2013,12,wbb:pac-12,21,Pac-12 Conference,Pac-12
2013,120,wbb:acc,2,Atlantic Coast Conference,ACC
2013,127,wbb:big-ten,7,Big Ten Conference,Big Ten
2013,13,wbb:big-west,9,Big West Conference,Big West
2013,130,wbb:big-ten,7,Big Ten Conference,Big Ten
2013,135,wbb:big-ten,7,Big Ten Conference,Big Ten
2013,139,wbb:atlantic-10,3,Atlantic 10 Conference,Atlantic 10
2013,140,wbb:summit,47,The Summit League,Summit League
2013,142,wbb:sec,23,Southeastern Conference,SEC
2013,145,wbb:sec,23,Southeastern Conference,SEC
2013,147,wbb:big-sky,5,Big Sky Conference,Big Sky
2013,149,wbb:big-sky,5,Big Sky Conference,Big Sky
2013,150,wbb:acc,2,Atlantic Coast Conference,ACC
2013,151,wbb:cusa,11,Conference USA,C-USA
2013,152,wbb:acc,2,Atlantic Coast Conference,ACC
2013,153,wbb:acc,2,Atlantic Coast Conference,ACC
2013,154,wbb:acc,2,Atlantic Coast Conference,ACC
2013,155,wbb:big-sky,5,Big Sky Conference,Big Sky
2013,156,wbb:mvc,18,Missouri Valley Conference,MVC
2013,158,wbb:big-ten,7,Big Ten Conference,Big Ten
2013,159,wbb:ivy,12,Ivy League,Ivy League
2013,16,wbb:big-sky,5,Big Sky Conference,Big Sky
2013,160,wbb:america-east,1,America East Conference,America East
2013,161,wbb:nec,19,Northeast Conference,NEC
2013,163,wbb:ivy,12,Ivy League,Ivy League
2013,164,wbb:big-east,4,Big East Conference,Big East
2013,166,wbb:wac,30,Western Athletic Conference,WAC
2013,167,wbb:mountain-west,44,Mountain West Conference,Mountain West
2013,171,wbb:ivy,12,Ivy League,Ivy League
2013,172,wbb:ivy,12,Ivy League,Ivy League
2013,179,wbb:atlantic-10,3,Atlantic 10 Conference,Atlantic 10
2013,183,wbb:big-east,4,Big East Conference,Big East
2013,189,wbb:mac,14,Mid-American Conference,MAC
2013,193,wbb:mac,14,Mid-American Conference,MAC
2013,194,wbb:big-ten,7,Big Ten Conference,Big Ten
2013,195,wbb:mac,14,Mid-American Conference,MAC
2013,197,wbb:big-12,8,Big 12 Conference,Big 12
2013,198,wbb:southland,25,Southland Conference,Southland
2013,2,wbb:sec,23,Southeastern Conference,SEC
2013,2005,wbb:mountain-west,44,Mountain West Conference,Mountain West
2013,2006,wbb:mac,14,Mid-American Conference,MAC
2013,201,wbb:big-12,8,Big 12 Conference,Big 12
2013,2010,wbb:swac,26,Southwestern Athletic Conference,SWAC
2013,2011,wbb:swac,26,Southwestern Athletic Conference,SWAC
2013,2016,wbb:swac,26,Southwestern Athletic Conference,SWAC
2013,202,wbb:cusa,11,Conference USA,C-USA
2013,2026,wbb:socon,24,Southern Conference,SoCon
2013,2029,wbb:swac,26,Southwestern Athletic Conference,SWAC
2013,2031,wbb:sun-belt,27,Sun Belt Conference,Sun Belt
2013,2032,wbb:sun-belt,27,Sun Belt Conference,Sun Belt
2013,204,wbb:pac-12,21,Pac-12 Conference,Pac-12
2013,2046,wbb:ovc,20,Ohio Valley Conference,OVC
2013,2050,wbb:mac,14,Mid-American Conference,MAC
2013,2057,wbb:ovc,20,Ohio Valley Conference,OVC
2013,2065,wbb:meac,16,Mid-Eastern Athletic Conference,MEAC
2013,2066,wbb:america-east,1,America East Conference,America East
2013,2083,wbb:patriot,22,Patriot League,Patriot
2013,2084,wbb:mac,14,Mid-American Conference,MAC
2013,2086,wbb:atlantic-10,3,Atlantic 10 Conference,Atlantic 10
2013,2097,wbb:big-south,6,Big South Conference,Big South
2013,2099,wbb:maac,13,Metro Atlantic Athletic Conference,MAAC
2013,21,wbb:mountain-west,44,Mountain West Conference,Mountain West
2013,2110,wbb:southland,25,Southland Conference,Southland
2013,2115,wbb:nec,19,Northeast Conference,NEC
2013,2116,wbb:cusa,11,Conference USA,C-USA
2013,2117,wbb:mac,14,Mid-American Conference,MAC
2013,2127,wbb:big-south,6,Big South Conference,Big South
2013,213,wbb:big-ten,7,Big Ten Conference,Big Ten
2013,2130,wbb:great-west,57,Great West Conference,GWC
2013,2132,wbb:big-east,4,Big East Conference,Big East
2013,2142,wbb:patriot,22,Patriot League,Patriot
2013,2154,wbb:meac,16,Mid-Eastern Athletic Conference,MEAC
2013,2166,wbb:socon,24,Southern Conference,SoCon
2013,2168,wbb:atlantic-10,3,Atlantic 10 Conference,Atlantic 10
2013,2169,wbb:meac,16,Mid-Eastern Athletic Conference,MEAC
2013,2172,wbb:wac,30,Western Athletic Conference,WAC
2013,2174,wbb:horizon,45,Horizon League,Horizon
2013,218,wbb:atlantic-10,3,Atlantic 10 Conference,Atlantic 10
2013,2181,wbb:mvc,18,Missouri Valley Conference,MVC
2013,2182,wbb:caa,10,Colonial Athletic Association,CAA
2013,2184,wbb:atlantic-10,3,Atlantic 10 Conference,Atlantic 10
2013,219,wbb:ivy,12,Ivy League,Ivy League
2013,2193,wbb:asun,46,Atlantic Sun Conference,ASUN
2013,2197,wbb:ovc,20,Ohio Valley Conference,OVC
2013,2198,wbb:ovc,20,Ohio Valley Conference,OVC
2013,2199,wbb:mac,14,Mid-American Conference,MAC
2013,221,wbb:big-east,4,Big East Conference,Big East
2013,2210,wbb:socon,24,Southern Conference,SoCon
2013,2217,wbb:maac,13,Metro Atlantic Athletic Conference,MAAC
2013,222,wbb:big-east,4,Big East Conference,Big East
2013,2226,wbb:sun-belt,27,Sun Belt Conference,Sun Belt
2013,2229,wbb:sun-belt,27,Sun Belt Conference,Sun Belt
2013,2230,wbb:atlantic-10,3,Atlantic 10 Conference,Atlantic 10
2013,2239,wbb:big-west,9,Big West Conference,Big West
2013,2241,wbb:big-south,6,Big South Conference,Big South
2013,2244,wbb:caa,10,Colonial Athletic Association,CAA
2013,2247,wbb:caa,10,Colonial Athletic Association,CAA
2013,225,wbb:ivy,12,Ivy League,Ivy League
2013,2250,wbb:wcc,29,West Coast Conference,WCC
2013,2261,wbb:meac,16,Mid-Eastern Athletic Conference,MEAC
2013,227,wbb:atlantic-10,3,Atlantic 10 Conference,Atlantic 10
2013,2272,wbb:big-south,6,Big South Conference,Big South
2013,2275,wbb:caa,10,Colonial Athletic Association,CAA
2013,2277,wbb:great-west,57,Great West Conference,GWC
2013,228,wbb:acc,2,Atlantic Coast Conference,ACC
2013,2287,wbb:mvc,18,Missouri Valley Conference,MVC
2013,2294,wbb:big-ten,7,Big Ten Conference,Big Ten
2013,2296,wbb:swac,26,Southwestern Athletic Conference,SWAC
2013,23,wbb:wac,30,Western Athletic Conference,WAC
2013,2305,wbb:big-12,8,Big 12 Conference,Big 12
2013,2306,wbb:big-12,8,Big 12 Conference,Big 12
2013,2309,wbb:mac,14,Mid-American Conference,MAC
2013,231,wbb:socon,24,Southern Conference,SoCon
2013,232,wbb:socon,24,Southern Conference,SoCon
2013,2320,wbb:southland,25,Southland Conference,Southland
2013,2325,wbb:atlantic-10,3,Atlantic 10 Conference,Atlantic 10
2013,2329,wbb:patriot,22,Patriot League,Patriot
2013,233,wbb:summit,47,The Summit League,Summit League
2013,2335,wbb:big-south,6,Big South Conference,Big South
2013,2341,wbb:nec,19,Northeast Conference,NEC
2013,2344,wbb:big-south,6,Big South Conference,Big South
2013,2348,wbb:wac,30,Western Athletic Conference,WAC
2013,235,wbb:cusa,11,Conference USA,C-USA
2013,2350,wbb:horizon,45,Horizon League,Horizon
2013,2351,wbb:wcc,29,West Coast Conference,WCC
2013,2352,wbb:maac,13,Metro Atlantic Athletic Conference,MAAC
2013,236,wbb:socon,24,Southern Conference,SoCon
2013,2363,wbb:maac,13,Metro Atlantic Athletic Conference,MAAC
2013,2368,wbb:maac,13,Metro Atlantic Athletic Conference,MAAC
2013,2377,wbb:southland,25,Southland Conference,Southland
2013,2378,wbb:america-east,1,America East Conference,America East
2013,2379,wbb:meac,16,Mid-Eastern Athletic Conference,MEAC
2013,238,wbb:sec,23,Southeastern Conference,SEC
2013,2382,wbb:asun,46,Atlantic Sun Conference,ASUN
2013,239,wbb:big-12,8,Big 12 Conference,Big 12
2013,2390,wbb:acc,2,Atlantic Coast Conference,ACC
2013,2393,wbb:sun-belt,27,Sun Belt Conference,Sun Belt
2013,24,wbb:pac-12,21,Pac-12 Conference,Pac-12
2013,2400,wbb:swac,26,Southwestern Athletic Conference,SWAC
2013,2405,wbb:nec,19,Northeast Conference,NEC
2013,2413,wbb:ovc,20,Ohio Valley Conference,OVC
2013,2415,wbb:meac,16,Mid-Eastern Athletic Conference,MEAC
2013,242,wbb:cusa,11,Conference USA,C-USA
2013,2426,wbb:patriot,22,Patriot League,Patriot
2013,2427,wbb:big-south,6,Big South Conference,Big South
2013,2428,wbb:meac,16,Mid-Eastern Athletic Conference,MEAC
2013,2429,wbb:atlantic-10,3,Atlantic 10 Conference,Atlantic 10
2013,2430,wbb:socon,24,Southern Conference,SoCon
2013,2433,wbb:sun-belt,27,Sun Belt Conference,Sun Belt
2013,2437,wbb:summit,47,The Summit League,Summit League
2013,2439,wbb:mountain-west,44,Mountain West Conference,Mountain West
2013,2440,wbb:mountain-west,44,Mountain West Conference,Mountain West
2013,2443,wbb:independents,43,Division I Independents,-
2013,2447,wbb:southland,25,Southland Conference,Southland
2013,2448,wbb:meac,16,Mid-Eastern Athletic Conference,MEAC
2013,2449,wbb:summit,47,The Summit League,Summit League
2013,245,wbb:sec,23,Southeastern Conference,SEC
2013,2450,wbb:meac,16,Mid-Eastern Athletic Conference,MEAC
2013,2454,wbb:asun,46,Atlantic Sun Conference,ASUN
2013,2458,wbb:big-sky,5,Big Sky Conference,Big Sky
2013,2459,wbb:mac,14,Mid-American Conference,MAC
2013,2460,wbb:mvc,18,Missouri Valley Conference,MVC
2013,2463,wbb:big-west,9,Big West Conference,Big West
2013,2464,wbb:big-sky,5,Big Sky Conference,Big Sky
2013,2466,wbb:southland,25,Southland Conference,Southland
2013,2473,wbb:summit,47,The Summit League,Summit League
2013,248,wbb:cusa,11,Conference USA,C-USA
2013,2483,wbb:pac-12,21,Pac-12 Conference,Pac-12
2013,249,wbb:sun-belt,27,Sun Belt Conference,Sun Belt
2013,2492,wbb:wcc,29,West Coast Conference,WCC
2013,25,wbb:pac-12,21,Pac-12 Conference,Pac-12
2013,250,wbb:wac,30,Western Athletic Conference,WAC
2013,2501,wbb:wcc,29,West Coast Conference,WCC
2013,2502,wbb:big-sky,5,Big Sky Conference,Big Sky
2013,2504,wbb:swac,26,Southwestern Athletic Conference,SWAC
2013,2506,wbb:big-south,6,Big South Conference,Big South
2013,2507,wbb:big-east,4,Big East Conference,Big East
2013,2509,wbb:big-ten,7,Big Ten Conference,Big Ten
2013,251,wbb:big-12,8,Big 12 Conference,Big 12
2013,2514,wbb:nec,19,Northeast Conference,NEC
2013,2515,wbb:big-south,6,Big South Conference,Big South
2013,252,wbb:wcc,29,West Coast Conference,WCC
2013,2520,wbb:maac,13,Metro Atlantic Athletic Conference,MAAC
2013,2523,wbb:nec,19,Northeast Conference,NEC
2013,2529,wbb:nec,19,Northeast Conference,NEC
2013,253,wbb:big-sky,5,Big Sky Conference,Big Sky
2013,2534,wbb:southland,25,Southland Conference,Southland
2013,2535,wbb:socon,24,Southern Conference,SoCon
2013,2539,wbb:wcc,29,West Coast Conference,WCC
2013,254,wbb:pac-12,21,Pac-12 Conference,Pac-12
2013,2540,wbb:big-west,9,Big West Conference,Big West
2013,2541,wbb:wcc,29,West Coast Conference,WCC
2013,2542,wbb:meac,16,Mid-Eastern Athletic Conference,MEAC
2013,2545,wbb:southland,25,Southland Conference,Southland
2013,2546,wbb:ovc,20,Ohio Valley Conference,OVC
2013,2547,wbb:wac,30,Western Athletic Conference,WAC
2013,2550,wbb:big-east,4,Big East Conference,Big East
2013,256,wbb:caa,10,Colonial Athletic Association,CAA
2013,2561,wbb:maac,13,Metro Atlantic Athletic Conference,MAAC
2013,2565,wbb:ovc,20,Ohio Valley Conference,OVC
2013,2567,wbb:cusa,11,Conference USA,C-USA
2013,2569,wbb:meac,16,Mid-Eastern Athletic Conference,MEAC
2013,257,wbb:atlantic-10,3,Atlantic 10 Conference,Atlantic 10
2013,2571,wbb:summit,47,The Summit League,Summit League
2013,2572,wbb:cusa,11,Conference USA,C-USA
2013,2579,wbb:sec,23,Southeastern Conference,SEC
2013,258,wbb:acc,2,Atlantic Coast Conference,ACC
2013,2582,wbb:swac,26,Southwestern Athletic Conference,SWAC
2013,259,wbb:acc,2,Atlantic Coast Conference,ACC
2013,2597,wbb:nec,19,Northeast Conference,NEC
2013,2598,wbb:nec,19,Northeast Conference,NEC
2013,2599,wbb:big-east,4,Big East Conference,Big East
2013,26,wbb:pac-12,21,Pac-12 Conference,Pac-12
2013,2603,wbb:atlantic-10,3,Atlantic 10 Conference,Atlantic 10
2013,2608,wbb:wcc,29,West Coast Conference,WCC
2013,261,wbb:america-east,1,America East Conference,America East
2013,2612,wbb:maac,13,Metro Atlantic Athletic Conference,MAAC
2013,2617,wbb:southland,25,Southland Conference,Southland
2013,2619,wbb:america-east,1,America East Conference,America East
2013,2623,wbb:mvc,18,Missouri Valley Conference,MVC
2013,2628,wbb:big-12,8,Big 12 Conference,Big 12
2013,2630,wbb:ovc,20,Ohio Valley Conference,OVC
2013,2633,wbb:sec,23,Southeastern Conference,SEC
2013,2634,wbb:ovc,20,Ohio Valley Conference,OVC
2013,2635,wbb:ovc,20,Ohio Valley Conference,OVC
2013,2636,wbb:wac,30,Western Athletic Conference,WAC
2013,2638,wbb:cusa,11,Conference USA,C-USA
2013,264,wbb:pac-12,21,Pac-12 Conference,Pac-12
2013,2640,wbb:swac,26,Southwestern Athletic Conference,SWAC
2013,2641,wbb:big-12,8,Big 12 Conference,Big 12
2013,2649,wbb:mac,14,Mid-American Conference,MAC
2013,265,wbb:pac-12,21,Pac-12 Conference,Pac-12
2013,2653,wbb:sun-belt,27,Sun Belt Conference,Sun Belt
2013,2655,wbb:cusa,11,Conference USA,C-USA
2013,2670,wbb:atlantic-10,3,Atlantic 10 Conference,Atlantic 10
2013,2674,wbb:horizon,45,Horizon League,Horizon
2013,2681,wbb:nec,19,Northeast Conference,NEC
2013,269,wbb:big-east,4,Big East Conference,Big East
2013,2692,wbb:big-sky,5,Big Sky Conference,Big Sky
2013,27,wbb:big-west,9,Big West Conference,Big West
2013,270,wbb:horizon,45,Horizon League,Horizon
2013,2710,wbb:summit,47,The Summit League,Summit League
2013,2711,wbb:mac,14,Mid-American Conference,MAC
2013,2717,wbb:socon,24,Southern Conference,SoCon
2013,2724,wbb:mvc,18,Missouri Valley Conference,MVC
2013,2729,wbb:caa,10,Colonial Athletic Association,CAA
2013,2737,wbb:big-south,6,Big South Conference,Big South
2013,2739,wbb:horizon,45,Horizon League,Horizon
2013,2747,wbb:socon,24,Southern Conference,SoCon
2013,275,wbb:big-ten,7,Big Ten Conference,Big Ten
2013,2750,wbb:horizon,45,Horizon League,Horizon
2013,2751,wbb:mountain-west,44,Mountain West Conference,Mountain West
2013,2752,wbb:atlantic-10,3,Atlantic 10 Conference,Atlantic 10
2013,2754,wbb:horizon,45,Horizon League,Horizon
2013,2755,wbb:swac,26,Southwestern Athletic Conference,SWAC
2013,276,wbb:cusa,11,Conference USA,C-USA
2013,277,wbb:big-12,8,Big 12 Conference,Big 12
2013,278,wbb:mountain-west,44,Mountain West Conference,Mountain West
2013,279,wbb:big-west,9,Big West Conference,Big West
2013,2803,wbb:nec,19,Northeast Conference,NEC
2013,282,wbb:mvc,18,Missouri Valley Conference,MVC
2013,2870,wbb:summit,47,The Summit League,Summit League
2013,288,wbb:asun,46,Atlantic Sun Conference,ASUN
2013,2885,wbb:great-west,57,Great West Conference,GWC
2013,290,wbb:socon,24,Southern Conference,SoCon
2013,2908,wbb:asun,46,Atlantic Sun Conference,ASUN
2013,292,wbb:great-west,57,Great West Conference,GWC
2013,2934,wbb:independents,43,Division I Independents,-
2013,294,wbb:asun,46,Atlantic Sun Conference,ASUN
2013,295,wbb:caa,10,Colonial Athletic Association,CAA
2013,299,wbb:big-west,9,Big West Conference,Big West
2013,30,wbb:pac-12,21,Pac-12 Conference,Pac-12
2013,300,wbb:big-west,9,Big West Conference,Big West
2013,301,wbb:wcc,29,West Coast Conference,WCC
2013,302,wbb:big-west,9,Big West Conference,Big West
2013,304,wbb:big-sky,5,Big Sky Conference,Big Sky
2013,305,wbb:big-east,4,Big East Conference,Big East
2013,3084,wbb:great-west,57,Great West Conference,GWC
2013,309,wbb:sun-belt,27,Sun Belt Conference,Sun Belt
2013,311,wbb:america-east,1,America East Conference,America East
2013,314,wbb:maac,13,Metro Atlantic Athletic Conference,MAAC
2013,315,wbb:maac,13,Metro Atlantic Athletic Conference,MAAC
2013,322,wbb:patriot,22,Patriot League,Patriot
2013,324,wbb:big-south,6,Big South Conference,Big South
2013,325,wbb:horizon,45,Horizon League,Horizon
2013,326,wbb:wac,30,Western Athletic Conference,WAC
2013,328,wbb:wac,30,Western Athletic Conference,WAC
2013,331,wbb:big-sky,5,Big Sky Conference,Big Sky
2013,333,wbb:sec,23,Southeastern Conference,SEC
2013,338,wbb:asun,46,Atlantic Sun Conference,ASUN
2013,339,wbb:mvc,18,Missouri Valley Conference,MVC
2013,344,wbb:sec,23,Southeastern Conference,SEC
2013,349,wbb:patriot,22,Patriot League,Patriot
2013,350,wbb:caa,10,Colonial Athletic Association,CAA
2013,356,wbb:big-ten,7,Big Ten Conference,Big Ten
2013,357,wbb:southland,25,Southland Conference,Southland
2013,36,wbb:mountain-west,44,Mountain West Conference,Mountain West
2013,38,wbb:pac-12,21,Pac-12 Conference,Pac-12
2013,399,wbb:america-east,1,America East Conference,America East
2013,41,wbb:big-east,4,Big East Conference,Big East
2013,42,wbb:america-east,1,America East Conference,America East
2013,43,wbb:ivy,12,Ivy League,Ivy League
2013,44,wbb:patriot,22,Patriot League,Patriot
2013,45,wbb:atlantic-10,3,Atlantic 10 Conference,Atlantic 10
2013,46,wbb:big-east,4,Big East Conference,Big East
2013,47,wbb:meac,16,Mid-Eastern Athletic Conference,MEAC
2013,48,wbb:caa,10,Colonial Athletic Association,CAA
2013,5,wbb:cusa,11,Conference USA,C-USA
2013,50,wbb:meac,16,Mid-Eastern Athletic Conference,MEAC
2013,52,wbb:acc,2,Atlantic Coast Conference,ACC
2013,526,wbb:asun,46,Atlantic Sun Conference,ASUN
2013,55,wbb:ovc,20,Ohio Valley Conference,OVC
2013,56,wbb:asun,46,Atlantic Sun Conference,ASUN
2013,57,wbb:sec,23,Southeastern Conference,SEC
2013,58,wbb:big-east,4,Big East Conference,Big East
2013,59,wbb:acc,2,Atlantic Coast Conference,ACC
2013,6,wbb:sun-belt,27,Sun Belt Conference,Sun Belt
2013,61,wbb:sec,23,Southeastern Conference,SEC
2013,62,wbb:big-west,9,Big West Conference,Big West
2013,66,wbb:big-12,8,Big 12 Conference,Big 12
2013,68,wbb:mountain-west,44,Mountain West Conference,Mountain West
2013,70,wbb:wac,30,Western Athletic Conference,WAC
2013,71,wbb:mvc,18,Missouri Valley Conference,MVC
2013,77,wbb:big-ten,7,Big Ten Conference,Big Ten
2013,79,wbb:mvc,18,Missouri Valley Conference,MVC
2013,8,wbb:sec,23,Southeastern Conference,SEC
2013,82,wbb:horizon,45,Horizon League,Horizon
2013,84,wbb:big-ten,7,Big Ten Conference,Big Ten
2013,85,wbb:summit,47,The Summit League,Summit League
2013,87,wbb:big-east,4,Big East Conference,Big East
2013,9,wbb:pac-12,21,Pac-12 Conference,Pac-12
2013,93,wbb:ovc,20,Ohio Valley Conference,OVC
2013,94,wbb:asun,46,Atlantic Sun Conference,ASUN
2013,96,wbb:sec,23,Southeastern Conference,SEC
2013,97,wbb:big-east,4,Big East Conference,Big East
2013,98,wbb:sun-belt,27,Sun Belt Conference,Sun Belt
2013,99,wbb:sec,23,Southeastern Conference,SEC
2014,103,wbb:acc,2,Atlantic Coast Conference,ACC
2014,104,wbb:patriot,22,Patriot League,Patriot
2014,107,wbb:patriot,22,Patriot League,Patriot
2014,108,wbb:ivy,12,Ivy League,Ivy League
2014,111,wbb:caa,10,Colonial Athletic Association,CAA
2014,113,wbb:atlantic-10,3,Atlantic 10 Conference,Atlantic 10
2014,116,wbb:nec,19,Northeast Conference,NEC
2014,119,wbb:caa,10,Colonial Athletic Association,CAA
2014,12,wbb:pac-12,21,Pac-12 Conference,Pac-12
2014,120,wbb:acc,2,Atlantic Coast Conference,ACC
2014,127,wbb:big-ten,7,Big Ten Conference,Big Ten
2014,13,wbb:big-west,9,Big West Conference,Big West
2014,130,wbb:big-ten,7,Big Ten Conference,Big Ten
2014,135,wbb:big-ten,7,Big Ten Conference,Big Ten
2014,139,wbb:atlantic-10,3,Atlantic 10 Conference,Atlantic 10
2014,140,wbb:wac,30,Western Athletic Conference,WAC
2014,142,wbb:sec,23,Southeastern Conference,SEC
2014,145,wbb:sec,23,Southeastern Conference,SEC
2014,147,wbb:big-sky,5,Big Sky Conference,Big Sky
2014,149,wbb:big-sky,5,Big Sky Conference,Big Sky
2014,150,wbb:acc,2,Atlantic Coast Conference,ACC
2014,151,wbb:cusa,11,Conference USA,C-USA
2014,152,wbb:acc,2,Atlantic Coast Conference,ACC
2014,153,wbb:acc,2,Atlantic Coast Conference,ACC
2014,154,wbb:acc,2,Atlantic Coast Conference,ACC
2014,155,wbb:big-sky,5,Big Sky Conference,Big Sky
2014,156,wbb:big-east,4,Big East Conference,Big East
2014,158,wbb:big-ten,7,Big Ten Conference,Big Ten
2014,159,wbb:ivy,12,Ivy League,Ivy League
2014,16,wbb:big-sky,5,Big Sky Conference,Big Sky
2014,160,wbb:america-east,1,America East Conference,America East
2014,161,wbb:nec,19,Northeast Conference,NEC
2014,163,wbb:ivy,12,Ivy League,Ivy League
2014,164,wbb:american,62,American Athletic Conference,AAC
2014,166,wbb:wac,30,Western Athletic Conference,WAC
2014,167,wbb:mountain-west,44,Mountain West Conference,Mountain West
2014,171,wbb:ivy,12,Ivy League,Ivy League
2014,172,wbb:ivy,12,Ivy League,Ivy League
2014,179,wbb:atlantic-10,3,Atlantic 10 Conference,Atlantic 10
2014,183,wbb:acc,2,Atlantic Coast Conference,ACC
2014,189,wbb:mac,14,Mid-American Conference,MAC
2014,193,wbb:mac,14,Mid-American Conference,MAC
2014,194,wbb:big-ten,7,Big Ten Conference,Big Ten
2014,195,wbb:mac,14,Mid-American Conference,MAC
2014,197,wbb:big-12,8,Big 12 Conference,Big 12
2014,198,wbb:southland,25,Southland Conference,Southland
2014,2,wbb:sec,23,Southeastern Conference,SEC
2014,2000,wbb:southland,25,Southland Conference,Southland
2014,2005,wbb:mountain-west,44,Mountain West Conference,Mountain West
2014,2006,wbb:mac,14,Mid-American Conference,MAC
2014,201,wbb:big-12,8,Big 12 Conference,Big 12
2014,2010,wbb:swac,26,Southwestern Athletic Conference,SWAC
2014,2011,wbb:swac,26,Southwestern Athletic Conference,SWAC
2014,2016,wbb:swac,26,Southwestern Athletic Conference,SWAC
2014,202,wbb:cusa,11,Conference USA,C-USA
2014,2026,wbb:socon,24,Southern Conference,SoCon
2014,2029,wbb:swac,26,Southwestern Athletic Conference,SWAC
2014,2031,wbb:sun-belt,27,Sun Belt Conference,Sun Belt
2014,2032,wbb:sun-belt,27,Sun Belt Conference,Sun Belt
2014,204,wbb:pac-12,21,Pac-12 Conference,Pac-12
2014,2046,wbb:ovc,20,Ohio Valley Conference,OVC
2014,2050,wbb:mac,14,Mid-American Conference,MAC
2014,2057,wbb:ovc,20,Ohio Valley Conference,OVC
2014,2065,wbb:meac,16,Mid-Eastern Athletic Conference,MEAC
2014,2066,wbb:america-east,1,America East Conference,America East
2014,2083,wbb:patriot,22,Patriot League,Patriot
2014,2084,wbb:mac,14,Mid-American Conference,MAC
2014,2086,wbb:big-east,4,Big East Conference,Big East
2014,2097,wbb:big-south,6,Big South Conference,Big South
2014,2099,wbb:maac,13,Metro Atlantic Athletic Conference,MAAC
2014,21,wbb:mountain-west,44,Mountain West Conference,Mountain West
2014,2110,wbb:southland,25,Southland Conference,Southland
2014,2115,wbb:nec,19,Northeast Conference,NEC
2014,2116,wbb:american,62,American Athletic Conference,AAC
2014,2117,wbb:mac,14,Mid-American Conference,MAC
2014,2127,wbb:big-south,6,Big South Conference,Big South
2014,213,wbb:big-ten,7,Big Ten Conference,Big Ten
2014,2130,wbb:wac,30,Western Athletic Conference,WAC
2014,2132,wbb:american,62,American Athletic Conference,AAC
2014,2142,wbb:patriot,22,Patriot League,Patriot
2014,2154,wbb:meac,16,Mid-Eastern Athletic Conference,MEAC
2014,2166,wbb:socon,24,Southern Conference,SoCon
2014,2168,wbb:atlantic-10,3,Atlantic 10 Conference,Atlantic 10
2014,2169,wbb:meac,16,Mid-Eastern Athletic Conference,MEAC
2014,2172,wbb:summit,47,The Summit League,Summit League
2014,2174,wbb:horizon,45,Horizon League,Horizon
2014,218,wbb:american,62,American Athletic Conference,AAC
2014,2181,wbb:mvc,18,Missouri Valley Conference,MVC
2014,2182,wbb:caa,10,Colonial Athletic Association,CAA
2014,2184,wbb:atlantic-10,3,Atlantic 10 Conference,Atlantic 10
2014,219,wbb:ivy,12,Ivy League,Ivy League
2014,2193,wbb:asun,46,Atlantic Sun Conference,ASUN
2014,2197,wbb:ovc,20,Ohio Valley Conference,OVC
2014,2198,wbb:ovc,20,Ohio Valley Conference,OVC
2014,2199,wbb:mac,14,Mid-American Conference,MAC
2014,221,wbb:acc,2,Atlantic Coast Conference,ACC
2014,2210,wbb:socon,24,Southern Conference,SoCon
2014,2217,wbb:maac,13,Metro Atlantic Athletic Conference,MAAC
2014,222,wbb:big-east,4,Big East Conference,Big East
2014,2226,wbb:cusa,11,Conference USA,C-USA
2014,2229,wbb:cusa,11,Conference USA,C-USA
2014,2230,wbb:atlantic-10,3,Atlantic 10 Conference,Atlantic 10
2014,2239,wbb:big-west,9,Big West Conference,Big West
2014,2241,wbb:big-south,6,Big South Conference,Big South
2014,2244,wbb:atlantic-10,3,Atlantic 10 Conference,Atlantic 10
2014,2247,wbb:sun-belt,27,Sun Belt Conference,Sun Belt
2014,225,wbb:ivy,12,Ivy League,Ivy League
2014,2250,wbb:wcc,29,West Coast Conference,WCC
2014,2253,wbb:wac,30,Western Athletic Conference,WAC
2014,2261,wbb:meac,16,Mid-Eastern Athletic Conference,MEAC
2014,227,wbb:atlantic-10,3,Atlantic 10 Conference,Atlantic 10
2014,2272,wbb:big-south,6,Big South Conference,Big South
2014,2275,wbb:caa,10,Colonial Athletic Association,CAA
2014,2277,wbb:southland,25,Southland Conference,Southland
2014,228,wbb:acc,2,Atlantic Coast Conference,ACC
2014,2287,wbb:mvc,18,Missouri Valley Conference,MVC
2014,2294,wbb:big-ten,7,Big Ten Conference,Big Ten
2014,2296,wbb:swac,26,Southwestern Athletic Conference,SWAC
2014,23,wbb:mountain-west,44,Mountain West Conference,Mountain West
2014,2305,wbb:big-12,8,Big 12 Conference,Big 12
2014,2306,wbb:big-12,8,Big 12 Conference,Big 12
2014,2309,wbb:mac,14,Mid-American Conference,MAC
2014,231,wbb:socon,24,Southern Conference,SoCon
2014,232,wbb:caa,10,Colonial Athletic Association,CAA
2014,2320,wbb:southland,25,Southland Conference,Southland
2014,2325,wbb:atlantic-10,3,Atlantic 10 Conference,Atlantic 10
2014,2329,wbb:patriot,22,Patriot League,Patriot
2014,233,wbb:summit,47,The Summit League,Summit League
2014,2335,wbb:big-south,6,Big South Conference,Big South
2014,2341,wbb:nec,19,Northeast Conference,NEC
2014,2344,wbb:big-south,6,Big South Conference,Big South
2014,2348,wbb:cusa,11,Conference USA,C-USA
2014,2349,wbb:america-east,1,America East Conference,America East
2014,235,wbb:american,62,American Athletic Conference,AAC
2014,2350,wbb:mvc,18,Missouri Valley Conference,MVC
2014,2351,wbb:wcc,29,West Coast Conference,WCC
2014,2352,wbb:patriot,22,Patriot League,Patriot
2014,236,wbb:socon,24,Southern Conference,SoCon
2014,2363,wbb:maac,13,Metro Atlantic Athletic Conference,MAAC
2014,2368,wbb:maac,13,Metro Atlantic Athletic Conference,MAAC
2014,2377,wbb:southland,25,Southland Conference,Southland
2014,2378,wbb:america-east,1,America East Conference,America East
2014,2379,wbb:meac,16,Mid-Eastern Athletic Conference,MEAC
2014,238,wbb:sec,23,Southeastern Conference,SEC
2014,2382,wbb:asun,46,Atlantic Sun Conference,ASUN
2014,239,wbb:big-12,8,Big 12 Conference,Big 12
2014,2390,wbb:acc,2,Atlantic Coast Conference,ACC
2014,2393,wbb:cusa,11,Conference USA,C-USA
2014,24,wbb:pac-12,21,Pac-12 Conference,Pac-12
2014,2400,wbb:swac,26,Southwestern Athletic Conference,SWAC
2014,2405,wbb:maac,13,Metro Atlantic Athletic Conference,MAAC
2014,2413,wbb:ovc,20,Ohio Valley Conference,OVC
2014,2415,wbb:meac,16,Mid-Eastern Athletic Conference,MEAC
2014,242,wbb:cusa,11,Conference USA,C-USA
2014,2426,wbb:patriot,22,Patriot League,Patriot
2014,2427,wbb:big-south,6,Big South Conference,Big South
2014,2428,wbb:meac,16,Mid-Eastern Athletic Conference,MEAC
2014,2429,wbb:cusa,11,Conference USA,C-USA
2014,2430,wbb:socon,24,Southern Conference,SoCon
2014,2433,wbb:sun-belt,27,Sun Belt Conference,Sun Belt
2014,2437,wbb:summit,47,The Summit League,Summit League
2014,2439,wbb:mountain-west,44,Mountain West Conference,Mountain West
2014,2440,wbb:mountain-west,44,Mountain West Conference,Mountain West
2014,2443,wbb:southland,25,Southland Conference,Southland
2014,2447,wbb:southland,25,Southland Conference,Southland
2014,2448,wbb:meac,16,Mid-Eastern Athletic Conference,MEAC
2014,2449,wbb:summit,47,The Summit League,Summit League
2014,245,wbb:sec,23,Southeastern Conference,SEC
2014,2450,wbb:meac,16,Mid-Eastern Athletic Conference,MEAC
2014,2454,wbb:asun,46,Atlantic Sun Conference,ASUN
2014,2458,wbb:big-sky,5,Big Sky Conference,Big Sky
2014,2459,wbb:mac,14,Mid-American Conference,MAC
2014,2460,wbb:mvc,18,Missouri Valley Conference,MVC
2014,2463,wbb:big-west,9,Big West Conference,Big West
2014,2464,wbb:big-sky,5,Big Sky Conference,Big Sky
2014,2466,wbb:southland,25,Southland Conference,Southland
2014,2473,wbb:horizon,45,Horizon League,Horizon
2014,248,wbb:american,62,American Athletic Conference,AAC
2014,2483,wbb:pac-12,21,Pac-12 Conference,Pac-12
2014,249,wbb:cusa,11,Conference USA,C-USA
2014,2492,wbb:wcc,29,West Coast Conference,WCC
2014,25,wbb:pac-12,21,Pac-12 Conference,Pac-12
2014,250,wbb:sun-belt,27,Sun Belt Conference,Sun Belt
2014,2501,wbb:wcc,29,West Coast Conference,WCC
2014,2502,wbb:big-sky,5,Big Sky Conference,Big Sky
2014,2504,wbb:swac,26,Southwestern Athletic Conference,SWAC
2014,2506,wbb:big-south,6,Big South Conference,Big South
2014,2507,wbb:big-east,4,Big East Conference,Big East
2014,2509,wbb:big-ten,7,Big Ten Conference,Big Ten
2014,251,wbb:big-12,8,Big 12 Conference,Big 12
2014,2514,wbb:maac,13,Metro Atlantic Athletic Conference,MAAC
2014,2515,wbb:big-south,6,Big South Conference,Big South
2014,252,wbb:wcc,29,West Coast Conference,WCC
2014,2520,wbb:maac,13,Metro Atlantic Athletic Conference,MAAC
2014,2523,wbb:nec,19,Northeast Conference,NEC
2014,2529,wbb:nec,19,Northeast Conference,NEC
2014,253,wbb:big-sky,5,Big Sky Conference,Big Sky
2014,2534,wbb:southland,25,Southland Conference,Southland
2014,2535,wbb:socon,24,Southern Conference,SoCon
2014,2539,wbb:wcc,29,West Coast Conference,WCC
2014,254,wbb:pac-12,21,Pac-12 Conference,Pac-12
2014,2540,wbb:big-west,9,Big West Conference,Big West
2014,2541,wbb:wcc,29,West Coast Conference,WCC
2014,2542,wbb:meac,16,Mid-Eastern Athletic Conference,MEAC
2014,2545,wbb:southland,25,Southland Conference,Southland
2014,2546,wbb:ovc,20,Ohio Valley Conference,OVC
2014,2547,wbb:wac,30,Western Athletic Conference,WAC
2014,2550,wbb:big-east,4,Big East Conference,Big East
2014,256,wbb:caa,10,Colonial Athletic Association,CAA
2014,2561,wbb:maac,13,Metro Atlantic Athletic Conference,MAAC
2014,2565,wbb:ovc,20,Ohio Valley Conference,OVC
2014,2567,wbb:american,62,American Athletic Conference,AAC
2014,2569,wbb:meac,16,Mid-Eastern Athletic Conference,MEAC
2014,257,wbb:atlantic-10,3,Atlantic 10 Conference,Atlantic 10
2014,2571,wbb:summit,47,The Summit League,Summit League
2014,2572,wbb:cusa,11,Conference USA,C-USA
2014,2579,wbb:sec,23,Southeastern Conference,SEC
2014,258,wbb:acc,2,Atlantic Coast Conference,ACC
2014,2582,wbb:swac,26,Southwestern Athletic Conference,SWAC
2014,259,wbb:acc,2,Atlantic Coast Conference,ACC
2014,2597,wbb:nec,19,Northeast Conference,NEC
2014,2598,wbb:nec,19,Northeast Conference,NEC
2014,2599,wbb:big-east,4,Big East Conference,Big East
2014,26,wbb:pac-12,21,Pac-12 Conference,Pac-12
2014,2603,wbb:atlantic-10,3,Atlantic 10 Conference,Atlantic 10
2014,2608,wbb:wcc,29,West Coast Conference,WCC
2014,261,wbb:america-east,1,America East Conference,America East
2014,2612,wbb:maac,13,Metro Atlantic Athletic Conference,MAAC
2014,2617,wbb:southland,25,Southland Conference,Southland
2014,2619,wbb:america-east,1,America East Conference,America East
2014,2623,wbb:mvc,18,Missouri Valley Conference,MVC
2014,2628,wbb:big-12,8,Big 12 Conference,Big 12
2014,2630,wbb:ovc,20,Ohio Valley Conference,OVC
2014,2633,wbb:sec,23,Southeastern Conference,SEC
2014,2634,wbb:ovc,20,Ohio Valley Conference,OVC
2014,2635,wbb:ovc,20,Ohio Valley Conference,OVC
2014,2636,wbb:cusa,11,Conference USA,C-USA
2014,2638,wbb:cusa,11,Conference USA,C-USA
2014,264,wbb:pac-12,21,Pac-12 Conference,Pac-12
2014,2640,wbb:swac,26,Southwestern Athletic Conference,SWAC
2014,2641,wbb:big-12,8,Big 12 Conference,Big 12
2014,2649,wbb:mac,14,Mid-American Conference,MAC
2014,265,wbb:pac-12,21,Pac-12 Conference,Pac-12
2014,2653,wbb:sun-belt,27,Sun Belt Conference,Sun Belt
2014,2655,wbb:cusa,11,Conference USA,C-USA
2014,2670,wbb:atlantic-10,3,Atlantic 10 Conference,Atlantic 10
2014,2674,wbb:horizon,45,Horizon League,Horizon
2014,2681,wbb:nec,19,Northeast Conference,NEC
2014,269,wbb:big-east,4,Big East Conference,Big East
2014,2692,wbb:big-sky,5,Big Sky Conference,Big Sky
2014,27,wbb:big-west,9,Big West Conference,Big West
2014,270,wbb:horizon,45,Horizon League,Horizon
2014,2710,wbb:summit,47,The Summit League,Summit League
2014,2711,wbb:mac,14,Mid-American Conference,MAC
2014,2717,wbb:socon,24,Southern Conference,SoCon
2014,2724,wbb:mvc,18,Missouri Valley Conference,MVC
2014,2729,wbb:caa,10,Colonial Athletic Association,CAA
2014,2737,wbb:big-south,6,Big South Conference,Big South
2014,2739,wbb:horizon,45,Horizon League,Horizon
2014,2747,wbb:socon,24,Southern Conference,SoCon
2014,275,wbb:big-ten,7,Big Ten Conference,Big Ten
2014,2750,wbb:horizon,45,Horizon League,Horizon
2014,2751,wbb:mountain-west,44,Mountain West Conference,Mountain West
2014,2752,wbb:big-east,4,Big East Conference,Big East
2014,2754,wbb:horizon,45,Horizon League,Horizon
2014,2755,wbb:swac,26,Southwestern Athletic Conference,SWAC
2014,276,wbb:cusa,11,Conference USA,C-USA
2014,277,wbb:big-12,8,Big 12 Conference,Big 12
2014,278,wbb:mountain-west,44,Mountain West Conference,Mountain West
2014,279,wbb:wcc,29,West Coast Conference,WCC
2014,2803,wbb:nec,19,Northeast Conference,NEC
2014,282,wbb:mvc,18,Missouri Valley Conference,MVC
2014,2870,wbb:summit,47,The Summit League,Summit League
2014,288,wbb:asun,46,Atlantic Sun Conference,ASUN
2014,2885,wbb:independents,43,Division I Independents,-
2014,290,wbb:socon,24,Southern Conference,SoCon
2014,2908,wbb:asun,46,Atlantic Sun Conference,ASUN
2014,2916,wbb:southland,25,Southland Conference,Southland
2014,292,wbb:wac,30,Western Athletic Conference,WAC
2014,2934,wbb:wac,30,Western Athletic Conference,WAC
2014,294,wbb:asun,46,Atlantic Sun Conference,ASUN
2014,295,wbb:cusa,11,Conference USA,C-USA
2014,299,wbb:big-west,9,Big West Conference,Big West
2014,30,wbb:pac-12,21,Pac-12 Conference,Pac-12
2014,300,wbb:big-west,9,Big West Conference,Big West
2014,301,wbb:wcc,29,West Coast Conference,WCC
2014,302,wbb:big-west,9,Big West Conference,Big West
2014,304,wbb:big-sky,5,Big Sky Conference,Big Sky
2014,305,wbb:big-east,4,Big East Conference,Big East
2014,3084,wbb:wac,30,Western Athletic Conference,WAC
2014,309,wbb:sun-belt,27,Sun Belt Conference,Sun Belt
2014,311,wbb:america-east,1,America East Conference,America East
2014,314,wbb:maac,13,Metro Atlantic Athletic Conference,MAAC
2014,315,wbb:maac,13,Metro Atlantic Athletic Conference,MAAC
2014,322,wbb:patriot,22,Patriot League,Patriot
2014,324,wbb:big-south,6,Big South Conference,Big South
2014,325,wbb:horizon,45,Horizon League,Horizon
2014,326,wbb:sun-belt,27,Sun Belt Conference,Sun Belt
2014,328,wbb:mountain-west,44,Mountain West Conference,Mountain West
2014,331,wbb:big-sky,5,Big Sky Conference,Big Sky
2014,333,wbb:sec,23,Southeastern Conference,SEC
2014,338,wbb:asun,46,Atlantic Sun Conference,ASUN
2014,339,wbb:mvc,18,Missouri Valley Conference,MVC
2014,344,wbb:sec,23,Southeastern Conference,SEC
2014,349,wbb:patriot,22,Patriot League,Patriot
2014,350,wbb:caa,10,Colonial Athletic Association,CAA
2014,356,wbb:big-ten,7,Big Ten Conference,Big Ten
2014,357,wbb:southland,25,Southland Conference,Southland
2014,36,wbb:mountain-west,44,Mountain West Conference,Mountain West
2014,38,wbb:pac-12,21,Pac-12 Conference,Pac-12
2014,399,wbb:america-east,1,America East Conference,America East
2014,41,wbb:american,62,American Athletic Conference,AAC
2014,42,wbb:america-east,1,America East Conference,America East
2014,43,wbb:ivy,12,Ivy League,Ivy League
2014,44,wbb:patriot,22,Patriot League,Patriot
2014,45,wbb:atlantic-10,3,Atlantic 10 Conference,Atlantic 10
2014,46,wbb:big-east,4,Big East Conference,Big East
2014,47,wbb:meac,16,Mid-Eastern Athletic Conference,MEAC
2014,48,wbb:caa,10,Colonial Athletic Association,CAA
2014,5,wbb:cusa,11,Conference USA,C-USA
2014,50,wbb:meac,16,Mid-Eastern Athletic Conference,MEAC
2014,52,wbb:acc,2,Atlantic Coast Conference,ACC
2014,526,wbb:asun,46,Atlantic Sun Conference,ASUN
2014,55,wbb:ovc,20,Ohio Valley Conference,OVC
2014,56,wbb:asun,46,Atlantic Sun Conference,ASUN
2014,57,wbb:sec,23,Southeastern Conference,SEC
2014,58,wbb:american,62,American Athletic Conference,AAC
2014,59,wbb:acc,2,Atlantic Coast Conference,ACC
2014,6,wbb:sun-belt,27,Sun Belt Conference,Sun Belt
2014,61,wbb:sec,23,Southeastern Conference,SEC
2014,62,wbb:big-west,9,Big West Conference,Big West
2014,66,wbb:big-12,8,Big 12 Conference,Big 12
2014,68,wbb:mountain-west,44,Mountain West Conference,Mountain West
2014,70,wbb:wac,30,Western Athletic Conference,WAC
2014,71,wbb:mvc,18,Missouri Valley Conference,MVC
2014,77,wbb:big-ten,7,Big Ten Conference,Big Ten
2014,79,wbb:mvc,18,Missouri Valley Conference,MVC
2014,8,wbb:sec,23,Southeastern Conference,SEC
2014,82,wbb:horizon,45,Horizon League,Horizon
2014,84,wbb:big-ten,7,Big Ten Conference,Big Ten
2014,85,wbb:summit,47,The Summit League,Summit League
2014,87,wbb:acc,2,Atlantic Coast Conference,ACC
2014,9,wbb:pac-12,21,Pac-12 Conference,Pac-12
2014,93,wbb:ovc,20,Ohio Valley Conference,OVC
2014,94,wbb:asun,46,Atlantic Sun Conference,ASUN
2014,96,wbb:sec,23,Southeastern Conference,SEC
2014,97,wbb:american,62,American Athletic Conference,AAC
2014,98,wbb:sun-belt,27,Sun Belt Conference,Sun Belt
2014,99,wbb:sec,23,Southeastern Conference,SEC
2015,103,wbb:acc,2,Atlantic Coast Conference,ACC
2015,104,wbb:patriot,22,Patriot League,Patriot
2015,107,wbb:patriot,22,Patriot League,Patriot
2015,108,wbb:ivy,12,Ivy League,Ivy League
2015,111,wbb:caa,10,Colonial Athletic Association,CAA
2015,113,wbb:atlantic-10,3,Atlantic 10 Conference,Atlantic 10
2015,116,wbb:nec,19,Northeast Conference,NEC
2015,119,wbb:caa,10,Colonial Athletic Association,CAA
2015,12,wbb:pac-12,21,Pac-12 Conference,Pac-12
2015,120,wbb:big-ten,7,Big Ten Conference,Big Ten
2015,127,wbb:big-ten,7,Big Ten Conference,Big Ten
2015,13,wbb:big-west,9,Big West Conference,Big West
2015,130,wbb:big-ten,7,Big Ten Conference,Big Ten
2015,135,wbb:big-ten,7,Big Ten Conference,Big Ten
2015,139,wbb:atlantic-10,3,Atlantic 10 Conference,Atlantic 10
2015,140,wbb:wac,30,Western Athletic Conference,WAC
2015,142,wbb:sec,23,Southeastern Conference,SEC
2015,145,wbb:sec,23,Southeastern Conference,SEC
2015,147,wbb:big-sky,5,Big Sky Conference,Big Sky
2015,149,wbb:big-sky,5,Big Sky Conference,Big Sky
2015,150,wbb:acc,2,Atlantic Coast Conference,ACC
2015,151,wbb:american,62,American Athletic Conference,AAC
2015,152,wbb:acc,2,Atlantic Coast Conference,ACC
2015,153,wbb:acc,2,Atlantic Coast Conference,ACC
2015,154,wbb:acc,2,Atlantic Coast Conference,ACC
2015,155,wbb:big-sky,5,Big Sky Conference,Big Sky
2015,156,wbb:big-east,4,Big East Conference,Big East
2015,158,wbb:big-ten,7,Big Ten Conference,Big Ten
2015,159,wbb:ivy,12,Ivy League,Ivy League
2015,16,wbb:big-sky,5,Big Sky Conference,Big Sky
2015,160,wbb:america-east,1,America East Conference,America East
2015,161,wbb:nec,19,Northeast Conference,NEC
2015,163,wbb:ivy,12,Ivy League,Ivy League
2015,164,wbb:big-ten,7,Big Ten Conference,Big Ten
2015,166,wbb:wac,30,Western Athletic Conference,WAC
2015,167,wbb:mountain-west,44,Mountain West Conference,Mountain West
2015,171,wbb:ivy,12,Ivy League,Ivy League
2015,172,wbb:ivy,12,Ivy League,Ivy League
2015,179,wbb:atlantic-10,3,Atlantic 10 Conference,Atlantic 10
2015,183,wbb:acc,2,Atlantic Coast Conference,ACC
2015,189,wbb:mac,14,Mid-American Conference,MAC
2015,193,wbb:mac,14,Mid-American Conference,MAC
2015,194,wbb:big-ten,7,Big Ten Conference,Big Ten
2015,195,wbb:mac,14,Mid-American Conference,MAC
2015,197,wbb:big-12,8,Big 12 Conference,Big 12
2015,198,wbb:summit,47,The Summit League,Summit League
2015,2,wbb:sec,23,Southeastern Conference,SEC
2015,2000,wbb:southland,25,Southland Conference,Southland
2015,2005,wbb:mountain-west,44,Mountain West Conference,Mountain West
2015,2006,wbb:mac,14,Mid-American Conference,MAC
2015,201,wbb:big-12,8,Big 12 Conference,Big 12
2015,2010,wbb:swac,26,Southwestern Athletic Conference,SWAC
2015,2011,wbb:swac,26,Southwestern Athletic Conference,SWAC
2015,2016,wbb:swac,26,Southwestern Athletic Conference,SWAC
2015,202,wbb:american,62,American Athletic Conference,AAC
2015,2026,wbb:sun-belt,27,Sun Belt Conference,Sun Belt
2015,2029,wbb:swac,26,Southwestern Athletic Conference,SWAC
2015,2031,wbb:sun-belt,27,Sun Belt Conference,Sun Belt
2015,2032,wbb:sun-belt,27,Sun Belt Conference,Sun Belt
2015,204,wbb:pac-12,21,Pac-12 Conference,Pac-12
2015,2046,wbb:ovc,20,Ohio Valley Conference,OVC
2015,2050,wbb:mac,14,Mid-American Conference,MAC
2015,2057,wbb:ovc,20,Ohio Valley Conference,OVC
2015,2065,wbb:meac,16,Mid-Eastern Athletic Conference,MEAC
2015,2066,wbb:america-east,1,America East Conference,America East
2015,2083,wbb:patriot,22,Patriot League,Patriot
2015,2084,wbb:mac,14,Mid-American Conference,MAC
2015,2086,wbb:big-east,4,Big East Conference,Big East
2015,2097,wbb:big-south,6,Big South Conference,Big South
2015,2099,wbb:maac,13,Metro Atlantic Athletic Conference,MAAC
2015,21,wbb:mountain-west,44,Mountain West Conference,Mountain West
2015,2110,wbb:southland,25,Southland Conference,Southland
2015,2115,wbb:nec,19,Northeast Conference,NEC
2015,2116,wbb:american,62,American Athletic Conference,AAC
2015,2117,wbb:mac,14,Mid-American Conference,MAC
2015,2127,wbb:big-south,6,Big South Conference,Big South
2015,213,wbb:big-ten,7,Big Ten Conference,Big Ten
2015,2130,wbb:wac,30,Western Athletic Conference,WAC
2015,2132,wbb:american,62,American Athletic Conference,AAC
2015,2142,wbb:patriot,22,Patriot League,Patriot
2015,2154,wbb:meac,16,Mid-Eastern Athletic Conference,MEAC
2015,2166,wbb:atlantic-10,3,Atlantic 10 Conference,Atlantic 10
2015,2168,wbb:atlantic-10,3,Atlantic 10 Conference,Atlantic 10
2015,2169,wbb:meac,16,Mid-Eastern Athletic Conference,MEAC
2015,2172,wbb:summit,47,The Summit League,Summit League
2015,2174,wbb:horizon,45,Horizon League,Horizon
2015,218,wbb:american,62,American Athletic Conference,AAC
2015,2181,wbb:mvc,18,Missouri Valley Conference,MVC
2015,2182,wbb:caa,10,Colonial Athletic Association,CAA
2015,2184,wbb:atlantic-10,3,Atlantic 10 Conference,Atlantic 10
2015,219,wbb:ivy,12,Ivy League,Ivy League
2015,2193,wbb:socon,24,Southern Conference,SoCon
2015,2197,wbb:ovc,20,Ohio Valley Conference,OVC
2015,2198,wbb:ovc,20,Ohio Valley Conference,OVC
2015,2199,wbb:mac,14,Mid-American Conference,MAC
2015,221,wbb:acc,2,Atlantic Coast Conference,ACC
2015,2210,wbb:caa,10,Colonial Athletic Association,CAA
2015,2217,wbb:maac,13,Metro Atlantic Athletic Conference,MAAC
2015,222,wbb:big-east,4,Big East Conference,Big East
2015,2226,wbb:cusa,11,Conference USA,C-USA
2015,2229,wbb:cusa,11,Conference USA,C-USA
2015,2230,wbb:atlantic-10,3,Atlantic 10 Conference,Atlantic 10
2015,2239,wbb:big-west,9,Big West Conference,Big West
2015,2241,wbb:big-south,6,Big South Conference,Big South
2015,2244,wbb:atlantic-10,3,Atlantic 10 Conference,Atlantic 10
2015,2247,wbb:sun-belt,27,Sun Belt Conference,Sun Belt
2015,225,wbb:ivy,12,Ivy League,Ivy League
2015,2250,wbb:wcc,29,West Coast Conference,WCC
2015,2253,wbb:wac,30,Western Athletic Conference,WAC
2015,2261,wbb:meac,16,Mid-Eastern Athletic Conference,MEAC
2015,227,wbb:atlantic-10,3,Atlantic 10 Conference,Atlantic 10
2015,2272,wbb:big-south,6,Big South Conference,Big South
2015,2275,wbb:caa,10,Colonial Athletic Association,CAA
2015,2277,wbb:southland,25,Southland Conference,Southland
2015,228,wbb:acc,2,Atlantic Coast Conference,ACC
2015,2287,wbb:mvc,18,Missouri Valley Conference,MVC
2015,2294,wbb:big-ten,7,Big Ten Conference,Big Ten
2015,2296,wbb:swac,26,Southwestern Athletic Conference,SWAC
2015,23,wbb:mountain-west,44,Mountain West Conference,Mountain West
2015,2305,wbb:big-12,8,Big 12 Conference,Big 12
2015,2306,wbb:big-12,8,Big 12 Conference,Big 12
2015,2309,wbb:mac,14,Mid-American Conference,MAC
2015,231,wbb:socon,24,Southern Conference,SoCon
2015,232,wbb:caa,10,Colonial Athletic Association,CAA
2015,2320,wbb:southland,25,Southland Conference,Southland
2015,2325,wbb:atlantic-10,3,Atlantic 10 Conference,Atlantic 10
2015,2329,wbb:patriot,22,Patriot League,Patriot
2015,233,wbb:summit,47,The Summit League,Summit League
2015,2335,wbb:big-south,6,Big South Conference,Big South
2015,2341,wbb:nec,19,Northeast Conference,NEC
2015,2344,wbb:big-south,6,Big South Conference,Big South
2015,2348,wbb:cusa,11,Conference USA,C-USA
2015,2349,wbb:america-east,1,America East Conference,America East
2015,235,wbb:american,62,American Athletic Conference,AAC
2015,2350,wbb:mvc,18,Missouri Valley Conference,MVC
2015,2351,wbb:wcc,29,West Coast Conference,WCC
2015,2352,wbb:patriot,22,Patriot League,Patriot
2015,236,wbb:socon,24,Southern Conference,SoCon
2015,2363,wbb:maac,13,Metro Atlantic Athletic Conference,MAAC
2015,2368,wbb:maac,13,Metro Atlantic Athletic Conference,MAAC
2015,2377,wbb:southland,25,Southland Conference,Southland
2015,2378,wbb:america-east,1,America East Conference,America East
2015,2379,wbb:meac,16,Mid-Eastern Athletic Conference,MEAC
2015,238,wbb:sec,23,Southeastern Conference,SEC
2015,2382,wbb:socon,24,Southern Conference,SoCon
2015,239,wbb:big-12,8,Big 12 Conference,Big 12
2015,2390,wbb:acc,2,Atlantic Coast Conference,ACC
2015,2393,wbb:cusa,11,Conference USA,C-USA
2015,24,wbb:pac-12,21,Pac-12 Conference,Pac-12
2015,2400,wbb:swac,26,Southwestern Athletic Conference,SWAC
2015,2405,wbb:maac,13,Metro Atlantic Athletic Conference,MAAC
2015,2413,wbb:ovc,20,Ohio Valley Conference,OVC
2015,2415,wbb:meac,16,Mid-Eastern Athletic Conference,MEAC
2015,242,wbb:cusa,11,Conference USA,C-USA
2015,2426,wbb:patriot,22,Patriot League,Patriot
2015,2427,wbb:big-south,6,Big South Conference,Big South
2015,2428,wbb:meac,16,Mid-Eastern Athletic Conference,MEAC
2015,2429,wbb:cusa,11,Conference USA,C-USA
2015,2430,wbb:socon,24,Southern Conference,SoCon
2015,2433,wbb:sun-belt,27,Sun Belt Conference,Sun Belt
2015,2437,wbb:summit,47,The Summit League,Summit League
2015,2439,wbb:mountain-west,44,Mountain West Conference,Mountain West
2015,2440,wbb:mountain-west,44,Mountain West Conference,Mountain West
2015,2443,wbb:southland,25,Southland Conference,Southland
2015,2447,wbb:southland,25,Southland Conference,Southland
2015,2448,wbb:meac,16,Mid-Eastern Athletic Conference,MEAC
2015,2449,wbb:summit,47,The Summit League,Summit League
2015,245,wbb:sec,23,Southeastern Conference,SEC
2015,2450,wbb:meac,16,Mid-Eastern Athletic Conference,MEAC
2015,2454,wbb:asun,46,Atlantic Sun Conference,ASUN
2015,2458,wbb:big-sky,5,Big Sky Conference,Big Sky
2015,2459,wbb:mac,14,Mid-American Conference,MAC
2015,2460,wbb:mvc,18,Missouri Valley Conference,MVC
2015,2463,wbb:big-west,9,Big West Conference,Big West
2015,2464,wbb:big-sky,5,Big Sky Conference,Big Sky
2015,2466,wbb:southland,25,Southland Conference,Southland
2015,2473,wbb:horizon,45,Horizon League,Horizon
2015,248,wbb:american,62,American Athletic Conference,AAC
2015,2483,wbb:pac-12,21,Pac-12 Conference,Pac-12
2015,249,wbb:cusa,11,Conference USA,C-USA
2015,2492,wbb:wcc,29,West Coast Conference,WCC
2015,25,wbb:pac-12,21,Pac-12 Conference,Pac-12
2015,250,wbb:sun-belt,27,Sun Belt Conference,Sun Belt
2015,2501,wbb:wcc,29,West Coast Conference,WCC
2015,2502,wbb:big-sky,5,Big Sky Conference,Big Sky
2015,2504,wbb:swac,26,Southwestern Athletic Conference,SWAC
2015,2506,wbb:big-south,6,Big South Conference,Big South
2015,2507,wbb:big-east,4,Big East Conference,Big East
2015,2509,wbb:big-ten,7,Big Ten Conference,Big Ten
2015,251,wbb:big-12,8,Big 12 Conference,Big 12
2015,2514,wbb:maac,13,Metro Atlantic Athletic Conference,MAAC
2015,2515,wbb:big-south,6,Big South Conference,Big South
2015,252,wbb:wcc,29,West Coast Conference,WCC
2015,2520,wbb:maac,13,Metro Atlantic Athletic Conference,MAAC
2015,2523,wbb:nec,19,Northeast Conference,NEC
2015,2529,wbb:nec,19,Northeast Conference,NEC
2015,253,wbb:big-sky,5,Big Sky Conference,Big Sky
2015,2534,wbb:southland,25,Southland Conference,Southland
2015,2535,wbb:socon,24,Southern Conference,SoCon
2015,2539,wbb:wcc,29,West Coast Conference,WCC
2015,254,wbb:pac-12,21,Pac-12 Conference,Pac-12
2015,2540,wbb:big-west,9,Big West Conference,Big West
2015,2541,wbb:wcc,29,West Coast Conference,WCC
2015,2542,wbb:meac,16,Mid-Eastern Athletic Conference,MEAC
2015,2545,wbb:southland,25,Southland Conference,Southland
2015,2546,wbb:ovc,20,Ohio Valley Conference,OVC
2015,2547,wbb:wac,30,Western Athletic Conference,WAC
2015,2550,wbb:big-east,4,Big East Conference,Big East
2015,256,wbb:caa,10,Colonial Athletic Association,CAA
2015,2561,wbb:maac,13,Metro Atlantic Athletic Conference,MAAC
2015,2565,wbb:ovc,20,Ohio Valley Conference,OVC
2015,2567,wbb:american,62,American Athletic Conference,AAC
2015,2569,wbb:meac,16,Mid-Eastern Athletic Conference,MEAC
2015,257,wbb:atlantic-10,3,Atlantic 10 Conference,Atlantic 10
2015,2571,wbb:summit,47,The Summit League,Summit League
2015,2572,wbb:cusa,11,Conference USA,C-USA
2015,2579,wbb:sec,23,Southeastern Conference,SEC
2015,258,wbb:acc,2,Atlantic Coast Conference,ACC
2015,2582,wbb:swac,26,Southwestern Athletic Conference,SWAC
2015,259,wbb:acc,2,Atlantic Coast Conference,ACC
2015,2597,wbb:nec,19,Northeast Conference,NEC
2015,2598,wbb:nec,19,Northeast Conference,NEC
2015,2599,wbb:big-east,4,Big East Conference,Big East
2015,26,wbb:pac-12,21,Pac-12 Conference,Pac-12
2015,2603,wbb:atlantic-10,3,Atlantic 10 Conference,Atlantic 10
2015,2608,wbb:wcc,29,West Coast Conference,WCC
2015,261,wbb:america-east,1,America East Conference,America East
2015,2612,wbb:maac,13,Metro Atlantic Athletic Conference,MAAC
2015,2617,wbb:southland,25,Southland Conference,Southland
2015,2619,wbb:america-east,1,America East Conference,America East
2015,2623,wbb:mvc,18,Missouri Valley Conference,MVC
2015,2628,wbb:big-12,8,Big 12 Conference,Big 12
2015,2630,wbb:ovc,20,Ohio Valley Conference,OVC
2015,2633,wbb:sec,23,Southeastern Conference,SEC
2015,2634,wbb:ovc,20,Ohio Valley Conference,OVC
2015,2635,wbb:ovc,20,Ohio Valley Conference,OVC
2015,2636,wbb:cusa,11,Conference USA,C-USA
2015,2638,wbb:cusa,11,Conference USA,C-USA
2015,264,wbb:pac-12,21,Pac-12 Conference,Pac-12
2015,2640,wbb:swac,26,Southwestern Athletic Conference,SWAC
2015,2641,wbb:big-12,8,Big 12 Conference,Big 12
2015,2649,wbb:mac,14,Mid-American Conference,MAC
2015,265,wbb:pac-12,21,Pac-12 Conference,Pac-12
2015,2653,wbb:sun-belt,27,Sun Belt Conference,Sun Belt
2015,2655,wbb:american,62,American Athletic Conference,AAC
2015,2670,wbb:atlantic-10,3,Atlantic 10 Conference,Atlantic 10
2015,2674,wbb:horizon,45,Horizon League,Horizon
2015,2681,wbb:nec,19,Northeast Conference,NEC
2015,269,wbb:big-east,4,Big East Conference,Big East
2015,2692,wbb:big-sky,5,Big Sky Conference,Big Sky
2015,27,wbb:big-west,9,Big West Conference,Big West
2015,270,wbb:horizon,45,Horizon League,Horizon
2015,2710,wbb:summit,47,The Summit League,Summit League
2015,2711,wbb:mac,14,Mid-American Conference,MAC
2015,2717,wbb:socon,24,Southern Conference,SoCon
2015,2724,wbb:mvc,18,Missouri Valley Conference,MVC
2015,2729,wbb:caa,10,Colonial Athletic Association,CAA
2015,2737,wbb:big-south,6,Big South Conference,Big South
2015,2739,wbb:horizon,45,Horizon League,Horizon
2015,2747,wbb:socon,24,Southern Conference,SoCon
2015,275,wbb:big-ten,7,Big Ten Conference,Big Ten
2015,2750,wbb:horizon,45,Horizon League,Horizon
2015,2751,wbb:mountain-west,44,Mountain West Conference,Mountain West
2015,2752,wbb:big-east,4,Big East Conference,Big East
2015,2754,wbb:horizon,45,Horizon League,Horizon
2015,2755,wbb:swac,26,Southwestern Athletic Conference,SWAC
2015,276,wbb:cusa,11,Conference USA,C-USA
2015,277,wbb:big-12,8,Big 12 Conference,Big 12
2015,278,wbb:mountain-west,44,Mountain West Conference,Mountain West
2015,279,wbb:wcc,29,West Coast Conference,WCC
2015,2803,wbb:nec,19,Northeast Conference,NEC
2015,282,wbb:mvc,18,Missouri Valley Conference,MVC
2015,2870,wbb:summit,47,The Summit League,Summit League
2015,288,wbb:asun,46,Atlantic Sun Conference,ASUN
2015,2885,wbb:independents,43,Division I Independents,-
2015,290,wbb:sun-belt,27,Sun Belt Conference,Sun Belt
2015,2908,wbb:asun,46,Atlantic Sun Conference,ASUN
2015,2916,wbb:southland,25,Southland Conference,Southland
2015,292,wbb:wac,30,Western Athletic Conference,WAC
2015,2934,wbb:wac,30,Western Athletic Conference,WAC
2015,294,wbb:asun,46,Atlantic Sun Conference,ASUN
2015,295,wbb:cusa,11,Conference USA,C-USA
2015,299,wbb:big-west,9,Big West Conference,Big West
2015,30,wbb:pac-12,21,Pac-12 Conference,Pac-12
2015,300,wbb:big-west,9,Big West Conference,Big West
2015,301,wbb:wcc,29,West Coast Conference,WCC
2015,302,wbb:big-west,9,Big West Conference,Big West
2015,304,wbb:big-sky,5,Big Sky Conference,Big Sky
2015,305,wbb:big-east,4,Big East Conference,Big East
2015,3084,wbb:wac,30,Western Athletic Conference,WAC
2015,309,wbb:sun-belt,27,Sun Belt Conference,Sun Belt
2015,311,wbb:america-east,1,America East Conference,America East
2015,314,wbb:maac,13,Metro Atlantic Athletic Conference,MAAC
2015,315,wbb:maac,13,Metro Atlantic Athletic Conference,MAAC
2015,322,wbb:patriot,22,Patriot League,Patriot
2015,324,wbb:big-south,6,Big South Conference,Big South
2015,325,wbb:horizon,45,Horizon League,Horizon
2015,326,wbb:sun-belt,27,Sun Belt Conference,Sun Belt
2015,328,wbb:mountain-west,44,Mountain West Conference,Mountain West
2015,331,wbb:big-sky,5,Big Sky Conference,Big Sky
2015,333,wbb:sec,23,Southeastern Conference,SEC
2015,338,wbb:asun,46,Atlantic Sun Conference,ASUN
2015,339,wbb:mvc,18,Missouri Valley Conference,MVC
2015,344,wbb:sec,23,Southeastern Conference,SEC
2015,349,wbb:patriot,22,Patriot League,Patriot
2015,350,wbb:caa,10,Colonial Athletic Association,CAA
2015,356,wbb:big-ten,7,Big Ten Conference,Big Ten
2015,357,wbb:southland,25,Southland Conference,Southland
2015,36,wbb:mountain-west,44,Mountain West Conference,Mountain West
2015,38,wbb:pac-12,21,Pac-12 Conference,Pac-12
2015,399,wbb:america-east,1,America East Conference,America East
2015,41,wbb:american,62,American Athletic Conference,AAC
2015,42,wbb:america-east,1,America East Conference,America East
2015,43,wbb:ivy,12,Ivy League,Ivy League
2015,44,wbb:patriot,22,Patriot League,Patriot
2015,45,wbb:atlantic-10,3,Atlantic 10 Conference,Atlantic 10
2015,46,wbb:big-east,4,Big East Conference,Big East
2015,47,wbb:meac,16,Mid-Eastern Athletic Conference,MEAC
2015,48,wbb:caa,10,Colonial Athletic Association,CAA
2015,5,wbb:cusa,11,Conference USA,C-USA
2015,50,wbb:meac,16,Mid-Eastern Athletic Conference,MEAC
2015,52,wbb:acc,2,Atlantic Coast Conference,ACC
2015,526,wbb:asun,46,Atlantic Sun Conference,ASUN
2015,55,wbb:ovc,20,Ohio Valley Conference,OVC
2015,56,wbb:asun,46,Atlantic Sun Conference,ASUN
2015,57,wbb:sec,23,Southeastern Conference,SEC
2015,58,wbb:american,62,American Athletic Conference,AAC
2015,59,wbb:acc,2,Atlantic Coast Conference,ACC
2015,6,wbb:sun-belt,27,Sun Belt Conference,Sun Belt
2015,61,wbb:sec,23,Southeastern Conference,SEC
2015,62,wbb:big-west,9,Big West Conference,Big West
2015,66,wbb:big-12,8,Big 12 Conference,Big 12
2015,68,wbb:mountain-west,44,Mountain West Conference,Mountain West
2015,70,wbb:big-sky,5,Big Sky Conference,Big Sky
2015,71,wbb:mvc,18,Missouri Valley Conference,MVC
2015,77,wbb:big-ten,7,Big Ten Conference,Big Ten
2015,79,wbb:mvc,18,Missouri Valley Conference,MVC
2015,8,wbb:sec,23,Southeastern Conference,SEC
2015,82,wbb:horizon,45,Horizon League,Horizon
2015,84,wbb:big-ten,7,Big Ten Conference,Big Ten
2015,85,wbb:summit,47,The Summit League,Summit League
2015,87,wbb:acc,2,Atlantic Coast Conference,ACC
2015,9,wbb:pac-12,21,Pac-12 Conference,Pac-12
2015,93,wbb:ovc,20,Ohio Valley Conference,OVC
2015,94,wbb:asun,46,Atlantic Sun Conference,ASUN
2015,96,wbb:sec,23,Southeastern Conference,SEC
2015,97,wbb:acc,2,Atlantic Coast Conference,ACC
2015,98,wbb:cusa,11,Conference USA,C-USA
2015,99,wbb:sec,23,Southeastern Conference,SEC
2016,103,wbb:acc,2,Atlantic Coast Conference,ACC
2016,104,wbb:patriot,22,Patriot League,Patriot
2016,107,wbb:patriot,22,Patriot League,Patriot
2016,108,wbb:ivy,12,Ivy League,Ivy League
2016,111,wbb:caa,10,Colonial Athletic Association,CAA
2016,113,wbb:atlantic-10,3,Atlantic 10 Conference,Atlantic 10
2016,116,wbb:nec,19,Northeast Conference,NEC
2016,119,wbb:caa,10,Colonial Athletic Association,CAA
2016,12,wbb:pac-12,21,Pac-12 Conference,Pac-12
2016,120,wbb:big-ten,7,Big Ten Conference,Big Ten
2016,127,wbb:big-ten,7,Big Ten Conference,Big Ten
2016,13,wbb:big-west,9,Big West Conference,Big West
2016,130,wbb:big-ten,7,Big Ten Conference,Big Ten
2016,135,wbb:big-ten,7,Big Ten Conference,Big Ten
2016,139,wbb:atlantic-10,3,Atlantic 10 Conference,Atlantic 10
2016,140,wbb:wac,30,Western Athletic Conference,WAC
2016,142,wbb:sec,23,Southeastern Conference,SEC
2016,145,wbb:sec,23,Southeastern Conference,SEC
2016,147,wbb:big-sky,5,Big Sky Conference,Big Sky
2016,149,wbb:big-sky,5,Big Sky Conference,Big Sky
2016,150,wbb:acc,2,Atlantic Coast Conference,ACC
2016,151,wbb:american,62,American Athletic Conference,AAC
2016,152,wbb:acc,2,Atlantic Coast Conference,ACC
2016,153,wbb:acc,2,Atlantic Coast Conference,ACC
2016,154,wbb:acc,2,Atlantic Coast Conference,ACC
2016,155,wbb:big-sky,5,Big Sky Conference,Big Sky
2016,156,wbb:big-east,4,Big East Conference,Big East
2016,158,wbb:big-ten,7,Big Ten Conference,Big Ten
2016,159,wbb:ivy,12,Ivy League,Ivy League
2016,16,wbb:big-sky,5,Big Sky Conference,Big Sky
2016,160,wbb:america-east,1,America East Conference,America East
2016,161,wbb:nec,19,Northeast Conference,NEC
2016,163,wbb:ivy,12,Ivy League,Ivy League
2016,164,wbb:big-ten,7,Big Ten Conference,Big Ten
2016,166,wbb:wac,30,Western Athletic Conference,WAC
2016,167,wbb:mountain-west,44,Mountain West Conference,Mountain West
2016,171,wbb:ivy,12,Ivy League,Ivy League
2016,172,wbb:ivy,12,Ivy League,Ivy League
2016,179,wbb:atlantic-10,3,Atlantic 10 Conference,Atlantic 10
2016,183,wbb:acc,2,Atlantic Coast Conference,ACC
2016,189,wbb:mac,14,Mid-American Conference,MAC
2016,193,wbb:mac,14,Mid-American Conference,MAC
2016,194,wbb:big-ten,7,Big Ten Conference,Big Ten
2016,195,wbb:mac,14,Mid-American Conference,MAC
2016,197,wbb:big-12,8,Big 12 Conference,Big 12
2016,198,wbb:summit,47,The Summit League,Summit League
2016,2,wbb:sec,23,Southeastern Conference,SEC
2016,2000,wbb:southland,25,Southland Conference,Southland
2016,2005,wbb:mountain-west,44,Mountain West Conference,Mountain West
2016,2006,wbb:mac,14,Mid-American Conference,MAC
2016,201,wbb:big-12,8,Big 12 Conference,Big 12
2016,2010,wbb:swac,26,Southwestern Athletic Conference,SWAC
2016,2011,wbb:swac,26,Southwestern Athletic Conference,SWAC
2016,2016,wbb:swac,26,Southwestern Athletic Conference,SWAC
2016,202,wbb:american,62,American Athletic Conference,AAC
2016,2026,wbb:sun-belt,27,Sun Belt Conference,Sun Belt
2016,2029,wbb:swac,26,Southwestern Athletic Conference,SWAC
2016,2031,wbb:sun-belt,27,Sun Belt Conference,Sun Belt
2016,2032,wbb:sun-belt,27,Sun Belt Conference,Sun Belt
2016,204,wbb:pac-12,21,Pac-12 Conference,Pac-12
2016,2046,wbb:ovc,20,Ohio Valley Conference,OVC
2016,2050,wbb:mac,14,Mid-American Conference,MAC
2016,2057,wbb:ovc,20,Ohio Valley Conference,OVC
2016,2065,wbb:meac,16,Mid-Eastern Athletic Conference,MEAC
2016,2066,wbb:america-east,1,America East Conference,America East
2016,2083,wbb:patriot,22,Patriot League,Patriot
2016,2084,wbb:mac,14,Mid-American Conference,MAC
2016,2086,wbb:big-east,4,Big East Conference,Big East
2016,2097,wbb:big-south,6,Big South Conference,Big South
2016,2099,wbb:maac,13,Metro Atlantic Athletic Conference,MAAC
2016,21,wbb:mountain-west,44,Mountain West Conference,Mountain West
2016,2110,wbb:southland,25,Southland Conference,Southland
2016,2115,wbb:nec,19,Northeast Conference,NEC
2016,2116,wbb:american,62,American Athletic Conference,AAC
2016,2117,wbb:mac,14,Mid-American Conference,MAC
2016,2127,wbb:big-south,6,Big South Conference,Big South
2016,213,wbb:big-ten,7,Big Ten Conference,Big Ten
2016,2130,wbb:wac,30,Western Athletic Conference,WAC
2016,2132,wbb:american,62,American Athletic Conference,AAC
2016,2142,wbb:patriot,22,Patriot League,Patriot
2016,2154,wbb:meac,16,Mid-Eastern Athletic Conference,MEAC
2016,2166,wbb:atlantic-10,3,Atlantic 10 Conference,Atlantic 10
2016,2168,wbb:atlantic-10,3,Atlantic 10 Conference,Atlantic 10
2016,2169,wbb:meac,16,Mid-Eastern Athletic Conference,MEAC
2016,2172,wbb:summit,47,The Summit League,Summit League
2016,2174,wbb:horizon,45,Horizon League,Horizon
2016,218,wbb:american,62,American Athletic Conference,AAC
2016,2181,wbb:mvc,18,Missouri Valley Conference,MVC
2016,2182,wbb:caa,10,Colonial Athletic Association,CAA
2016,2184,wbb:atlantic-10,3,Atlantic 10 Conference,Atlantic 10
2016,219,wbb:ivy,12,Ivy League,Ivy League
2016,2193,wbb:socon,24,Southern Conference,SoCon
2016,2197,wbb:ovc,20,Ohio Valley Conference,OVC
2016,2198,wbb:ovc,20,Ohio Valley Conference,OVC
2016,2199,wbb:mac,14,Mid-American Conference,MAC
2016,221,wbb:acc,2,Atlantic Coast Conference,ACC
2016,2210,wbb:caa,10,Colonial Athletic Association,CAA
2016,2217,wbb:maac,13,Metro Atlantic Athletic Conference,MAAC
2016,222,wbb:big-east,4,Big East Conference,Big East
2016,2226,wbb:cusa,11,Conference USA,C-USA
2016,2229,wbb:cusa,11,Conference USA,C-USA
2016,2230,wbb:atlantic-10,3,Atlantic 10 Conference,Atlantic 10
2016,2239,wbb:big-west,9,Big West Conference,Big West
2016,2241,wbb:big-south,6,Big South Conference,Big South
2016,2244,wbb:atlantic-10,3,Atlantic 10 Conference,Atlantic 10
2016,2247,wbb:sun-belt,27,Sun Belt Conference,Sun Belt
2016,225,wbb:ivy,12,Ivy League,Ivy League
2016,2250,wbb:wcc,29,West Coast Conference,WCC
2016,2253,wbb:wac,30,Western Athletic Conference,WAC
2016,2261,wbb:meac,16,Mid-Eastern Athletic Conference,MEAC
2016,227,wbb:atlantic-10,3,Atlantic 10 Conference,Atlantic 10
2016,2272,wbb:big-south,6,Big South Conference,Big South
2016,2275,wbb:caa,10,Colonial Athletic Association,CAA
2016,2277,wbb:southland,25,Southland Conference,Southland
2016,228,wbb:acc,2,Atlantic Coast Conference,ACC
2016,2287,wbb:mvc,18,Missouri Valley Conference,MVC
2016,2294,wbb:big-ten,7,Big Ten Conference,Big Ten
2016,2296,wbb:swac,26,Southwestern Athletic Conference,SWAC
2016,23,wbb:mountain-west,44,Mountain West Conference,Mountain West
2016,2305,wbb:big-12,8,Big 12 Conference,Big 12
2016,2306,wbb:big-12,8,Big 12 Conference,Big 12
2016,2309,wbb:mac,14,Mid-American Conference,MAC
2016,231,wbb:socon,24,Southern Conference,SoCon
2016,232,wbb:caa,10,Colonial Athletic Association,CAA
2016,2320,wbb:southland,25,Southland Conference,Southland
2016,2325,wbb:atlantic-10,3,Atlantic 10 Conference,Atlantic 10
2016,2329,wbb:patriot,22,Patriot League,Patriot
2016,233,wbb:summit,47,The Summit League,Summit League
2016,2335,wbb:big-south,6,Big South Conference,Big South
2016,2341,wbb:nec,19,Northeast Conference,NEC
2016,2344,wbb:big-south,6,Big South Conference,Big South
2016,2348,wbb:cusa,11,Conference USA,C-USA
2016,2349,wbb:america-east,1,America East Conference,America East
2016,235,wbb:american,62,American Athletic Conference,AAC
2016,2350,wbb:mvc,18,Missouri Valley Conference,MVC
2016,2351,wbb:wcc,29,West Coast Conference,WCC
2016,2352,wbb:patriot,22,Patriot League,Patriot
2016,236,wbb:socon,24,Southern Conference,SoCon
2016,2363,wbb:maac,13,Metro Atlantic Athletic Conference,MAAC
2016,2368,wbb:maac,13,Metro Atlantic Athletic Conference,MAAC
2016,2377,wbb:southland,25,Southland Conference,Southland
2016,2378,wbb:america-east,1,America East Conference,America East
2016,2379,wbb:meac,16,Mid-Eastern Athletic Conference,MEAC
2016,238,wbb:sec,23,Southeastern Conference,SEC
2016,2382,wbb:socon,24,Southern Conference,SoCon
2016,239,wbb:big-12,8,Big 12 Conference,Big 12
2016,2390,wbb:acc,2,Atlantic Coast Conference,ACC
2016,2393,wbb:cusa,11,Conference USA,C-USA
2016,24,wbb:pac-12,21,Pac-12 Conference,Pac-12
2016,2400,wbb:swac,26,Southwestern Athletic Conference,SWAC
2016,2405,wbb:maac,13,Metro Atlantic Athletic Conference,MAAC
2016,2413,wbb:ovc,20,Ohio Valley Conference,OVC
2016,2415,wbb:meac,16,Mid-Eastern Athletic Conference,MEAC
2016,242,wbb:cusa,11,Conference USA,C-USA
2016,2426,wbb:patriot,22,Patriot League,Patriot
2016,2427,wbb:big-south,6,Big South Conference,Big South
2016,2428,wbb:meac,16,Mid-Eastern Athletic Conference,MEAC
2016,2429,wbb:cusa,11,Conference USA,C-USA
2016,2430,wbb:socon,24,Southern Conference,SoCon
2016,2433,wbb:sun-belt,27,Sun Belt Conference,Sun Belt
2016,2437,wbb:summit,47,The Summit League,Summit League
2016,2439,wbb:mountain-west,44,Mountain West Conference,Mountain West
2016,2440,wbb:mountain-west,44,Mountain West Conference,Mountain West
2016,2443,wbb:southland,25,Southland Conference,Southland
2016,2447,wbb:southland,25,Southland Conference,Southland
2016,2448,wbb:meac,16,Mid-Eastern Athletic Conference,MEAC
2016,2449,wbb:summit,47,The Summit League,Summit League
2016,245,wbb:sec,23,Southeastern Conference,SEC
2016,2450,wbb:meac,16,Mid-Eastern Athletic Conference,MEAC
2016,2454,wbb:asun,46,Atlantic Sun Conference,ASUN
2016,2458,wbb:big-sky,5,Big Sky Conference,Big Sky
2016,2459,wbb:mac,14,Mid-American Conference,MAC
2016,2460,wbb:mvc,18,Missouri Valley Conference,MVC
2016,2463,wbb:big-west,9,Big West Conference,Big West
2016,2464,wbb:big-sky,5,Big Sky Conference,Big Sky
2016,2466,wbb:southland,25,Southland Conference,Southland
2016,2473,wbb:horizon,45,Horizon League,Horizon
2016,248,wbb:american,62,American Athletic Conference,AAC
2016,2483,wbb:pac-12,21,Pac-12 Conference,Pac-12
2016,249,wbb:cusa,11,Conference USA,C-USA
2016,2492,wbb:wcc,29,West Coast Conference,WCC
2016,25,wbb:pac-12,21,Pac-12 Conference,Pac-12
2016,250,wbb:sun-belt,27,Sun Belt Conference,Sun Belt
2016,2501,wbb:wcc,29,West Coast Conference,WCC
2016,2502,wbb:big-sky,5,Big Sky Conference,Big Sky
2016,2504,wbb:swac,26,Southwestern Athletic Conference,SWAC
2016,2506,wbb:big-south,6,Big South Conference,Big South
2016,2507,wbb:big-east,4,Big East Conference,Big East
2016,2509,wbb:big-ten,7,Big Ten Conference,Big Ten
2016,251,wbb:big-12,8,Big 12 Conference,Big 12
2016,2514,wbb:maac,13,Metro Atlantic Athletic Conference,MAAC
2016,2515,wbb:big-south,6,Big South Conference,Big South
2016,252,wbb:wcc,29,West Coast Conference,WCC
2016,2520,wbb:maac,13,Metro Atlantic Athletic Conference,MAAC
2016,2523,wbb:nec,19,Northeast Conference,NEC
2016,2529,wbb:nec,19,Northeast Conference,NEC
2016,253,wbb:big-sky,5,Big Sky Conference,Big Sky
2016,2534,wbb:southland,25,Southland Conference,Southland
2016,2535,wbb:socon,24,Southern Conference,SoCon
2016,2539,wbb:wcc,29,West Coast Conference,WCC
2016,254,wbb:pac-12,21,Pac-12 Conference,Pac-12
2016,2540,wbb:big-west,9,Big West Conference,Big West
2016,2541,wbb:wcc,29,West Coast Conference,WCC
2016,2542,wbb:meac,16,Mid-Eastern Athletic Conference,MEAC
2016,2545,wbb:southland,25,Southland Conference,Southland
2016,2546,wbb:ovc,20,Ohio Valley Conference,OVC
2016,2547,wbb:wac,30,Western Athletic Conference,WAC
2016,2550,wbb:big-east,4,Big East Conference,Big East
2016,256,wbb:caa,10,Colonial Athletic Association,CAA
2016,2561,wbb:maac,13,Metro Atlantic Athletic Conference,MAAC
2016,2565,wbb:ovc,20,Ohio Valley Conference,OVC
2016,2567,wbb:american,62,American Athletic Conference,AAC
2016,2569,wbb:meac,16,Mid-Eastern Athletic Conference,MEAC
2016,257,wbb:atlantic-10,3,Atlantic 10 Conference,Atlantic 10
2016,2571,wbb:summit,47,The Summit League,Summit League
2016,2572,wbb:cusa,11,Conference USA,C-USA
2016,2579,wbb:sec,23,Southeastern Conference,SEC
2016,258,wbb:acc,2,Atlantic Coast Conference,ACC
2016,2582,wbb:swac,26,Southwestern Athletic Conference,SWAC
2016,259,wbb:acc,2,Atlantic Coast Conference,ACC
2016,2597,wbb:nec,19,Northeast Conference,NEC
2016,2598,wbb:nec,19,Northeast Conference,NEC
2016,2599,wbb:big-east,4,Big East Conference,Big East
2016,26,wbb:pac-12,21,Pac-12 Conference,Pac-12
2016,2603,wbb:atlantic-10,3,Atlantic 10 Conference,Atlantic 10
2016,2608,wbb:wcc,29,West Coast Conference,WCC
2016,261,wbb:america-east,1,America East Conference,America East
2016,2612,wbb:maac,13,Metro Atlantic Athletic Conference,MAAC
2016,2617,wbb:southland,25,Southland Conference,Southland
2016,2619,wbb:america-east,1,America East Conference,America East
2016,2623,wbb:mvc,18,Missouri Valley Conference,MVC
2016,2628,wbb:big-12,8,Big 12 Conference,Big 12
2016,2630,wbb:ovc,20,Ohio Valley Conference,OVC
2016,2633,wbb:sec,23,Southeastern Conference,SEC
2016,2634,wbb:ovc,20,Ohio Valley Conference,OVC
2016,2635,wbb:ovc,20,Ohio Valley Conference,OVC
2016,2636,wbb:cusa,11,Conference USA,C-USA
2016,2638,wbb:cusa,11,Conference USA,C-USA
2016,264,wbb:pac-12,21,Pac-12 Conference,Pac-12
2016,2640,wbb:swac,26,Southwestern Athletic Conference,SWAC
2016,2641,wbb:big-12,8,Big 12 Conference,Big 12
2016,2649,wbb:mac,14,Mid-American Conference,MAC
2016,265,wbb:pac-12,21,Pac-12 Conference,Pac-12
2016,2653,wbb:sun-belt,27,Sun Belt Conference,Sun Belt
2016,2655,wbb:american,62,American Athletic Conference,AAC
2016,2670,wbb:atlantic-10,3,Atlantic 10 Conference,Atlantic 10
2016,2674,wbb:horizon,45,Horizon League,Horizon
2016,2681,wbb:nec,19,Northeast Conference,NEC
2016,269,wbb:big-east,4,Big East Conference,Big East
2016,2692,wbb:big-sky,5,Big Sky Conference,Big Sky
2016,27,wbb:big-west,9,Big West Conference,Big West
2016,270,wbb:horizon,45,Horizon League,Horizon
2016,2710,wbb:summit,47,The Summit League,Summit League
2016,2711,wbb:mac,14,Mid-American Conference,MAC
2016,2717,wbb:socon,24,Southern Conference,SoCon
2016,2724,wbb:mvc,18,Missouri Valley Conference,MVC
2016,2729,wbb:caa,10,Colonial Athletic Association,CAA
2016,2737,wbb:big-south,6,Big South Conference,Big South
2016,2739,wbb:horizon,45,Horizon League,Horizon
2016,2747,wbb:socon,24,Southern Conference,SoCon
2016,275,wbb:big-ten,7,Big Ten Conference,Big Ten
2016,2750,wbb:horizon,45,Horizon League,Horizon
2016,2751,wbb:mountain-west,44,Mountain West Conference,Mountain West
2016,2752,wbb:big-east,4,Big East Conference,Big East
2016,2754,wbb:horizon,45,Horizon League,Horizon
2016,2755,wbb:swac,26,Southwestern Athletic Conference,SWAC
2016,276,wbb:cusa,11,Conference USA,C-USA
2016,277,wbb:big-12,8,Big 12 Conference,Big 12
2016,278,wbb:mountain-west,44,Mountain West Conference,Mountain West
2016,279,wbb:wcc,29,West Coast Conference,WCC
2016,2803,wbb:nec,19,Northeast Conference,NEC
2016,282,wbb:mvc,18,Missouri Valley Conference,MVC
2016,2870,wbb:summit,47,The Summit League,Summit League
2016,288,wbb:asun,46,Atlantic Sun Conference,ASUN
2016,2885,wbb:asun,46,Atlantic Sun Conference,ASUN
2016,290,wbb:sun-belt,27,Sun Belt Conference,Sun Belt
2016,2908,wbb:asun,46,Atlantic Sun Conference,ASUN
2016,2916,wbb:southland,25,Southland Conference,Southland
2016,292,wbb:wac,30,Western Athletic Conference,WAC
2016,2934,wbb:wac,30,Western Athletic Conference,WAC
2016,294,wbb:asun,46,Atlantic Sun Conference,ASUN
2016,295,wbb:cusa,11,Conference USA,C-USA
2016,299,wbb:big-west,9,Big West Conference,Big West
2016,30,wbb:pac-12,21,Pac-12 Conference,Pac-12
2016,300,wbb:big-west,9,Big West Conference,Big West
2016,301,wbb:wcc,29,West Coast Conference,WCC
2016,302,wbb:big-west,9,Big West Conference,Big West
2016,304,wbb:big-sky,5,Big Sky Conference,Big Sky
2016,305,wbb:big-east,4,Big East Conference,Big East
2016,3084,wbb:wac,30,Western Athletic Conference,WAC
2016,309,wbb:sun-belt,27,Sun Belt Conference,Sun Belt
2016,311,wbb:america-east,1,America East Conference,America East
2016,314,wbb:maac,13,Metro Atlantic Athletic Conference,MAAC
2016,315,wbb:maac,13,Metro Atlantic Athletic Conference,MAAC
2016,322,wbb:patriot,22,Patriot League,Patriot
2016,324,wbb:big-south,6,Big South Conference,Big South
2016,325,wbb:horizon,45,Horizon League,Horizon
2016,326,wbb:sun-belt,27,Sun Belt Conference,Sun Belt
2016,328,wbb:mountain-west,44,Mountain West Conference,Mountain West
2016,331,wbb:big-sky,5,Big Sky Conference,Big Sky
2016,333,wbb:sec,23,Southeastern Conference,SEC
2016,338,wbb:asun,46,Atlantic Sun Conference,ASUN
2016,339,wbb:mvc,18,Missouri Valley Conference,MVC
2016,344,wbb:sec,23,Southeastern Conference,SEC
2016,349,wbb:patriot,22,Patriot League,Patriot
2016,350,wbb:caa,10,Colonial Athletic Association,CAA
2016,356,wbb:big-ten,7,Big Ten Conference,Big Ten
2016,357,wbb:southland,25,Southland Conference,Southland
2016,36,wbb:mountain-west,44,Mountain West Conference,Mountain West
2016,38,wbb:pac-12,21,Pac-12 Conference,Pac-12
2016,399,wbb:america-east,1,America East Conference,America East
2016,41,wbb:american,62,American Athletic Conference,AAC
2016,42,wbb:america-east,1,America East Conference,America East
2016,43,wbb:ivy,12,Ivy League,Ivy League
2016,44,wbb:patriot,22,Patriot League,Patriot
2016,45,wbb:atlantic-10,3,Atlantic 10 Conference,Atlantic 10
2016,46,wbb:big-east,4,Big East Conference,Big East
2016,47,wbb:meac,16,Mid-Eastern Athletic Conference,MEAC
2016,48,wbb:caa,10,Colonial Athletic Association,CAA
2016,5,wbb:cusa,11,Conference USA,C-USA
2016,50,wbb:meac,16,Mid-Eastern Athletic Conference,MEAC
2016,52,wbb:acc,2,Atlantic Coast Conference,ACC
2016,526,wbb:asun,46,Atlantic Sun Conference,ASUN
2016,55,wbb:ovc,20,Ohio Valley Conference,OVC
2016,56,wbb:asun,46,Atlantic Sun Conference,ASUN
2016,57,wbb:sec,23,Southeastern Conference,SEC
2016,58,wbb:american,62,American Athletic Conference,AAC
2016,59,wbb:acc,2,Atlantic Coast Conference,ACC
2016,6,wbb:sun-belt,27,Sun Belt Conference,Sun Belt
2016,61,wbb:sec,23,Southeastern Conference,SEC
2016,62,wbb:big-west,9,Big West Conference,Big West
2016,66,wbb:big-12,8,Big 12 Conference,Big 12
2016,68,wbb:mountain-west,44,Mountain West Conference,Mountain West
2016,70,wbb:big-sky,5,Big Sky Conference,Big Sky
2016,71,wbb:mvc,18,Missouri Valley Conference,MVC
2016,77,wbb:big-ten,7,Big Ten Conference,Big Ten
2016,79,wbb:mvc,18,Missouri Valley Conference,MVC
2016,8,wbb:sec,23,Southeastern Conference,SEC
2016,82,wbb:horizon,45,Horizon League,Horizon
2016,84,wbb:big-ten,7,Big Ten Conference,Big Ten
2016,85,wbb:summit,47,The Summit League,Summit League
2016,87,wbb:acc,2,Atlantic Coast Conference,ACC
2016,9,wbb:pac-12,21,Pac-12 Conference,Pac-12
2016,93,wbb:ovc,20,Ohio Valley Conference,OVC
2016,94,wbb:horizon,45,Horizon League,Horizon
2016,96,wbb:sec,23,Southeastern Conference,SEC
2016,97,wbb:acc,2,Atlantic Coast Conference,ACC
2016,98,wbb:cusa,11,Conference USA,C-USA
2016,99,wbb:sec,23,Southeastern Conference,SEC
2017,103,wbb:acc,2,Atlantic Coast Conference,ACC
2017,104,wbb:patriot,22,Patriot League,Patriot
2017,107,wbb:patriot,22,Patriot League,Patriot
2017,108,wbb:ivy,12,Ivy League,Ivy League
2017,111,wbb:caa,10,Colonial Athletic Association,CAA
2017,113,wbb:atlantic-10,3,Atlantic 10 Conference,Atlantic 10
2017,116,wbb:nec,19,Northeast Conference,NEC
2017,119,wbb:caa,10,Colonial Athletic Association,CAA
2017,12,wbb:pac-12,21,Pac-12 Conference,Pac-12
2017,120,wbb:big-ten,7,Big Ten Conference,Big Ten
2017,127,wbb:big-ten,7,Big Ten Conference,Big Ten
2017,13,wbb:big-west,9,Big West Conference,Big West
2017,130,wbb:big-ten,7,Big Ten Conference,Big Ten
2017,135,wbb:big-ten,7,Big Ten Conference,Big Ten
2017,139,wbb:atlantic-10,3,Atlantic 10 Conference,Atlantic 10
2017,140,wbb:wac,30,Western Athletic Conference,WAC
2017,142,wbb:sec,23,Southeastern Conference,SEC
2017,145,wbb:sec,23,Southeastern Conference,SEC
2017,147,wbb:big-sky,5,Big Sky Conference,Big Sky
2017,149,wbb:big-sky,5,Big Sky Conference,Big Sky
2017,150,wbb:acc,2,Atlantic Coast Conference,ACC
2017,151,wbb:american,62,American Athletic Conference,AAC
2017,152,wbb:acc,2,Atlantic Coast Conference,ACC
2017,153,wbb:acc,2,Atlantic Coast Conference,ACC
2017,154,wbb:acc,2,Atlantic Coast Conference,ACC
2017,155,wbb:big-sky,5,Big Sky Conference,Big Sky
2017,156,wbb:big-east,4,Big East Conference,Big East
2017,158,wbb:big-ten,7,Big Ten Conference,Big Ten
2017,159,wbb:ivy,12,Ivy League,Ivy League
2017,16,wbb:big-sky,5,Big Sky Conference,Big Sky
2017,160,wbb:america-east,1,America East Conference,America East
2017,161,wbb:nec,19,Northeast Conference,NEC
2017,163,wbb:ivy,12,Ivy League,Ivy League
2017,164,wbb:big-ten,7,Big Ten Conference,Big Ten
2017,166,wbb:wac,30,Western Athletic Conference,WAC
2017,167,wbb:mountain-west,44,Mountain West Conference,Mountain West
2017,171,wbb:ivy,12,Ivy League,Ivy League
2017,172,wbb:ivy,12,Ivy League,Ivy League
2017,179,wbb:atlantic-10,3,Atlantic 10 Conference,Atlantic 10
2017,183,wbb:acc,2,Atlantic Coast Conference,ACC
2017,189,wbb:mac,14,Mid-American Conference,MAC
2017,193,wbb:mac,14,Mid-American Conference,MAC
2017,194,wbb:big-ten,7,Big Ten Conference,Big Ten
2017,195,wbb:mac,14,Mid-American Conference,MAC
2017,197,wbb:big-12,8,Big 12 Conference,Big 12
2017,198,wbb:summit,47,The Summit League,Summit League
2017,2,wbb:sec,23,Southeastern Conference,SEC
2017,2000,wbb:southland,25,Southland Conference,Southland
2017,2005,wbb:mountain-west,44,Mountain West Conference,Mountain West
2017,2006,wbb:mac,14,Mid-American Conference,MAC
2017,201,wbb:big-12,8,Big 12 Conference,Big 12
2017,2010,wbb:swac,26,Southwestern Athletic Conference,SWAC
2017,2011,wbb:swac,26,Southwestern Athletic Conference,SWAC
2017,2016,wbb:swac,26,Southwestern Athletic Conference,SWAC
2017,202,wbb:american,62,American Athletic Conference,AAC
2017,2026,wbb:sun-belt,27,Sun Belt Conference,Sun Belt
2017,2029,wbb:swac,26,Southwestern Athletic Conference,SWAC
2017,2031,wbb:sun-belt,27,Sun Belt Conference,Sun Belt
2017,2032,wbb:sun-belt,27,Sun Belt Conference,Sun Belt
2017,204,wbb:pac-12,21,Pac-12 Conference,Pac-12
2017,2046,wbb:ovc,20,Ohio Valley Conference,OVC
2017,2050,wbb:mac,14,Mid-American Conference,MAC
2017,2057,wbb:ovc,20,Ohio Valley Conference,OVC
2017,2065,wbb:meac,16,Mid-Eastern Athletic Conference,MEAC
2017,2066,wbb:america-east,1,America East Conference,America East
2017,2083,wbb:patriot,22,Patriot League,Patriot
2017,2084,wbb:mac,14,Mid-American Conference,MAC
2017,2086,wbb:big-east,4,Big East Conference,Big East
2017,2097,wbb:big-south,6,Big South Conference,Big South
2017,2099,wbb:maac,13,Metro Atlantic Athletic Conference,MAAC
2017,21,wbb:mountain-west,44,Mountain West Conference,Mountain West
2017,2110,wbb:southland,25,Southland Conference,Southland
2017,2115,wbb:nec,19,Northeast Conference,NEC
2017,2116,wbb:american,62,American Athletic Conference,AAC
2017,2117,wbb:mac,14,Mid-American Conference,MAC
2017,2127,wbb:big-south,6,Big South Conference,Big South
2017,213,wbb:big-ten,7,Big Ten Conference,Big Ten
2017,2130,wbb:wac,30,Western Athletic Conference,WAC
2017,2132,wbb:american,62,American Athletic Conference,AAC
2017,2142,wbb:patriot,22,Patriot League,Patriot
2017,2154,wbb:meac,16,Mid-Eastern Athletic Conference,MEAC
2017,2166,wbb:atlantic-10,3,Atlantic 10 Conference,Atlantic 10
2017,2168,wbb:atlantic-10,3,Atlantic 10 Conference,Atlantic 10
2017,2169,wbb:meac,16,Mid-Eastern Athletic Conference,MEAC
2017,2172,wbb:summit,47,The Summit League,Summit League
2017,2174,wbb:horizon,45,Horizon League,Horizon
2017,218,wbb:american,62,American Athletic Conference,AAC
2017,2181,wbb:mvc,18,Missouri Valley Conference,MVC
2017,2182,wbb:caa,10,Colonial Athletic Association,CAA
2017,2184,wbb:atlantic-10,3,Atlantic 10 Conference,Atlantic 10
2017,219,wbb:ivy,12,Ivy League,Ivy League
2017,2193,wbb:socon,24,Southern Conference,SoCon
2017,2197,wbb:ovc,20,Ohio Valley Conference,OVC
2017,2198,wbb:ovc,20,Ohio Valley Conference,OVC
2017,2199,wbb:mac,14,Mid-American Conference,MAC
2017,221,wbb:acc,2,Atlantic Coast Conference,ACC
2017,2210,wbb:caa,10,Colonial Athletic Association,CAA
2017,2217,wbb:maac,13,Metro Atlantic Athletic Conference,MAAC
2017,222,wbb:big-east,4,Big East Conference,Big East
2017,2226,wbb:cusa,11,Conference USA,C-USA
2017,2229,wbb:cusa,11,Conference USA,C-USA
2017,2230,wbb:atlantic-10,3,Atlantic 10 Conference,Atlantic 10
2017,2239,wbb:big-west,9,Big West Conference,Big West
2017,2241,wbb:big-south,6,Big South Conference,Big South
2017,2244,wbb:atlantic-10,3,Atlantic 10 Conference,Atlantic 10
2017,2247,wbb:sun-belt,27,Sun Belt Conference,Sun Belt
2017,225,wbb:ivy,12,Ivy League,Ivy League
2017,2250,wbb:wcc,29,West Coast Conference,WCC
2017,2253,wbb:wac,30,Western Athletic Conference,WAC
2017,2261,wbb:meac,16,Mid-Eastern Athletic Conference,MEAC
2017,227,wbb:atlantic-10,3,Atlantic 10 Conference,Atlantic 10
2017,2272,wbb:big-south,6,Big South Conference,Big South
2017,2275,wbb:caa,10,Colonial Athletic Association,CAA
2017,2277,wbb:southland,25,Southland Conference,Southland
2017,228,wbb:acc,2,Atlantic Coast Conference,ACC
2017,2287,wbb:mvc,18,Missouri Valley Conference,MVC
2017,2294,wbb:big-ten,7,Big Ten Conference,Big Ten
2017,2296,wbb:swac,26,Southwestern Athletic Conference,SWAC
2017,23,wbb:mountain-west,44,Mountain West Conference,Mountain West
2017,2305,wbb:big-12,8,Big 12 Conference,Big 12
2017,2306,wbb:big-12,8,Big 12 Conference,Big 12
2017,2309,wbb:mac,14,Mid-American Conference,MAC
2017,231,wbb:socon,24,Southern Conference,SoCon
2017,232,wbb:caa,10,Colonial Athletic Association,CAA
2017,2320,wbb:southland,25,Southland Conference,Southland
2017,2325,wbb:atlantic-10,3,Atlantic 10 Conference,Atlantic 10
2017,2329,wbb:patriot,22,Patriot League,Patriot
2017,233,wbb:summit,47,The Summit League,Summit League
2017,2335,wbb:big-south,6,Big South Conference,Big South
2017,2341,wbb:nec,19,Northeast Conference,NEC
2017,2344,wbb:big-south,6,Big South Conference,Big South
2017,2348,wbb:cusa,11,Conference USA,C-USA
2017,2349,wbb:america-east,1,America East Conference,America East
2017,235,wbb:american,62,American Athletic Conference,AAC
2017,2350,wbb:mvc,18,Missouri Valley Conference,MVC
2017,2351,wbb:wcc,29,West Coast Conference,WCC
2017,2352,wbb:patriot,22,Patriot League,Patriot
2017,236,wbb:socon,24,Southern Conference,SoCon
2017,2363,wbb:maac,13,Metro Atlantic Athletic Conference,MAAC
2017,2368,wbb:maac,13,Metro Atlantic Athletic Conference,MAAC
2017,2377,wbb:southland,25,Southland Conference,Southland
2017,2378,wbb:america-east,1,America East Conference,America East
2017,2379,wbb:meac,16,Mid-Eastern Athletic Conference,MEAC
2017,238,wbb:sec,23,Southeastern Conference,SEC
2017,2382,wbb:socon,24,Southern Conference,SoCon
2017,239,wbb:big-12,8,Big 12 Conference,Big 12
2017,2390,wbb:acc,2,Atlantic Coast Conference,ACC
2017,2393,wbb:cusa,11,Conference USA,C-USA
2017,24,wbb:pac-12,21,Pac-12 Conference,Pac-12
2017,2400,wbb:swac,26,Southwestern Athletic Conference,SWAC
2017,2405,wbb:maac,13,Metro Atlantic Athletic Conference,MAAC
2017,2413,wbb:ovc,20,Ohio Valley Conference,OVC
2017,2415,wbb:meac,16,Mid-Eastern Athletic Conference,MEAC
2017,242,wbb:cusa,11,Conference USA,C-USA
2017,2426,wbb:patriot,22,Patriot League,Patriot
2017,2427,wbb:big-south,6,Big South Conference,Big South
2017,2428,wbb:meac,16,Mid-Eastern Athletic Conference,MEAC
2017,2429,wbb:cusa,11,Conference USA,C-USA
2017,2430,wbb:socon,24,Southern Conference,SoCon
2017,2433,wbb:sun-belt,27,Sun Belt Conference,Sun Belt
2017,2437,wbb:summit,47,The Summit League,Summit League
2017,2439,wbb:mountain-west,44,Mountain West Conference,Mountain West
2017,2440,wbb:mountain-west,44,Mountain West Conference,Mountain West
2017,2443,wbb:southland,25,Southland Conference,Southland
2017,2447,wbb:southland,25,Southland Conference,Southland
2017,2448,wbb:meac,16,Mid-Eastern Athletic Conference,MEAC
2017,2449,wbb:summit,47,The Summit League,Summit League
2017,245,wbb:sec,23,Southeastern Conference,SEC
2017,2450,wbb:meac,16,Mid-Eastern Athletic Conference,MEAC
2017,2454,wbb:asun,46,ASUN Conference,ASUN
2017,2458,wbb:big-sky,5,Big Sky Conference,Big Sky
2017,2459,wbb:mac,14,Mid-American Conference,MAC
2017,2460,wbb:mvc,18,Missouri Valley Conference,MVC
2017,2463,wbb:big-west,9,Big West Conference,Big West
2017,2464,wbb:big-sky,5,Big Sky Conference,Big Sky
2017,2466,wbb:southland,25,Southland Conference,Southland
2017,2473,wbb:horizon,45,Horizon League,Horizon
2017,248,wbb:american,62,American Athletic Conference,AAC
2017,2483,wbb:pac-12,21,Pac-12 Conference,Pac-12
2017,249,wbb:cusa,11,Conference USA,C-USA
2017,2492,wbb:wcc,29,West Coast Conference,WCC
2017,25,wbb:pac-12,21,Pac-12 Conference,Pac-12
2017,250,wbb:sun-belt,27,Sun Belt Conference,Sun Belt
2017,2501,wbb:wcc,29,West Coast Conference,WCC
2017,2502,wbb:big-sky,5,Big Sky Conference,Big Sky
2017,2504,wbb:swac,26,Southwestern Athletic Conference,SWAC
2017,2506,wbb:big-south,6,Big South Conference,Big South
2017,2507,wbb:big-east,4,Big East Conference,Big East
2017,2509,wbb:big-ten,7,Big Ten Conference,Big Ten
2017,251,wbb:big-12,8,Big 12 Conference,Big 12
2017,2514,wbb:maac,13,Metro Atlantic Athletic Conference,MAAC
2017,2515,wbb:big-south,6,Big South Conference,Big South
2017,252,wbb:wcc,29,West Coast Conference,WCC
2017,2520,wbb:maac,13,Metro Atlantic Athletic Conference,MAAC
2017,2523,wbb:nec,19,Northeast Conference,NEC
2017,2529,wbb:nec,19,Northeast Conference,NEC
2017,253,wbb:big-sky,5,Big Sky Conference,Big Sky
2017,2534,wbb:southland,25,Southland Conference,Southland
2017,2535,wbb:socon,24,Southern Conference,SoCon
2017,2539,wbb:wcc,29,West Coast Conference,WCC
2017,254,wbb:pac-12,21,Pac-12 Conference,Pac-12
2017,2540,wbb:big-west,9,Big West Conference,Big West
2017,2541,wbb:wcc,29,West Coast Conference,WCC
2017,2542,wbb:meac,16,Mid-Eastern Athletic Conference,MEAC
2017,2545,wbb:southland,25,Southland Conference,Southland
2017,2546,wbb:ovc,20,Ohio Valley Conference,OVC
2017,2547,wbb:wac,30,Western Athletic Conference,WAC
2017,2550,wbb:big-east,4,Big East Conference,Big East
2017,256,wbb:caa,10,Colonial Athletic Association,CAA
2017,2561,wbb:maac,13,Metro Atlantic Athletic Conference,MAAC
2017,2565,wbb:ovc,20,Ohio Valley Conference,OVC
2017,2567,wbb:american,62,American Athletic Conference,AAC
2017,2569,wbb:meac,16,Mid-Eastern Athletic Conference,MEAC
2017,257,wbb:atlantic-10,3,Atlantic 10 Conference,Atlantic 10
2017,2571,wbb:summit,47,The Summit League,Summit League
2017,2572,wbb:cusa,11,Conference USA,C-USA
2017,2579,wbb:sec,23,Southeastern Conference,SEC
2017,258,wbb:acc,2,Atlantic Coast Conference,ACC
2017,2582,wbb:swac,26,Southwestern Athletic Conference,SWAC
2017,259,wbb:acc,2,Atlantic Coast Conference,ACC
2017,2597,wbb:nec,19,Northeast Conference,NEC
2017,2598,wbb:nec,19,Northeast Conference,NEC
2017,2599,wbb:big-east,4,Big East Conference,Big East
2017,26,wbb:pac-12,21,Pac-12 Conference,Pac-12
2017,2603,wbb:atlantic-10,3,Atlantic 10 Conference,Atlantic 10
2017,2608,wbb:wcc,29,West Coast Conference,WCC
2017,261,wbb:america-east,1,America East Conference,America East
2017,2612,wbb:maac,13,Metro Atlantic Athletic Conference,MAAC
2017,2617,wbb:southland,25,Southland Conference,Southland
2017,2619,wbb:america-east,1,America East Conference,America East
2017,2623,wbb:mvc,18,Missouri Valley Conference,MVC
2017,2628,wbb:big-12,8,Big 12 Conference,Big 12
2017,2630,wbb:ovc,20,Ohio Valley Conference,OVC
2017,2633,wbb:sec,23,Southeastern Conference,SEC
2017,2634,wbb:ovc,20,Ohio Valley Conference,OVC
2017,2635,wbb:ovc,20,Ohio Valley Conference,OVC
2017,2636,wbb:cusa,11,Conference USA,C-USA
2017,2638,wbb:cusa,11,Conference USA,C-USA
2017,264,wbb:pac-12,21,Pac-12 Conference,Pac-12
2017,2640,wbb:swac,26,Southwestern Athletic Conference,SWAC
2017,2641,wbb:big-12,8,Big 12 Conference,Big 12
2017,2649,wbb:mac,14,Mid-American Conference,MAC
2017,265,wbb:pac-12,21,Pac-12 Conference,Pac-12
2017,2653,wbb:sun-belt,27,Sun Belt Conference,Sun Belt
2017,2655,wbb:american,62,American Athletic Conference,AAC
2017,2670,wbb:atlantic-10,3,Atlantic 10 Conference,Atlantic 10
2017,2674,wbb:horizon,45,Horizon League,Horizon
2017,2681,wbb:nec,19,Northeast Conference,NEC
2017,269,wbb:big-east,4,Big East Conference,Big East
2017,2692,wbb:big-sky,5,Big Sky Conference,Big Sky
2017,27,wbb:big-west,9,Big West Conference,Big West
2017,270,wbb:horizon,45,Horizon League,Horizon
2017,2710,wbb:summit,47,The Summit League,Summit League
2017,2711,wbb:mac,14,Mid-American Conference,MAC
2017,2717,wbb:socon,24,Southern Conference,SoCon
2017,2724,wbb:mvc,18,Missouri Valley Conference,MVC
2017,2729,wbb:caa,10,Colonial Athletic Association,CAA
2017,2737,wbb:big-south,6,Big South Conference,Big South
2017,2739,wbb:horizon,45,Horizon League,Horizon
2017,2747,wbb:socon,24,Southern Conference,SoCon
2017,275,wbb:big-ten,7,Big Ten Conference,Big Ten
2017,2750,wbb:horizon,45,Horizon League,Horizon
2017,2751,wbb:mountain-west,44,Mountain West Conference,Mountain West
2017,2752,wbb:big-east,4,Big East Conference,Big East
2017,2754,wbb:horizon,45,Horizon League,Horizon
2017,2755,wbb:swac,26,Southwestern Athletic Conference,SWAC
2017,276,wbb:cusa,11,Conference USA,C-USA
2017,277,wbb:big-12,8,Big 12 Conference,Big 12
2017,278,wbb:mountain-west,44,Mountain West Conference,Mountain West
2017,279,wbb:wcc,29,West Coast Conference,WCC
2017,2803,wbb:nec,19,Northeast Conference,NEC
2017,282,wbb:mvc,18,Missouri Valley Conference,MVC
2017,2870,wbb:summit,47,The Summit League,Summit League
2017,288,wbb:asun,46,ASUN Conference,ASUN
2017,2885,wbb:asun,46,ASUN Conference,ASUN
2017,290,wbb:sun-belt,27,Sun Belt Conference,Sun Belt
2017,2908,wbb:asun,46,ASUN Conference,ASUN
2017,2916,wbb:southland,25,Southland Conference,Southland
2017,292,wbb:wac,30,Western Athletic Conference,WAC
2017,2934,wbb:wac,30,Western Athletic Conference,WAC
2017,294,wbb:asun,46,ASUN Conference,ASUN
2017,295,wbb:cusa,11,Conference USA,C-USA
2017,299,wbb:big-west,9,Big West Conference,Big West
2017,30,wbb:pac-12,21,Pac-12 Conference,Pac-12
2017,300,wbb:big-west,9,Big West Conference,Big West
2017,301,wbb:wcc,29,West Coast Conference,WCC
2017,302,wbb:big-west,9,Big West Conference,Big West
2017,304,wbb:big-sky,5,Big Sky Conference,Big Sky
2017,305,wbb:big-east,4,Big East Conference,Big East
2017,3084,wbb:wac,30,Western Athletic Conference,WAC
2017,309,wbb:sun-belt,27,Sun Belt Conference,Sun Belt
2017,311,wbb:america-east,1,America East Conference,America East
2017,314,wbb:maac,13,Metro Atlantic Athletic Conference,MAAC
2017,315,wbb:maac,13,Metro Atlantic Athletic Conference,MAAC
2017,322,wbb:patriot,22,Patriot League,Patriot
2017,324,wbb:sun-belt,27,Sun Belt Conference,Sun Belt
2017,325,wbb:horizon,45,Horizon League,Horizon
2017,326,wbb:sun-belt,27,Sun Belt Conference,Sun Belt
2017,328,wbb:mountain-west,44,Mountain West Conference,Mountain West
2017,331,wbb:big-sky,5,Big Sky Conference,Big Sky
2017,333,wbb:sec,23,Southeastern Conference,SEC
2017,338,wbb:asun,46,ASUN Conference,ASUN
2017,339,wbb:mvc,18,Missouri Valley Conference,MVC
2017,344,wbb:sec,23,Southeastern Conference,SEC
2017,349,wbb:patriot,22,Patriot League,Patriot
2017,350,wbb:caa,10,Colonial Athletic Association,CAA
2017,356,wbb:big-ten,7,Big Ten Conference,Big Ten
2017,357,wbb:southland,25,Southland Conference,Southland
2017,36,wbb:mountain-west,44,Mountain West Conference,Mountain West
2017,38,wbb:pac-12,21,Pac-12 Conference,Pac-12
2017,399,wbb:america-east,1,America East Conference,America East
2017,41,wbb:american,62,American Athletic Conference,AAC
2017,42,wbb:america-east,1,America East Conference,America East
2017,43,wbb:ivy,12,Ivy League,Ivy League
2017,44,wbb:patriot,22,Patriot League,Patriot
2017,45,wbb:atlantic-10,3,Atlantic 10 Conference,Atlantic 10
2017,46,wbb:big-east,4,Big East Conference,Big East
2017,47,wbb:meac,16,Mid-Eastern Athletic Conference,MEAC
2017,48,wbb:caa,10,Colonial Athletic Association,CAA
2017,5,wbb:cusa,11,Conference USA,C-USA
2017,50,wbb:meac,16,Mid-Eastern Athletic Conference,MEAC
2017,52,wbb:acc,2,Atlantic Coast Conference,ACC
2017,526,wbb:asun,46,ASUN Conference,ASUN
2017,55,wbb:ovc,20,Ohio Valley Conference,OVC
2017,56,wbb:asun,46,ASUN Conference,ASUN
2017,57,wbb:sec,23,Southeastern Conference,SEC
2017,58,wbb:american,62,American Athletic Conference,AAC
2017,59,wbb:acc,2,Atlantic Coast Conference,ACC
2017,6,wbb:sun-belt,27,Sun Belt Conference,Sun Belt
2017,61,wbb:sec,23,Southeastern Conference,SEC
2017,62,wbb:big-west,9,Big West Conference,Big West
2017,66,wbb:big-12,8,Big 12 Conference,Big 12
2017,68,wbb:mountain-west,44,Mountain West Conference,Mountain West
2017,70,wbb:big-sky,5,Big Sky Conference,Big Sky
2017,71,wbb:mvc,18,Missouri Valley Conference,MVC
2017,77,wbb:big-ten,7,Big Ten Conference,Big Ten
2017,79,wbb:mvc,18,Missouri Valley Conference,MVC
2017,8,wbb:sec,23,Southeastern Conference,SEC
2017,82,wbb:horizon,45,Horizon League,Horizon
2017,84,wbb:big-ten,7,Big Ten Conference,Big Ten
2017,85,wbb:summit,47,The Summit League,Summit League
2017,87,wbb:acc,2,Atlantic Coast Conference,ACC
2017,9,wbb:pac-12,21,Pac-12 Conference,Pac-12
2017,93,wbb:ovc,20,Ohio Valley Conference,OVC
2017,94,wbb:horizon,45,Horizon League,Horizon
2017,96,wbb:sec,23,Southeastern Conference,SEC
2017,97,wbb:acc,2,Atlantic Coast Conference,ACC
2017,98,wbb:cusa,11,Conference USA,C-USA
2017,99,wbb:sec,23,Southeastern Conference,SEC
2018,103,wbb:acc,2,Atlantic Coast Conference,ACC
2018,104,wbb:patriot,22,Patriot League,Patriot
2018,107,wbb:patriot,22,Patriot League,Patriot
2018,108,wbb:ivy,12,Ivy League,Ivy League
2018,111,wbb:caa,10,Colonial Athletic Association,CAA
2018,113,wbb:atlantic-10,3,Atlantic 10 Conference,Atlantic 10
2018,116,wbb:nec,19,Northeast Conference,NEC
2018,119,wbb:caa,10,Colonial Athletic Association,CAA
2018,12,wbb:pac-12,21,Pac-12 Conference,Pac-12
2018,120,wbb:big-ten,7,Big Ten Conference,Big Ten
2018,127,wbb:big-ten,7,Big Ten Conference,Big Ten
2018,13,wbb:big-west,9,Big West Conference,Big West
2018,130,wbb:big-ten,7,Big Ten Conference,Big Ten
2018,135,wbb:big-ten,7,Big Ten Conference,Big Ten
2018,139,wbb:atlantic-10,3,Atlantic 10 Conference,Atlantic 10
2018,140,wbb:wac,30,Western Athletic Conference,WAC
2018,142,wbb:sec,23,Southeastern Conference,SEC
2018,145,wbb:sec,23,Southeastern Conference,SEC
2018,147,wbb:big-sky,5,Big Sky Conference,Big Sky
2018,149,wbb:big-sky,5,Big Sky Conference,Big Sky
2018,150,wbb:acc,2,Atlantic Coast Conference,ACC
2018,151,wbb:american,62,American Athletic Conference,AAC
2018,152,wbb:acc,2,Atlantic Coast Conference,ACC
2018,153,wbb:acc,2,Atlantic Coast Conference,ACC
2018,154,wbb:acc,2,Atlantic Coast Conference,ACC
2018,155,wbb:big-sky,5,Big Sky Conference,Big Sky
2018,156,wbb:big-east,4,Big East Conference,Big East
2018,158,wbb:big-ten,7,Big Ten Conference,Big Ten
2018,159,wbb:ivy,12,Ivy League,Ivy League
2018,16,wbb:big-sky,5,Big Sky Conference,Big Sky
2018,160,wbb:america-east,1,America East Conference,America East
2018,161,wbb:nec,19,Northeast Conference,NEC
2018,163,wbb:ivy,12,Ivy League,Ivy League
2018,164,wbb:big-ten,7,Big Ten Conference,Big Ten
2018,166,wbb:wac,30,Western Athletic Conference,WAC
2018,167,wbb:mountain-west,44,Mountain West Conference,Mountain West
2018,171,wbb:ivy,12,Ivy League,Ivy League
2018,172,wbb:ivy,12,Ivy League,Ivy League
2018,179,wbb:atlantic-10,3,Atlantic 10 Conference,Atlantic 10
2018,183,wbb:acc,2,Atlantic Coast Conference,ACC
2018,189,wbb:mac,14,Mid-American Conference,MAC
2018,193,wbb:mac,14,Mid-American Conference,MAC
2018,194,wbb:big-ten,7,Big Ten Conference,Big Ten
2018,195,wbb:mac,14,Mid-American Conference,MAC
2018,197,wbb:big-12,8,Big 12 Conference,Big 12
2018,198,wbb:summit,47,The Summit League,Summit League
2018,2,wbb:sec,23,Southeastern Conference,SEC
2018,2000,wbb:southland,25,Southland Conference,Southland
2018,2005,wbb:mountain-west,44,Mountain West Conference,Mountain West
2018,2006,wbb:mac,14,Mid-American Conference,MAC
2018,201,wbb:big-12,8,Big 12 Conference,Big 12
2018,2010,wbb:swac,26,Southwestern Athletic Conference,SWAC
2018,2011,wbb:swac,26,Southwestern Athletic Conference,SWAC
2018,2016,wbb:swac,26,Southwestern Athletic Conference,SWAC
2018,202,wbb:american,62,American Athletic Conference,AAC
2018,2026,wbb:sun-belt,27,Sun Belt Conference,Sun Belt
2018,2029,wbb:swac,26,Southwestern Athletic Conference,SWAC
2018,2031,wbb:sun-belt,27,Sun Belt Conference,Sun Belt
2018,2032,wbb:sun-belt,27,Sun Belt Conference,Sun Belt
2018,204,wbb:pac-12,21,Pac-12 Conference,Pac-12
2018,2046,wbb:ovc,20,Ohio Valley Conference,OVC
2018,2050,wbb:mac,14,Mid-American Conference,MAC
2018,2057,wbb:ovc,20,Ohio Valley Conference,OVC
2018,2065,wbb:meac,16,Mid-Eastern Athletic Conference,MEAC
2018,2066,wbb:america-east,1,America East Conference,America East
2018,2083,wbb:patriot,22,Patriot League,Patriot
2018,2084,wbb:mac,14,Mid-American Conference,MAC
2018,2086,wbb:big-east,4,Big East Conference,Big East
2018,2097,wbb:big-south,6,Big South Conference,Big South
2018,2099,wbb:maac,13,Metro Atlantic Athletic Conference,MAAC
2018,21,wbb:mountain-west,44,Mountain West Conference,Mountain West
2018,2110,wbb:southland,25,Southland Conference,Southland
2018,2115,wbb:nec,19,Northeast Conference,NEC
2018,2116,wbb:american,62,American Athletic Conference,AAC
2018,2117,wbb:mac,14,Mid-American Conference,MAC
2018,2127,wbb:big-south,6,Big South Conference,Big South
2018,213,wbb:big-ten,7,Big Ten Conference,Big Ten
2018,2130,wbb:wac,30,Western Athletic Conference,WAC
2018,2132,wbb:american,62,American Athletic Conference,AAC
2018,2142,wbb:patriot,22,Patriot League,Patriot
2018,2154,wbb:meac,16,Mid-Eastern Athletic Conference,MEAC
2018,2166,wbb:atlantic-10,3,Atlantic 10 Conference,Atlantic 10
2018,2168,wbb:atlantic-10,3,Atlantic 10 Conference,Atlantic 10
2018,2169,wbb:meac,16,Mid-Eastern Athletic Conference,MEAC
2018,2172,wbb:summit,47,The Summit League,Summit League
2018,2174,wbb:horizon,45,Horizon League,Horizon
2018,218,wbb:american,62,American Athletic Conference,AAC
2018,2181,wbb:mvc,18,Missouri Valley Conference,MVC
2018,2182,wbb:caa,10,Colonial Athletic Association,CAA
2018,2184,wbb:atlantic-10,3,Atlantic 10 Conference,Atlantic 10
2018,219,wbb:ivy,12,Ivy League,Ivy League
2018,2193,wbb:socon,24,Southern Conference,SoCon
2018,2197,wbb:ovc,20,Ohio Valley Conference,OVC
2018,2198,wbb:ovc,20,Ohio Valley Conference,OVC
2018,2199,wbb:mac,14,Mid-American Conference,MAC
2018,221,wbb:acc,2,Atlantic Coast Conference,ACC
2018,2210,wbb:caa,10,Colonial Athletic Association,CAA
2018,2217,wbb:maac,13,Metro Atlantic Athletic Conference,MAAC
2018,222,wbb:big-east,4,Big East Conference,Big East
2018,2226,wbb:cusa,11,Conference USA,C-USA
2018,2229,wbb:cusa,11,Conference USA,C-USA
2018,2230,wbb:atlantic-10,3,Atlantic 10 Conference,Atlantic 10
2018,2239,wbb:big-west,9,Big West Conference,Big West
2018,2241,wbb:big-south,6,Big South Conference,Big South
2018,2244,wbb:atlantic-10,3,Atlantic 10 Conference,Atlantic 10
2018,2247,wbb:sun-belt,27,Sun Belt Conference,Sun Belt
2018,225,wbb:ivy,12,Ivy League,Ivy League
2018,2250,wbb:wcc,29,West Coast Conference,WCC
2018,2253,wbb:wac,30,Western Athletic Conference,WAC
2018,2261,wbb:meac,16,Mid-Eastern Athletic Conference,MEAC
2018,227,wbb:atlantic-10,3,Atlantic 10 Conference,Atlantic 10
2018,2272,wbb:big-south,6,Big South Conference,Big South
2018,2275,wbb:caa,10,Colonial Athletic Association,CAA
2018,2277,wbb:southland,25,Southland Conference,Southland
2018,228,wbb:acc,2,Atlantic Coast Conference,ACC
2018,2287,wbb:mvc,18,Missouri Valley Conference,MVC
2018,2294,wbb:big-ten,7,Big Ten Conference,Big Ten
2018,2296,wbb:swac,26,Southwestern Athletic Conference,SWAC
2018,23,wbb:mountain-west,44,Mountain West Conference,Mountain West
2018,2305,wbb:big-12,8,Big 12 Conference,Big 12
2018,2306,wbb:big-12,8,Big 12 Conference,Big 12
2018,2309,wbb:mac,14,Mid-American Conference,MAC
2018,231,wbb:socon,24,Southern Conference,SoCon
2018,232,wbb:caa,10,Colonial Athletic Association,CAA
2018,2320,wbb:southland,25,Southland Conference,Southland
2018,2325,wbb:atlantic-10,3,Atlantic 10 Conference,Atlantic 10
2018,2329,wbb:patriot,22,Patriot League,Patriot
2018,233,wbb:summit,47,The Summit League,Summit League
2018,2335,wbb:big-south,6,Big South Conference,Big South
2018,2341,wbb:nec,19,Northeast Conference,NEC
2018,2344,wbb:big-south,6,Big South Conference,Big South
2018,2348,wbb:cusa,11,Conference USA,C-USA
2018,2349,wbb:america-east,1,America East Conference,America East
2018,235,wbb:american,62,American Athletic Conference,AAC
2018,2350,wbb:mvc,18,Missouri Valley Conference,MVC
2018,2351,wbb:wcc,29,West Coast Conference,WCC
2018,2352,wbb:patriot,22,Patriot League,Patriot
2018,236,wbb:socon,24,Southern Conference,SoCon
2018,2363,wbb:maac,13,Metro Atlantic Athletic Conference,MAAC
2018,2368,wbb:maac,13,Metro Atlantic Athletic Conference,MAAC
2018,2377,wbb:southland,25,Southland Conference,Southland
2018,2378,wbb:america-east,1,America East Conference,America East
2018,2379,wbb:meac,16,Mid-Eastern Athletic Conference,MEAC
2018,238,wbb:sec,23,Southeastern Conference,SEC
2018,2382,wbb:socon,24,Southern Conference,SoCon
2018,239,wbb:big-12,8,Big 12 Conference,Big 12
2018,2390,wbb:acc,2,Atlantic Coast Conference,ACC
2018,2393,wbb:cusa,11,Conference USA,C-USA
2018,24,wbb:pac-12,21,Pac-12 Conference,Pac-12
2018,2400,wbb:swac,26,Southwestern Athletic Conference,SWAC
2018,2405,wbb:maac,13,Metro Atlantic Athletic Conference,MAAC
2018,2413,wbb:ovc,20,Ohio Valley Conference,OVC
2018,2415,wbb:meac,16,Mid-Eastern Athletic Conference,MEAC
2018,242,wbb:cusa,11,Conference USA,C-USA
2018,2426,wbb:patriot,22,Patriot League,Patriot
2018,2427,wbb:big-south,6,Big South Conference,Big South
2018,2428,wbb:meac,16,Mid-Eastern Athletic Conference,MEAC
2018,2429,wbb:cusa,11,Conference USA,C-USA
2018,2430,wbb:socon,24,Southern Conference,SoCon
2018,2433,wbb:sun-belt,27,Sun Belt Conference,Sun Belt
2018,2437,wbb:summit,47,The Summit League,Summit League
2018,2439,wbb:mountain-west,44,Mountain West Conference,Mountain West
2018,2440,wbb:mountain-west,44,Mountain West Conference,Mountain West
2018,2443,wbb:southland,25,Southland Conference,Southland
2018,2447,wbb:southland,25,Southland Conference,Southland
2018,2448,wbb:meac,16,Mid-Eastern Athletic Conference,MEAC
2018,2449,wbb:summit,47,The Summit League,Summit League
2018,245,wbb:sec,23,Southeastern Conference,SEC
2018,2450,wbb:meac,16,Mid-Eastern Athletic Conference,MEAC
2018,2454,wbb:asun,46,ASUN Conference,ASUN
2018,2458,wbb:big-sky,5,Big Sky Conference,Big Sky
2018,2459,wbb:mac,14,Mid-American Conference,MAC
2018,2460,wbb:mvc,18,Missouri Valley Conference,MVC
2018,2463,wbb:big-west,9,Big West Conference,Big West
2018,2464,wbb:big-sky,5,Big Sky Conference,Big Sky
2018,2466,wbb:southland,25,Southland Conference,Southland
2018,2473,wbb:horizon,45,Horizon League,Horizon
2018,248,wbb:american,62,American Athletic Conference,AAC
2018,2483,wbb:pac-12,21,Pac-12 Conference,Pac-12
2018,249,wbb:cusa,11,Conference USA,C-USA
2018,2492,wbb:wcc,29,West Coast Conference,WCC
2018,25,wbb:pac-12,21,Pac-12 Conference,Pac-12
2018,250,wbb:sun-belt,27,Sun Belt Conference,Sun Belt
2018,2501,wbb:wcc,29,West Coast Conference,WCC
2018,2502,wbb:big-sky,5,Big Sky Conference,Big Sky
2018,2504,wbb:swac,26,Southwestern Athletic Conference,SWAC
2018,2506,wbb:big-south,6,Big South Conference,Big South
2018,2507,wbb:big-east,4,Big East Conference,Big East
2018,2509,wbb:big-ten,7,Big Ten Conference,Big Ten
2018,251,wbb:big-12,8,Big 12 Conference,Big 12
2018,2514,wbb:maac,13,Metro Atlantic Athletic Conference,MAAC
2018,2515,wbb:big-south,6,Big South Conference,Big South
2018,252,wbb:wcc,29,West Coast Conference,WCC
2018,2520,wbb:maac,13,Metro Atlantic Athletic Conference,MAAC
2018,2523,wbb:nec,19,Northeast Conference,NEC
2018,2529,wbb:nec,19,Northeast Conference,NEC
2018,253,wbb:big-sky,5,Big Sky Conference,Big Sky
2018,2534,wbb:southland,25,Southland Conference,Southland
2018,2535,wbb:socon,24,Southern Conference,SoCon
2018,2539,wbb:wcc,29,West Coast Conference,WCC
2018,254,wbb:pac-12,21,Pac-12 Conference,Pac-12
2018,2540,wbb:big-west,9,Big West Conference,Big West
2018,2541,wbb:wcc,29,West Coast Conference,WCC
2018,2542,wbb:meac,16,Mid-Eastern Athletic Conference,MEAC
2018,2545,wbb:southland,25,Southland Conference,Southland
2018,2546,wbb:ovc,20,Ohio Valley Conference,OVC
2018,2547,wbb:wac,30,Western Athletic Conference,WAC
2018,2550,wbb:big-east,4,Big East Conference,Big East
2018,256,wbb:caa,10,Colonial Athletic Association,CAA
2018,2561,wbb:maac,13,Metro Atlantic Athletic Conference,MAAC
2018,2565,wbb:ovc,20,Ohio Valley Conference,OVC
2018,2567,wbb:american,62,American Athletic Conference,AAC
2018,2569,wbb:meac,16,Mid-Eastern Athletic Conference,MEAC
2018,257,wbb:atlantic-10,3,Atlantic 10 Conference,Atlantic 10
2018,2571,wbb:summit,47,The Summit League,Summit League
2018,2572,wbb:cusa,11,Conference USA,C-USA
2018,2579,wbb:sec,23,Southeastern Conference,SEC
2018,258,wbb:acc,2,Atlantic Coast Conference,ACC
2018,2582,wbb:swac,26,Southwestern Athletic Conference,SWAC
2018,259,wbb:acc,2,Atlantic Coast Conference,ACC
2018,2597,wbb:nec,19,Northeast Conference,NEC
2018,2598,wbb:nec,19,Northeast Conference,NEC
2018,2599,wbb:big-east,4,Big East Conference,Big East
2018,26,wbb:pac-12,21,Pac-12 Conference,Pac-12
2018,2603,wbb:atlantic-10,3,Atlantic 10 Conference,Atlantic 10
2018,2608,wbb:wcc,29,West Coast Conference,WCC
2018,261,wbb:america-east,1,America East Conference,America East
2018,2612,wbb:maac,13,Metro Atlantic Athletic Conference,MAAC
2018,2617,wbb:southland,25,Southland Conference,Southland
2018,2619,wbb:america-east,1,America East Conference,America East
2018,2623,wbb:mvc,18,Missouri Valley Conference,MVC
2018,2628,wbb:big-12,8,Big 12 Conference,Big 12
2018,2630,wbb:ovc,20,Ohio Valley Conference,OVC
2018,2633,wbb:sec,23,Southeastern Conference,SEC
2018,2634,wbb:ovc,20,Ohio Valley Conference,OVC
2018,2635,wbb:ovc,20,Ohio Valley Conference,OVC
2018,2636,wbb:cusa,11,Conference USA,C-USA
2018,2638,wbb:cusa,11,Conference USA,C-USA
2018,264,wbb:pac-12,21,Pac-12 Conference,Pac-12
2018,2640,wbb:swac,26,Southwestern Athletic Conference,SWAC
2018,2641,wbb:big-12,8,Big 12 Conference,Big 12
2018,2649,wbb:mac,14,Mid-American Conference,MAC
2018,265,wbb:pac-12,21,Pac-12 Conference,Pac-12
2018,2653,wbb:sun-belt,27,Sun Belt Conference,Sun Belt
2018,2655,wbb:american,62,American Athletic Conference,AAC
2018,2670,wbb:atlantic-10,3,Atlantic 10 Conference,Atlantic 10
2018,2674,wbb:mvc,18,Missouri Valley Conference,MVC
2018,2681,wbb:nec,19,Northeast Conference,NEC
2018,269,wbb:big-east,4,Big East Conference,Big East
2018,2692,wbb:big-sky,5,Big Sky Conference,Big Sky
2018,27,wbb:big-west,9,Big West Conference,Big West
2018,270,wbb:horizon,45,Horizon League,Horizon
2018,2710,wbb:summit,47,The Summit League,Summit League
2018,2711,wbb:mac,14,Mid-American Conference,MAC
2018,2717,wbb:socon,24,Southern Conference,SoCon
2018,2724,wbb:american,62,American Athletic Conference,AAC
2018,2729,wbb:caa,10,Colonial Athletic Association,CAA
2018,2737,wbb:big-south,6,Big South Conference,Big South
2018,2739,wbb:horizon,45,Horizon League,Horizon
2018,2747,wbb:socon,24,Southern Conference,SoCon
2018,275,wbb:big-ten,7,Big Ten Conference,Big Ten
2018,2750,wbb:horizon,45,Horizon League,Horizon
2018,2751,wbb:mountain-west,44,Mountain West Conference,Mountain West
2018,2752,wbb:big-east,4,Big East Conference,Big East
2018,2754,wbb:horizon,45,Horizon League,Horizon
2018,2755,wbb:swac,26,Southwestern Athletic Conference,SWAC
2018,276,wbb:cusa,11,Conference USA,C-USA
2018,277,wbb:big-12,8,Big 12 Conference,Big 12
2018,278,wbb:mountain-west,44,Mountain West Conference,Mountain West
2018,279,wbb:wcc,29,West Coast Conference,WCC
2018,2803,wbb:nec,19,Northeast Conference,NEC
2018,282,wbb:mvc,18,Missouri Valley Conference,MVC
2018,2870,wbb:summit,47,The Summit League,Summit League
2018,288,wbb:asun,46,ASUN Conference,ASUN
2018,2885,wbb:asun,46,ASUN Conference,ASUN
2018,290,wbb:sun-belt,27,Sun Belt Conference,Sun Belt
2018,2908,wbb:asun,46,ASUN Conference,ASUN
2018,2916,wbb:southland,25,Southland Conference,Southland
2018,292,wbb:wac,30,Western Athletic Conference,WAC
2018,2934,wbb:wac,30,Western Athletic Conference,WAC
2018,294,wbb:asun,46,ASUN Conference,ASUN
2018,295,wbb:cusa,11,Conference USA,C-USA
2018,299,wbb:big-west,9,Big West Conference,Big West
2018,30,wbb:pac-12,21,Pac-12 Conference,Pac-12
2018,300,wbb:big-west,9,Big West Conference,Big West
2018,301,wbb:wcc,29,West Coast Conference,WCC
2018,302,wbb:big-west,9,Big West Conference,Big West
2018,304,wbb:big-sky,5,Big Sky Conference,Big Sky
2018,305,wbb:big-east,4,Big East Conference,Big East
2018,3084,wbb:wac,30,Western Athletic Conference,WAC
2018,309,wbb:sun-belt,27,Sun Belt Conference,Sun Belt
2018,311,wbb:america-east,1,America East Conference,America East
2018,314,wbb:maac,13,Metro Atlantic Athletic Conference,MAAC
2018,315,wbb:maac,13,Metro Atlantic Athletic Conference,MAAC
2018,322,wbb:patriot,22,Patriot League,Patriot
2018,324,wbb:sun-belt,27,Sun Belt Conference,Sun Belt
2018,325,wbb:horizon,45,Horizon League,Horizon
2018,326,wbb:sun-belt,27,Sun Belt Conference,Sun Belt
2018,328,wbb:mountain-west,44,Mountain West Conference,Mountain West
2018,331,wbb:big-sky,5,Big Sky Conference,Big Sky
2018,333,wbb:sec,23,Southeastern Conference,SEC
2018,338,wbb:asun,46,ASUN Conference,ASUN
2018,339,wbb:mvc,18,Missouri Valley Conference,MVC
2018,344,wbb:sec,23,Southeastern Conference,SEC
2018,349,wbb:patriot,22,Patriot League,Patriot
2018,350,wbb:caa,10,Colonial Athletic Association,CAA
2018,356,wbb:big-ten,7,Big Ten Conference,Big Ten
2018,357,wbb:southland,25,Southland Conference,Southland
2018,36,wbb:mountain-west,44,Mountain West Conference,Mountain West
2018,38,wbb:pac-12,21,Pac-12 Conference,Pac-12
2018,399,wbb:america-east,1,America East Conference,America East
2018,41,wbb:american,62,American Athletic Conference,AAC
2018,42,wbb:america-east,1,America East Conference,America East
2018,43,wbb:ivy,12,Ivy League,Ivy League
2018,44,wbb:patriot,22,Patriot League,Patriot
2018,45,wbb:atlantic-10,3,Atlantic 10 Conference,Atlantic 10
2018,46,wbb:big-east,4,Big East Conference,Big East
2018,47,wbb:meac,16,Mid-Eastern Athletic Conference,MEAC
2018,48,wbb:caa,10,Colonial Athletic Association,CAA
2018,5,wbb:cusa,11,Conference USA,C-USA
2018,50,wbb:meac,16,Mid-Eastern Athletic Conference,MEAC
2018,52,wbb:acc,2,Atlantic Coast Conference,ACC
2018,526,wbb:asun,46,ASUN Conference,ASUN
2018,55,wbb:ovc,20,Ohio Valley Conference,OVC
2018,56,wbb:asun,46,ASUN Conference,ASUN
2018,57,wbb:sec,23,Southeastern Conference,SEC
2018,58,wbb:american,62,American Athletic Conference,AAC
2018,59,wbb:acc,2,Atlantic Coast Conference,ACC
2018,6,wbb:sun-belt,27,Sun Belt Conference,Sun Belt
2018,61,wbb:sec,23,Southeastern Conference,SEC
2018,62,wbb:big-west,9,Big West Conference,Big West
2018,66,wbb:big-12,8,Big 12 Conference,Big 12
2018,68,wbb:mountain-west,44,Mountain West Conference,Mountain West
2018,70,wbb:big-sky,5,Big Sky Conference,Big Sky
2018,71,wbb:mvc,18,Missouri Valley Conference,MVC
2018,77,wbb:big-ten,7,Big Ten Conference,Big Ten
2018,79,wbb:mvc,18,Missouri Valley Conference,MVC
2018,8,wbb:sec,23,Southeastern Conference,SEC
2018,82,wbb:horizon,45,Horizon League,Horizon
2018,84,wbb:big-ten,7,Big Ten Conference,Big Ten
2018,85,wbb:horizon,45,Horizon League,Horizon
2018,87,wbb:acc,2,Atlantic Coast Conference,ACC
2018,9,wbb:pac-12,21,Pac-12 Conference,Pac-12
2018,93,wbb:ovc,20,Ohio Valley Conference,OVC
2018,94,wbb:horizon,45,Horizon League,Horizon
2018,96,wbb:sec,23,Southeastern Conference,SEC
2018,97,wbb:acc,2,Atlantic Coast Conference,ACC
2018,98,wbb:cusa,11,Conference USA,C-USA
2018,99,wbb:sec,23,Southeastern Conference,SEC
2019,103,wbb:acc,2,Atlantic Coast Conference,ACC
2019,104,wbb:patriot,22,Patriot League,Patriot
2019,107,wbb:patriot,22,Patriot League,Patriot
2019,108,wbb:ivy,12,Ivy League,Ivy League
2019,111,wbb:caa,10,Colonial Athletic Association,CAA
2019,113,wbb:atlantic-10,3,Atlantic 10 Conference,Atlantic 10
2019,116,wbb:nec,19,Northeast Conference,NEC
2019,119,wbb:caa,10,Colonial Athletic Association,CAA
2019,12,wbb:pac-12,21,Pac-12 Conference,Pac-12
2019,120,wbb:big-ten,7,Big Ten Conference,Big Ten
2019,127,wbb:big-ten,7,Big Ten Conference,Big Ten
2019,13,wbb:big-west,9,Big West Conference,Big West
2019,130,wbb:big-ten,7,Big Ten Conference,Big Ten
2019,135,wbb:big-ten,7,Big Ten Conference,Big Ten
2019,139,wbb:atlantic-10,3,Atlantic 10 Conference,Atlantic 10
2019,140,wbb:wac,30,Western Athletic Conference,WAC
2019,142,wbb:sec,23,Southeastern Conference,SEC
2019,145,wbb:sec,23,Southeastern Conference,SEC
2019,147,wbb:big-sky,5,Big Sky Conference,Big Sky
2019,149,wbb:big-sky,5,Big Sky Conference,Big Sky
2019,150,wbb:acc,2,Atlantic Coast Conference,ACC
2019,151,wbb:american,62,American Athletic Conference,AAC
2019,152,wbb:acc,2,Atlantic Coast Conference,ACC
2019,153,wbb:acc,2,Atlantic Coast Conference,ACC
2019,154,wbb:acc,2,Atlantic Coast Conference,ACC
2019,155,wbb:summit,47,The Summit League,Summit League
2019,156,wbb:big-east,4,Big East Conference,Big East
2019,158,wbb:big-ten,7,Big Ten Conference,Big Ten
2019,159,wbb:ivy,12,Ivy League,Ivy League
2019,16,wbb:big-sky,5,Big Sky Conference,Big Sky
2019,160,wbb:america-east,1,America East Conference,America East
2019,161,wbb:nec,19,Northeast Conference,NEC
2019,163,wbb:ivy,12,Ivy League,Ivy League
2019,164,wbb:big-ten,7,Big Ten Conference,Big Ten
2019,166,wbb:wac,30,Western Athletic Conference,WAC
2019,167,wbb:mountain-west,44,Mountain West Conference,Mountain West
2019,171,wbb:ivy,12,Ivy League,Ivy League
2019,172,wbb:ivy,12,Ivy League,Ivy League
2019,179,wbb:atlantic-10,3,Atlantic 10 Conference,Atlantic 10
2019,183,wbb:acc,2,Atlantic Coast Conference,ACC
2019,189,wbb:mac,14,Mid-American Conference,MAC
2019,193,wbb:mac,14,Mid-American Conference,MAC
2019,194,wbb:big-ten,7,Big Ten Conference,Big Ten
2019,195,wbb:mac,14,Mid-American Conference,MAC
2019,197,wbb:big-12,8,Big 12 Conference,Big 12
2019,198,wbb:summit,47,The Summit League,Summit League
2019,2,wbb:sec,23,Southeastern Conference,SEC
2019,2000,wbb:southland,25,Southland Conference,Southland
2019,2005,wbb:mountain-west,44,Mountain West Conference,Mountain West
2019,2006,wbb:mac,14,Mid-American Conference,MAC
2019,201,wbb:big-12,8,Big 12 Conference,Big 12
2019,2010,wbb:swac,26,Southwestern Athletic Conference,SWAC
2019,2011,wbb:swac,26,Southwestern Athletic Conference,SWAC
2019,2016,wbb:swac,26,Southwestern Athletic Conference,SWAC
2019,202,wbb:american,62,American Athletic Conference,AAC
2019,2026,wbb:sun-belt,27,Sun Belt Conference,Sun Belt
2019,2029,wbb:swac,26,Southwestern Athletic Conference,SWAC
2019,2031,wbb:sun-belt,27,Sun Belt Conference,Sun Belt
2019,2032,wbb:sun-belt,27,Sun Belt Conference,Sun Belt
2019,204,wbb:pac-12,21,Pac-12 Conference,Pac-12
2019,2046,wbb:ovc,20,Ohio Valley Conference,OVC
2019,2050,wbb:mac,14,Mid-American Conference,MAC
2019,2057,wbb:ovc,20,Ohio Valley Conference,OVC
2019,2065,wbb:meac,16,Mid-Eastern Athletic Conference,MEAC
2019,2066,wbb:america-east,1,America East Conference,America East
2019,2083,wbb:patriot,22,Patriot League,Patriot
2019,2084,wbb:mac,14,Mid-American Conference,MAC
2019,2086,wbb:big-east,4,Big East Conference,Big East
2019,2097,wbb:big-south,6,Big South Conference,Big South
2019,2099,wbb:maac,13,Metro Atlantic Athletic Conference,MAAC
2019,21,wbb:mountain-west,44,Mountain West Conference,Mountain West
2019,2110,wbb:southland,25,Southland Conference,Southland
2019,2115,wbb:nec,19,Northeast Conference,NEC
2019,2116,wbb:american,62,American Athletic Conference,AAC
2019,2117,wbb:mac,14,Mid-American Conference,MAC
2019,2127,wbb:big-south,6,Big South Conference,Big South
2019,213,wbb:big-ten,7,Big Ten Conference,Big Ten
2019,2130,wbb:wac,30,Western Athletic Conference,WAC
2019,2132,wbb:american,62,American Athletic Conference,AAC
2019,2142,wbb:patriot,22,Patriot League,Patriot
2019,2154,wbb:meac,16,Mid-Eastern Athletic Conference,MEAC
2019,2166,wbb:atlantic-10,3,Atlantic 10 Conference,Atlantic 10
2019,2168,wbb:atlantic-10,3,Atlantic 10 Conference,Atlantic 10
2019,2169,wbb:meac,16,Mid-Eastern Athletic Conference,MEAC
2019,2172,wbb:summit,47,The Summit League,Summit League
2019,2174,wbb:horizon,45,Horizon League,Horizon
2019,218,wbb:american,62,American Athletic Conference,AAC
2019,2181,wbb:mvc,18,Missouri Valley Conference,MVC
2019,2182,wbb:caa,10,Colonial Athletic Association,CAA
2019,2184,wbb:atlantic-10,3,Atlantic 10 Conference,Atlantic 10
2019,219,wbb:ivy,12,Ivy League,Ivy League
2019,2193,wbb:socon,24,Southern Conference,SoCon
2019,2197,wbb:ovc,20,Ohio Valley Conference,OVC
2019,2198,wbb:ovc,20,Ohio Valley Conference,OVC
2019,2199,wbb:mac,14,Mid-American Conference,MAC
2019,221,wbb:acc,2,Atlantic Coast Conference,ACC
2019,2210,wbb:caa,10,Colonial Athletic Association,CAA
2019,2217,wbb:maac,13,Metro Atlantic Athletic Conference,MAAC
2019,222,wbb:big-east,4,Big East Conference,Big East
2019,2226,wbb:cusa,11,Conference USA,C-USA
2019,2229,wbb:cusa,11,Conference USA,C-USA
2019,2230,wbb:atlantic-10,3,Atlantic 10 Conference,Atlantic 10
2019,2239,wbb:big-west,9,Big West Conference,Big West
2019,2241,wbb:big-south,6,Big South Conference,Big South
2019,2244,wbb:atlantic-10,3,Atlantic 10 Conference,Atlantic 10
2019,2247,wbb:sun-belt,27,Sun Belt Conference,Sun Belt
2019,225,wbb:ivy,12,Ivy League,Ivy League
2019,2250,wbb:wcc,29,West Coast Conference,WCC
2019,2253,wbb:wac,30,Western Athletic Conference,WAC
2019,2261,wbb:big-south,6,Big South Conference,Big South
2019,227,wbb:atlantic-10,3,Atlantic 10 Conference,Atlantic 10
2019,2272,wbb:big-south,6,Big South Conference,Big South
2019,2275,wbb:caa,10,Colonial Athletic Association,CAA
2019,2277,wbb:southland,25,Southland Conference,Southland
2019,228,wbb:acc,2,Atlantic Coast Conference,ACC
2019,2287,wbb:mvc,18,Missouri Valley Conference,MVC
2019,2294,wbb:big-ten,7,Big Ten Conference,Big Ten
2019,2296,wbb:swac,26,Southwestern Athletic Conference,SWAC
2019,23,wbb:mountain-west,44,Mountain West Conference,Mountain West
2019,2305,wbb:big-12,8,Big 12 Conference,Big 12
2019,2306,wbb:big-12,8,Big 12 Conference,Big 12
2019,2309,wbb:mac,14,Mid-American Conference,MAC
2019,231,wbb:socon,24,Southern Conference,SoCon
2019,232,wbb:caa,10,Colonial Athletic Association,CAA
2019,2320,wbb:southland,25,Southland Conference,Southland
2019,2325,wbb:atlantic-10,3,Atlantic 10 Conference,Atlantic 10
2019,2329,wbb:patriot,22,Patriot League,Patriot
2019,233,wbb:summit,47,The Summit League,Summit League
2019,2335,wbb:asun,46,ASUN Conference,ASUN
2019,2341,wbb:nec,19,Northeast Conference,NEC
2019,2344,wbb:big-south,6,Big South Conference,Big South
2019,2348,wbb:cusa,11,Conference USA,C-USA
2019,2349,wbb:america-east,1,America East Conference,America East
2019,235,wbb:american,62,American Athletic Conference,AAC
2019,2350,wbb:mvc,18,Missouri Valley Conference,MVC
2019,2351,wbb:wcc,29,West Coast Conference,WCC
2019,2352,wbb:patriot,22,Patriot League,Patriot
2019,236,wbb:socon,24,Southern Conference,SoCon
2019,2363,wbb:maac,13,Metro Atlantic Athletic Conference,MAAC
2019,2368,wbb:maac,13,Metro Atlantic Athletic Conference,MAAC
2019,2377,wbb:southland,25,Southland Conference,Southland
2019,2378,wbb:america-east,1,America East Conference,America East
2019,2379,wbb:meac,16,Mid-Eastern Athletic Conference,MEAC
2019,238,wbb:sec,23,Southeastern Conference,SEC
2019,2382,wbb:socon,24,Southern Conference,SoCon
2019,239,wbb:big-12,8,Big 12 Conference,Big 12
2019,2390,wbb:acc,2,Atlantic Coast Conference,ACC
2019,2393,wbb:cusa,11,Conference USA,C-USA
2019,24,wbb:pac-12,21,Pac-12 Conference,Pac-12
2019,2400,wbb:swac,26,Southwestern Athletic Conference,SWAC
2019,2405,wbb:maac,13,Metro Atlantic Athletic Conference,MAAC
2019,2413,wbb:ovc,20,Ohio Valley Conference,OVC
2019,2415,wbb:meac,16,Mid-Eastern Athletic Conference,MEAC
2019,242,wbb:cusa,11,Conference USA,C-USA
2019,2426,wbb:patriot,22,Patriot League,Patriot
2019,2427,wbb:big-south,6,Big South Conference,Big South
2019,2428,wbb:meac,16,Mid-Eastern Athletic Conference,MEAC
2019,2429,wbb:cusa,11,Conference USA,C-USA
2019,2430,wbb:socon,24,Southern Conference,SoCon
2019,2433,wbb:sun-belt,27,Sun Belt Conference,Sun Belt
2019,2437,wbb:summit,47,The Summit League,Summit League
2019,2439,wbb:mountain-west,44,Mountain West Conference,Mountain West
2019,2440,wbb:mountain-west,44,Mountain West Conference,Mountain West
2019,2443,wbb:southland,25,Southland Conference,Southland
2019,2447,wbb:southland,25,Southland Conference,Southland
2019,2448,wbb:meac,16,Mid-Eastern Athletic Conference,MEAC
2019,2449,wbb:summit,47,The Summit League,Summit League
2019,245,wbb:sec,23,Southeastern Conference,SEC
2019,2450,wbb:meac,16,Mid-Eastern Athletic Conference,MEAC
2019,2453,wbb:asun,46,ASUN Conference,ASUN
2019,2454,wbb:asun,46,ASUN Conference,ASUN
2019,2458,wbb:big-sky,5,Big Sky Conference,Big Sky
2019,2459,wbb:mac,14,Mid-American Conference,MAC
2019,2460,wbb:mvc,18,Missouri Valley Conference,MVC
2019,2463,wbb:big-west,9,Big West Conference,Big West
2019,2464,wbb:big-sky,5,Big Sky Conference,Big Sky
2019,2466,wbb:southland,25,Southland Conference,Southland
2019,2473,wbb:horizon,45,Horizon League,Horizon
2019,248,wbb:american,62,American Athletic Conference,AAC
2019,2483,wbb:pac-12,21,Pac-12 Conference,Pac-12
2019,249,wbb:cusa,11,Conference USA,C-USA
2019,2492,wbb:wcc,29,West Coast Conference,WCC
2019,25,wbb:pac-12,21,Pac-12 Conference,Pac-12
2019,250,wbb:sun-belt,27,Sun Belt Conference,Sun Belt
2019,2501,wbb:wcc,29,West Coast Conference,WCC
2019,2502,wbb:big-sky,5,Big Sky Conference,Big Sky
2019,2504,wbb:swac,26,Southwestern Athletic Conference,SWAC
2019,2506,wbb:big-south,6,Big South Conference,Big South
2019,2507,wbb:big-east,4,Big East Conference,Big East
2019,2509,wbb:big-ten,7,Big Ten Conference,Big Ten
2019,251,wbb:big-12,8,Big 12 Conference,Big 12
2019,2514,wbb:maac,13,Metro Atlantic Athletic Conference,MAAC
2019,2515,wbb:big-south,6,Big South Conference,Big South
2019,252,wbb:wcc,29,West Coast Conference,WCC
2019,2520,wbb:maac,13,Metro Atlantic Athletic Conference,MAAC
2019,2523,wbb:nec,19,Northeast Conference,NEC
2019,2529,wbb:nec,19,Northeast Conference,NEC
2019,253,wbb:big-sky,5,Big Sky Conference,Big Sky
2019,2534,wbb:southland,25,Southland Conference,Southland
2019,2535,wbb:socon,24,Southern Conference,SoCon
2019,2539,wbb:wcc,29,West Coast Conference,WCC
2019,254,wbb:pac-12,21,Pac-12 Conference,Pac-12
2019,2540,wbb:big-west,9,Big West Conference,Big West
2019,2541,wbb:wcc,29,West Coast Conference,WCC
2019,2542,wbb:meac,16,Mid-Eastern Athletic Conference,MEAC
2019,2545,wbb:southland,25,Southland Conference,Southland
2019,2546,wbb:ovc,20,Ohio Valley Conference,OVC
2019,2547,wbb:wac,30,Western Athletic Conference,WAC
2019,2550,wbb:big-east,4,Big East Conference,Big East
2019,256,wbb:caa,10,Colonial Athletic Association,CAA
2019,2561,wbb:maac,13,Metro Atlantic Athletic Conference,MAAC
2019,2565,wbb:ovc,20,Ohio Valley Conference,OVC
2019,2567,wbb:american,62,American Athletic Conference,AAC
2019,2569,wbb:meac,16,Mid-Eastern Athletic Conference,MEAC
2019,257,wbb:atlantic-10,3,Atlantic 10 Conference,Atlantic 10
2019,2571,wbb:summit,47,The Summit League,Summit League
2019,2572,wbb:cusa,11,Conference USA,C-USA
2019,2579,wbb:sec,23,Southeastern Conference,SEC
2019,258,wbb:acc,2,Atlantic Coast Conference,ACC
2019,2582,wbb:swac,26,Southwestern Athletic Conference,SWAC
2019,259,wbb:acc,2,Atlantic Coast Conference,ACC
2019,2597,wbb:nec,19,Northeast Conference,NEC
2019,2598,wbb:nec,19,Northeast Conference,NEC
2019,2599,wbb:big-east,4,Big East Conference,Big East
2019,26,wbb:pac-12,21,Pac-12 Conference,Pac-12
2019,2603,wbb:atlantic-10,3,Atlantic 10 Conference,Atlantic 10
2019,2608,wbb:wcc,29,West Coast Conference,WCC
2019,261,wbb:america-east,1,America East Conference,America East
2019,2612,wbb:maac,13,Metro Atlantic Athletic Conference,MAAC
2019,2617,wbb:southland,25,Southland Conference,Southland
2019,2619,wbb:america-east,1,America East Conference,America East
2019,2623,wbb:mvc,18,Missouri Valley Conference,MVC
2019,2628,wbb:big-12,8,Big 12 Conference,Big 12
2019,2630,wbb:ovc,20,Ohio Valley Conference,OVC
2019,2633,wbb:sec,23,Southeastern Conference,SEC
2019,2634,wbb:ovc,20,Ohio Valley Conference,OVC
2019,2635,wbb:ovc,20,Ohio Valley Conference,OVC
2019,2636,wbb:cusa,11,Conference USA,C-USA
2019,2638,wbb:cusa,11,Conference USA,C-USA
2019,264,wbb:pac-12,21,Pac-12 Conference,Pac-12
2019,2640,wbb:swac,26,Southwestern Athletic Conference,SWAC
2019,2641,wbb:big-12,8,Big 12 Conference,Big 12
2019,2649,wbb:mac,14,Mid-American Conference,MAC
2019,265,wbb:pac-12,21,Pac-12 Conference,Pac-12
2019,2653,wbb:sun-belt,27,Sun Belt Conference,Sun Belt
2019,2655,wbb:american,62,American Athletic Conference,AAC
2019,2670,wbb:atlantic-10,3,Atlantic 10 Conference,Atlantic 10
2019,2674,wbb:mvc,18,Missouri Valley Conference,MVC
2019,2681,wbb:nec,19,Northeast Conference,NEC
2019,269,wbb:big-east,4,Big East Conference,Big East
2019,2692,wbb:big-sky,5,Big Sky Conference,Big Sky
2019,27,wbb:big-west,9,Big West Conference,Big West
2019,270,wbb:horizon,45,Horizon League,Horizon
2019,2710,wbb:summit,47,The Summit League,Summit League
2019,2711,wbb:mac,14,Mid-American Conference,MAC
2019,2717,wbb:socon,24,Southern Conference,SoCon
2019,2724,wbb:american,62,American Athletic Conference,AAC
2019,2729,wbb:caa,10,Colonial Athletic Association,CAA
2019,2737,wbb:big-south,6,Big South Conference,Big South
2019,2739,wbb:horizon,45,Horizon League,Horizon
2019,2747,wbb:socon,24,Southern Conference,SoCon
2019,275,wbb:big-ten,7,Big Ten Conference,Big Ten
2019,2750,wbb:horizon,45,Horizon League,Horizon
2019,2751,wbb:mountain-west,44,Mountain West Conference,Mountain West
2019,2752,wbb:big-east,4,Big East Conference,Big East
2019,2754,wbb:horizon,45,Horizon League,Horizon
2019,2755,wbb:swac,26,Southwestern Athletic Conference,SWAC
2019,276,wbb:cusa,11,Conference USA,C-USA
2019,277,wbb:big-12,8,Big 12 Conference,Big 12
2019,278,wbb:mountain-west,44,Mountain West Conference,Mountain West
2019,279,wbb:wcc,29,West Coast Conference,WCC
2019,2803,wbb:nec,19,Northeast Conference,NEC
2019,282,wbb:mvc,18,Missouri Valley Conference,MVC
2019,2856,wbb:wac,30,Western Athletic Conference,WAC
2019,2870,wbb:summit,47,The Summit League,Summit League
2019,288,wbb:asun,46,ASUN Conference,ASUN
2019,2885,wbb:asun,46,ASUN Conference,ASUN
2019,290,wbb:sun-belt,27,Sun Belt Conference,Sun Belt
2019,2908,wbb:big-south,6,Big South Conference,Big South
2019,2916,wbb:southland,25,Southland Conference,Southland
2019,292,wbb:wac,30,Western Athletic Conference,WAC
2019,2934,wbb:wac,30,Western Athletic Conference,WAC
2019,294,wbb:asun,46,ASUN Conference,ASUN
2019,295,wbb:cusa,11,Conference USA,C-USA
2019,299,wbb:big-west,9,Big West Conference,Big West
2019,30,wbb:pac-12,21,Pac-12 Conference,Pac-12
2019,300,wbb:big-west,9,Big West Conference,Big West
2019,301,wbb:wcc,29,West Coast Conference,WCC
2019,302,wbb:big-west,9,Big West Conference,Big West
2019,304,wbb:big-sky,5,Big Sky Conference,Big Sky
2019,305,wbb:big-east,4,Big East Conference,Big East
2019,3084,wbb:wac,30,Western Athletic Conference,WAC
2019,309,wbb:sun-belt,27,Sun Belt Conference,Sun Belt
2019,311,wbb:america-east,1,America East Conference,America East
2019,314,wbb:maac,13,Metro Atlantic Athletic Conference,MAAC
2019,315,wbb:maac,13,Metro Atlantic Athletic Conference,MAAC
2019,322,wbb:patriot,22,Patriot League,Patriot
2019,324,wbb:sun-belt,27,Sun Belt Conference,Sun Belt
2019,325,wbb:horizon,45,Horizon League,Horizon
2019,326,wbb:sun-belt,27,Sun Belt Conference,Sun Belt
2019,328,wbb:mountain-west,44,Mountain West Conference,Mountain West
2019,331,wbb:big-sky,5,Big Sky Conference,Big Sky
2019,333,wbb:sec,23,Southeastern Conference,SEC
2019,338,wbb:asun,46,ASUN Conference,ASUN
2019,339,wbb:mvc,18,Missouri Valley Conference,MVC
2019,344,wbb:sec,23,Southeastern Conference,SEC
2019,349,wbb:patriot,22,Patriot League,Patriot
2019,350,wbb:caa,10,Colonial Athletic Association,CAA
2019,356,wbb:big-ten,7,Big Ten Conference,Big Ten
2019,357,wbb:southland,25,Southland Conference,Southland
2019,36,wbb:mountain-west,44,Mountain West Conference,Mountain West
2019,38,wbb:pac-12,21,Pac-12 Conference,Pac-12
2019,399,wbb:america-east,1,America East Conference,America East
2019,41,wbb:american,62,American Athletic Conference,AAC
2019,42,wbb:america-east,1,America East Conference,America East
2019,43,wbb:ivy,12,Ivy League,Ivy League
2019,44,wbb:patriot,22,Patriot League,Patriot
2019,45,wbb:atlantic-10,3,Atlantic 10 Conference,Atlantic 10
2019,46,wbb:big-east,4,Big East Conference,Big East
2019,47,wbb:meac,16,Mid-Eastern Athletic Conference,MEAC
2019,48,wbb:caa,10,Colonial Athletic Association,CAA
2019,5,wbb:cusa,11,Conference USA,C-USA
2019,50,wbb:meac,16,Mid-Eastern Athletic Conference,MEAC
2019,52,wbb:acc,2,Atlantic Coast Conference,ACC
2019,526,wbb:asun,46,ASUN Conference,ASUN
2019,55,wbb:ovc,20,Ohio Valley Conference,OVC
2019,56,wbb:asun,46,ASUN Conference,ASUN
2019,57,wbb:sec,23,Southeastern Conference,SEC
2019,58,wbb:american,62,American Athletic Conference,AAC
2019,59,wbb:acc,2,Atlantic Coast Conference,ACC
2019,6,wbb:sun-belt,27,Sun Belt Conference,Sun Belt
2019,61,wbb:sec,23,Southeastern Conference,SEC
2019,62,wbb:big-west,9,Big West Conference,Big West
2019,66,wbb:big-12,8,Big 12 Conference,Big 12
2019,68,wbb:mountain-west,44,Mountain West Conference,Mountain West
2019,70,wbb:big-sky,5,Big Sky Conference,Big Sky
2019,71,wbb:mvc,18,Missouri Valley Conference,MVC
2019,77,wbb:big-ten,7,Big Ten Conference,Big Ten
2019,79,wbb:mvc,18,Missouri Valley Conference,MVC
2019,8,wbb:sec,23,Southeastern Conference,SEC
2019,82,wbb:horizon,45,Horizon League,Horizon
2019,84,wbb:big-ten,7,Big Ten Conference,Big Ten
2019,85,wbb:horizon,45,Horizon League,Horizon
2019,87,wbb:acc,2,Atlantic Coast Conference,ACC
2019,9,wbb:pac-12,21,Pac-12 Conference,Pac-12
2019,93,wbb:ovc,20,Ohio Valley Conference,OVC
2019,94,wbb:horizon,45,Horizon League,Horizon
2019,96,wbb:sec,23,Southeastern Conference,SEC
2019,97,wbb:acc,2,Atlantic Coast Conference,ACC
2019,98,wbb:cusa,11,Conference USA,C-USA
2019,99,wbb:sec,23,Southeastern Conference,SEC
2020,103,wbb:acc,2,Atlantic Coast Conference,ACC
2020,104,wbb:patriot,22,Patriot League,Patriot
2020,107,wbb:patriot,22,Patriot League,Patriot
2020,108,wbb:ivy,12,Ivy League,Ivy League
2020,111,wbb:caa,10,Colonial Athletic Association,CAA
2020,112358,wbb:nec,19,Northeast Conference,NEC
2020,113,wbb:atlantic-10,3,Atlantic 10 Conference,Atlantic 10
2020,116,wbb:nec,19,Northeast Conference,NEC
2020,119,wbb:caa,10,Colonial Athletic Association,CAA
2020,12,wbb:pac-12,21,Pac-12 Conference,Pac-12
2020,120,wbb:big-ten,7,Big Ten Conference,Big Ten
2020,127,wbb:big-ten,7,Big Ten Conference,Big Ten
2020,13,wbb:big-west,9,Big West Conference,Big West
2020,130,wbb:big-ten,7,Big Ten Conference,Big Ten
2020,135,wbb:big-ten,7,Big Ten Conference,Big Ten
2020,139,wbb:atlantic-10,3,Atlantic 10 Conference,Atlantic 10
2020,140,wbb:wac,30,Western Athletic Conference,WAC
2020,142,wbb:sec,23,Southeastern Conference,SEC
2020,145,wbb:sec,23,Southeastern Conference,SEC
2020,147,wbb:big-sky,5,Big Sky Conference,Big Sky
2020,149,wbb:big-sky,5,Big Sky Conference,Big Sky
2020,150,wbb:acc,2,Atlantic Coast Conference,ACC
2020,151,wbb:american,62,American Athletic Conference,AAC
2020,152,wbb:acc,2,Atlantic Coast Conference,ACC
2020,153,wbb:acc,2,Atlantic Coast Conference,ACC
2020,154,wbb:acc,2,Atlantic Coast Conference,ACC
2020,155,wbb:summit,47,The Summit League,Summit League
2020,156,wbb:big-east,4,Big East Conference,Big East
2020,158,wbb:big-ten,7,Big Ten Conference,Big Ten
2020,159,wbb:ivy,12,Ivy League,Ivy League
2020,16,wbb:big-sky,5,Big Sky Conference,Big Sky
2020,160,wbb:america-east,1,America East Conference,America East
2020,161,wbb:nec,19,Northeast Conference,NEC
2020,163,wbb:ivy,12,Ivy League,Ivy League
2020,164,wbb:big-ten,7,Big Ten Conference,Big Ten
2020,166,wbb:wac,30,Western Athletic Conference,WAC
2020,167,wbb:mountain-west,44,Mountain West Conference,Mountain West
2020,171,wbb:ivy,12,Ivy League,Ivy League
2020,172,wbb:ivy,12,Ivy League,Ivy League
2020,179,wbb:atlantic-10,3,Atlantic 10 Conference,Atlantic 10
2020,183,wbb:acc,2,Atlantic Coast Conference,ACC
2020,189,wbb:mac,14,Mid-American Conference,MAC
2020,193,wbb:mac,14,Mid-American Conference,MAC
2020,194,wbb:big-ten,7,Big Ten Conference,Big Ten
2020,195,wbb:mac,14,Mid-American Conference,MAC
2020,197,wbb:big-12,8,Big 12 Conference,Big 12
2020,198,wbb:summit,47,The Summit League,Summit League
2020,2,wbb:sec,23,Southeastern Conference,SEC
2020,2000,wbb:southland,25,Southland Conference,Southland
2020,2005,wbb:mountain-west,44,Mountain West Conference,Mountain West
2020,2006,wbb:mac,14,Mid-American Conference,MAC
2020,201,wbb:big-12,8,Big 12 Conference,Big 12
2020,2010,wbb:swac,26,Southwestern Athletic Conference,SWAC
2020,2011,wbb:swac,26,Southwestern Athletic Conference,SWAC
2020,2016,wbb:swac,26,Southwestern Athletic Conference,SWAC
2020,202,wbb:american,62,American Athletic Conference,AAC
2020,2026,wbb:sun-belt,27,Sun Belt Conference,Sun Belt
2020,2029,wbb:swac,26,Southwestern Athletic Conference,SWAC
2020,2031,wbb:sun-belt,27,Sun Belt Conference,Sun Belt
2020,2032,wbb:sun-belt,27,Sun Belt Conference,Sun Belt
2020,204,wbb:pac-12,21,Pac-12 Conference,Pac-12
2020,2046,wbb:ovc,20,Ohio Valley Conference,OVC
2020,2050,wbb:mac,14,Mid-American Conference,MAC
2020,2057,wbb:ovc,20,Ohio Valley Conference,OVC
2020,2065,wbb:meac,16,Mid-Eastern Athletic Conference,MEAC
2020,2066,wbb:america-east,1,America East Conference,America East
2020,2083,wbb:patriot,22,Patriot League,Patriot
2020,2084,wbb:mac,14,Mid-American Conference,MAC
2020,2086,wbb:big-east,4,Big East Conference,Big East
2020,2097,wbb:big-south,6,Big South Conference,Big South
2020,2099,wbb:maac,13,Metro Atlantic Athletic Conference,MAAC
2020,21,wbb:mountain-west,44,Mountain West Conference,Mountain West
2020,2110,wbb:southland,25,Southland Conference,Southland
2020,2115,wbb:nec,19,Northeast Conference,NEC
2020,2116,wbb:american,62,American Athletic Conference,AAC
2020,2117,wbb:mac,14,Mid-American Conference,MAC
2020,2127,wbb:big-south,6,Big South Conference,Big South
2020,213,wbb:big-ten,7,Big Ten Conference,Big Ten
2020,2130,wbb:wac,30,Western Athletic Conference,WAC
2020,2132,wbb:american,62,American Athletic Conference,AAC
2020,2142,wbb:patriot,22,Patriot League,Patriot
2020,2154,wbb:meac,16,Mid-Eastern Athletic Conference,MEAC
2020,2166,wbb:atlantic-10,3,Atlantic 10 Conference,Atlantic 10
2020,2168,wbb:atlantic-10,3,Atlantic 10 Conference,Atlantic 10
2020,2169,wbb:meac,16,Mid-Eastern Athletic Conference,MEAC
2020,2172,wbb:summit,47,The Summit League,Summit League
2020,2174,wbb:horizon,45,Horizon League,Horizon
2020,218,wbb:american,62,American Athletic Conference,AAC
2020,2181,wbb:mvc,18,Missouri Valley Conference,MVC
2020,2182,wbb:caa,10,Colonial Athletic Association,CAA
2020,2184,wbb:atlantic-10,3,Atlantic 10 Conference,Atlantic 10
2020,219,wbb:ivy,12,Ivy League,Ivy League
2020,2193,wbb:socon,24,Southern Conference,SoCon
2020,2197,wbb:ovc,20,Ohio Valley Conference,OVC
2020,2198,wbb:ovc,20,Ohio Valley Conference,OVC
2020,2199,wbb:mac,14,Mid-American Conference,MAC
2020,221,wbb:acc,2,Atlantic Coast Conference,ACC
2020,2210,wbb:caa,10,Colonial Athletic Association,CAA
2020,2217,wbb:maac,13,Metro Atlantic Athletic Conference,MAAC
2020,222,wbb:big-east,4,Big East Conference,Big East
2020,2226,wbb:cusa,11,Conference USA,C-USA
2020,2229,wbb:cusa,11,Conference USA,C-USA
2020,2230,wbb:atlantic-10,3,Atlantic 10 Conference,Atlantic 10
2020,2239,wbb:big-west,9,Big West Conference,Big West
2020,2241,wbb:big-south,6,Big South Conference,Big South
2020,2244,wbb:atlantic-10,3,Atlantic 10 Conference,Atlantic 10
2020,2247,wbb:sun-belt,27,Sun Belt Conference,Sun Belt
2020,225,wbb:ivy,12,Ivy League,Ivy League
2020,2250,wbb:wcc,29,West Coast Conference,WCC
2020,2253,wbb:wac,30,Western Athletic Conference,WAC
2020,2261,wbb:big-south,6,Big South Conference,Big South
2020,227,wbb:atlantic-10,3,Atlantic 10 Conference,Atlantic 10
2020,2272,wbb:big-south,6,Big South Conference,Big South
2020,2275,wbb:caa,10,Colonial Athletic Association,CAA
2020,2277,wbb:southland,25,Southland Conference,Southland
2020,228,wbb:acc,2,Atlantic Coast Conference,ACC
2020,2287,wbb:mvc,18,Missouri Valley Conference,MVC
2020,2294,wbb:big-ten,7,Big Ten Conference,Big Ten
2020,2296,wbb:swac,26,Southwestern Athletic Conference,SWAC
2020,23,wbb:mountain-west,44,Mountain West Conference,Mountain West
2020,2305,wbb:big-12,8,Big 12 Conference,Big 12
2020,2306,wbb:big-12,8,Big 12 Conference,Big 12
2020,2309,wbb:mac,14,Mid-American Conference,MAC
2020,231,wbb:socon,24,Southern Conference,SoCon
2020,232,wbb:caa,10,Colonial Athletic Association,CAA
2020,2320,wbb:southland,25,Southland Conference,Southland
2020,2325,wbb:atlantic-10,3,Atlantic 10 Conference,Atlantic 10
2020,2329,wbb:patriot,22,Patriot League,Patriot
2020,233,wbb:summit,47,The Summit League,Summit League
2020,2335,wbb:asun,46,ASUN Conference,ASUN
2020,2344,wbb:big-south,6,Big South Conference,Big South
2020,2348,wbb:cusa,11,Conference USA,C-USA
2020,2349,wbb:america-east,1,America East Conference,America East
2020,235,wbb:american,62,American Athletic Conference,AAC
2020,2350,wbb:mvc,18,Missouri Valley Conference,MVC
2020,2351,wbb:wcc,29,West Coast Conference,WCC
2020,2352,wbb:patriot,22,Patriot League,Patriot
2020,236,wbb:socon,24,Southern Conference,SoCon
2020,2363,wbb:maac,13,Metro Atlantic Athletic Conference,MAAC
2020,2368,wbb:maac,13,Metro Atlantic Athletic Conference,MAAC
2020,2377,wbb:southland,25,Southland Conference,Southland
2020,2378,wbb:america-east,1,America East Conference,America East
2020,2379,wbb:meac,16,Mid-Eastern Athletic Conference,MEAC
2020,238,wbb:sec,23,Southeastern Conference,SEC
2020,2382,wbb:socon,24,Southern Conference,SoCon
2020,239,wbb:big-12,8,Big 12 Conference,Big 12
2020,2390,wbb:acc,2,Atlantic Coast Conference,ACC
2020,2393,wbb:cusa,11,Conference USA,C-USA
2020,24,wbb:pac-12,21,Pac-12 Conference,Pac-12
2020,2400,wbb:swac,26,Southwestern Athletic Conference,SWAC
2020,2405,wbb:maac,13,Metro Atlantic Athletic Conference,MAAC
2020,2413,wbb:ovc,20,Ohio Valley Conference,OVC
2020,2415,wbb:meac,16,Mid-Eastern Athletic Conference,MEAC
2020,242,wbb:cusa,11,Conference USA,C-USA
2020,2426,wbb:patriot,22,Patriot League,Patriot
2020,2427,wbb:big-south,6,Big South Conference,Big South
2020,2428,wbb:meac,16,Mid-Eastern Athletic Conference,MEAC
2020,2429,wbb:cusa,11,Conference USA,C-USA
2020,2430,wbb:socon,24,Southern Conference,SoCon
2020,2433,wbb:sun-belt,27,Sun Belt Conference,Sun Belt
2020,2437,wbb:summit,47,The Summit League,Summit League
2020,2439,wbb:mountain-west,44,Mountain West Conference,Mountain West
2020,2440,wbb:mountain-west,44,Mountain West Conference,Mountain West
2020,2443,wbb:southland,25,Southland Conference,Southland
2020,2447,wbb:southland,25,Southland Conference,Southland
2020,2448,wbb:meac,16,Mid-Eastern Athletic Conference,MEAC
2020,2449,wbb:summit,47,The Summit League,Summit League
2020,245,wbb:sec,23,Southeastern Conference,SEC
2020,2450,wbb:meac,16,Mid-Eastern Athletic Conference,MEAC
2020,2453,wbb:asun,46,ASUN Conference,ASUN
2020,2454,wbb:asun,46,ASUN Conference,ASUN
2020,2458,wbb:big-sky,5,Big Sky Conference,Big Sky
2020,2459,wbb:mac,14,Mid-American Conference,MAC
2020,2460,wbb:mvc,18,Missouri Valley Conference,MVC
2020,2463,wbb:big-west,9,Big West Conference,Big West
2020,2464,wbb:big-sky,5,Big Sky Conference,Big Sky
2020,2466,wbb:southland,25,Southland Conference,Southland
2020,2473,wbb:horizon,45,Horizon League,Horizon
2020,248,wbb:american,62,American Athletic Conference,AAC
2020,2483,wbb:pac-12,21,Pac-12 Conference,Pac-12
2020,249,wbb:cusa,11,Conference USA,C-USA
2020,2492,wbb:wcc,29,West Coast Conference,WCC
2020,25,wbb:pac-12,21,Pac-12 Conference,Pac-12
2020,250,wbb:sun-belt,27,Sun Belt Conference,Sun Belt
2020,2501,wbb:wcc,29,West Coast Conference,WCC
2020,2502,wbb:big-sky,5,Big Sky Conference,Big Sky
2020,2504,wbb:swac,26,Southwestern Athletic Conference,SWAC
2020,2506,wbb:big-south,6,Big South Conference,Big South
2020,2507,wbb:big-east,4,Big East Conference,Big East
2020,2509,wbb:big-ten,7,Big Ten Conference,Big Ten
2020,251,wbb:big-12,8,Big 12 Conference,Big 12
2020,2514,wbb:maac,13,Metro Atlantic Athletic Conference,MAAC
2020,2515,wbb:big-south,6,Big South Conference,Big South
2020,252,wbb:wcc,29,West Coast Conference,WCC
2020,2520,wbb:maac,13,Metro Atlantic Athletic Conference,MAAC
2020,2523,wbb:nec,19,Northeast Conference,NEC
2020,2529,wbb:nec,19,Northeast Conference,NEC
2020,253,wbb:big-sky,5,Big Sky Conference,Big Sky
2020,2534,wbb:southland,25,Southland Conference,Southland
2020,2535,wbb:socon,24,Southern Conference,SoCon
2020,2539,wbb:wcc,29,West Coast Conference,WCC
2020,254,wbb:pac-12,21,Pac-12 Conference,Pac-12
2020,2540,wbb:big-west,9,Big West Conference,Big West
2020,2541,wbb:wcc,29,West Coast Conference,WCC
2020,2545,wbb:southland,25,Southland Conference,Southland
2020,2546,wbb:ovc,20,Ohio Valley Conference,OVC
2020,2547,wbb:wac,30,Western Athletic Conference,WAC
2020,2550,wbb:big-east,4,Big East Conference,Big East
2020,256,wbb:caa,10,Colonial Athletic Association,CAA
2020,2561,wbb:maac,13,Metro Atlantic Athletic Conference,MAAC
2020,2565,wbb:ovc,20,Ohio Valley Conference,OVC
2020,2567,wbb:american,62,American Athletic Conference,AAC
2020,2569,wbb:meac,16,Mid-Eastern Athletic Conference,MEAC
2020,257,wbb:atlantic-10,3,Atlantic 10 Conference,Atlantic 10
2020,2571,wbb:summit,47,The Summit League,Summit League
2020,2572,wbb:cusa,11,Conference USA,C-USA
2020,2579,wbb:sec,23,Southeastern Conference,SEC
2020,258,wbb:acc,2,Atlantic Coast Conference,ACC
2020,2582,wbb:swac,26,Southwestern Athletic Conference,SWAC
2020,259,wbb:acc,2,Atlantic Coast Conference,ACC
2020,2597,wbb:nec,19,Northeast Conference,NEC
2020,2598,wbb:nec,19,Northeast Conference,NEC
2020,2599,wbb:big-east,4,Big East Conference,Big East
2020,26,wbb:pac-12,21,Pac-12 Conference,Pac-12
2020,2603,wbb:atlantic-10,3,Atlantic 10 Conference,Atlantic 10
2020,2608,wbb:wcc,29,West Coast Conference,WCC
2020,261,wbb:america-east,1,America East Conference,America East
2020,2612,wbb:maac,13,Metro Atlantic Athletic Conference,MAAC
2020,2617,wbb:southland,25,Southland Conference,Southland
2020,2619,wbb:america-east,1,America East Conference,America East
2020,2623,wbb:mvc,18,Missouri Valley Conference,MVC
2020,2628,wbb:big-12,8,Big 12 Conference,Big 12
2020,2630,wbb:ovc,20,Ohio Valley Conference,OVC
2020,2633,wbb:sec,23,Southeastern Conference,SEC
2020,2634,wbb:ovc,20,Ohio Valley Conference,OVC
2020,2635,wbb:ovc,20,Ohio Valley Conference,OVC
2020,2636,wbb:cusa,11,Conference USA,C-USA
2020,2638,wbb:cusa,11,Conference USA,C-USA
2020,264,wbb:pac-12,21,Pac-12 Conference,Pac-12
2020,2640,wbb:swac,26,Southwestern Athletic Conference,SWAC
2020,2641,wbb:big-12,8,Big 12 Conference,Big 12
2020,2649,wbb:mac,14,Mid-American Conference,MAC
2020,265,wbb:pac-12,21,Pac-12 Conference,Pac-12
2020,2653,wbb:sun-belt,27,Sun Belt Conference,Sun Belt
2020,2655,wbb:american,62,American Athletic Conference,AAC
2020,2670,wbb:atlantic-10,3,Atlantic 10 Conference,Atlantic 10
2020,2674,wbb:mvc,18,Missouri Valley Conference,MVC
2020,2681,wbb:nec,19,Northeast Conference,NEC
2020,269,wbb:big-east,4,Big East Conference,Big East
2020,2692,wbb:big-sky,5,Big Sky Conference,Big Sky
2020,27,wbb:big-west,9,Big West Conference,Big West
2020,270,wbb:horizon,45,Horizon League,Horizon
2020,2710,wbb:summit,47,The Summit League,Summit League
2020,2711,wbb:mac,14,Mid-American Conference,MAC
2020,2717,wbb:socon,24,Southern Conference,SoCon
2020,2724,wbb:american,62,American Athletic Conference,AAC
2020,2729,wbb:caa,10,Colonial Athletic Association,CAA
2020,2737,wbb:big-south,6,Big South Conference,Big South
2020,2739,wbb:horizon,45,Horizon League,Horizon
2020,2747,wbb:socon,24,Southern Conference,SoCon
2020,275,wbb:big-ten,7,Big Ten Conference,Big Ten
2020,2750,wbb:horizon,45,Horizon League,Horizon
2020,2751,wbb:mountain-west,44,Mountain West Conference,Mountain West
2020,2752,wbb:big-east,4,Big East Conference,Big East
2020,2754,wbb:horizon,45,Horizon League,Horizon
2020,2755,wbb:swac,26,Southwestern Athletic Conference,SWAC
2020,276,wbb:cusa,11,Conference USA,C-USA
2020,277,wbb:big-12,8,Big 12 Conference,Big 12
2020,2771,wbb:nec,19,Northeast Conference,NEC
2020,278,wbb:mountain-west,44,Mountain West Conference,Mountain West
2020,279,wbb:wcc,29,West Coast Conference,WCC
2020,2803,wbb:nec,19,Northeast Conference,NEC
2020,282,wbb:mvc,18,Missouri Valley Conference,MVC
2020,2856,wbb:wac,30,Western Athletic Conference,WAC
2020,2870,wbb:summit,47,The Summit League,Summit League
2020,288,wbb:asun,46,ASUN Conference,ASUN
2020,2885,wbb:asun,46,ASUN Conference,ASUN
2020,290,wbb:sun-belt,27,Sun Belt Conference,Sun Belt
2020,2908,wbb:big-south,6,Big South Conference,Big South
2020,2916,wbb:southland,25,Southland Conference,Southland
2020,292,wbb:wac,30,Western Athletic Conference,WAC
2020,2934,wbb:wac,30,Western Athletic Conference,WAC
2020,294,wbb:asun,46,ASUN Conference,ASUN
2020,295,wbb:cusa,11,Conference USA,C-USA
2020,299,wbb:big-west,9,Big West Conference,Big West
2020,30,wbb:pac-12,21,Pac-12 Conference,Pac-12
2020,300,wbb:big-west,9,Big West Conference,Big West
2020,301,wbb:wcc,29,West Coast Conference,WCC
2020,302,wbb:big-west,9,Big West Conference,Big West
2020,304,wbb:big-sky,5,Big Sky Conference,Big Sky
2020,305,wbb:big-east,4,Big East Conference,Big East
2020,3084,wbb:wac,30,Western Athletic Conference,WAC
2020,309,wbb:sun-belt,27,Sun Belt Conference,Sun Belt
2020,311,wbb:america-east,1,America East Conference,America East
2020,314,wbb:maac,13,Metro Atlantic Athletic Conference,MAAC
2020,315,wbb:maac,13,Metro Atlantic Athletic Conference,MAAC
2020,322,wbb:patriot,22,Patriot League,Patriot
2020,324,wbb:sun-belt,27,Sun Belt Conference,Sun Belt
2020,325,wbb:horizon,45,Horizon League,Horizon
2020,326,wbb:sun-belt,27,Sun Belt Conference,Sun Belt
2020,328,wbb:mountain-west,44,Mountain West Conference,Mountain West
2020,331,wbb:big-sky,5,Big Sky Conference,Big Sky
2020,333,wbb:sec,23,Southeastern Conference,SEC
2020,338,wbb:asun,46,ASUN Conference,ASUN
2020,339,wbb:mvc,18,Missouri Valley Conference,MVC
2020,344,wbb:sec,23,Southeastern Conference,SEC
2020,349,wbb:patriot,22,Patriot League,Patriot
2020,350,wbb:caa,10,Colonial Athletic Association,CAA
2020,356,wbb:big-ten,7,Big Ten Conference,Big Ten
2020,357,wbb:southland,25,Southland Conference,Southland
2020,36,wbb:mountain-west,44,Mountain West Conference,Mountain West
2020,38,wbb:pac-12,21,Pac-12 Conference,Pac-12
2020,399,wbb:america-east,1,America East Conference,America East
2020,41,wbb:american,62,American Athletic Conference,AAC
2020,42,wbb:america-east,1,America East Conference,America East
2020,43,wbb:ivy,12,Ivy League,Ivy League
2020,44,wbb:patriot,22,Patriot League,Patriot
2020,45,wbb:atlantic-10,3,Atlantic 10 Conference,Atlantic 10
2020,46,wbb:big-east,4,Big East Conference,Big East
2020,47,wbb:meac,16,Mid-Eastern Athletic Conference,MEAC
2020,48,wbb:caa,10,Colonial Athletic Association,CAA
2020,5,wbb:cusa,11,Conference USA,C-USA
2020,50,wbb:meac,16,Mid-Eastern Athletic Conference,MEAC
2020,52,wbb:acc,2,Atlantic Coast Conference,ACC
2020,526,wbb:asun,46,ASUN Conference,ASUN
2020,55,wbb:ovc,20,Ohio Valley Conference,OVC
2020,56,wbb:asun,46,ASUN Conference,ASUN
2020,57,wbb:sec,23,Southeastern Conference,SEC
2020,58,wbb:american,62,American Athletic Conference,AAC
2020,59,wbb:acc,2,Atlantic Coast Conference,ACC
2020,6,wbb:sun-belt,27,Sun Belt Conference,Sun Belt
2020,61,wbb:sec,23,Southeastern Conference,SEC
2020,62,wbb:big-west,9,Big West Conference,Big West
2020,66,wbb:big-12,8,Big 12 Conference,Big 12
2020,68,wbb:mountain-west,44,Mountain West Conference,Mountain West
2020,70,wbb:big-sky,5,Big Sky Conference,Big Sky
2020,71,wbb:mvc,18,Missouri Valley Conference,MVC
2020,77,wbb:big-ten,7,Big Ten Conference,Big Ten
2020,79,wbb:mvc,18,Missouri Valley Conference,MVC
2020,8,wbb:sec,23,Southeastern Conference,SEC
2020,82,wbb:horizon,45,Horizon League,Horizon
2020,84,wbb:big-ten,7,Big Ten Conference,Big Ten
2020,85,wbb:horizon,45,Horizon League,Horizon
2020,87,wbb:acc,2,Atlantic Coast Conference,ACC
2020,9,wbb:pac-12,21,Pac-12 Conference,Pac-12
2020,93,wbb:ovc,20,Ohio Valley Conference,OVC
2020,94,wbb:horizon,45,Horizon League,Horizon
2020,96,wbb:sec,23,Southeastern Conference,SEC
2020,97,wbb:acc,2,Atlantic Coast Conference,ACC
2020,98,wbb:cusa,11,Conference USA,C-USA
2020,99,wbb:sec,23,Southeastern Conference,SEC
2021,103,wbb:acc,2,Atlantic Coast Conference,ACC
2021,104,wbb:patriot,22,Patriot League,Patriot
2021,107,wbb:patriot,22,Patriot League,Patriot
2021,108,wbb:ivy,12,Ivy League,Ivy League
2021,111,wbb:caa,10,Colonial Athletic Association,CAA
2021,112358,wbb:nec,19,Northeast Conference,NEC
2021,113,wbb:atlantic-10,3,Atlantic 10 Conference,Atlantic 10
2021,116,wbb:nec,19,Northeast Conference,NEC
2021,119,wbb:caa,10,Colonial Athletic Association,CAA
2021,12,wbb:pac-12,21,Pac-12 Conference,Pac-12
2021,120,wbb:big-ten,7,Big Ten Conference,Big Ten
2021,127,wbb:big-ten,7,Big Ten Conference,Big Ten
2021,13,wbb:big-west,9,Big West Conference,Big West
2021,130,wbb:big-ten,7,Big Ten Conference,Big Ten
2021,135,wbb:big-ten,7,Big Ten Conference,Big Ten
2021,139,wbb:atlantic-10,3,Atlantic 10 Conference,Atlantic 10
2021,140,wbb:summit,47,The Summit League,Summit League
2021,142,wbb:sec,23,Southeastern Conference,SEC
2021,145,wbb:sec,23,Southeastern Conference,SEC
2021,147,wbb:big-sky,5,Big Sky Conference,Big Sky
2021,149,wbb:big-sky,5,Big Sky Conference,Big Sky
2021,150,wbb:acc,2,Atlantic Coast Conference,ACC
2021,151,wbb:american,62,American Athletic Conference,AAC
2021,152,wbb:acc,2,Atlantic Coast Conference,ACC
2021,153,wbb:acc,2,Atlantic Coast Conference,ACC
2021,154,wbb:acc,2,Atlantic Coast Conference,ACC
2021,155,wbb:summit,47,The Summit League,Summit League
2021,156,wbb:big-east,4,Big East Conference,Big East
2021,158,wbb:big-ten,7,Big Ten Conference,Big Ten
2021,159,wbb:ivy,12,Ivy League,Ivy League
2021,16,wbb:big-sky,5,Big Sky Conference,Big Sky
2021,160,wbb:america-east,1,America East Conference,America East
2021,161,wbb:nec,19,Northeast Conference,NEC
2021,163,wbb:ivy,12,Ivy League,Ivy League
2021,164,wbb:big-ten,7,Big Ten Conference,Big Ten
2021,166,wbb:wac,30,Western Athletic Conference,WAC
2021,167,wbb:mountain-west,44,Mountain West Conference,Mountain West
2021,171,wbb:ivy,12,Ivy League,Ivy League
2021,172,wbb:ivy,12,Ivy League,Ivy League
2021,179,wbb:atlantic-10,3,Atlantic 10 Conference,Atlantic 10
2021,183,wbb:acc,2,Atlantic Coast Conference,ACC
2021,189,wbb:mac,14,Mid-American Conference,MAC
2021,193,wbb:mac,14,Mid-American Conference,MAC
2021,194,wbb:big-ten,7,Big Ten Conference,Big Ten
2021,195,wbb:mac,14,Mid-American Conference,MAC
2021,197,wbb:big-12,8,Big 12 Conference,Big 12
2021,198,wbb:summit,47,The Summit League,Summit League
2021,2,wbb:sec,23,Southeastern Conference,SEC
2021,2000,wbb:southland,25,Southland Conference,Southland
2021,2005,wbb:mountain-west,44,Mountain West Conference,Mountain West
2021,2006,wbb:mac,14,Mid-American Conference,MAC
2021,201,wbb:big-12,8,Big 12 Conference,Big 12
2021,2010,wbb:swac,26,Southwestern Athletic Conference,SWAC
2021,2011,wbb:swac,26,Southwestern Athletic Conference,SWAC
2021,2016,wbb:swac,26,Southwestern Athletic Conference,SWAC
2021,202,wbb:american,62,American Athletic Conference,AAC
2021,2026,wbb:sun-belt,27,Sun Belt Conference,Sun Belt
2021,2029,wbb:swac,26,Southwestern Athletic Conference,SWAC
2021,2031,wbb:sun-belt,27,Sun Belt Conference,Sun Belt
2021,2032,wbb:sun-belt,27,Sun Belt Conference,Sun Belt
2021,204,wbb:pac-12,21,Pac-12 Conference,Pac-12
2021,2046,wbb:ovc,20,Ohio Valley Conference,OVC
2021,2050,wbb:mac,14,Mid-American Conference,MAC
2021,2057,wbb:ovc,20,Ohio Valley Conference,OVC
2021,2065,wbb:meac,16,Mid-Eastern Athletic Conference,MEAC
2021,2066,wbb:america-east,1,America East Conference,America East
2021,2083,wbb:patriot,22,Patriot League,Patriot
2021,2084,wbb:mac,14,Mid-American Conference,MAC
2021,2086,wbb:big-east,4,Big East Conference,Big East
2021,2097,wbb:big-south,6,Big South Conference,Big South
2021,2099,wbb:maac,13,Metro Atlantic Athletic Conference,MAAC
2021,21,wbb:mountain-west,44,Mountain West Conference,Mountain West
2021,2110,wbb:southland,25,Southland Conference,Southland
2021,2115,wbb:nec,19,Northeast Conference,NEC
2021,2116,wbb:american,62,American Athletic Conference,AAC
2021,2117,wbb:mac,14,Mid-American Conference,MAC
2021,2127,wbb:big-south,6,Big South Conference,Big South
2021,213,wbb:big-ten,7,Big Ten Conference,Big Ten
2021,2130,wbb:wac,30,Western Athletic Conference,WAC
2021,2132,wbb:american,62,American Athletic Conference,AAC
2021,2142,wbb:patriot,22,Patriot League,Patriot
2021,2154,wbb:meac,16,Mid-Eastern Athletic Conference,MEAC
2021,2166,wbb:atlantic-10,3,Atlantic 10 Conference,Atlantic 10
2021,2168,wbb:atlantic-10,3,Atlantic 10 Conference,Atlantic 10
2021,2169,wbb:meac,16,Mid-Eastern Athletic Conference,MEAC
2021,2172,wbb:summit,47,The Summit League,Summit League
2021,2174,wbb:horizon,45,Horizon League,Horizon
2021,218,wbb:american,62,American Athletic Conference,AAC
2021,2181,wbb:mvc,18,Missouri Valley Conference,MVC
2021,2182,wbb:caa,10,Colonial Athletic Association,CAA
2021,2184,wbb:atlantic-10,3,Atlantic 10 Conference,Atlantic 10
2021,219,wbb:ivy,12,Ivy League,Ivy League
2021,2193,wbb:socon,24,Southern Conference,SoCon
2021,2197,wbb:ovc,20,Ohio Valley Conference,OVC
2021,2198,wbb:ovc,20,Ohio Valley Conference,OVC
2021,2199,wbb:mac,14,Mid-American Conference,MAC
2021,221,wbb:acc,2,Atlantic Coast Conference,ACC
2021,2210,wbb:caa,10,Colonial Athletic Association,CAA
2021,2217,wbb:maac,13,Metro Atlantic Athletic Conference,MAAC
2021,222,wbb:big-east,4,Big East Conference,Big East
2021,2226,wbb:cusa,11,Conference USA,C-USA
2021,2229,wbb:cusa,11,Conference USA,C-USA
2021,2230,wbb:atlantic-10,3,Atlantic 10 Conference,Atlantic 10
2021,2239,wbb:big-west,9,Big West Conference,Big West
2021,2241,wbb:big-south,6,Big South Conference,Big South
2021,2244,wbb:atlantic-10,3,Atlantic 10 Conference,Atlantic 10
2021,2247,wbb:sun-belt,27,Sun Belt Conference,Sun Belt
2021,225,wbb:ivy,12,Ivy League,Ivy League
2021,2250,wbb:wcc,29,West Coast Conference,WCC
2021,2253,wbb:wac,30,Western Athletic Conference,WAC
2021,2261,wbb:big-south,6,Big South Conference,Big South
2021,227,wbb:atlantic-10,3,Atlantic 10 Conference,Atlantic 10
2021,2272,wbb:big-south,6,Big South Conference,Big South
2021,2275,wbb:caa,10,Colonial Athletic Association,CAA
2021,2277,wbb:southland,25,Southland Conference,Southland
2021,228,wbb:acc,2,Atlantic Coast Conference,ACC
2021,2287,wbb:mvc,18,Missouri Valley Conference,MVC
2021,2294,wbb:big-ten,7,Big Ten Conference,Big Ten
2021,2296,wbb:swac,26,Southwestern Athletic Conference,SWAC
2021,23,wbb:mountain-west,44,Mountain West Conference,Mountain West
2021,2305,wbb:big-12,8,Big 12 Conference,Big 12
2021,2306,wbb:big-12,8,Big 12 Conference,Big 12
2021,2309,wbb:mac,14,Mid-American Conference,MAC
2021,231,wbb:socon,24,Southern Conference,SoCon
2021,232,wbb:caa,10,Colonial Athletic Association,CAA
2021,2320,wbb:southland,25,Southland Conference,Southland
2021,2325,wbb:atlantic-10,3,Atlantic 10 Conference,Atlantic 10
2021,2329,wbb:patriot,22,Patriot League,Patriot
2021,233,wbb:summit,47,The Summit League,Summit League
2021,2335,wbb:asun,46,ASUN Conference,ASUN
2021,2344,wbb:big-south,6,Big South Conference,Big South
2021,2348,wbb:cusa,11,Conference USA,C-USA
2021,2349,wbb:america-east,1,America East Conference,America East
2021,235,wbb:american,62,American Athletic Conference,AAC
2021,2350,wbb:mvc,18,Missouri Valley Conference,MVC
2021,2351,wbb:wcc,29,West Coast Conference,WCC
2021,2352,wbb:patriot,22,Patriot League,Patriot
2021,236,wbb:socon,24,Southern Conference,SoCon
2021,2363,wbb:maac,13,Metro Atlantic Athletic Conference,MAAC
2021,2368,wbb:maac,13,Metro Atlantic Athletic Conference,MAAC
2021,2377,wbb:southland,25,Southland Conference,Southland
2021,2378,wbb:america-east,1,America East Conference,America East
2021,2379,wbb:meac,16,Mid-Eastern Athletic Conference,MEAC
2021,238,wbb:sec,23,Southeastern Conference,SEC
2021,2382,wbb:socon,24,Southern Conference,SoCon
2021,239,wbb:big-12,8,Big 12 Conference,Big 12
2021,2390,wbb:acc,2,Atlantic Coast Conference,ACC
2021,2393,wbb:cusa,11,Conference USA,C-USA
2021,24,wbb:pac-12,21,Pac-12 Conference,Pac-12
2021,2400,wbb:swac,26,Southwestern Athletic Conference,SWAC
2021,2405,wbb:maac,13,Metro Atlantic Athletic Conference,MAAC
2021,2413,wbb:ovc,20,Ohio Valley Conference,OVC
2021,2415,wbb:meac,16,Mid-Eastern Athletic Conference,MEAC
2021,242,wbb:cusa,11,Conference USA,C-USA
2021,2426,wbb:patriot,22,Patriot League,Patriot
2021,2427,wbb:big-south,6,Big South Conference,Big South
2021,2428,wbb:meac,16,Mid-Eastern Athletic Conference,MEAC
2021,2429,wbb:cusa,11,Conference USA,C-USA
2021,2430,wbb:socon,24,Southern Conference,SoCon
2021,2433,wbb:sun-belt,27,Sun Belt Conference,Sun Belt
2021,2437,wbb:summit,47,The Summit League,Summit League
2021,2439,wbb:mountain-west,44,Mountain West Conference,Mountain West
2021,2440,wbb:mountain-west,44,Mountain West Conference,Mountain West
2021,2443,wbb:southland,25,Southland Conference,Southland
2021,2447,wbb:southland,25,Southland Conference,Southland
2021,2448,wbb:meac,16,Mid-Eastern Athletic Conference,MEAC
2021,2449,wbb:summit,47,The Summit League,Summit League
2021,245,wbb:sec,23,Southeastern Conference,SEC
2021,2450,wbb:meac,16,Mid-Eastern Athletic Conference,MEAC
2021,2453,wbb:asun,46,ASUN Conference,ASUN
2021,2454,wbb:asun,46,ASUN Conference,ASUN
2021,2458,wbb:big-sky,5,Big Sky Conference,Big Sky
2021,2459,wbb:mac,14,Mid-American Conference,MAC
2021,2460,wbb:mvc,18,Missouri Valley Conference,MVC
2021,2463,wbb:big-west,9,Big West Conference,Big West
2021,2464,wbb:big-sky,5,Big Sky Conference,Big Sky
2021,2466,wbb:southland,25,Southland Conference,Southland
2021,2473,wbb:horizon,45,Horizon League,Horizon
2021,248,wbb:american,62,American Athletic Conference,AAC
2021,2483,wbb:pac-12,21,Pac-12 Conference,Pac-12
2021,249,wbb:cusa,11,Conference USA,C-USA
2021,2492,wbb:wcc,29,West Coast Conference,WCC
2021,25,wbb:pac-12,21,Pac-12 Conference,Pac-12
2021,250,wbb:sun-belt,27,Sun Belt Conference,Sun Belt
2021,2501,wbb:wcc,29,West Coast Conference,WCC
2021,2502,wbb:big-sky,5,Big Sky Conference,Big Sky
2021,2504,wbb:swac,26,Southwestern Athletic Conference,SWAC
2021,2506,wbb:big-south,6,Big South Conference,Big South
2021,2507,wbb:big-east,4,Big East Conference,Big East
2021,2509,wbb:big-ten,7,Big Ten Conference,Big Ten
2021,251,wbb:big-12,8,Big 12 Conference,Big 12
2021,2514,wbb:maac,13,Metro Atlantic Athletic Conference,MAAC
2021,2515,wbb:big-south,6,Big South Conference,Big South
2021,252,wbb:wcc,29,West Coast Conference,WCC
2021,2520,wbb:maac,13,Metro Atlantic Athletic Conference,MAAC
2021,2523,wbb:horizon,45,Horizon League,Horizon
2021,2529,wbb:nec,19,Northeast Conference,NEC
2021,253,wbb:big-sky,5,Big Sky Conference,Big Sky
2021,2534,wbb:southland,25,Southland Conference,Southland
2021,2535,wbb:socon,24,Southern Conference,SoCon
2021,2539,wbb:wcc,29,West Coast Conference,WCC
2021,254,wbb:pac-12,21,Pac-12 Conference,Pac-12
2021,2540,wbb:big-west,9,Big West Conference,Big West
2021,2541,wbb:wcc,29,West Coast Conference,WCC
2021,2545,wbb:southland,25,Southland Conference,Southland
2021,2546,wbb:ovc,20,Ohio Valley Conference,OVC
2021,2547,wbb:wac,30,Western Athletic Conference,WAC
2021,2550,wbb:big-east,4,Big East Conference,Big East
2021,256,wbb:caa,10,Colonial Athletic Association,CAA
2021,2561,wbb:maac,13,Metro Atlantic Athletic Conference,MAAC
2021,2565,wbb:ovc,20,Ohio Valley Conference,OVC
2021,2567,wbb:american,62,American Athletic Conference,AAC
2021,2569,wbb:meac,16,Mid-Eastern Athletic Conference,MEAC
2021,257,wbb:atlantic-10,3,Atlantic 10 Conference,Atlantic 10
2021,2571,wbb:summit,47,The Summit League,Summit League
2021,2572,wbb:cusa,11,Conference USA,C-USA
2021,2579,wbb:sec,23,Southeastern Conference,SEC
2021,258,wbb:acc,2,Atlantic Coast Conference,ACC
2021,2582,wbb:swac,26,Southwestern Athletic Conference,SWAC
2021,259,wbb:acc,2,Atlantic Coast Conference,ACC
2021,2597,wbb:nec,19,Northeast Conference,NEC
2021,2598,wbb:nec,19,Northeast Conference,NEC
2021,2599,wbb:big-east,4,Big East Conference,Big East
2021,26,wbb:pac-12,21,Pac-12 Conference,Pac-12
2021,2603,wbb:atlantic-10,3,Atlantic 10 Conference,Atlantic 10
2021,2608,wbb:wcc,29,West Coast Conference,WCC
2021,261,wbb:america-east,1,America East Conference,America East
2021,2612,wbb:maac,13,Metro Atlantic Athletic Conference,MAAC
2021,2617,wbb:southland,25,Southland Conference,Southland
2021,2619,wbb:america-east,1,America East Conference,America East
2021,2623,wbb:mvc,18,Missouri Valley Conference,MVC
2021,2627,wbb:wac,30,Western Athletic Conference,WAC
2021,2628,wbb:big-12,8,Big 12 Conference,Big 12
2021,2630,wbb:ovc,20,Ohio Valley Conference,OVC
2021,2633,wbb:sec,23,Southeastern Conference,SEC
2021,2634,wbb:ovc,20,Ohio Valley Conference,OVC
2021,2635,wbb:ovc,20,Ohio Valley Conference,OVC
2021,2636,wbb:cusa,11,Conference USA,C-USA
2021,2638,wbb:cusa,11,Conference USA,C-USA
2021,264,wbb:pac-12,21,Pac-12 Conference,Pac-12
2021,2640,wbb:swac,26,Southwestern Athletic Conference,SWAC
2021,2641,wbb:big-12,8,Big 12 Conference,Big 12
2021,2649,wbb:mac,14,Mid-American Conference,MAC
2021,265,wbb:pac-12,21,Pac-12 Conference,Pac-12
2021,2653,wbb:sun-belt,27,Sun Belt Conference,Sun Belt
2021,2655,wbb:american,62,American Athletic Conference,AAC
2021,2670,wbb:atlantic-10,3,Atlantic 10 Conference,Atlantic 10
2021,2674,wbb:mvc,18,Missouri Valley Conference,MVC
2021,2681,wbb:nec,19,Northeast Conference,NEC
2021,269,wbb:big-east,4,Big East Conference,Big East
2021,2692,wbb:big-sky,5,Big Sky Conference,Big Sky
2021,27,wbb:big-west,9,Big West Conference,Big West
2021,270,wbb:horizon,45,Horizon League,Horizon
2021,2710,wbb:summit,47,The Summit League,Summit League
2021,2711,wbb:mac,14,Mid-American Conference,MAC
2021,2717,wbb:socon,24,Southern Conference,SoCon
2021,2724,wbb:american,62,American Athletic Conference,AAC
2021,2729,wbb:caa,10,Colonial Athletic Association,CAA
2021,2737,wbb:big-south,6,Big South Conference,Big South
2021,2739,wbb:horizon,45,Horizon League,Horizon
2021,2747,wbb:socon,24,Southern Conference,SoCon
2021,275,wbb:big-ten,7,Big Ten Conference,Big Ten
2021,2750,wbb:horizon,45,Horizon League,Horizon
2021,2751,wbb:mountain-west,44,Mountain West Conference,Mountain West
2021,2752,wbb:big-east,4,Big East Conference,Big East
2021,2754,wbb:horizon,45,Horizon League,Horizon
2021,2755,wbb:swac,26,Southwestern Athletic Conference,SWAC
2021,276,wbb:cusa,11,Conference USA,C-USA
2021,277,wbb:big-12,8,Big 12 Conference,Big 12
2021,2771,wbb:nec,19,Northeast Conference,NEC
2021,278,wbb:mountain-west,44,Mountain West Conference,Mountain West
2021,279,wbb:wcc,29,West Coast Conference,WCC
2021,28,wbb:big-west,9,Big West Conference,Big West
2021,2803,wbb:nec,19,Northeast Conference,NEC
2021,282,wbb:mvc,18,Missouri Valley Conference,MVC
2021,2856,wbb:wac,30,Western Athletic Conference,WAC
2021,2870,wbb:horizon,45,Horizon League,Horizon
2021,288,wbb:asun,46,ASUN Conference,ASUN
2021,2885,wbb:america-east,1,America East Conference,America East
2021,290,wbb:sun-belt,27,Sun Belt Conference,Sun Belt
2021,2908,wbb:big-south,6,Big South Conference,Big South
2021,2916,wbb:southland,25,Southland Conference,Southland
2021,292,wbb:wac,30,Western Athletic Conference,WAC
2021,2934,wbb:big-west,9,Big West Conference,Big West
2021,294,wbb:asun,46,ASUN Conference,ASUN
2021,295,wbb:cusa,11,Conference USA,C-USA
2021,299,wbb:big-west,9,Big West Conference,Big West
2021,30,wbb:pac-12,21,Pac-12 Conference,Pac-12
2021,300,wbb:big-west,9,Big West Conference,Big West
2021,301,wbb:wcc,29,West Coast Conference,WCC
2021,302,wbb:big-west,9,Big West Conference,Big West
2021,304,wbb:big-sky,5,Big Sky Conference,Big Sky
2021,305,wbb:big-east,4,Big East Conference,Big East
2021,3084,wbb:wac,30,Western Athletic Conference,WAC
2021,309,wbb:sun-belt,27,Sun Belt Conference,Sun Belt
2021,3101,wbb:wac,30,Western Athletic Conference,WAC
2021,311,wbb:america-east,1,America East Conference,America East
2021,314,wbb:maac,13,Metro Atlantic Athletic Conference,MAAC
2021,315,wbb:maac,13,Metro Atlantic Athletic Conference,MAAC
2021,322,wbb:patriot,22,Patriot League,Patriot
2021,324,wbb:sun-belt,27,Sun Belt Conference,Sun Belt
2021,325,wbb:horizon,45,Horizon League,Horizon
2021,326,wbb:sun-belt,27,Sun Belt Conference,Sun Belt
2021,328,wbb:mountain-west,44,Mountain West Conference,Mountain West
2021,331,wbb:big-sky,5,Big Sky Conference,Big Sky
2021,333,wbb:sec,23,Southeastern Conference,SEC
2021,338,wbb:asun,46,ASUN Conference,ASUN
2021,339,wbb:mvc,18,Missouri Valley Conference,MVC
2021,344,wbb:sec,23,Southeastern Conference,SEC
2021,349,wbb:patriot,22,Patriot League,Patriot
2021,350,wbb:caa,10,Colonial Athletic Association,CAA
2021,356,wbb:big-ten,7,Big Ten Conference,Big Ten
2021,357,wbb:southland,25,Southland Conference,Southland
2021,36,wbb:mountain-west,44,Mountain West Conference,Mountain West
2021,38,wbb:pac-12,21,Pac-12 Conference,Pac-12
2021,399,wbb:america-east,1,America East Conference,America East
2021,41,wbb:big-east,4,Big East Conference,Big East
2021,42,wbb:america-east,1,America East Conference,America East
2021,43,wbb:ivy,12,Ivy League,Ivy League
2021,44,wbb:patriot,22,Patriot League,Patriot
2021,45,wbb:atlantic-10,3,Atlantic 10 Conference,Atlantic 10
2021,46,wbb:big-east,4,Big East Conference,Big East
2021,47,wbb:meac,16,Mid-Eastern Athletic Conference,MEAC
2021,48,wbb:caa,10,Colonial Athletic Association,CAA
2021,5,wbb:cusa,11,Conference USA,C-USA
2021,50,wbb:meac,16,Mid-Eastern Athletic Conference,MEAC
2021,52,wbb:acc,2,Atlantic Coast Conference,ACC
2021,526,wbb:asun,46,ASUN Conference,ASUN
2021,55,wbb:ovc,20,Ohio Valley Conference,OVC
2021,56,wbb:asun,46,ASUN Conference,ASUN
2021,57,wbb:sec,23,Southeastern Conference,SEC
2021,58,wbb:american,62,American Athletic Conference,AAC
2021,59,wbb:acc,2,Atlantic Coast Conference,ACC
2021,6,wbb:sun-belt,27,Sun Belt Conference,Sun Belt
2021,61,wbb:sec,23,Southeastern Conference,SEC
2021,62,wbb:big-west,9,Big West Conference,Big West
2021,66,wbb:big-12,8,Big 12 Conference,Big 12
2021,68,wbb:mountain-west,44,Mountain West Conference,Mountain West
2021,70,wbb:big-sky,5,Big Sky Conference,Big Sky
2021,71,wbb:mvc,18,Missouri Valley Conference,MVC
2021,77,wbb:big-ten,7,Big Ten Conference,Big Ten
2021,79,wbb:mvc,18,Missouri Valley Conference,MVC
2021,8,wbb:sec,23,Southeastern Conference,SEC
2021,82,wbb:horizon,45,Horizon League,Horizon
2021,84,wbb:big-ten,7,Big Ten Conference,Big Ten
2021,85,wbb:horizon,45,Horizon League,Horizon
2021,87,wbb:acc,2,Atlantic Coast Conference,ACC
2021,9,wbb:pac-12,21,Pac-12 Conference,Pac-12
2021,91,wbb:asun,46,ASUN Conference,ASUN
2021,93,wbb:ovc,20,Ohio Valley Conference,OVC
2021,94,wbb:horizon,45,Horizon League,Horizon
2021,96,wbb:sec,23,Southeastern Conference,SEC
2021,97,wbb:acc,2,Atlantic Coast Conference,ACC
2021,98,wbb:cusa,11,Conference USA,C-USA
2021,99,wbb:sec,23,Southeastern Conference,SEC
2022,103,wbb:acc,2,Atlantic Coast Conference,ACC
2022,104,wbb:patriot,22,Patriot League,Patriot
2022,107,wbb:patriot,22,Patriot League,Patriot
2022,108,wbb:ivy,12,Ivy League,Ivy League
2022,111,wbb:caa,10,Colonial Athletic Association,CAA
2022,112358,wbb:nec,19,Northeast Conference,NEC
2022,113,wbb:atlantic-10,3,Atlantic 10 Conference,Atlantic 10
2022,116,wbb:nec,19,Northeast Conference,NEC
2022,119,wbb:caa,10,Colonial Athletic Association,CAA
2022,12,wbb:pac-12,21,Pac-12 Conference,Pac-12
2022,120,wbb:big-ten,7,Big Ten Conference,Big Ten
2022,127,wbb:big-ten,7,Big Ten Conference,Big Ten
2022,13,wbb:big-west,9,Big West Conference,Big West
2022,130,wbb:big-ten,7,Big Ten Conference,Big Ten
2022,135,wbb:big-ten,7,Big Ten Conference,Big Ten
2022,139,wbb:atlantic-10,3,Atlantic 10 Conference,Atlantic 10
2022,140,wbb:summit,47,The Summit League,Summit League
2022,142,wbb:sec,23,Southeastern Conference,SEC
2022,145,wbb:sec,23,Southeastern Conference,SEC
2022,147,wbb:big-sky,5,Big Sky Conference,Big Sky
2022,149,wbb:big-sky,5,Big Sky Conference,Big Sky
2022,150,wbb:acc,2,Atlantic Coast Conference,ACC
2022,151,wbb:american,62,American Athletic Conference,AAC
2022,152,wbb:acc,2,Atlantic Coast Conference,ACC
2022,153,wbb:acc,2,Atlantic Coast Conference,ACC
2022,154,wbb:acc,2,Atlantic Coast Conference,ACC
2022,155,wbb:summit,47,The Summit League,Summit League
2022,156,wbb:big-east,4,Big East Conference,Big East
2022,158,wbb:big-ten,7,Big Ten Conference,Big Ten
2022,159,wbb:ivy,12,Ivy League,Ivy League
2022,16,wbb:big-sky,5,Big Sky Conference,Big Sky
2022,160,wbb:america-east,1,America East Conference,America East
2022,161,wbb:nec,19,Northeast Conference,NEC
2022,163,wbb:ivy,12,Ivy League,Ivy League
2022,164,wbb:big-ten,7,Big Ten Conference,Big Ten
2022,166,wbb:wac,30,Western Athletic Conference,WAC
2022,167,wbb:mountain-west,44,Mountain West Conference,Mountain West
2022,171,wbb:ivy,12,Ivy League,Ivy League
2022,172,wbb:ivy,12,Ivy League,Ivy League
2022,179,wbb:atlantic-10,3,Atlantic 10 Conference,Atlantic 10
2022,183,wbb:acc,2,Atlantic Coast Conference,ACC
2022,189,wbb:mac,14,Mid-American Conference,MAC
2022,193,wbb:mac,14,Mid-American Conference,MAC
2022,194,wbb:big-ten,7,Big Ten Conference,Big Ten
2022,195,wbb:mac,14,Mid-American Conference,MAC
2022,197,wbb:big-12,8,Big 12 Conference,Big 12
2022,198,wbb:summit,47,The Summit League,Summit League
2022,2,wbb:sec,23,Southeastern Conference,SEC
2022,2000,wbb:wac,30,Western Athletic Conference,WAC
2022,2005,wbb:mountain-west,44,Mountain West Conference,Mountain West
2022,2006,wbb:mac,14,Mid-American Conference,MAC
2022,201,wbb:big-12,8,Big 12 Conference,Big 12
2022,2010,wbb:swac,26,Southwestern Athletic Conference,SWAC
2022,2011,wbb:swac,26,Southwestern Athletic Conference,SWAC
2022,2016,wbb:swac,26,Southwestern Athletic Conference,SWAC
2022,202,wbb:american,62,American Athletic Conference,AAC
2022,2026,wbb:sun-belt,27,Sun Belt Conference,Sun Belt
2022,2029,wbb:swac,26,Southwestern Athletic Conference,SWAC
2022,2031,wbb:sun-belt,27,Sun Belt Conference,Sun Belt
2022,2032,wbb:sun-belt,27,Sun Belt Conference,Sun Belt
2022,204,wbb:pac-12,21,Pac-12 Conference,Pac-12
2022,2046,wbb:ovc,20,Ohio Valley Conference,OVC
2022,2050,wbb:mac,14,Mid-American Conference,MAC
2022,2057,wbb:ovc,20,Ohio Valley Conference,OVC
2022,2065,wbb:swac,26,Southwestern Athletic Conference,SWAC
2022,2066,wbb:america-east,1,America East Conference,America East
2022,2083,wbb:patriot,22,Patriot League,Patriot
2022,2084,wbb:mac,14,Mid-American Conference,MAC
2022,2086,wbb:big-east,4,Big East Conference,Big East
2022,2097,wbb:big-south,6,Big South Conference,Big South
2022,2099,wbb:maac,13,Metro Atlantic Athletic Conference,MAAC
2022,21,wbb:mountain-west,44,Mountain West Conference,Mountain West
2022,2110,wbb:asun,46,ASUN Conference,ASUN
2022,2115,wbb:nec,19,Northeast Conference,NEC
2022,2116,wbb:american,62,American Athletic Conference,AAC
2022,2117,wbb:mac,14,Mid-American Conference,MAC
2022,2127,wbb:big-south,6,Big South Conference,Big South
2022,213,wbb:big-ten,7,Big Ten Conference,Big Ten
2022,2130,wbb:wac,30,Western Athletic Conference,WAC
2022,2132,wbb:american,62,American Athletic Conference,AAC
2022,2142,wbb:patriot,22,Patriot League,Patriot
2022,2154,wbb:meac,16,Mid-Eastern Athletic Conference,MEAC
2022,2166,wbb:atlantic-10,3,Atlantic 10 Conference,Atlantic 10
2022,2168,wbb:atlantic-10,3,Atlantic 10 Conference,Atlantic 10
2022,2169,wbb:meac,16,Mid-Eastern Athletic Conference,MEAC
2022,2172,wbb:summit,47,The Summit League,Summit League
2022,2174,wbb:horizon,45,Horizon League,Horizon
2022,218,wbb:american,62,American Athletic Conference,AAC
2022,2181,wbb:mvc,18,Missouri Valley Conference,MVC
2022,2182,wbb:caa,10,Colonial Athletic Association,CAA
2022,2184,wbb:atlantic-10,3,Atlantic 10 Conference,Atlantic 10
2022,219,wbb:ivy,12,Ivy League,Ivy League
2022,2193,wbb:socon,24,Southern Conference,SoCon
2022,2197,wbb:ovc,20,Ohio Valley Conference,OVC
2022,2198,wbb:asun,46,ASUN Conference,ASUN
2022,2199,wbb:mac,14,Mid-American Conference,MAC
2022,221,wbb:acc,2,Atlantic Coast Conference,ACC
2022,2210,wbb:caa,10,Colonial Athletic Association,CAA
2022,2217,wbb:maac,13,Metro Atlantic Athletic Conference,MAAC
2022,222,wbb:big-east,4,Big East Conference,Big East
2022,2226,wbb:cusa,11,Conference USA,C-USA
2022,2229,wbb:cusa,11,Conference USA,C-USA
2022,2230,wbb:atlantic-10,3,Atlantic 10 Conference,Atlantic 10
2022,2239,wbb:big-west,9,Big West Conference,Big West
2022,2241,wbb:big-south,6,Big South Conference,Big South
2022,2244,wbb:atlantic-10,3,Atlantic 10 Conference,Atlantic 10
2022,2247,wbb:sun-belt,27,Sun Belt Conference,Sun Belt
2022,225,wbb:ivy,12,Ivy League,Ivy League
2022,2250,wbb:wcc,29,West Coast Conference,WCC
2022,2253,wbb:wac,30,Western Athletic Conference,WAC
2022,2261,wbb:big-south,6,Big South Conference,Big South
2022,227,wbb:atlantic-10,3,Atlantic 10 Conference,Atlantic 10
2022,2272,wbb:big-south,6,Big South Conference,Big South
2022,2275,wbb:caa,10,Colonial Athletic Association,CAA
2022,2277,wbb:southland,25,Southland Conference,Southland
2022,228,wbb:acc,2,Atlantic Coast Conference,ACC
2022,2287,wbb:mvc,18,Missouri Valley Conference,MVC
2022,2294,wbb:big-ten,7,Big Ten Conference,Big Ten
2022,2296,wbb:swac,26,Southwestern Athletic Conference,SWAC
2022,23,wbb:mountain-west,44,Mountain West Conference,Mountain West
2022,2305,wbb:big-12,8,Big 12 Conference,Big 12
2022,2306,wbb:big-12,8,Big 12 Conference,Big 12
2022,2309,wbb:mac,14,Mid-American Conference,MAC
2022,231,wbb:socon,24,Southern Conference,SoCon
2022,232,wbb:caa,10,Colonial Athletic Association,CAA
2022,2320,wbb:wac,30,Western Athletic Conference,WAC
2022,2325,wbb:atlantic-10,3,Atlantic 10 Conference,Atlantic 10
2022,2329,wbb:patriot,22,Patriot League,Patriot
2022,233,wbb:summit,47,The Summit League,Summit League
2022,2335,wbb:asun,46,ASUN Conference,ASUN
2022,2344,wbb:big-south,6,Big South Conference,Big South
2022,2348,wbb:cusa,11,Conference USA,C-USA
2022,2349,wbb:america-east,1,America East Conference,America East
2022,235,wbb:american,62,American Athletic Conference,AAC
2022,2350,wbb:mvc,18,Missouri Valley Conference,MVC
2022,2351,wbb:wcc,29,West Coast Conference,WCC
2022,2352,wbb:patriot,22,Patriot League,Patriot
2022,236,wbb:socon,24,Southern Conference,SoCon
2022,2363,wbb:maac,13,Metro Atlantic Athletic Conference,MAAC
2022,2368,wbb:maac,13,Metro Atlantic Athletic Conference,MAAC
2022,2377,wbb:southland,25,Southland Conference,Southland
2022,2378,wbb:america-east,1,America East Conference,America East
2022,2379,wbb:meac,16,Mid-Eastern Athletic Conference,MEAC
2022,238,wbb:sec,23,Southeastern Conference,SEC
2022,2382,wbb:socon,24,Southern Conference,SoCon
2022,239,wbb:big-12,8,Big 12 Conference,Big 12
2022,2390,wbb:acc,2,Atlantic Coast Conference,ACC
2022,2393,wbb:cusa,11,Conference USA,C-USA
2022,24,wbb:pac-12,21,Pac-12 Conference,Pac-12
2022,2400,wbb:swac,26,Southwestern Athletic Conference,SWAC
2022,2405,wbb:maac,13,Metro Atlantic Athletic Conference,MAAC
2022,2413,wbb:ovc,20,Ohio Valley Conference,OVC
2022,2415,wbb:meac,16,Mid-Eastern Athletic Conference,MEAC
2022,242,wbb:cusa,11,Conference USA,C-USA
2022,2426,wbb:patriot,22,Patriot League,Patriot
2022,2427,wbb:big-south,6,Big South Conference,Big South
2022,2428,wbb:meac,16,Mid-Eastern Athletic Conference,MEAC
2022,2429,wbb:cusa,11,Conference USA,C-USA
2022,2430,wbb:socon,24,Southern Conference,SoCon
2022,2433,wbb:sun-belt,27,Sun Belt Conference,Sun Belt
2022,2437,wbb:summit,47,The Summit League,Summit League
2022,2439,wbb:mountain-west,44,Mountain West Conference,Mountain West
2022,2440,wbb:mountain-west,44,Mountain West Conference,Mountain West
2022,2443,wbb:southland,25,Southland Conference,Southland
2022,2447,wbb:southland,25,Southland Conference,Southland
2022,2448,wbb:big-south,6,Big South Conference,Big South
2022,2449,wbb:summit,47,The Summit League,Summit League
2022,245,wbb:sec,23,Southeastern Conference,SEC
2022,2450,wbb:meac,16,Mid-Eastern Athletic Conference,MEAC
2022,2453,wbb:asun,46,ASUN Conference,ASUN
2022,2454,wbb:asun,46,ASUN Conference,ASUN
2022,2458,wbb:big-sky,5,Big Sky Conference,Big Sky
2022,2459,wbb:mac,14,Mid-American Conference,MAC
2022,2460,wbb:mvc,18,Missouri Valley Conference,MVC
2022,2463,wbb:big-west,9,Big West Conference,Big West
2022,2464,wbb:big-sky,5,Big Sky Conference,Big Sky
2022,2466,wbb:southland,25,Southland Conference,Southland
2022,2473,wbb:horizon,45,Horizon League,Horizon
2022,248,wbb:american,62,American Athletic Conference,AAC
2022,2483,wbb:pac-12,21,Pac-12 Conference,Pac-12
2022,249,wbb:cusa,11,Conference USA,C-USA
2022,2492,wbb:wcc,29,West Coast Conference,WCC
2022,25,wbb:pac-12,21,Pac-12 Conference,Pac-12
2022,250,wbb:sun-belt,27,Sun Belt Conference,Sun Belt
2022,2501,wbb:wcc,29,West Coast Conference,WCC
2022,2502,wbb:big-sky,5,Big Sky Conference,Big Sky
2022,2504,wbb:swac,26,Southwestern Athletic Conference,SWAC
2022,2506,wbb:big-south,6,Big South Conference,Big South
2022,2507,wbb:big-east,4,Big East Conference,Big East
2022,2509,wbb:big-ten,7,Big Ten Conference,Big Ten
2022,251,wbb:big-12,8,Big 12 Conference,Big 12
2022,2514,wbb:maac,13,Metro Atlantic Athletic Conference,MAAC
2022,2515,wbb:big-south,6,Big South Conference,Big South
2022,252,wbb:wcc,29,West Coast Conference,WCC
2022,2520,wbb:maac,13,Metro Atlantic Athletic Conference,MAAC
2022,2523,wbb:horizon,45,Horizon League,Horizon
2022,2529,wbb:nec,19,Northeast Conference,NEC
2022,253,wbb:big-sky,5,Big Sky Conference,Big Sky
2022,2534,wbb:wac,30,Western Athletic Conference,WAC
2022,2535,wbb:socon,24,Southern Conference,SoCon
2022,2539,wbb:wcc,29,West Coast Conference,WCC
2022,254,wbb:pac-12,21,Pac-12 Conference,Pac-12
2022,2540,wbb:big-west,9,Big West Conference,Big West
2022,2541,wbb:wcc,29,West Coast Conference,WCC
2022,2545,wbb:southland,25,Southland Conference,Southland
2022,2546,wbb:ovc,20,Ohio Valley Conference,OVC
2022,2547,wbb:wac,30,Western Athletic Conference,WAC
2022,2550,wbb:big-east,4,Big East Conference,Big East
2022,256,wbb:caa,10,Colonial Athletic Association,CAA
2022,2561,wbb:maac,13,Metro Atlantic Athletic Conference,MAAC
2022,2565,wbb:ovc,20,Ohio Valley Conference,OVC
2022,2567,wbb:american,62,American Athletic Conference,AAC
2022,2569,wbb:meac,16,Mid-Eastern Athletic Conference,MEAC
2022,257,wbb:atlantic-10,3,Atlantic 10 Conference,Atlantic 10
2022,2571,wbb:summit,47,The Summit League,Summit League
2022,2572,wbb:cusa,11,Conference USA,C-USA
2022,2579,wbb:sec,23,Southeastern Conference,SEC
2022,258,wbb:acc,2,Atlantic Coast Conference,ACC
2022,2582,wbb:swac,26,Southwestern Athletic Conference,SWAC
2022,259,wbb:acc,2,Atlantic Coast Conference,ACC
2022,2597,wbb:nec,19,Northeast Conference,NEC
2022,2598,wbb:nec,19,Northeast Conference,NEC
2022,2599,wbb:big-east,4,Big East Conference,Big East
2022,26,wbb:pac-12,21,Pac-12 Conference,Pac-12
2022,2603,wbb:atlantic-10,3,Atlantic 10 Conference,Atlantic 10
2022,2608,wbb:wcc,29,West Coast Conference,WCC
2022,261,wbb:america-east,1,America East Conference,America East
2022,2612,wbb:maac,13,Metro Atlantic Athletic Conference,MAAC
2022,2617,wbb:wac,30,Western Athletic Conference,WAC
2022,2619,wbb:america-east,1,America East Conference,America East
2022,2623,wbb:mvc,18,Missouri Valley Conference,MVC
2022,2627,wbb:wac,30,Western Athletic Conference,WAC
2022,2628,wbb:big-12,8,Big 12 Conference,Big 12
2022,2630,wbb:ovc,20,Ohio Valley Conference,OVC
2022,2633,wbb:sec,23,Southeastern Conference,SEC
2022,2634,wbb:ovc,20,Ohio Valley Conference,OVC
2022,2635,wbb:ovc,20,Ohio Valley Conference,OVC
2022,2636,wbb:cusa,11,Conference USA,C-USA
2022,2638,wbb:cusa,11,Conference USA,C-USA
2022,264,wbb:pac-12,21,Pac-12 Conference,Pac-12
2022,2640,wbb:swac,26,Southwestern Athletic Conference,SWAC
2022,2641,wbb:big-12,8,Big 12 Conference,Big 12
2022,2649,wbb:mac,14,Mid-American Conference,MAC
2022,265,wbb:pac-12,21,Pac-12 Conference,Pac-12
2022,2653,wbb:sun-belt,27,Sun Belt Conference,Sun Belt
2022,2655,wbb:american,62,American Athletic Conference,AAC
2022,2670,wbb:atlantic-10,3,Atlantic 10 Conference,Atlantic 10
2022,2674,wbb:mvc,18,Missouri Valley Conference,MVC
2022,2681,wbb:nec,19,Northeast Conference,NEC
2022,269,wbb:big-east,4,Big East Conference,Big East
2022,2692,wbb:big-sky,5,Big Sky Conference,Big Sky
2022,27,wbb:big-west,9,Big West Conference,Big West
2022,270,wbb:horizon,45,Horizon League,Horizon
2022,2710,wbb:summit,47,The Summit League,Summit League
2022,2711,wbb:mac,14,Mid-American Conference,MAC
2022,2717,wbb:socon,24,Southern Conference,SoCon
2022,2724,wbb:american,62,American Athletic Conference,AAC
2022,2729,wbb:caa,10,Colonial Athletic Association,CAA
2022,2737,wbb:big-south,6,Big South Conference,Big South
2022,2739,wbb:horizon,45,Horizon League,Horizon
2022,2747,wbb:socon,24,Southern Conference,SoCon
2022,275,wbb:big-ten,7,Big Ten Conference,Big Ten
2022,2750,wbb:horizon,45,Horizon League,Horizon
2022,2751,wbb:mountain-west,44,Mountain West Conference,Mountain West
2022,2752,wbb:big-east,4,Big East Conference,Big East
2022,2754,wbb:horizon,45,Horizon League,Horizon
2022,2755,wbb:swac,26,Southwestern Athletic Conference,SWAC
2022,276,wbb:cusa,11,Conference USA,C-USA
2022,277,wbb:big-12,8,Big 12 Conference,Big 12
2022,2771,wbb:nec,19,Northeast Conference,NEC
2022,278,wbb:mountain-west,44,Mountain West Conference,Mountain West
2022,279,wbb:wcc,29,West Coast Conference,WCC
2022,28,wbb:big-west,9,Big West Conference,Big West
2022,2803,wbb:nec,19,Northeast Conference,NEC
2022,282,wbb:mvc,18,Missouri Valley Conference,MVC
2022,2856,wbb:wac,30,Western Athletic Conference,WAC
2022,2870,wbb:horizon,45,Horizon League,Horizon
2022,288,wbb:asun,46,ASUN Conference,ASUN
2022,2885,wbb:america-east,1,America East Conference,America East
2022,290,wbb:sun-belt,27,Sun Belt Conference,Sun Belt
2022,2900,wbb:summit,47,The Summit League,Summit League
2022,2908,wbb:big-south,6,Big South Conference,Big South
2022,2916,wbb:southland,25,Southland Conference,Southland
2022,292,wbb:wac,30,Western Athletic Conference,WAC
2022,2934,wbb:big-west,9,Big West Conference,Big West
2022,294,wbb:asun,46,ASUN Conference,ASUN
2022,295,wbb:cusa,11,Conference USA,C-USA
2022,299,wbb:big-west,9,Big West Conference,Big West
2022,30,wbb:pac-12,21,Pac-12 Conference,Pac-12
2022,300,wbb:big-west,9,Big West Conference,Big West
2022,301,wbb:wcc,29,West Coast Conference,WCC
2022,302,wbb:big-west,9,Big West Conference,Big West
2022,304,wbb:big-sky,5,Big Sky Conference,Big Sky
2022,305,wbb:big-east,4,Big East Conference,Big East
2022,3084,wbb:wac,30,Western Athletic Conference,WAC
2022,309,wbb:sun-belt,27,Sun Belt Conference,Sun Belt
2022,3101,wbb:wac,30,Western Athletic Conference,WAC
2022,311,wbb:america-east,1,America East Conference,America East
2022,314,wbb:maac,13,Metro Atlantic Athletic Conference,MAAC
2022,315,wbb:maac,13,Metro Atlantic Athletic Conference,MAAC
2022,322,wbb:patriot,22,Patriot League,Patriot
2022,324,wbb:sun-belt,27,Sun Belt Conference,Sun Belt
2022,325,wbb:horizon,45,Horizon League,Horizon
2022,326,wbb:sun-belt,27,Sun Belt Conference,Sun Belt
2022,328,wbb:mountain-west,44,Mountain West Conference,Mountain West
2022,331,wbb:big-sky,5,Big Sky Conference,Big Sky
2022,333,wbb:sec,23,Southeastern Conference,SEC
2022,338,wbb:asun,46,ASUN Conference,ASUN
2022,339,wbb:mvc,18,Missouri Valley Conference,MVC
2022,344,wbb:sec,23,Southeastern Conference,SEC
2022,349,wbb:patriot,22,Patriot League,Patriot
2022,350,wbb:caa,10,Colonial Athletic Association,CAA
2022,356,wbb:big-ten,7,Big Ten Conference,Big Ten
2022,357,wbb:southland,25,Southland Conference,Southland
2022,36,wbb:mountain-west,44,Mountain West Conference,Mountain West
2022,38,wbb:pac-12,21,Pac-12 Conference,Pac-12
2022,399,wbb:america-east,1,America East Conference,America East
2022,41,wbb:big-east,4,Big East Conference,Big East
2022,42,wbb:america-east,1,America East Conference,America East
2022,43,wbb:ivy,12,Ivy League,Ivy League
2022,44,wbb:patriot,22,Patriot League,Patriot
2022,45,wbb:atlantic-10,3,Atlantic 10 Conference,Atlantic 10
2022,46,wbb:big-east,4,Big East Conference,Big East
2022,47,wbb:meac,16,Mid-Eastern Athletic Conference,MEAC
2022,48,wbb:caa,10,Colonial Athletic Association,CAA
2022,5,wbb:cusa,11,Conference USA,C-USA
2022,50,wbb:swac,26,Southwestern Athletic Conference,SWAC
2022,52,wbb:acc,2,Atlantic Coast Conference,ACC
2022,526,wbb:asun,46,ASUN Conference,ASUN
2022,55,wbb:asun,46,ASUN Conference,ASUN
2022,56,wbb:asun,46,ASUN Conference,ASUN
2022,57,wbb:sec,23,Southeastern Conference,SEC
2022,58,wbb:american,62,American Athletic Conference,AAC
2022,59,wbb:acc,2,Atlantic Coast Conference,ACC
2022,6,wbb:sun-belt,27,Sun Belt Conference,Sun Belt
2022,61,wbb:sec,23,Southeastern Conference,SEC
2022,62,wbb:big-west,9,Big West Conference,Big West
2022,66,wbb:big-12,8,Big 12 Conference,Big 12
2022,68,wbb:mountain-west,44,Mountain West Conference,Mountain West
2022,70,wbb:big-sky,5,Big Sky Conference,Big Sky
2022,71,wbb:mvc,18,Missouri Valley Conference,MVC
2022,77,wbb:big-ten,7,Big Ten Conference,Big Ten
2022,79,wbb:mvc,18,Missouri Valley Conference,MVC
2022,8,wbb:sec,23,Southeastern Conference,SEC
2022,82,wbb:horizon,45,Horizon League,Horizon
2022,84,wbb:big-ten,7,Big Ten Conference,Big Ten
2022,85,wbb:horizon,45,Horizon League,Horizon
2022,87,wbb:acc,2,Atlantic Coast Conference,ACC
2022,9,wbb:pac-12,21,Pac-12 Conference,Pac-12
2022,91,wbb:asun,46,ASUN Conference,ASUN
2022,93,wbb:ovc,20,Ohio Valley Conference,OVC
2022,94,wbb:horizon,45,Horizon League,Horizon
2022,96,wbb:sec,23,Southeastern Conference,SEC
2022,97,wbb:acc,2,Atlantic Coast Conference,ACC
2022,98,wbb:cusa,11,Conference USA,C-USA
2022,99,wbb:sec,23,Southeastern Conference,SEC
2023,103,wbb:acc,2,Atlantic Coast Conference,ACC
2023,104,wbb:patriot,22,Patriot League,Patriot
2023,107,wbb:patriot,22,Patriot League,Patriot
2023,108,wbb:ivy,12,Ivy League,Ivy League
2023,111,wbb:caa,10,Colonial Athletic Association,CAA
2023,112358,wbb:nec,19,Northeast Conference,NEC
2023,113,wbb:atlantic-10,3,Atlantic 10 Conference,Atlantic 10
2023,116,wbb:maac,13,Metro Atlantic Athletic Conference,MAAC
2023,119,wbb:caa,10,Colonial Athletic Association,CAA
2023,12,wbb:pac-12,21,Pac-12 Conference,Pac-12
2023,120,wbb:big-ten,7,Big Ten Conference,Big Ten
2023,127,wbb:big-ten,7,Big Ten Conference,Big Ten
2023,13,wbb:big-west,9,Big West Conference,Big West
2023,130,wbb:big-ten,7,Big Ten Conference,Big Ten
2023,135,wbb:big-ten,7,Big Ten Conference,Big Ten
2023,139,wbb:atlantic-10,3,Atlantic 10 Conference,Atlantic 10
2023,140,wbb:summit,47,The Summit League,Summit League
2023,142,wbb:sec,23,Southeastern Conference,SEC
2023,145,wbb:sec,23,Southeastern Conference,SEC
2023,147,wbb:big-sky,5,Big Sky Conference,Big Sky
2023,149,wbb:big-sky,5,Big Sky Conference,Big Sky
2023,150,wbb:acc,2,Atlantic Coast Conference,ACC
2023,151,wbb:american,62,American Athletic Conference,AAC
2023,152,wbb:acc,2,Atlantic Coast Conference,ACC
2023,153,wbb:acc,2,Atlantic Coast Conference,ACC
2023,154,wbb:acc,2,Atlantic Coast Conference,ACC
2023,155,wbb:summit,47,The Summit League,Summit League
2023,156,wbb:big-east,4,Big East Conference,Big East
2023,158,wbb:big-ten,7,Big Ten Conference,Big Ten
2023,159,wbb:ivy,12,Ivy League,Ivy League
2023,16,wbb:big-sky,5,Big Sky Conference,Big Sky
2023,160,wbb:america-east,1,America East Conference,America East
2023,161,wbb:nec,19,Northeast Conference,NEC
2023,163,wbb:ivy,12,Ivy League,Ivy League
2023,164,wbb:big-ten,7,Big Ten Conference,Big Ten
2023,166,wbb:wac,30,Western Athletic Conference,WAC
2023,167,wbb:mountain-west,44,Mountain West Conference,Mountain West
2023,171,wbb:ivy,12,Ivy League,Ivy League
2023,172,wbb:ivy,12,Ivy League,Ivy League
2023,179,wbb:atlantic-10,3,Atlantic 10 Conference,Atlantic 10
2023,183,wbb:acc,2,Atlantic Coast Conference,ACC
2023,189,wbb:mac,14,Mid-American Conference,MAC
2023,193,wbb:mac,14,Mid-American Conference,MAC
2023,194,wbb:big-ten,7,Big Ten Conference,Big Ten
2023,195,wbb:mac,14,Mid-American Conference,MAC
2023,197,wbb:big-12,8,Big 12 Conference,Big 12
2023,198,wbb:summit,47,The Summit League,Summit League
2023,2,wbb:sec,23,Southeastern Conference,SEC
2023,2000,wbb:wac,30,Western Athletic Conference,WAC
2023,2005,wbb:mountain-west,44,Mountain West Conference,Mountain West
2023,2006,wbb:mac,14,Mid-American Conference,MAC
2023,201,wbb:big-12,8,Big 12 Conference,Big 12
2023,2010,wbb:swac,26,Southwestern Athletic Conference,SWAC
2023,2011,wbb:swac,26,Southwestern Athletic Conference,SWAC
2023,2016,wbb:swac,26,Southwestern Athletic Conference,SWAC
2023,202,wbb:american,62,American Athletic Conference,AAC
2023,2026,wbb:sun-belt,27,Sun Belt Conference,Sun Belt
2023,2029,wbb:swac,26,Southwestern Athletic Conference,SWAC
2023,2031,wbb:ovc,20,Ohio Valley Conference,OVC
2023,2032,wbb:sun-belt,27,Sun Belt Conference,Sun Belt
2023,204,wbb:pac-12,21,Pac-12 Conference,Pac-12
2023,2046,wbb:asun,46,ASUN Conference,ASUN
2023,2050,wbb:mac,14,Mid-American Conference,MAC
2023,2057,wbb:mvc,18,Missouri Valley Conference,MVC
2023,2065,wbb:swac,26,Southwestern Athletic Conference,SWAC
2023,2066,wbb:america-east,1,America East Conference,America East
2023,2083,wbb:patriot,22,Patriot League,Patriot
2023,2084,wbb:mac,14,Mid-American Conference,MAC
2023,2086,wbb:big-east,4,Big East Conference,Big East
2023,2097,wbb:big-south,6,Big South Conference,Big South
2023,2099,wbb:maac,13,Metro Atlantic Athletic Conference,MAAC
2023,21,wbb:mountain-west,44,Mountain West Conference,Mountain West
2023,2110,wbb:asun,46,ASUN Conference,ASUN
2023,2115,wbb:nec,19,Northeast Conference,NEC
2023,2116,wbb:american,62,American Athletic Conference,AAC
2023,2117,wbb:mac,14,Mid-American Conference,MAC
2023,2127,wbb:big-south,6,Big South Conference,Big South
2023,213,wbb:big-ten,7,Big Ten Conference,Big Ten
2023,2130,wbb:independents,43,Division I Independents,Independent
2023,2132,wbb:american,62,American Athletic Conference,AAC
2023,2142,wbb:patriot,22,Patriot League,Patriot
2023,2154,wbb:meac,16,Mid-Eastern Athletic Conference,MEAC
2023,2166,wbb:atlantic-10,3,Atlantic 10 Conference,Atlantic 10
2023,2168,wbb:atlantic-10,3,Atlantic 10 Conference,Atlantic 10
2023,2169,wbb:meac,16,Mid-Eastern Athletic Conference,MEAC
2023,2172,wbb:summit,47,The Summit League,Summit League
2023,2174,wbb:horizon,45,Horizon League,Horizon
2023,218,wbb:american,62,American Athletic Conference,AAC
2023,2181,wbb:mvc,18,Missouri Valley Conference,MVC
2023,2182,wbb:caa,10,Colonial Athletic Association,CAA
2023,2184,wbb:atlantic-10,3,Atlantic 10 Conference,Atlantic 10
2023,219,wbb:ivy,12,Ivy League,Ivy League
2023,2193,wbb:socon,24,Southern Conference,SoCon
2023,2197,wbb:ovc,20,Ohio Valley Conference,OVC
2023,2198,wbb:asun,46,ASUN Conference,ASUN
2023,2199,wbb:mac,14,Mid-American Conference,MAC
2023,221,wbb:acc,2,Atlantic Coast Conference,ACC
2023,2210,wbb:caa,10,Colonial Athletic Association,CAA
2023,2217,wbb:maac,13,Metro Atlantic Athletic Conference,MAAC
2023,222,wbb:big-east,4,Big East Conference,Big East
2023,2226,wbb:cusa,11,Conference USA,C-USA
2023,2229,wbb:cusa,11,Conference USA,C-USA
2023,2230,wbb:atlantic-10,3,Atlantic 10 Conference,Atlantic 10
2023,2239,wbb:big-west,9,Big West Conference,Big West
2023,2241,wbb:big-south,6,Big South Conference,Big South
2023,2244,wbb:atlantic-10,3,Atlantic 10 Conference,Atlantic 10
2023,2247,wbb:sun-belt,27,Sun Belt Conference,Sun Belt
2023,225,wbb:ivy,12,Ivy League,Ivy League
2023,2250,wbb:wcc,29,West Coast Conference,WCC
2023,2253,wbb:wac,30,Western Athletic Conference,WAC
2023,2261,wbb:caa,10,Colonial Athletic Association,CAA
2023,227,wbb:atlantic-10,3,Atlantic 10 Conference,Atlantic 10
2023,2272,wbb:big-south,6,Big South Conference,Big South
2023,2275,wbb:caa,10,Colonial Athletic Association,CAA
2023,2277,wbb:southland,25,Southland Conference,Southland
2023,228,wbb:acc,2,Atlantic Coast Conference,ACC
2023,2287,wbb:mvc,18,Missouri Valley Conference,MVC
2023,2294,wbb:big-ten,7,Big Ten Conference,Big Ten
2023,2296,wbb:swac,26,Southwestern Athletic Conference,SWAC
2023,23,wbb:mountain-west,44,Mountain West Conference,Mountain West
2023,2305,wbb:big-12,8,Big 12 Conference,Big 12
2023,2306,wbb:big-12,8,Big 12 Conference,Big 12
2023,2309,wbb:mac,14,Mid-American Conference,MAC
2023,231,wbb:socon,24,Southern Conference,SoCon
2023,232,wbb:caa,10,Colonial Athletic Association,CAA
2023,2320,wbb:wac,30,Western Athletic Conference,WAC
2023,2325,wbb:atlantic-10,3,Atlantic 10 Conference,Atlantic 10
2023,2329,wbb:patriot,22,Patriot League,Patriot
2023,233,wbb:summit,47,The Summit League,Summit League
2023,2335,wbb:asun,46,ASUN Conference,ASUN
2023,2344,wbb:big-south,6,Big South Conference,Big South
2023,2348,wbb:cusa,11,Conference USA,C-USA
2023,2349,wbb:america-east,1,America East Conference,America East
2023,235,wbb:american,62,American Athletic Conference,AAC
2023,2350,wbb:atlantic-10,3,Atlantic 10 Conference,Atlantic 10
2023,2351,wbb:wcc,29,West Coast Conference,WCC
2023,2352,wbb:patriot,22,Patriot League,Patriot
2023,236,wbb:socon,24,Southern Conference,SoCon
2023,2363,wbb:maac,13,Metro Atlantic Athletic Conference,MAAC
2023,2368,wbb:maac,13,Metro Atlantic Athletic Conference,MAAC
2023,2377,wbb:southland,25,Southland Conference,Southland
2023,2378,wbb:america-east,1,America East Conference,America East
2023,2379,wbb:meac,16,Mid-Eastern Athletic Conference,MEAC
2023,238,wbb:sec,23,Southeastern Conference,SEC
2023,2382,wbb:socon,24,Southern Conference,SoCon
2023,239,wbb:big-12,8,Big 12 Conference,Big 12
2023,2390,wbb:acc,2,Atlantic Coast Conference,ACC
2023,2393,wbb:cusa,11,Conference USA,C-USA
2023,24,wbb:pac-12,21,Pac-12 Conference,Pac-12
2023,2400,wbb:swac,26,Southwestern Athletic Conference,SWAC
2023,2405,wbb:caa,10,Colonial Athletic Association,CAA
2023,2413,wbb:ovc,20,Ohio Valley Conference,OVC
2023,2415,wbb:meac,16,Mid-Eastern Athletic Conference,MEAC
2023,242,wbb:cusa,11,Conference USA,C-USA
2023,2426,wbb:patriot,22,Patriot League,Patriot
2023,2427,wbb:big-south,6,Big South Conference,Big South
2023,2428,wbb:meac,16,Mid-Eastern Athletic Conference,MEAC
2023,2429,wbb:cusa,11,Conference USA,C-USA
2023,2430,wbb:socon,24,Southern Conference,SoCon
2023,2433,wbb:sun-belt,27,Sun Belt Conference,Sun Belt
2023,2437,wbb:summit,47,The Summit League,Summit League
2023,2439,wbb:mountain-west,44,Mountain West Conference,Mountain West
2023,2440,wbb:mountain-west,44,Mountain West Conference,Mountain West
2023,2443,wbb:southland,25,Southland Conference,Southland
2023,2447,wbb:southland,25,Southland Conference,Southland
2023,2448,wbb:caa,10,Colonial Athletic Association,CAA
2023,2449,wbb:summit,47,The Summit League,Summit League
2023,245,wbb:sec,23,Southeastern Conference,SEC
2023,2450,wbb:meac,16,Mid-Eastern Athletic Conference,MEAC
2023,2453,wbb:asun,46,ASUN Conference,ASUN
2023,2454,wbb:asun,46,ASUN Conference,ASUN
2023,2458,wbb:big-sky,5,Big Sky Conference,Big Sky
2023,2459,wbb:mac,14,Mid-American Conference,MAC
2023,2460,wbb:mvc,18,Missouri Valley Conference,MVC
2023,2463,wbb:big-west,9,Big West Conference,Big West
2023,2464,wbb:big-sky,5,Big Sky Conference,Big Sky
2023,2466,wbb:southland,25,Southland Conference,Southland
2023,2473,wbb:horizon,45,Horizon League,Horizon
2023,248,wbb:american,62,American Athletic Conference,AAC
2023,2483,wbb:pac-12,21,Pac-12 Conference,Pac-12
2023,249,wbb:cusa,11,Conference USA,C-USA
2023,2492,wbb:wcc,29,West Coast Conference,WCC
2023,25,wbb:pac-12,21,Pac-12 Conference,Pac-12
2023,250,wbb:wac,30,Western Athletic Conference,WAC
2023,2501,wbb:wcc,29,West Coast Conference,WCC
2023,2502,wbb:big-sky,5,Big Sky Conference,Big Sky
2023,2504,wbb:swac,26,Southwestern Athletic Conference,SWAC
2023,2506,wbb:big-south,6,Big South Conference,Big South
2023,2507,wbb:big-east,4,Big East Conference,Big East
2023,2509,wbb:big-ten,7,Big Ten Conference,Big Ten
2023,251,wbb:big-12,8,Big 12 Conference,Big 12
2023,2511,wbb:asun,46,ASUN Conference,ASUN
2023,2514,wbb:maac,13,Metro Atlantic Athletic Conference,MAAC
2023,2515,wbb:big-south,6,Big South Conference,Big South
2023,252,wbb:wcc,29,West Coast Conference,WCC
2023,2520,wbb:maac,13,Metro Atlantic Athletic Conference,MAAC
2023,2523,wbb:horizon,45,Horizon League,Horizon
2023,2529,wbb:nec,19,Northeast Conference,NEC
2023,253,wbb:wac,30,Western Athletic Conference,WAC
2023,2534,wbb:wac,30,Western Athletic Conference,WAC
2023,2535,wbb:socon,24,Southern Conference,SoCon
2023,2539,wbb:wcc,29,West Coast Conference,WCC
2023,254,wbb:pac-12,21,Pac-12 Conference,Pac-12
2023,2540,wbb:big-west,9,Big West Conference,Big West
2023,2541,wbb:wcc,29,West Coast Conference,WCC
2023,2545,wbb:southland,25,Southland Conference,Southland
2023,2546,wbb:ovc,20,Ohio Valley Conference,OVC
2023,2547,wbb:wac,30,Western Athletic Conference,WAC
2023,2550,wbb:big-east,4,Big East Conference,Big East
2023,256,wbb:sun-belt,27,Sun Belt Conference,Sun Belt
2023,2561,wbb:maac,13,Metro Atlantic Athletic Conference,MAAC
2023,2565,wbb:ovc,20,Ohio Valley Conference,OVC
2023,2567,wbb:american,62,American Athletic Conference,AAC
2023,2569,wbb:meac,16,Mid-Eastern Athletic Conference,MEAC
2023,257,wbb:atlantic-10,3,Atlantic 10 Conference,Atlantic 10
2023,2571,wbb:summit,47,The Summit League,Summit League
2023,2572,wbb:sun-belt,27,Sun Belt Conference,Sun Belt
2023,2579,wbb:sec,23,Southeastern Conference,SEC
2023,258,wbb:acc,2,Atlantic Coast Conference,ACC
2023,2582,wbb:swac,26,Southwestern Athletic Conference,SWAC
2023,259,wbb:acc,2,Atlantic Coast Conference,ACC
2023,2597,wbb:nec,19,Northeast Conference,NEC
2023,2598,wbb:nec,19,Northeast Conference,NEC
2023,2599,wbb:big-east,4,Big East Conference,Big East
2023,26,wbb:pac-12,21,Pac-12 Conference,Pac-12
2023,2603,wbb:atlantic-10,3,Atlantic 10 Conference,Atlantic 10
2023,2608,wbb:wcc,29,West Coast Conference,WCC
2023,261,wbb:america-east,1,America East Conference,America East
2023,2612,wbb:maac,13,Metro Atlantic Athletic Conference,MAAC
2023,2617,wbb:wac,30,Western Athletic Conference,WAC
2023,2619,wbb:caa,10,Colonial Athletic Association,CAA
2023,2623,wbb:mvc,18,Missouri Valley Conference,MVC
2023,2627,wbb:wac,30,Western Athletic Conference,WAC
2023,2628,wbb:big-12,8,Big 12 Conference,Big 12
2023,2630,wbb:ovc,20,Ohio Valley Conference,OVC
2023,2633,wbb:sec,23,Southeastern Conference,SEC
2023,2634,wbb:ovc,20,Ohio Valley Conference,OVC
2023,2635,wbb:ovc,20,Ohio Valley Conference,OVC
2023,2636,wbb:cusa,11,Conference USA,C-USA
2023,2638,wbb:cusa,11,Conference USA,C-USA
2023,264,wbb:pac-12,21,Pac-12 Conference,Pac-12
2023,2640,wbb:swac,26,Southwestern Athletic Conference,SWAC
2023,2641,wbb:big-12,8,Big 12 Conference,Big 12
2023,2649,wbb:mac,14,Mid-American Conference,MAC
2023,265,wbb:pac-12,21,Pac-12 Conference,Pac-12
2023,2653,wbb:sun-belt,27,Sun Belt Conference,Sun Belt
2023,2655,wbb:american,62,American Athletic Conference,AAC
2023,2670,wbb:atlantic-10,3,Atlantic 10 Conference,Atlantic 10
2023,2674,wbb:mvc,18,Missouri Valley Conference,MVC
2023,2681,wbb:nec,19,Northeast Conference,NEC
2023,269,wbb:big-east,4,Big East Conference,Big East
2023,2692,wbb:big-sky,5,Big Sky Conference,Big Sky
2023,27,wbb:big-west,9,Big West Conference,Big West
2023,270,wbb:horizon,45,Horizon League,Horizon
2023,2710,wbb:summit,47,The Summit League,Summit League
2023,2711,wbb:mac,14,Mid-American Conference,MAC
2023,2717,wbb:socon,24,Southern Conference,SoCon
2023,2724,wbb:american,62,American Athletic Conference,AAC
2023,2729,wbb:caa,10,Colonial Athletic Association,CAA
2023,2737,wbb:big-south,6,Big South Conference,Big South
2023,2739,wbb:horizon,45,Horizon League,Horizon
2023,2747,wbb:socon,24,Southern Conference,SoCon
2023,275,wbb:big-ten,7,Big Ten Conference,Big Ten
2023,2750,wbb:horizon,45,Horizon League,Horizon
2023,2751,wbb:mountain-west,44,Mountain West Conference,Mountain West
2023,2752,wbb:big-east,4,Big East Conference,Big East
2023,2754,wbb:horizon,45,Horizon League,Horizon
2023,2755,wbb:swac,26,Southwestern Athletic Conference,SWAC
2023,276,wbb:sun-belt,27,Sun Belt Conference,Sun Belt
2023,277,wbb:big-12,8,Big 12 Conference,Big 12
2023,2771,wbb:nec,19,Northeast Conference,NEC
2023,278,wbb:mountain-west,44,Mountain West Conference,Mountain West
2023,279,wbb:wcc,29,West Coast Conference,WCC
2023,28,wbb:big-west,9,Big West Conference,Big West
2023,2803,wbb:america-east,1,America East Conference,America East
2023,2815,wbb:ovc,20,Ohio Valley Conference,OVC
2023,282,wbb:mvc,18,Missouri Valley Conference,MVC
2023,2837,wbb:southland,25,Southland Conference,Southland
2023,284,wbb:nec,19,Northeast Conference,NEC
2023,2856,wbb:wac,30,Western Athletic Conference,WAC
2023,2870,wbb:horizon,45,Horizon League,Horizon
2023,288,wbb:asun,46,ASUN Conference,ASUN
2023,2885,wbb:america-east,1,America East Conference,America East
2023,290,wbb:sun-belt,27,Sun Belt Conference,Sun Belt
2023,2900,wbb:summit,47,The Summit League,Summit League
2023,2908,wbb:big-south,6,Big South Conference,Big South
2023,2916,wbb:southland,25,Southland Conference,Southland
2023,292,wbb:wac,30,Western Athletic Conference,WAC
2023,2934,wbb:big-west,9,Big West Conference,Big West
2023,294,wbb:asun,46,ASUN Conference,ASUN
2023,295,wbb:sun-belt,27,Sun Belt Conference,Sun Belt
2023,299,wbb:big-west,9,Big West Conference,Big West
2023,30,wbb:pac-12,21,Pac-12 Conference,Pac-12
2023,300,wbb:big-west,9,Big West Conference,Big West
2023,301,wbb:wcc,29,West Coast Conference,WCC
2023,302,wbb:big-west,9,Big West Conference,Big West
2023,304,wbb:big-sky,5,Big Sky Conference,Big Sky
2023,305,wbb:big-east,4,Big East Conference,Big East
2023,3084,wbb:wac,30,Western Athletic Conference,WAC
2023,309,wbb:sun-belt,27,Sun Belt Conference,Sun Belt
2023,3101,wbb:wac,30,Western Athletic Conference,WAC
2023,311,wbb:america-east,1,America East Conference,America East
2023,314,wbb:maac,13,Metro Atlantic Athletic Conference,MAAC
2023,315,wbb:maac,13,Metro Atlantic Athletic Conference,MAAC
2023,322,wbb:patriot,22,Patriot League,Patriot
2023,324,wbb:sun-belt,27,Sun Belt Conference,Sun Belt
2023,325,wbb:horizon,45,Horizon League,Horizon
2023,326,wbb:sun-belt,27,Sun Belt Conference,Sun Belt
2023,328,wbb:mountain-west,44,Mountain West Conference,Mountain West
2023,331,wbb:big-sky,5,Big Sky Conference,Big Sky
2023,333,wbb:sec,23,Southeastern Conference,SEC
2023,338,wbb:asun,46,ASUN Conference,ASUN
2023,339,wbb:mvc,18,Missouri Valley Conference,MVC
2023,344,wbb:sec,23,Southeastern Conference,SEC
2023,349,wbb:patriot,22,Patriot League,Patriot
2023,350,wbb:caa,10,Colonial Athletic Association,CAA
2023,356,wbb:big-ten,7,Big Ten Conference,Big Ten
2023,357,wbb:southland,25,Southland Conference,Southland
2023,36,wbb:mountain-west,44,Mountain West Conference,Mountain West
2023,38,wbb:pac-12,21,Pac-12 Conference,Pac-12
2023,399,wbb:america-east,1,America East Conference,America East
2023,41,wbb:big-east,4,Big East Conference,Big East
2023,42,wbb:independents,43,Division I Independents,Independent
2023,43,wbb:ivy,12,Ivy League,Ivy League
2023,44,wbb:patriot,22,Patriot League,Patriot
2023,45,wbb:atlantic-10,3,Atlantic 10 Conference,Atlantic 10
2023,46,wbb:big-east,4,Big East Conference,Big East
2023,47,wbb:meac,16,Mid-Eastern Athletic Conference,MEAC
2023,48,wbb:caa,10,Colonial Athletic Association,CAA
2023,5,wbb:cusa,11,Conference USA,C-USA
2023,50,wbb:swac,26,Southwestern Athletic Conference,SWAC
2023,52,wbb:acc,2,Atlantic Coast Conference,ACC
2023,526,wbb:asun,46,ASUN Conference,ASUN
2023,55,wbb:asun,46,ASUN Conference,ASUN
2023,56,wbb:asun,46,ASUN Conference,ASUN
2023,57,wbb:sec,23,Southeastern Conference,SEC
2023,58,wbb:american,62,American Athletic Conference,AAC
2023,59,wbb:acc,2,Atlantic Coast Conference,ACC
2023,6,wbb:sun-belt,27,Sun Belt Conference,Sun Belt
2023,61,wbb:sec,23,Southeastern Conference,SEC
2023,62,wbb:big-west,9,Big West Conference,Big West
2023,66,wbb:big-12,8,Big 12 Conference,Big 12
2023,68,wbb:mountain-west,44,Mountain West Conference,Mountain West
2023,70,wbb:big-sky,5,Big Sky Conference,Big Sky
2023,71,wbb:mvc,18,Missouri Valley Conference,MVC
2023,77,wbb:big-ten,7,Big Ten Conference,Big Ten
2023,79,wbb:mvc,18,Missouri Valley Conference,MVC
2023,8,wbb:sec,23,Southeastern Conference,SEC
2023,82,wbb:mvc,18,Missouri Valley Conference,MVC
2023,84,wbb:big-ten,7,Big Ten Conference,Big Ten
2023,85,wbb:horizon,45,Horizon League,Horizon
2023,87,wbb:acc,2,Atlantic Coast Conference,ACC
2023,88,wbb:ovc,20,Ohio Valley Conference,OVC
2023,9,wbb:pac-12,21,Pac-12 Conference,Pac-12
2023,91,wbb:asun,46,ASUN Conference,ASUN
2023,93,wbb:mvc,18,Missouri Valley Conference,MVC
2023,94,wbb:horizon,45,Horizon League,Horizon
2023,96,wbb:sec,23,Southeastern Conference,SEC
2023,97,wbb:acc,2,Atlantic Coast Conference,ACC
2023,98,wbb:cusa,11,Conference USA,C-USA
2023,99,wbb:sec,23,Southeastern Conference,SEC
2024,103,wbb:acc,2,Atlantic Coast Conference,ACC
2024,104,wbb:patriot,22,Patriot League,Patriot
2024,107,wbb:patriot,22,Patriot League,Patriot
2024,108,wbb:ivy,12,Ivy League,Ivy League
2024,111,wbb:caa,10,Coastal Athletic Association,CAA
2024,112358,wbb:nec,19,Northeast Conference,NEC
2024,113,wbb:atlantic-10,3,Atlantic 10 Conference,Atlantic 10
2024,116,wbb:maac,13,Metro Atlantic Athletic Conference,MAAC
2024,119,wbb:caa,10,Coastal Athletic Association,CAA
2024,12,wbb:pac-12,21,Pac-12 Conference,Pac-12
2024,120,wbb:big-ten,7,Big Ten Conference,Big Ten
2024,127,wbb:big-ten,7,Big Ten Conference,Big Ten
2024,13,wbb:big-west,9,Big West Conference,Big West
2024,130,wbb:big-ten,7,Big Ten Conference,Big Ten
2024,135,wbb:big-ten,7,Big Ten Conference,Big Ten
2024,139,wbb:atlantic-10,3,Atlantic 10 Conference,Atlantic 10
2024,140,wbb:summit,47,The Summit League,Summit League
2024,142,wbb:sec,23,Southeastern Conference,SEC
2024,145,wbb:sec,23,Southeastern Conference,SEC
2024,147,wbb:big-sky,5,Big Sky Conference,Big Sky
2024,149,wbb:big-sky,5,Big Sky Conference,Big Sky
2024,150,wbb:acc,2,Atlantic Coast Conference,ACC
2024,151,wbb:american,62,American Athletic Conference,AAC
2024,152,wbb:acc,2,Atlantic Coast Conference,ACC
2024,153,wbb:acc,2,Atlantic Coast Conference,ACC
2024,154,wbb:acc,2,Atlantic Coast Conference,ACC
2024,155,wbb:summit,47,The Summit League,Summit League
2024,156,wbb:big-east,4,Big East Conference,Big East
2024,158,wbb:big-ten,7,Big Ten Conference,Big Ten
2024,159,wbb:ivy,12,Ivy League,Ivy League
2024,16,wbb:big-sky,5,Big Sky Conference,Big Sky
2024,160,wbb:america-east,1,America East Conference,America East
2024,161,wbb:nec,19,Northeast Conference,NEC
2024,163,wbb:ivy,12,Ivy League,Ivy League
2024,164,wbb:big-ten,7,Big Ten Conference,Big Ten
2024,166,wbb:cusa,11,Conference USA,C-USA
2024,167,wbb:mountain-west,44,Mountain West Conference,MWC
2024,171,wbb:ivy,12,Ivy League,Ivy League
2024,172,wbb:ivy,12,Ivy League,Ivy League
2024,179,wbb:atlantic-10,3,Atlantic 10 Conference,Atlantic 10
2024,183,wbb:acc,2,Atlantic Coast Conference,ACC
2024,189,wbb:mac,14,Mid-American Conference,MAC
2024,193,wbb:mac,14,Mid-American Conference,MAC
2024,194,wbb:big-ten,7,Big Ten Conference,Big Ten
2024,195,wbb:mac,14,Mid-American Conference,MAC
2024,197,wbb:big-12,8,Big 12 Conference,Big 12
2024,198,wbb:summit,47,The Summit League,Summit League
2024,2,wbb:sec,23,Southeastern Conference,SEC
2024,2000,wbb:wac,30,Western Athletic Conference,WAC
2024,2005,wbb:mountain-west,44,Mountain West Conference,MWC
2024,2006,wbb:mac,14,Mid-American Conference,MAC
2024,201,wbb:big-12,8,Big 12 Conference,Big 12
2024,2010,wbb:swac,26,Southwestern Athletic Conference,SWAC
2024,2011,wbb:swac,26,Southwestern Athletic Conference,SWAC
2024,2016,wbb:swac,26,Southwestern Athletic Conference,SWAC
2024,202,wbb:american,62,American Athletic Conference,AAC
2024,2026,wbb:sun-belt,27,Sun Belt Conference,Sun Belt
2024,2029,wbb:swac,26,Southwestern Athletic Conference,SWAC
2024,2031,wbb:ovc,20,Ohio Valley Conference,OVC
2024,2032,wbb:sun-belt,27,Sun Belt Conference,Sun Belt
2024,204,wbb:pac-12,21,Pac-12 Conference,Pac-12
2024,2046,wbb:asun,46,ASUN Conference,ASUN
2024,2050,wbb:mac,14,Mid-American Conference,MAC
2024,2057,wbb:mvc,18,Missouri Valley Conference,MVC
2024,2065,wbb:swac,26,Southwestern Athletic Conference,SWAC
2024,2066,wbb:america-east,1,America East Conference,America East
2024,2083,wbb:patriot,22,Patriot League,Patriot
2024,2084,wbb:mac,14,Mid-American Conference,MAC
2024,2086,wbb:big-east,4,Big East Conference,Big East
2024,2097,wbb:caa,10,Coastal Athletic Association,CAA
2024,2099,wbb:maac,13,Metro Atlantic Athletic Conference,MAAC
2024,21,wbb:mountain-west,44,Mountain West Conference,MWC
2024,2110,wbb:asun,46,ASUN Conference,ASUN
2024,2115,wbb:nec,19,Northeast Conference,NEC
2024,2116,wbb:big-12,8,Big 12 Conference,Big 12
2024,2117,wbb:mac,14,Mid-American Conference,MAC
2024,2127,wbb:big-south,6,Big South Conference,Big South
2024,213,wbb:big-ten,7,Big Ten Conference,Big Ten
2024,2130,wbb:independents,43,Division I Independents,Independent
2024,2132,wbb:big-12,8,Big 12 Conference,Big 12
2024,2142,wbb:patriot,22,Patriot League,Patriot
2024,2154,wbb:meac,16,Mid-Eastern Athletic Conference,MEAC
2024,2166,wbb:atlantic-10,3,Atlantic 10 Conference,Atlantic 10
2024,2168,wbb:atlantic-10,3,Atlantic 10 Conference,Atlantic 10
2024,2169,wbb:meac,16,Mid-Eastern Athletic Conference,MEAC
2024,2172,wbb:summit,47,The Summit League,Summit League
2024,2174,wbb:horizon,45,Horizon League,Horizon
2024,218,wbb:american,62,American Athletic Conference,AAC
2024,2181,wbb:mvc,18,Missouri Valley Conference,MVC
2024,2182,wbb:caa,10,Coastal Athletic Association,CAA
2024,2184,wbb:atlantic-10,3,Atlantic 10 Conference,Atlantic 10
2024,219,wbb:ivy,12,Ivy League,Ivy League
2024,2193,wbb:socon,24,Southern Conference,SoCon
2024,2197,wbb:ovc,20,Ohio Valley Conference,OVC
2024,2198,wbb:asun,46,ASUN Conference,ASUN
2024,2199,wbb:mac,14,Mid-American Conference,MAC
2024,221,wbb:acc,2,Atlantic Coast Conference,ACC
2024,2210,wbb:caa,10,Coastal Athletic Association,CAA
2024,2217,wbb:maac,13,Metro Atlantic Athletic Conference,MAAC
2024,222,wbb:big-east,4,Big East Conference,Big East
2024,2226,wbb:american,62,American Athletic Conference,AAC
2024,2229,wbb:cusa,11,Conference USA,C-USA
2024,2230,wbb:atlantic-10,3,Atlantic 10 Conference,Atlantic 10
2024,2239,wbb:big-west,9,Big West Conference,Big West
2024,2241,wbb:big-south,6,Big South Conference,Big South
2024,2244,wbb:atlantic-10,3,Atlantic 10 Conference,Atlantic 10
2024,2247,wbb:sun-belt,27,Sun Belt Conference,Sun Belt
2024,225,wbb:ivy,12,Ivy League,Ivy League
2024,2250,wbb:wcc,29,West Coast Conference,WCC
2024,2253,wbb:wac,30,Western Athletic Conference,WAC
2024,2261,wbb:caa,10,Coastal Athletic Association,CAA
2024,227,wbb:atlantic-10,3,Atlantic 10 Conference,Atlantic 10
2024,2272,wbb:big-south,6,Big South Conference,Big South
2024,2275,wbb:caa,10,Coastal Athletic Association,CAA
2024,2277,wbb:southland,25,Southland Conference,Southland
2024,228,wbb:acc,2,Atlantic Coast Conference,ACC
2024,2287,wbb:mvc,18,Missouri Valley Conference,MVC
2024,2294,wbb:big-ten,7,Big Ten Conference,Big Ten
2024,2296,wbb:swac,26,Southwestern Athletic Conference,SWAC
2024,23,wbb:mountain-west,44,Mountain West Conference,MWC
2024,2305,wbb:big-12,8,Big 12 Conference,Big 12
2024,2306,wbb:big-12,8,Big 12 Conference,Big 12
2024,2309,wbb:mac,14,Mid-American Conference,MAC
2024,231,wbb:socon,24,Southern Conference,SoCon
2024,232,wbb:caa,10,Coastal Athletic Association,CAA
2024,2320,wbb:southland,25,Southland Conference,Southland
2024,2325,wbb:atlantic-10,3,Atlantic 10 Conference,Atlantic 10
2024,2329,wbb:patriot,22,Patriot League,Patriot
2024,233,wbb:summit,47,The Summit League,Summit League
2024,2330,wbb:nec,19,Northeast Conference,NEC
2024,2335,wbb:cusa,11,Conference USA,C-USA
2024,2344,wbb:big-south,6,Big South Conference,Big South
2024,2348,wbb:cusa,11,Conference USA,C-USA
2024,2349,wbb:america-east,1,America East Conference,America East
2024,235,wbb:american,62,American Athletic Conference,AAC
2024,2350,wbb:atlantic-10,3,Atlantic 10 Conference,Atlantic 10
2024,2351,wbb:wcc,29,West Coast Conference,WCC
2024,2352,wbb:patriot,22,Patriot League,Patriot
2024,236,wbb:socon,24,Southern Conference,SoCon
2024,2363,wbb:maac,13,Metro Atlantic Athletic Conference,MAAC
2024,2368,wbb:maac,13,Metro Atlantic Athletic Conference,MAAC
2024,2377,wbb:southland,25,Southland Conference,Southland
2024,2378,wbb:america-east,1,America East Conference,America East
2024,2379,wbb:meac,16,Mid-Eastern Athletic Conference,MEAC
2024,238,wbb:sec,23,Southeastern Conference,SEC
2024,2382,wbb:socon,24,Southern Conference,SoCon
2024,239,wbb:big-12,8,Big 12 Conference,Big 12
2024,2390,wbb:acc,2,Atlantic Coast Conference,ACC
2024,2393,wbb:cusa,11,Conference USA,C-USA
2024,24,wbb:pac-12,21,Pac-12 Conference,Pac-12
2024,2400,wbb:swac,26,Southwestern Athletic Conference,SWAC
2024,2405,wbb:caa,10,Coastal Athletic Association,CAA
2024,2413,wbb:ovc,20,Ohio Valley Conference,OVC
2024,2415,wbb:meac,16,Mid-Eastern Athletic Conference,MEAC
2024,242,wbb:american,62,American Athletic Conference,AAC
2024,2426,wbb:patriot,22,Patriot League,Patriot
2024,2427,wbb:big-south,6,Big South Conference,Big South
2024,2428,wbb:meac,16,Mid-Eastern Athletic Conference,MEAC
2024,2429,wbb:american,62,American Athletic Conference,AAC
2024,2430,wbb:socon,24,Southern Conference,SoCon
2024,2433,wbb:sun-belt,27,Sun Belt Conference,Sun Belt
2024,2437,wbb:summit,47,The Summit League,Summit League
2024,2439,wbb:mountain-west,44,Mountain West Conference,MWC
2024,2440,wbb:mountain-west,44,Mountain West Conference,MWC
2024,2443,wbb:southland,25,Southland Conference,Southland
2024,2447,wbb:southland,25,Southland Conference,Southland
2024,2448,wbb:caa,10,Coastal Athletic Association,CAA
2024,2449,wbb:summit,47,The Summit League,Summit League
2024,245,wbb:sec,23,Southeastern Conference,SEC
2024,2450,wbb:meac,16,Mid-Eastern Athletic Conference,MEAC
2024,2453,wbb:asun,46,ASUN Conference,ASUN
2024,2454,wbb:asun,46,ASUN Conference,ASUN
2024,2458,wbb:big-sky,5,Big Sky Conference,Big Sky
2024,2459,wbb:mac,14,Mid-American Conference,MAC
2024,2460,wbb:mvc,18,Missouri Valley Conference,MVC
2024,2463,wbb:big-west,9,Big West Conference,Big West
2024,2464,wbb:big-sky,5,Big Sky Conference,Big Sky
2024,2466,wbb:southland,25,Southland Conference,Southland
2024,2473,wbb:horizon,45,Horizon League,Horizon
2024,248,wbb:big-12,8,Big 12 Conference,Big 12
2024,2483,wbb:pac-12,21,Pac-12 Conference,Pac-12
2024,249,wbb:american,62,American Athletic Conference,AAC
2024,2492,wbb:wcc,29,West Coast Conference,WCC
2024,25,wbb:pac-12,21,Pac-12 Conference,Pac-12
2024,250,wbb:wac,30,Western Athletic Conference,WAC
2024,2501,wbb:wcc,29,West Coast Conference,WCC
2024,2502,wbb:big-sky,5,Big Sky Conference,Big Sky
2024,2504,wbb:swac,26,Southwestern Athletic Conference,SWAC
2024,2506,wbb:big-south,6,Big South Conference,Big South
2024,2507,wbb:big-east,4,Big East Conference,Big East
2024,2509,wbb:big-ten,7,Big Ten Conference,Big Ten
2024,251,wbb:big-12,8,Big 12 Conference,Big 12
2024,2511,wbb:asun,46,ASUN Conference,ASUN
2024,2514,wbb:maac,13,Metro Atlantic Athletic Conference,MAAC
2024,2515,wbb:big-south,6,Big South Conference,Big South
2024,252,wbb:big-12,8,Big 12 Conference,Big 12
2024,2520,wbb:maac,13,Metro Atlantic Athletic Conference,MAAC
2024,2523,wbb:horizon,45,Horizon League,Horizon
2024,2529,wbb:nec,19,Northeast Conference,NEC
2024,253,wbb:wac,30,Western Athletic Conference,WAC
2024,2534,wbb:cusa,11,Conference USA,C-USA
2024,2535,wbb:socon,24,Southern Conference,SoCon
2024,2539,wbb:wcc,29,West Coast Conference,WCC
2024,254,wbb:pac-12,21,Pac-12 Conference,Pac-12
2024,2540,wbb:big-west,9,Big West Conference,Big West
2024,2541,wbb:wcc,29,West Coast Conference,WCC
2024,2545,wbb:southland,25,Southland Conference,Southland
2024,2546,wbb:ovc,20,Ohio Valley Conference,OVC
2024,2547,wbb:wac,30,Western Athletic Conference,WAC
2024,2550,wbb:big-east,4,Big East Conference,Big East
2024,256,wbb:sun-belt,27,Sun Belt Conference,Sun Belt
2024,2561,wbb:maac,13,Metro Atlantic Athletic Conference,MAAC
2024,2565,wbb:ovc,20,Ohio Valley Conference,OVC
2024,2567,wbb:american,62,American Athletic Conference,AAC
2024,2569,wbb:meac,16,Mid-Eastern Athletic Conference,MEAC
2024,257,wbb:atlantic-10,3,Atlantic 10 Conference,Atlantic 10
2024,2571,wbb:summit,47,The Summit League,Summit League
2024,2572,wbb:sun-belt,27,Sun Belt Conference,Sun Belt
2024,2579,wbb:sec,23,Southeastern Conference,SEC
2024,258,wbb:acc,2,Atlantic Coast Conference,ACC
2024,2582,wbb:swac,26,Southwestern Athletic Conference,SWAC
2024,259,wbb:acc,2,Atlantic Coast Conference,ACC
2024,2598,wbb:nec,19,Northeast Conference,NEC
2024,2599,wbb:big-east,4,Big East Conference,Big East
2024,26,wbb:pac-12,21,Pac-12 Conference,Pac-12
2024,2603,wbb:atlantic-10,3,Atlantic 10 Conference,Atlantic 10
2024,2608,wbb:wcc,29,West Coast Conference,WCC
2024,261,wbb:america-east,1,America East Conference,America East
2024,2612,wbb:maac,13,Metro Atlantic Athletic Conference,MAAC
2024,2617,wbb:wac,30,Western Athletic Conference,WAC
2024,2619,wbb:caa,10,Coastal Athletic Association,CAA
2024,2623,wbb:mvc,18,Missouri Valley Conference,MVC
2024,2627,wbb:wac,30,Western Athletic Conference,WAC
2024,2628,wbb:big-12,8,Big 12 Conference,Big 12
2024,2630,wbb:ovc,20,Ohio Valley Conference,OVC
2024,2633,wbb:sec,23,Southeastern Conference,SEC
2024,2634,wbb:ovc,20,Ohio Valley Conference,OVC
2024,2635,wbb:ovc,20,Ohio Valley Conference,OVC
2024,2636,wbb:american,62,American Athletic Conference,AAC
2024,2638,wbb:cusa,11,Conference USA,C-USA
2024,264,wbb:pac-12,21,Pac-12 Conference,Pac-12
2024,2640,wbb:swac,26,Southwestern Athletic Conference,SWAC
2024,2641,wbb:big-12,8,Big 12 Conference,Big 12
2024,2649,wbb:mac,14,Mid-American Conference,MAC
2024,265,wbb:pac-12,21,Pac-12 Conference,Pac-12
2024,2653,wbb:sun-belt,27,Sun Belt Conference,Sun Belt
2024,2655,wbb:american,62,American Athletic Conference,AAC
2024,2670,wbb:atlantic-10,3,Atlantic 10 Conference,Atlantic 10
2024,2674,wbb:mvc,18,Missouri Valley Conference,MVC
2024,2681,wbb:nec,19,Northeast Conference,NEC
2024,269,wbb:big-east,4,Big East Conference,Big East
2024,2692,wbb:big-sky,5,Big Sky Conference,Big Sky
2024,27,wbb:big-west,9,Big West Conference,Big West
2024,270,wbb:horizon,45,Horizon League,Horizon
2024,2710,wbb:ovc,20,Ohio Valley Conference,OVC
2024,2711,wbb:mac,14,Mid-American Conference,MAC
2024,2717,wbb:socon,24,Southern Conference,SoCon
2024,2724,wbb:american,62,American Athletic Conference,AAC
2024,2729,wbb:caa,10,Coastal Athletic Association,CAA
2024,2737,wbb:big-south,6,Big South Conference,Big South
2024,2739,wbb:horizon,45,Horizon League,Horizon
2024,2747,wbb:socon,24,Southern Conference,SoCon
2024,275,wbb:big-ten,7,Big Ten Conference,Big Ten
2024,2750,wbb:horizon,45,Horizon League,Horizon
2024,2751,wbb:mountain-west,44,Mountain West Conference,MWC
2024,2752,wbb:big-east,4,Big East Conference,Big East
2024,2754,wbb:horizon,45,Horizon League,Horizon
2024,2755,wbb:swac,26,Southwestern Athletic Conference,SWAC
2024,276,wbb:sun-belt,27,Sun Belt Conference,Sun Belt
2024,277,wbb:big-12,8,Big 12 Conference,Big 12
2024,2771,wbb:nec,19,Northeast Conference,NEC
2024,278,wbb:mountain-west,44,Mountain West Conference,MWC
2024,279,wbb:wcc,29,West Coast Conference,WCC
2024,28,wbb:big-west,9,Big West Conference,Big West
2024,2803,wbb:america-east,1,America East Conference,America East
2024,2815,wbb:ovc,20,Ohio Valley Conference,OVC
2024,282,wbb:mvc,18,Missouri Valley Conference,MVC
2024,2837,wbb:southland,25,Southland Conference,Southland
2024,284,wbb:nec,19,Northeast Conference,NEC
2024,2856,wbb:wac,30,Western Athletic Conference,WAC
2024,2870,wbb:horizon,45,Horizon League,Horizon
2024,288,wbb:asun,46,ASUN Conference,ASUN
2024,2885,wbb:america-east,1,America East Conference,America East
2024,290,wbb:sun-belt,27,Sun Belt Conference,Sun Belt
2024,2900,wbb:summit,47,The Summit League,Summit League
2024,2908,wbb:big-south,6,Big South Conference,Big South
2024,2916,wbb:southland,25,Southland Conference,Southland
2024,292,wbb:wac,30,Western Athletic Conference,WAC
2024,2934,wbb:big-west,9,Big West Conference,Big West
2024,294,wbb:asun,46,ASUN Conference,ASUN
2024,295,wbb:sun-belt,27,Sun Belt Conference,Sun Belt
2024,299,wbb:big-west,9,Big West Conference,Big West
2024,30,wbb:pac-12,21,Pac-12 Conference,Pac-12
2024,300,wbb:big-west,9,Big West Conference,Big West
2024,301,wbb:wcc,29,West Coast Conference,WCC
2024,302,wbb:big-west,9,Big West Conference,Big West
2024,304,wbb:big-sky,5,Big Sky Conference,Big Sky
2024,305,wbb:big-east,4,Big East Conference,Big East
2024,3084,wbb:wac,30,Western Athletic Conference,WAC
2024,309,wbb:sun-belt,27,Sun Belt Conference,Sun Belt
2024,3101,wbb:wac,30,Western Athletic Conference,WAC
2024,311,wbb:america-east,1,America East Conference,America East
2024,314,wbb:maac,13,Metro Atlantic Athletic Conference,MAAC
2024,315,wbb:maac,13,Metro Atlantic Athletic Conference,MAAC
2024,322,wbb:patriot,22,Patriot League,Patriot
2024,324,wbb:sun-belt,27,Sun Belt Conference,Sun Belt
2024,325,wbb:horizon,45,Horizon League,Horizon
2024,326,wbb:sun-belt,27,Sun Belt Conference,Sun Belt
2024,328,wbb:mountain-west,44,Mountain West Conference,MWC
2024,331,wbb:big-sky,5,Big Sky Conference,Big Sky
2024,333,wbb:sec,23,Southeastern Conference,SEC
2024,338,wbb:asun,46,ASUN Conference,ASUN
2024,339,wbb:mvc,18,Missouri Valley Conference,MVC
2024,344,wbb:sec,23,Southeastern Conference,SEC
2024,349,wbb:patriot,22,Patriot League,Patriot
2024,350,wbb:caa,10,Coastal Athletic Association,CAA
2024,356,wbb:big-ten,7,Big Ten Conference,Big Ten
2024,357,wbb:southland,25,Southland Conference,Southland
2024,36,wbb:mountain-west,44,Mountain West Conference,MWC
2024,38,wbb:pac-12,21,Pac-12 Conference,Pac-12
2024,399,wbb:america-east,1,America East Conference,America East
2024,41,wbb:big-east,4,Big East Conference,Big East
2024,43,wbb:ivy,12,Ivy League,Ivy League
2024,44,wbb:patriot,22,Patriot League,Patriot
2024,45,wbb:atlantic-10,3,Atlantic 10 Conference,Atlantic 10
2024,46,wbb:big-east,4,Big East Conference,Big East
2024,47,wbb:meac,16,Mid-Eastern Athletic Conference,MEAC
2024,48,wbb:caa,10,Coastal Athletic Association,CAA
2024,5,wbb:american,62,American Athletic Conference,AAC
2024,50,wbb:swac,26,Southwestern Athletic Conference,SWAC
2024,52,wbb:acc,2,Atlantic Coast Conference,ACC
2024,526,wbb:asun,46,ASUN Conference,ASUN
2024,55,wbb:cusa,11,Conference USA,C-USA
2024,56,wbb:asun,46,ASUN Conference,ASUN
2024,57,wbb:sec,23,Southeastern Conference,SEC
2024,58,wbb:american,62,American Athletic Conference,AAC
2024,59,wbb:acc,2,Atlantic Coast Conference,ACC
2024,6,wbb:sun-belt,27,Sun Belt Conference,Sun Belt
2024,61,wbb:sec,23,Southeastern Conference,SEC
2024,62,wbb:big-west,9,Big West Conference,Big West
2024,66,wbb:big-12,8,Big 12 Conference,Big 12
2024,68,wbb:mountain-west,44,Mountain West Conference,MWC
2024,70,wbb:big-sky,5,Big Sky Conference,Big Sky
2024,71,wbb:mvc,18,Missouri Valley Conference,MVC
2024,77,wbb:big-ten,7,Big Ten Conference,Big Ten
2024,79,wbb:mvc,18,Missouri Valley Conference,MVC
2024,8,wbb:sec,23,Southeastern Conference,SEC
2024,82,wbb:mvc,18,Missouri Valley Conference,MVC
2024,84,wbb:big-ten,7,Big Ten Conference,Big Ten
2024,85,wbb:horizon,45,Horizon League,Horizon
2024,87,wbb:acc,2,Atlantic Coast Conference,ACC
2024,88,wbb:ovc,20,Ohio Valley Conference,OVC
2024,9,wbb:pac-12,21,Pac-12 Conference,Pac-12
2024,91,wbb:asun,46,ASUN Conference,ASUN
2024,93,wbb:mvc,18,Missouri Valley Conference,MVC
2024,94,wbb:horizon,45,Horizon League,Horizon
2024,96,wbb:sec,23,Southeastern Conference,SEC
2024,97,wbb:acc,2,Atlantic Coast Conference,ACC
2024,98,wbb:cusa,11,Conference USA,C-USA
2024,99,wbb:sec,23,Southeastern Conference,SEC
2025,103,wbb:acc,2,Atlantic Coast Conference,ACC
2025,104,wbb:patriot,22,Patriot League,Patriot
2025,107,wbb:patriot,22,Patriot League,Patriot
2025,108,wbb:ivy,12,Ivy League,Ivy League
2025,111,wbb:caa,10,Coastal Athletic Association,CAA
2025,112358,wbb:nec,19,Northeast Conference,NEC
2025,113,wbb:atlantic-10,3,Atlantic 10 Conference,Atlantic 10
2025,116,wbb:maac,13,Metro Atlantic Athletic Conference,MAAC
2025,119,wbb:caa,10,Coastal Athletic Association,CAA
2025,12,wbb:big-12,8,Big 12 Conference,Big 12
2025,120,wbb:big-ten,7,Big Ten Conference,Big Ten
2025,127,wbb:big-ten,7,Big Ten Conference,Big Ten
2025,13,wbb:big-west,9,Big West Conference,Big West
2025,130,wbb:big-ten,7,Big Ten Conference,Big Ten
2025,135,wbb:big-ten,7,Big Ten Conference,Big Ten
2025,139,wbb:atlantic-10,3,Atlantic 10 Conference,Atlantic 10
2025,140,wbb:summit,47,The Summit League,Summit League
2025,142,wbb:sec,23,Southeastern Conference,SEC
2025,145,wbb:sec,23,Southeastern Conference,SEC
2025,147,wbb:big-sky,5,Big Sky Conference,Big Sky
2025,149,wbb:big-sky,5,Big Sky Conference,Big Sky
2025,150,wbb:acc,2,Atlantic Coast Conference,ACC
2025,151,wbb:american,62,American Athletic Conference,AAC
2025,152,wbb:acc,2,Atlantic Coast Conference,ACC
2025,153,wbb:acc,2,Atlantic Coast Conference,ACC
2025,154,wbb:acc,2,Atlantic Coast Conference,ACC
2025,155,wbb:summit,47,The Summit League,Summit League
2025,156,wbb:big-east,4,Big East Conference,Big East
2025,158,wbb:big-ten,7,Big Ten Conference,Big Ten
2025,159,wbb:ivy,12,Ivy League,Ivy League
2025,16,wbb:big-sky,5,Big Sky Conference,Big Sky
2025,160,wbb:america-east,1,America East Conference,America East
2025,161,wbb:nec,19,Northeast Conference,NEC
2025,163,wbb:ivy,12,Ivy League,Ivy League
2025,164,wbb:big-ten,7,Big Ten Conference,Big Ten
2025,166,wbb:cusa,11,Conference USA,C-USA
2025,167,wbb:mountain-west,44,Mountain West Conference,MWC
2025,171,wbb:ivy,12,Ivy League,Ivy League
2025,172,wbb:ivy,12,Ivy League,Ivy League
2025,179,wbb:atlantic-10,3,Atlantic 10 Conference,Atlantic 10
2025,183,wbb:acc,2,Atlantic Coast Conference,ACC
2025,189,wbb:mac,14,Mid-American Conference,MAC
2025,193,wbb:mac,14,Mid-American Conference,MAC
2025,194,wbb:big-ten,7,Big Ten Conference,Big Ten
2025,195,wbb:mac,14,Mid-American Conference,MAC
2025,197,wbb:big-12,8,Big 12 Conference,Big 12
2025,198,wbb:summit,47,The Summit League,Summit League
2025,2,wbb:sec,23,Southeastern Conference,SEC
2025,2000,wbb:wac,30,Western Athletic Conference,WAC
2025,2005,wbb:mountain-west,44,Mountain West Conference,MWC
2025,2006,wbb:mac,14,Mid-American Conference,MAC
2025,201,wbb:sec,23,Southeastern Conference,SEC
2025,2010,wbb:swac,26,Southwestern Athletic Conference,SWAC
2025,2011,wbb:swac,26,Southwestern Athletic Conference,SWAC
2025,2016,wbb:swac,26,Southwestern Athletic Conference,SWAC
2025,202,wbb:american,62,American Athletic Conference,AAC
2025,2026,wbb:sun-belt,27,Sun Belt Conference,Sun Belt
2025,2029,wbb:swac,26,Southwestern Athletic Conference,SWAC
2025,2031,wbb:ovc,20,Ohio Valley Conference,OVC
2025,2032,wbb:sun-belt,27,Sun Belt Conference,Sun Belt
2025,204,wbb:wcc,29,West Coast Conference,WCC
2025,2046,wbb:asun,46,ASUN Conference,ASUN
2025,2050,wbb:mac,14,Mid-American Conference,MAC
2025,2057,wbb:mvc,18,Missouri Valley Conference,MVC
2025,2065,wbb:swac,26,Southwestern Athletic Conference,SWAC
2025,2066,wbb:america-east,1,America East Conference,America East
2025,2083,wbb:patriot,22,Patriot League,Patriot
2025,2084,wbb:mac,14,Mid-American Conference,MAC
2025,2086,wbb:big-east,4,Big East Conference,Big East
2025,2097,wbb:caa,10,Coastal Athletic Association,CAA
2025,2099,wbb:maac,13,Metro Atlantic Athletic Conference,MAAC
2025,21,wbb:mountain-west,44,Mountain West Conference,MWC
2025,2110,wbb:asun,46,ASUN Conference,ASUN
2025,2115,wbb:nec,19,Northeast Conference,NEC
2025,2116,wbb:big-12,8,Big 12 Conference,Big 12
2025,2117,wbb:mac,14,Mid-American Conference,MAC
2025,2127,wbb:big-south,6,Big South Conference,Big South
2025,213,wbb:big-ten,7,Big Ten Conference,Big Ten
2025,2130,wbb:nec,19,Northeast Conference,NEC
2025,2132,wbb:big-12,8,Big 12 Conference,Big 12
2025,2142,wbb:patriot,22,Patriot League,Patriot
2025,2154,wbb:meac,16,Mid-Eastern Athletic Conference,MEAC
2025,2166,wbb:atlantic-10,3,Atlantic 10 Conference,Atlantic 10
2025,2168,wbb:atlantic-10,3,Atlantic 10 Conference,Atlantic 10
2025,2169,wbb:meac,16,Mid-Eastern Athletic Conference,MEAC
2025,2172,wbb:summit,47,The Summit League,Summit League
2025,2174,wbb:horizon,45,Horizon League,Horizon
2025,218,wbb:american,62,American Athletic Conference,AAC
2025,2181,wbb:mvc,18,Missouri Valley Conference,MVC
2025,2182,wbb:caa,10,Coastal Athletic Association,CAA
2025,2184,wbb:atlantic-10,3,Atlantic 10 Conference,Atlantic 10
2025,219,wbb:ivy,12,Ivy League,Ivy League
2025,2193,wbb:socon,24,Southern Conference,SoCon
2025,2197,wbb:ovc,20,Ohio Valley Conference,OVC
2025,2198,wbb:asun,46,ASUN Conference,ASUN
2025,2199,wbb:mac,14,Mid-American Conference,MAC
2025,221,wbb:acc,2,Atlantic Coast Conference,ACC
2025,2210,wbb:caa,10,Coastal Athletic Association,CAA
2025,2217,wbb:maac,13,Metro Atlantic Athletic Conference,MAAC
2025,222,wbb:big-east,4,Big East Conference,Big East
2025,2226,wbb:american,62,American Athletic Conference,AAC
2025,2229,wbb:cusa,11,Conference USA,C-USA
2025,2230,wbb:atlantic-10,3,Atlantic 10 Conference,Atlantic 10
2025,2239,wbb:big-west,9,Big West Conference,Big West
2025,2241,wbb:big-south,6,Big South Conference,Big South
2025,2244,wbb:atlantic-10,3,Atlantic 10 Conference,Atlantic 10
2025,2247,wbb:sun-belt,27,Sun Belt Conference,Sun Belt
2025,225,wbb:ivy,12,Ivy League,Ivy League
2025,2250,wbb:wcc,29,West Coast Conference,WCC
2025,2253,wbb:wac,30,Western Athletic Conference,WAC
2025,2261,wbb:caa,10,Coastal Athletic Association,CAA
2025,227,wbb:atlantic-10,3,Atlantic 10 Conference,Atlantic 10
2025,2272,wbb:big-south,6,Big South Conference,Big South
2025,2275,wbb:caa,10,Coastal Athletic Association,CAA
2025,2277,wbb:southland,25,Southland Conference,Southland
2025,228,wbb:acc,2,Atlantic Coast Conference,ACC
2025,2287,wbb:mvc,18,Missouri Valley Conference,MVC
2025,2294,wbb:big-ten,7,Big Ten Conference,Big Ten
2025,2296,wbb:swac,26,Southwestern Athletic Conference,SWAC
2025,23,wbb:mountain-west,44,Mountain West Conference,MWC
2025,2305,wbb:big-12,8,Big 12 Conference,Big 12
2025,2306,wbb:big-12,8,Big 12 Conference,Big 12
2025,2309,wbb:mac,14,Mid-American Conference,MAC
2025,231,wbb:socon,24,Southern Conference,SoCon
2025,232,wbb:caa,10,Coastal Athletic Association,CAA
2025,2320,wbb:southland,25,Southland Conference,Southland
2025,2325,wbb:atlantic-10,3,Atlantic 10 Conference,Atlantic 10
2025,2329,wbb:patriot,22,Patriot League,Patriot
2025,233,wbb:summit,47,The Summit League,Summit League
2025,2330,wbb:nec,19,Northeast Conference,NEC
2025,2335,wbb:cusa,11,Conference USA,C-USA
2025,2344,wbb:big-south,6,Big South Conference,Big South
2025,2348,wbb:cusa,11,Conference USA,C-USA
2025,2349,wbb:america-east,1,America East Conference,America East
2025,235,wbb:american,62,American Athletic Conference,AAC
2025,2350,wbb:atlantic-10,3,Atlantic 10 Conference,Atlantic 10
2025,2351,wbb:wcc,29,West Coast Conference,WCC
2025,2352,wbb:patriot,22,Patriot League,Patriot
2025,236,wbb:socon,24,Southern Conference,SoCon
2025,2363,wbb:maac,13,Metro Atlantic Athletic Conference,MAAC
2025,2368,wbb:maac,13,Metro Atlantic Athletic Conference,MAAC
2025,2377,wbb:southland,25,Southland Conference,Southland
2025,2378,wbb:america-east,1,America East Conference,America East
2025,2379,wbb:meac,16,Mid-Eastern Athletic Conference,MEAC
2025,238,wbb:sec,23,Southeastern Conference,SEC
2025,2382,wbb:socon,24,Southern Conference,SoCon
2025,2385,wbb:nec,19,Northeast Conference,NEC
2025,239,wbb:big-12,8,Big 12 Conference,Big 12
2025,2390,wbb:acc,2,Atlantic Coast Conference,ACC
2025,2393,wbb:cusa,11,Conference USA,C-USA
2025,24,wbb:acc,2,Atlantic Coast Conference,ACC
2025,2400,wbb:swac,26,Southwestern Athletic Conference,SWAC
2025,2405,wbb:caa,10,Coastal Athletic Association,CAA
2025,2413,wbb:ovc,20,Ohio Valley Conference,OVC
2025,2415,wbb:meac,16,Mid-Eastern Athletic Conference,MEAC
2025,242,wbb:american,62,American Athletic Conference,AAC
2025,2426,wbb:patriot,22,Patriot League,Patriot
2025,2427,wbb:big-south,6,Big South Conference,Big South
2025,2428,wbb:meac,16,Mid-Eastern Athletic Conference,MEAC
2025,2429,wbb:american,62,American Athletic Conference,AAC
2025,2430,wbb:socon,24,Southern Conference,SoCon
2025,2433,wbb:sun-belt,27,Sun Belt Conference,Sun Belt
2025,2437,wbb:summit,47,The Summit League,Summit League
2025,2439,wbb:mountain-west,44,Mountain West Conference,MWC
2025,2440,wbb:mountain-west,44,Mountain West Conference,MWC
2025,2443,wbb:southland,25,Southland Conference,Southland
2025,2447,wbb:southland,25,Southland Conference,Southland
2025,2448,wbb:caa,10,Coastal Athletic Association,CAA
2025,2449,wbb:summit,47,The Summit League,Summit League
2025,245,wbb:sec,23,Southeastern Conference,SEC
2025,2450,wbb:meac,16,Mid-Eastern Athletic Conference,MEAC
2025,2453,wbb:asun,46,ASUN Conference,ASUN
2025,2454,wbb:asun,46,ASUN Conference,ASUN
2025,2458,wbb:big-sky,5,Big Sky Conference,Big Sky
2025,2459,wbb:mac,14,Mid-American Conference,MAC
2025,2460,wbb:mvc,18,Missouri Valley Conference,MVC
2025,2463,wbb:big-west,9,Big West Conference,Big West
2025,2464,wbb:big-sky,5,Big Sky Conference,Big Sky
2025,2466,wbb:southland,25,Southland Conference,Southland
2025,2473,wbb:horizon,45,Horizon League,Horizon
2025,248,wbb:big-12,8,Big 12 Conference,Big 12
2025,2483,wbb:big-ten,7,Big Ten Conference,Big Ten
2025,249,wbb:american,62,American Athletic Conference,AAC
2025,2492,wbb:wcc,29,West Coast Conference,WCC
2025,25,wbb:acc,2,Atlantic Coast Conference,ACC
2025,250,wbb:wac,30,Western Athletic Conference,WAC
2025,2501,wbb:wcc,29,West Coast Conference,WCC
2025,2502,wbb:big-sky,5,Big Sky Conference,Big Sky
2025,2504,wbb:swac,26,Southwestern Athletic Conference,SWAC
2025,2506,wbb:big-south,6,Big South Conference,Big South
2025,2507,wbb:big-east,4,Big East Conference,Big East
2025,2509,wbb:big-ten,7,Big Ten Conference,Big Ten
2025,251,wbb:sec,23,Southeastern Conference,SEC
2025,2511,wbb:asun,46,ASUN Conference,ASUN
2025,2514,wbb:maac,13,Metro Atlantic Athletic Conference,MAAC
2025,2515,wbb:big-south,6,Big South Conference,Big South
2025,252,wbb:big-12,8,Big 12 Conference,Big 12
2025,2520,wbb:maac,13,Metro Atlantic Athletic Conference,MAAC
2025,2523,wbb:horizon,45,Horizon League,Horizon
2025,2529,wbb:maac,13,Metro Atlantic Athletic Conference,MAAC
2025,253,wbb:wac,30,Western Athletic Conference,WAC
2025,2534,wbb:cusa,11,Conference USA,C-USA
2025,2535,wbb:socon,24,Southern Conference,SoCon
2025,2539,wbb:wcc,29,West Coast Conference,WCC
2025,254,wbb:big-12,8,Big 12 Conference,Big 12
2025,2540,wbb:big-west,9,Big West Conference,Big West
2025,2541,wbb:wcc,29,West Coast Conference,WCC
2025,2545,wbb:southland,25,Southland Conference,Southland
2025,2546,wbb:ovc,20,Ohio Valley Conference,OVC
2025,2547,wbb:wac,30,Western Athletic Conference,WAC
2025,2550,wbb:big-east,4,Big East Conference,Big East
2025,256,wbb:sun-belt,27,Sun Belt Conference,Sun Belt
2025,2561,wbb:maac,13,Metro Atlantic Athletic Conference,MAAC
2025,2565,wbb:ovc,20,Ohio Valley Conference,OVC
2025,2567,wbb:acc,2,Atlantic Coast Conference,ACC
2025,2569,wbb:meac,16,Mid-Eastern Athletic Conference,MEAC
2025,257,wbb:atlantic-10,3,Atlantic 10 Conference,Atlantic 10
2025,2571,wbb:summit,47,The Summit League,Summit League
2025,2572,wbb:sun-belt,27,Sun Belt Conference,Sun Belt
2025,2579,wbb:sec,23,Southeastern Conference,SEC
2025,258,wbb:acc,2,Atlantic Coast Conference,ACC
2025,2582,wbb:swac,26,Southwestern Athletic Conference,SWAC
2025,259,wbb:acc,2,Atlantic Coast Conference,ACC
2025,2598,wbb:nec,19,Northeast Conference,NEC
2025,2599,wbb:big-east,4,Big East Conference,Big East
2025,26,wbb:big-ten,7,Big Ten Conference,Big Ten
2025,2603,wbb:atlantic-10,3,Atlantic 10 Conference,Atlantic 10
2025,2608,wbb:wcc,29,West Coast Conference,WCC
2025,261,wbb:america-east,1,America East Conference,America East
2025,2612,wbb:maac,13,Metro Atlantic Athletic Conference,MAAC
2025,2617,wbb:southland,25,Southland Conference,Southland
2025,2619,wbb:caa,10,Coastal Athletic Association,CAA
2025,2623,wbb:mvc,18,Missouri Valley Conference,MVC
2025,2627,wbb:wac,30,Western Athletic Conference,WAC
2025,2628,wbb:big-12,8,Big 12 Conference,Big 12
2025,2630,wbb:ovc,20,Ohio Valley Conference,OVC
2025,2633,wbb:sec,23,Southeastern Conference,SEC
2025,2634,wbb:ovc,20,Ohio Valley Conference,OVC
2025,2635,wbb:ovc,20,Ohio Valley Conference,OVC
2025,2636,wbb:american,62,American Athletic Conference,AAC
2025,2638,wbb:cusa,11,Conference USA,C-USA
2025,264,wbb:big-ten,7,Big Ten Conference,Big Ten
2025,2640,wbb:swac,26,Southwestern Athletic Conference,SWAC
2025,2641,wbb:big-12,8,Big 12 Conference,Big 12
2025,2649,wbb:mac,14,Mid-American Conference,MAC
2025,265,wbb:wcc,29,West Coast Conference,WCC
2025,2653,wbb:sun-belt,27,Sun Belt Conference,Sun Belt
2025,2655,wbb:american,62,American Athletic Conference,AAC
2025,2670,wbb:atlantic-10,3,Atlantic 10 Conference,Atlantic 10
2025,2674,wbb:mvc,18,Missouri Valley Conference,MVC
2025,2681,wbb:nec,19,Northeast Conference,NEC
2025,269,wbb:big-east,4,Big East Conference,Big East
2025,2692,wbb:big-sky,5,Big Sky Conference,Big Sky
2025,2698,wbb:asun,46,ASUN Conference,ASUN
2025,27,wbb:big-west,9,Big West Conference,Big West
2025,270,wbb:horizon,45,Horizon League,Horizon
2025,2710,wbb:ovc,20,Ohio Valley Conference,OVC
2025,2711,wbb:mac,14,Mid-American Conference,MAC
2025,2717,wbb:socon,24,Southern Conference,SoCon
2025,2724,wbb:american,62,American Athletic Conference,AAC
2025,2729,wbb:caa,10,Coastal Athletic Association,CAA
2025,2737,wbb:big-south,6,Big South Conference,Big South
2025,2739,wbb:horizon,45,Horizon League,Horizon
2025,2747,wbb:socon,24,Southern Conference,SoCon
2025,275,wbb:big-ten,7,Big Ten Conference,Big Ten
2025,2750,wbb:horizon,45,Horizon League,Horizon
2025,2751,wbb:mountain-west,44,Mountain West Conference,MWC
2025,2752,wbb:big-east,4,Big East Conference,Big East
2025,2754,wbb:horizon,45,Horizon League,Horizon
2025,2755,wbb:swac,26,Southwestern Athletic Conference,SWAC
2025,276,wbb:sun-belt,27,Sun Belt Conference,Sun Belt
2025,277,wbb:big-12,8,Big 12 Conference,Big 12
2025,2771,wbb:maac,13,Metro Atlantic Athletic Conference,MAAC
2025,278,wbb:mountain-west,44,Mountain West Conference,MWC
2025,279,wbb:wcc,29,West Coast Conference,WCC
2025,28,wbb:big-west,9,Big West Conference,Big West
2025,2803,wbb:america-east,1,America East Conference,America East
2025,2815,wbb:ovc,20,Ohio Valley Conference,OVC
2025,282,wbb:mvc,18,Missouri Valley Conference,MVC
2025,2837,wbb:southland,25,Southland Conference,Southland
2025,284,wbb:nec,19,Northeast Conference,NEC
2025,2856,wbb:wac,30,Western Athletic Conference,WAC
2025,2870,wbb:horizon,45,Horizon League,Horizon
2025,288,wbb:asun,46,ASUN Conference,ASUN
2025,2885,wbb:america-east,1,America East Conference,America East
2025,290,wbb:sun-belt,27,Sun Belt Conference,Sun Belt
2025,2900,wbb:summit,47,The Summit League,Summit League
2025,2908,wbb:big-south,6,Big South Conference,Big South
2025,2916,wbb:southland,25,Southland Conference,Southland
2025,292,wbb:southland,25,Southland Conference,Southland
2025,2934,wbb:big-west,9,Big West Conference,Big West
2025,294,wbb:asun,46,ASUN Conference,ASUN
2025,295,wbb:sun-belt,27,Sun Belt Conference,Sun Belt
2025,299,wbb:big-west,9,Big West Conference,Big West
2025,30,wbb:big-ten,7,Big Ten Conference,Big Ten
2025,300,wbb:big-west,9,Big West Conference,Big West
2025,301,wbb:wcc,29,West Coast Conference,WCC
2025,302,wbb:big-west,9,Big West Conference,Big West
2025,304,wbb:big-sky,5,Big Sky Conference,Big Sky
2025,305,wbb:big-east,4,Big East Conference,Big East
2025,3084,wbb:wac,30,Western Athletic Conference,WAC
2025,309,wbb:sun-belt,27,Sun Belt Conference,Sun Belt
2025,3101,wbb:wac,30,Western Athletic Conference,WAC
2025,311,wbb:america-east,1,America East Conference,America East
2025,314,wbb:maac,13,Metro Atlantic Athletic Conference,MAAC
2025,315,wbb:maac,13,Metro Atlantic Athletic Conference,MAAC
2025,322,wbb:patriot,22,Patriot League,Patriot
2025,324,wbb:sun-belt,27,Sun Belt Conference,Sun Belt
2025,325,wbb:horizon,45,Horizon League,Horizon
2025,326,wbb:sun-belt,27,Sun Belt Conference,Sun Belt
2025,328,wbb:mountain-west,44,Mountain West Conference,MWC
2025,331,wbb:big-sky,5,Big Sky Conference,Big Sky
2025,333,wbb:sec,23,Southeastern Conference,SEC
2025,338,wbb:cusa,11,Conference USA,C-USA
2025,339,wbb:mvc,18,Missouri Valley Conference,MVC
2025,344,wbb:sec,23,Southeastern Conference,SEC
2025,349,wbb:patriot,22,Patriot League,Patriot
2025,350,wbb:caa,10,Coastal Athletic Association,CAA
2025,356,wbb:big-ten,7,Big Ten Conference,Big Ten
2025,357,wbb:southland,25,Southland Conference,Southland
2025,36,wbb:mountain-west,44,Mountain West Conference,MWC
2025,38,wbb:big-12,8,Big 12 Conference,Big 12
2025,399,wbb:america-east,1,America East Conference,America East
2025,41,wbb:big-east,4,Big East Conference,Big East
2025,43,wbb:ivy,12,Ivy League,Ivy League
2025,44,wbb:patriot,22,Patriot League,Patriot
2025,45,wbb:atlantic-10,3,Atlantic 10 Conference,Atlantic 10
2025,46,wbb:big-east,4,Big East Conference,Big East
2025,47,wbb:meac,16,Mid-Eastern Athletic Conference,MEAC
2025,48,wbb:caa,10,Coastal Athletic Association,CAA
2025,5,wbb:american,62,American Athletic Conference,AAC
2025,50,wbb:swac,26,Southwestern Athletic Conference,SWAC
2025,52,wbb:acc,2,Atlantic Coast Conference,ACC
2025,526,wbb:asun,46,ASUN Conference,ASUN
2025,55,wbb:cusa,11,Conference USA,C-USA
2025,56,wbb:asun,46,ASUN Conference,ASUN
2025,57,wbb:sec,23,Southeastern Conference,SEC
2025,58,wbb:american,62,American Athletic Conference,AAC
2025,59,wbb:acc,2,Atlantic Coast Conference,ACC
2025,6,wbb:sun-belt,27,Sun Belt Conference,Sun Belt
2025,61,wbb:sec,23,Southeastern Conference,SEC
2025,62,wbb:big-west,9,Big West Conference,Big West
2025,66,wbb:big-12,8,Big 12 Conference,Big 12
2025,68,wbb:mountain-west,44,Mountain West Conference,MWC
2025,70,wbb:big-sky,5,Big Sky Conference,Big Sky
2025,71,wbb:mvc,18,Missouri Valley Conference,MVC
2025,77,wbb:big-ten,7,Big Ten Conference,Big Ten
2025,79,wbb:mvc,18,Missouri Valley Conference,MVC
2025,8,wbb:sec,23,Southeastern Conference,SEC
2025,82,wbb:mvc,18,Missouri Valley Conference,MVC
2025,84,wbb:big-ten,7,Big Ten Conference,Big Ten
2025,85,wbb:horizon,45,Horizon League,Horizon
2025,87,wbb:acc,2,Atlantic Coast Conference,ACC
2025,88,wbb:ovc,20,Ohio Valley Conference,OVC
2025,9,wbb:big-12,8,Big 12 Conference,Big 12
2025,91,wbb:asun,46,ASUN Conference,ASUN
2025,93,wbb:mvc,18,Missouri Valley Conference,MVC
2025,94,wbb:horizon,45,Horizon League,Horizon
2025,96,wbb:sec,23,Southeastern Conference,SEC
2025,97,wbb:acc,2,Atlantic Coast Conference,ACC
2025,98,wbb:cusa,11,Conference USA,C-USA
2025,99,wbb:sec,23,Southeastern Conference,SEC
2026,103,wbb:acc,2,Atlantic Coast Conference,ACC
2026,104,wbb:patriot,22,Patriot League,Patriot
2026,107,wbb:patriot,22,Patriot League,Patriot
2026,108,wbb:ivy,12,Ivy League,Ivy League
2026,111,wbb:caa,10,Coastal Athletic Association,CAA
2026,112358,wbb:nec,19,Northeast Conference,NEC
2026,113,wbb:mac,14,Mid-American Conference,MAC
2026,116,wbb:maac,13,Metro Atlantic Athletic Conference,MAAC
2026,119,wbb:caa,10,Coastal Athletic Association,CAA
2026,12,wbb:big-12,8,Big 12 Conference,Big 12
2026,120,wbb:big-ten,7,Big Ten Conference,Big Ten
2026,127,wbb:big-ten,7,Big Ten Conference,Big Ten
2026,13,wbb:big-west,9,Big West Conference,Big West
2026,130,wbb:big-ten,7,Big Ten Conference,Big Ten
2026,135,wbb:big-ten,7,Big Ten Conference,Big Ten
2026,139,wbb:atlantic-10,3,Atlantic 10 Conference,Atlantic 10
2026,140,wbb:summit,47,The Summit League,Summit League
2026,142,wbb:sec,23,Southeastern Conference,SEC
2026,145,wbb:sec,23,Southeastern Conference,SEC
2026,147,wbb:big-sky,5,Big Sky Conference,Big Sky
2026,149,wbb:big-sky,5,Big Sky Conference,Big Sky
2026,150,wbb:acc,2,Atlantic Coast Conference,ACC
2026,151,wbb:american,62,American Conference,AAC
2026,152,wbb:acc,2,Atlantic Coast Conference,ACC
2026,153,wbb:acc,2,Atlantic Coast Conference,ACC
2026,154,wbb:acc,2,Atlantic Coast Conference,ACC
2026,155,wbb:summit,47,The Summit League,Summit League
2026,156,wbb:big-east,4,Big East Conference,Big East
2026,158,wbb:big-ten,7,Big Ten Conference,Big Ten
2026,159,wbb:ivy,12,Ivy League,Ivy League
2026,16,wbb:big-sky,5,Big Sky Conference,Big Sky
2026,160,wbb:america-east,1,America East Conference,America East
2026,161,wbb:nec,19,Northeast Conference,NEC
2026,163,wbb:ivy,12,Ivy League,Ivy League
2026,164,wbb:big-ten,7,Big Ten Conference,Big Ten
2026,166,wbb:cusa,11,Conference USA,C-USA
2026,167,wbb:mountain-west,44,Mountain West Conference,MWC
2026,171,wbb:ivy,12,Ivy League,Ivy League
2026,172,wbb:ivy,12,Ivy League,Ivy League
2026,179,wbb:atlantic-10,3,Atlantic 10 Conference,Atlantic 10
2026,183,wbb:acc,2,Atlantic Coast Conference,ACC
2026,189,wbb:mac,14,Mid-American Conference,MAC
2026,193,wbb:mac,14,Mid-American Conference,MAC
2026,194,wbb:big-ten,7,Big Ten Conference,Big Ten
2026,195,wbb:mac,14,Mid-American Conference,MAC
2026,197,wbb:big-12,8,Big 12 Conference,Big 12
2026,198,wbb:summit,47,The Summit League,Summit League
2026,2,wbb:sec,23,Southeastern Conference,SEC
2026,2000,wbb:wac,30,Western Athletic Conference,WAC
2026,2005,wbb:mountain-west,44,Mountain West Conference,MWC
2026,2006,wbb:mac,14,Mid-American Conference,MAC
2026,201,wbb:sec,23,Southeastern Conference,SEC
2026,2010,wbb:swac,26,Southwestern Athletic Conference,SWAC
2026,2011,wbb:swac,26,Southwestern Athletic Conference,SWAC
2026,2016,wbb:swac,26,Southwestern Athletic Conference,SWAC
2026,202,wbb:american,62,American Conference,AAC
2026,2026,wbb:sun-belt,27,Sun Belt Conference,Sun Belt
2026,2029,wbb:swac,26,Southwestern Athletic Conference,SWAC
2026,2031,wbb:ovc,20,Ohio Valley Conference,OVC
2026,2032,wbb:sun-belt,27,Sun Belt Conference,Sun Belt
2026,204,wbb:wcc,29,West Coast Conference,WCC
2026,2046,wbb:asun,46,ASUN Conference,ASUN
2026,2050,wbb:mac,14,Mid-American Conference,MAC
2026,2057,wbb:mvc,18,Missouri Valley Conference,MVC
2026,2065,wbb:swac,26,Southwestern Athletic Conference,SWAC
2026,2066,wbb:america-east,1,America East Conference,America East
2026,2083,wbb:patriot,22,Patriot League,Patriot
2026,2084,wbb:mac,14,Mid-American Conference,MAC
2026,2086,wbb:big-east,4,Big East Conference,Big East
2026,2097,wbb:caa,10,Coastal Athletic Association,CAA
2026,2099,wbb:maac,13,Metro Atlantic Athletic Conference,MAAC
2026,21,wbb:mountain-west,44,Mountain West Conference,MWC
2026,2110,wbb:asun,46,ASUN Conference,ASUN
2026,2115,wbb:nec,19,Northeast Conference,NEC
2026,2116,wbb:big-12,8,Big 12 Conference,Big 12
2026,2117,wbb:mac,14,Mid-American Conference,MAC
2026,2127,wbb:big-south,6,Big South Conference,Big South
2026,213,wbb:big-ten,7,Big Ten Conference,Big Ten
2026,2130,wbb:nec,19,Northeast Conference,NEC
2026,2132,wbb:big-12,8,Big 12 Conference,Big 12
2026,2142,wbb:patriot,22,Patriot League,Patriot
2026,2154,wbb:meac,16,Mid-Eastern Athletic Conference,MEAC
2026,2166,wbb:atlantic-10,3,Atlantic 10 Conference,Atlantic 10
2026,2168,wbb:atlantic-10,3,Atlantic 10 Conference,Atlantic 10
2026,2169,wbb:meac,16,Mid-Eastern Athletic Conference,MEAC
2026,2172,wbb:summit,47,The Summit League,Summit League
2026,2174,wbb:horizon,45,Horizon League,Horizon
2026,218,wbb:american,62,American Conference,AAC
2026,2181,wbb:mvc,18,Missouri Valley Conference,MVC
2026,2182,wbb:caa,10,Coastal Athletic Association,CAA
2026,2184,wbb:atlantic-10,3,Atlantic 10 Conference,Atlantic 10
2026,219,wbb:ivy,12,Ivy League,Ivy League
2026,2193,wbb:socon,24,Southern Conference,SoCon
2026,2197,wbb:ovc,20,Ohio Valley Conference,OVC
2026,2198,wbb:asun,46,ASUN Conference,ASUN
2026,2199,wbb:mac,14,Mid-American Conference,MAC
2026,221,wbb:acc,2,Atlantic Coast Conference,ACC
2026,2210,wbb:caa,10,Coastal Athletic Association,CAA
2026,2217,wbb:maac,13,Metro Atlantic Athletic Conference,MAAC
2026,222,wbb:big-east,4,Big East Conference,Big East
2026,2226,wbb:american,62,American Conference,AAC
2026,2229,wbb:cusa,11,Conference USA,C-USA
2026,2230,wbb:atlantic-10,3,Atlantic 10 Conference,Atlantic 10
2026,2239,wbb:big-west,9,Big West Conference,Big West
2026,2241,wbb:big-south,6,Big South Conference,Big South
2026,2244,wbb:atlantic-10,3,Atlantic 10 Conference,Atlantic 10
2026,2247,wbb:sun-belt,27,Sun Belt Conference,Sun Belt
2026,225,wbb:ivy,12,Ivy League,Ivy League
2026,2250,wbb:wcc,29,West Coast Conference,WCC
2026,2253,wbb:mountain-west,44,Mountain West Conference,MWC
2026,2261,wbb:caa,10,Coastal Athletic Association,CAA
2026,227,wbb:atlantic-10,3,Atlantic 10 Conference,Atlantic 10
2026,2272,wbb:big-south,6,Big South Conference,Big South
2026,2275,wbb:caa,10,Coastal Athletic Association,CAA
2026,2277,wbb:southland,25,Southland Conference,Southland
2026,228,wbb:acc,2,Atlantic Coast Conference,ACC
2026,2287,wbb:mvc,18,Missouri Valley Conference,MVC
2026,2294,wbb:big-ten,7,Big Ten Conference,Big Ten
2026,2296,wbb:swac,26,Southwestern Athletic Conference,SWAC
2026,23,wbb:mountain-west,44,Mountain West Conference,MWC
2026,2305,wbb:big-12,8,Big 12 Conference,Big 12
2026,2306,wbb:big-12,8,Big 12 Conference,Big 12
2026,2309,wbb:mac,14,Mid-American Conference,MAC
2026,231,wbb:socon,24,Southern Conference,SoCon
2026,232,wbb:caa,10,Coastal Athletic Association,CAA
2026,2320,wbb:southland,25,Southland Conference,Southland
2026,2325,wbb:atlantic-10,3,Atlantic 10 Conference,Atlantic 10
2026,2329,wbb:patriot,22,Patriot League,Patriot
2026,233,wbb:summit,47,The Summit League,Summit League
2026,2330,wbb:nec,19,Northeast Conference,NEC
2026,2335,wbb:cusa,11,Conference USA,C-USA
2026,2344,wbb:big-south,6,Big South Conference,Big South
2026,2348,wbb:cusa,11,Conference USA,C-USA
2026,2349,wbb:america-east,1,America East Conference,America East
2026,235,wbb:american,62,American Conference,AAC
2026,2350,wbb:atlantic-10,3,Atlantic 10 Conference,Atlantic 10
2026,2351,wbb:wcc,29,West Coast Conference,WCC
2026,2352,wbb:patriot,22,Patriot League,Patriot
2026,236,wbb:socon,24,Southern Conference,SoCon
2026,2363,wbb:maac,13,Metro Atlantic Athletic Conference,MAAC
2026,2368,wbb:maac,13,Metro Atlantic Athletic Conference,MAAC
2026,2377,wbb:southland,25,Southland Conference,Southland
2026,2378,wbb:america-east,1,America East Conference,America East
2026,2379,wbb:meac,16,Mid-Eastern Athletic Conference,MEAC
2026,238,wbb:sec,23,Southeastern Conference,SEC
2026,2382,wbb:socon,24,Southern Conference,SoCon
2026,2385,wbb:nec,19,Northeast Conference,NEC
2026,239,wbb:big-12,8,Big 12 Conference,Big 12
2026,2390,wbb:acc,2,Atlantic Coast Conference,ACC
2026,2393,wbb:cusa,11,Conference USA,C-USA
2026,24,wbb:acc,2,Atlantic Coast Conference,ACC
2026,2400,wbb:swac,26,Southwestern Athletic Conference,SWAC
2026,2405,wbb:caa,10,Coastal Athletic Association,CAA
2026,2413,wbb:ovc,20,Ohio Valley Conference,OVC
2026,2415,wbb:meac,16,Mid-Eastern Athletic Conference,MEAC
2026,242,wbb:american,62,American Conference,AAC
2026,2426,wbb:patriot,22,Patriot League,Patriot
2026,2427,wbb:big-south,6,Big South Conference,Big South
2026,2428,wbb:meac,16,Mid-Eastern Athletic Conference,MEAC
2026,2429,wbb:american,62,American Conference,AAC
2026,2430,wbb:socon,24,Southern Conference,SoCon
2026,2433,wbb:sun-belt,27,Sun Belt Conference,Sun Belt
2026,2437,wbb:summit,47,The Summit League,Summit League
2026,2439,wbb:mountain-west,44,Mountain West Conference,MWC
2026,2440,wbb:mountain-west,44,Mountain West Conference,MWC
2026,2441,wbb:nec,19,Northeast Conference,NEC
2026,2443,wbb:southland,25,Southland Conference,Southland
2026,2447,wbb:southland,25,Southland Conference,Southland
2026,2448,wbb:caa,10,Coastal Athletic Association,CAA
2026,2449,wbb:summit,47,The Summit League,Summit League
2026,245,wbb:sec,23,Southeastern Conference,SEC
2026,2450,wbb:meac,16,Mid-Eastern Athletic Conference,MEAC
2026,2453,wbb:asun,46,ASUN Conference,ASUN
2026,2454,wbb:asun,46,ASUN Conference,ASUN
2026,2458,wbb:big-sky,5,Big Sky Conference,Big Sky
2026,2459,wbb:mac,14,Mid-American Conference,MAC
2026,2460,wbb:mvc,18,Missouri Valley Conference,MVC
2026,2463,wbb:big-west,9,Big West Conference,Big West
2026,2464,wbb:big-sky,5,Big Sky Conference,Big Sky
2026,2466,wbb:southland,25,Southland Conference,Southland
2026,2473,wbb:horizon,45,Horizon League,Horizon
2026,248,wbb:big-12,8,Big 12 Conference,Big 12
2026,2483,wbb:big-ten,7,Big Ten Conference,Big Ten
2026,249,wbb:american,62,American Conference,AAC
2026,2492,wbb:wcc,29,West Coast Conference,WCC
2026,25,wbb:acc,2,Atlantic Coast Conference,ACC
2026,250,wbb:wac,30,Western Athletic Conference,WAC
2026,2501,wbb:wcc,29,West Coast Conference,WCC
2026,2502,wbb:big-sky,5,Big Sky Conference,Big Sky
2026,2504,wbb:swac,26,Southwestern Athletic Conference,SWAC
2026,2506,wbb:big-south,6,Big South Conference,Big South
2026,2507,wbb:big-east,4,Big East Conference,Big East
2026,2509,wbb:big-ten,7,Big Ten Conference,Big Ten
2026,251,wbb:sec,23,Southeastern Conference,SEC
2026,2511,wbb:asun,46,ASUN Conference,ASUN
2026,2514,wbb:maac,13,Metro Atlantic Athletic Conference,MAAC
2026,2515,wbb:big-south,6,Big South Conference,Big South
2026,252,wbb:big-12,8,Big 12 Conference,Big 12
2026,2520,wbb:maac,13,Metro Atlantic Athletic Conference,MAAC
2026,2523,wbb:horizon,45,Horizon League,Horizon
2026,2529,wbb:maac,13,Metro Atlantic Athletic Conference,MAAC
2026,253,wbb:wac,30,Western Athletic Conference,WAC
2026,2534,wbb:cusa,11,Conference USA,C-USA
2026,2535,wbb:socon,24,Southern Conference,SoCon
2026,2539,wbb:wcc,29,West Coast Conference,WCC
2026,254,wbb:big-12,8,Big 12 Conference,Big 12
2026,2540,wbb:big-west,9,Big West Conference,Big West
2026,2541,wbb:wcc,29,West Coast Conference,WCC
2026,2545,wbb:southland,25,Southland Conference,Southland
2026,2546,wbb:ovc,20,Ohio Valley Conference,OVC
2026,2547,wbb:wcc,29,West Coast Conference,WCC
2026,2550,wbb:big-east,4,Big East Conference,Big East
2026,256,wbb:sun-belt,27,Sun Belt Conference,Sun Belt
2026,2561,wbb:maac,13,Metro Atlantic Athletic Conference,MAAC
2026,2565,wbb:ovc,20,Ohio Valley Conference,OVC
2026,2567,wbb:acc,2,Atlantic Coast Conference,ACC
2026,2569,wbb:meac,16,Mid-Eastern Athletic Conference,MEAC
2026,257,wbb:atlantic-10,3,Atlantic 10 Conference,Atlantic 10
2026,2571,wbb:summit,47,The Summit League,Summit League
2026,2572,wbb:sun-belt,27,Sun Belt Conference,Sun Belt
2026,2579,wbb:sec,23,Southeastern Conference,SEC
2026,258,wbb:acc,2,Atlantic Coast Conference,ACC
2026,2582,wbb:swac,26,Southwestern Athletic Conference,SWAC
2026,259,wbb:acc,2,Atlantic Coast Conference,ACC
2026,2598,wbb:nec,19,Northeast Conference,NEC
2026,2599,wbb:big-east,4,Big East Conference,Big East
2026,26,wbb:big-ten,7,Big Ten Conference,Big Ten
2026,2603,wbb:atlantic-10,3,Atlantic 10 Conference,Atlantic 10
2026,2608,wbb:wcc,29,West Coast Conference,WCC
2026,261,wbb:america-east,1,America East Conference,America East
2026,2612,wbb:maac,13,Metro Atlantic Athletic Conference,MAAC
2026,2617,wbb:southland,25,Southland Conference,Southland
2026,2619,wbb:caa,10,Coastal Athletic Association,CAA
2026,2623,wbb:cusa,11,Conference USA,C-USA
2026,2627,wbb:wac,30,Western Athletic Conference,WAC
2026,2628,wbb:big-12,8,Big 12 Conference,Big 12
2026,2630,wbb:ovc,20,Ohio Valley Conference,OVC
2026,2633,wbb:sec,23,Southeastern Conference,SEC
2026,2634,wbb:ovc,20,Ohio Valley Conference,OVC
2026,2635,wbb:ovc,20,Ohio Valley Conference,OVC
2026,2636,wbb:american,62,American Conference,AAC
2026,2638,wbb:cusa,11,Conference USA,C-USA
2026,264,wbb:big-ten,7,Big Ten Conference,Big Ten
2026,2640,wbb:swac,26,Southwestern Athletic Conference,SWAC
2026,2641,wbb:big-12,8,Big 12 Conference,Big 12
2026,2649,wbb:mac,14,Mid-American Conference,MAC
2026,265,wbb:wcc,29,West Coast Conference,WCC
2026,2653,wbb:sun-belt,27,Sun Belt Conference,Sun Belt
2026,2655,wbb:american,62,American Conference,AAC
2026,2670,wbb:atlantic-10,3,Atlantic 10 Conference,Atlantic 10
2026,2674,wbb:mvc,18,Missouri Valley Conference,MVC
2026,2681,wbb:nec,19,Northeast Conference,NEC
2026,269,wbb:big-east,4,Big East Conference,Big East
2026,2692,wbb:big-sky,5,Big Sky Conference,Big Sky
2026,2698,wbb:asun,46,ASUN Conference,ASUN
2026,27,wbb:big-west,9,Big West Conference,Big West
2026,270,wbb:horizon,45,Horizon League,Horizon
2026,2710,wbb:ovc,20,Ohio Valley Conference,OVC
2026,2711,wbb:mac,14,Mid-American Conference,MAC
2026,2717,wbb:socon,24,Southern Conference,SoCon
2026,2724,wbb:american,62,American Conference,AAC
2026,2729,wbb:caa,10,Coastal Athletic Association,CAA
2026,2737,wbb:big-south,6,Big South Conference,Big South
2026,2739,wbb:horizon,45,Horizon League,Horizon
2026,2747,wbb:socon,24,Southern Conference,SoCon
2026,275,wbb:big-ten,7,Big Ten Conference,Big Ten
2026,2750,wbb:horizon,45,Horizon League,Horizon
2026,2751,wbb:mountain-west,44,Mountain West Conference,MWC
2026,2752,wbb:big-east,4,Big East Conference,Big East
2026,2754,wbb:horizon,45,Horizon League,Horizon
2026,2755,wbb:swac,26,Southwestern Athletic Conference,SWAC
2026,276,wbb:sun-belt,27,Sun Belt Conference,Sun Belt
2026,277,wbb:big-12,8,Big 12 Conference,Big 12
2026,2771,wbb:maac,13,Metro Atlantic Athletic Conference,MAAC
2026,278,wbb:mountain-west,44,Mountain West Conference,MWC
2026,279,wbb:wcc,29,West Coast Conference,WCC
2026,28,wbb:big-west,9,Big West Conference,Big West
2026,2803,wbb:america-east,1,America East Conference,America East
2026,2815,wbb:ovc,20,Ohio Valley Conference,OVC
2026,282,wbb:mvc,18,Missouri Valley Conference,MVC
2026,2837,wbb:southland,25,Southland Conference,Southland
2026,284,wbb:nec,19,Northeast Conference,NEC
2026,2856,wbb:wac,30,Western Athletic Conference,WAC
2026,2870,wbb:horizon,45,Horizon League,Horizon
2026,288,wbb:asun,46,ASUN Conference,ASUN
2026,2885,wbb:america-east,1,America East Conference,America East
2026,290,wbb:sun-belt,27,Sun Belt Conference,Sun Belt
2026,2900,wbb:summit,47,The Summit League,Summit League
2026,2908,wbb:big-south,6,Big South Conference,Big South
2026,2916,wbb:southland,25,Southland Conference,Southland
2026,292,wbb:southland,25,Southland Conference,Southland
2026,2934,wbb:big-west,9,Big West Conference,Big West
2026,294,wbb:asun,46,ASUN Conference,ASUN
2026,295,wbb:sun-belt,27,Sun Belt Conference,Sun Belt
2026,299,wbb:big-west,9,Big West Conference,Big West
2026,30,wbb:big-ten,7,Big Ten Conference,Big Ten
2026,300,wbb:big-west,9,Big West Conference,Big West
2026,301,wbb:wcc,29,West Coast Conference,WCC
2026,302,wbb:big-west,9,Big West Conference,Big West
2026,304,wbb:big-sky,5,Big Sky Conference,Big Sky
2026,305,wbb:big-east,4,Big East Conference,Big East
2026,3084,wbb:wac,30,Western Athletic Conference,WAC
2026,309,wbb:sun-belt,27,Sun Belt Conference,Sun Belt
2026,3101,wbb:wac,30,Western Athletic Conference,WAC
2026,311,wbb:america-east,1,America East Conference,America East
2026,314,wbb:maac,13,Metro Atlantic Athletic Conference,MAAC
2026,315,wbb:maac,13,Metro Atlantic Athletic Conference,MAAC
2026,322,wbb:patriot,22,Patriot League,Patriot
2026,324,wbb:sun-belt,27,Sun Belt Conference,Sun Belt
2026,325,wbb:horizon,45,Horizon League,Horizon
2026,326,wbb:sun-belt,27,Sun Belt Conference,Sun Belt
2026,328,wbb:mountain-west,44,Mountain West Conference,MWC
2026,331,wbb:big-sky,5,Big Sky Conference,Big Sky
2026,333,wbb:sec,23,Southeastern Conference,SEC
2026,338,wbb:cusa,11,Conference USA,C-USA
2026,339,wbb:mvc,18,Missouri Valley Conference,MVC
2026,344,wbb:sec,23,Southeastern Conference,SEC
2026,349,wbb:patriot,22,Patriot League,Patriot
2026,350,wbb:caa,10,Coastal Athletic Association,CAA
2026,356,wbb:big-ten,7,Big Ten Conference,Big Ten
2026,357,wbb:southland,25,Southland Conference,Southland
2026,36,wbb:mountain-west,44,Mountain West Conference,MWC
2026,38,wbb:big-12,8,Big 12 Conference,Big 12
2026,399,wbb:america-east,1,America East Conference,America East
2026,41,wbb:big-east,4,Big East Conference,Big East
2026,43,wbb:ivy,12,Ivy League,Ivy League
2026,44,wbb:patriot,22,Patriot League,Patriot
2026,45,wbb:atlantic-10,3,Atlantic 10 Conference,Atlantic 10
2026,46,wbb:big-east,4,Big East Conference,Big East
2026,47,wbb:meac,16,Mid-Eastern Athletic Conference,MEAC
2026,48,wbb:cusa,11,Conference USA,C-USA
2026,5,wbb:american,62,American Conference,AAC
2026,50,wbb:swac,26,Southwestern Athletic Conference,SWAC
2026,52,wbb:acc,2,Atlantic Coast Conference,ACC
2026,526,wbb:asun,46,ASUN Conference,ASUN
2026,55,wbb:cusa,11,Conference USA,C-USA
2026,56,wbb:asun,46,ASUN Conference,ASUN
2026,57,wbb:sec,23,Southeastern Conference,SEC
2026,58,wbb:american,62,American Conference,AAC
2026,59,wbb:acc,2,Atlantic Coast Conference,ACC
2026,6,wbb:sun-belt,27,Sun Belt Conference,Sun Belt
2026,61,wbb:sec,23,Southeastern Conference,SEC
2026,62,wbb:big-west,9,Big West Conference,Big West
2026,66,wbb:big-12,8,Big 12 Conference,Big 12
2026,68,wbb:mountain-west,44,Mountain West Conference,MWC
2026,70,wbb:big-sky,5,Big Sky Conference,Big Sky
2026,71,wbb:mvc,18,Missouri Valley Conference,MVC
2026,77,wbb:big-ten,7,Big Ten Conference,Big Ten
2026,79,wbb:mvc,18,Missouri Valley Conference,MVC
2026,8,wbb:sec,23,Southeastern Conference,SEC
2026,82,wbb:mvc,18,Missouri Valley Conference,MVC
2026,84,wbb:big-ten,7,Big Ten Conference,Big Ten
2026,85,wbb:horizon,45,Horizon League,Horizon
2026,87,wbb:acc,2,Atlantic Coast Conference,ACC
2026,88,wbb:ovc,20,Ohio Valley Conference,OVC
2026,9,wbb:big-12,8,Big 12 Conference,Big 12
2026,91,wbb:asun,46,ASUN Conference,ASUN
2026,93,wbb:mvc,18,Missouri Valley Conference,MVC
2026,94,wbb:horizon,45,Horizon League,Horizon
2026,96,wbb:sec,23,Southeastern Conference,SEC
2026,97,wbb:acc,2,Atlantic Coast Conference,ACC
2026,98,wbb:cusa,11,Conference USA,C-USA
2026,99,wbb:sec,23,Southeastern Conference,SEC
2027,103,wbb:acc,2,Atlantic Coast Conference,ACC
2027,104,wbb:patriot,22,Patriot League,Patriot
2027,107,wbb:patriot,22,Patriot League,Patriot
2027,108,wbb:ivy,12,Ivy League,Ivy League
2027,111,wbb:caa,10,Coastal Athletic Association,CAA
2027,112358,wbb:nec,19,Northeast Conference,NEC
2027,113,wbb:mac,14,Mid-American Conference,MAC
2027,116,wbb:maac,13,Metro Atlantic Athletic Conference,MAAC
2027,119,wbb:caa,10,Coastal Athletic Association,CAA
2027,12,wbb:big-12,8,Big 12 Conference,Big 12
2027,120,wbb:big-ten,7,Big Ten Conference,Big Ten
2027,127,wbb:big-ten,7,Big Ten Conference,Big Ten
2027,13,wbb:big-west,9,Big West Conference,Big West
2027,130,wbb:big-ten,7,Big Ten Conference,Big Ten
2027,135,wbb:big-ten,7,Big Ten Conference,Big Ten
2027,139,wbb:atlantic-10,3,Atlantic 10 Conference,Atlantic 10
2027,140,wbb:summit,47,The Summit League,Summit League
2027,142,wbb:sec,23,Southeastern Conference,SEC
2027,145,wbb:sec,23,Southeastern Conference,SEC
2027,147,wbb:big-sky,5,Big Sky Conference,Big Sky
2027,149,wbb:big-sky,5,Big Sky Conference,Big Sky
2027,150,wbb:acc,2,Atlantic Coast Conference,ACC
2027,151,wbb:american,62,American Conference,AAC
2027,152,wbb:acc,2,Atlantic Coast Conference,ACC
2027,153,wbb:acc,2,Atlantic Coast Conference,ACC
2027,154,wbb:acc,2,Atlantic Coast Conference,ACC
2027,155,wbb:summit,47,The Summit League,Summit League
2027,156,wbb:big-east,4,Big East Conference,Big East
2027,158,wbb:big-ten,7,Big Ten Conference,Big Ten
2027,159,wbb:ivy,12,Ivy League,Ivy League
2027,16,wbb:big-west,9,Big West Conference,Big West
2027,160,wbb:america-east,1,America East Conference,America East
2027,161,wbb:nec,19,Northeast Conference,NEC
2027,163,wbb:ivy,12,Ivy League,Ivy League
2027,164,wbb:big-ten,7,Big Ten Conference,Big Ten
2027,166,wbb:cusa,11,Conference USA,C-USA
2027,167,wbb:mountain-west,44,Mountain West Conference,MWC
2027,171,wbb:ivy,12,Ivy League,Ivy League
2027,172,wbb:ivy,12,Ivy League,Ivy League
2027,179,wbb:atlantic-10,3,Atlantic 10 Conference,Atlantic 10
2027,183,wbb:acc,2,Atlantic Coast Conference,ACC
2027,189,wbb:mac,14,Mid-American Conference,MAC
2027,193,wbb:mac,14,Mid-American Conference,MAC
2027,194,wbb:big-ten,7,Big Ten Conference,Big Ten
2027,195,wbb:mac,14,Mid-American Conference,MAC
2027,197,wbb:big-12,8,Big 12 Conference,Big 12
2027,198,wbb:summit,47,The Summit League,Summit League
2027,2,wbb:sec,23,Southeastern Conference,SEC
2027,2000,wbb:wac,30,United Athletic Conference,WAC
2027,2005,wbb:mountain-west,44,Mountain West Conference,MWC
2027,2006,wbb:mac,14,Mid-American Conference,MAC
2027,201,wbb:sec,23,Southeastern Conference,SEC
2027,2010,wbb:swac,26,Southwestern Athletic Conference,SWAC
2027,2011,wbb:swac,26,Southwestern Athletic Conference,SWAC
2027,2016,wbb:swac,26,Southwestern Athletic Conference,SWAC
2027,202,wbb:american,62,American Conference,AAC
2027,2026,wbb:sun-belt,27,Sun Belt Conference,Sun Belt
2027,2029,wbb:swac,26,Southwestern Athletic Conference,SWAC
2027,2031,wbb:wac,30,United Athletic Conference,WAC
2027,2032,wbb:sun-belt,27,Sun Belt Conference,Sun Belt
2027,204,wbb:pac-12,21,Pac-12 Conference,Pac-12
2027,2046,wbb:wac,30,United Athletic Conference,WAC
2027,2050,wbb:mac,14,Mid-American Conference,MAC
2027,2057,wbb:mvc,18,Missouri Valley Conference,MVC
2027,2065,wbb:swac,26,Southwestern Athletic Conference,SWAC
2027,2066,wbb:america-east,1,America East Conference,America East
2027,2083,wbb:patriot,22,Patriot League,Patriot
2027,2084,wbb:mac,14,Mid-American Conference,MAC
2027,2086,wbb:big-east,4,Big East Conference,Big East
2027,2097,wbb:caa,10,Coastal Athletic Association,CAA
2027,2099,wbb:maac,13,Metro Atlantic Athletic Conference,MAAC
2027,21,wbb:pac-12,21,Pac-12 Conference,Pac-12
2027,2110,wbb:wac,30,United Athletic Conference,WAC
2027,2115,wbb:nec,19,Northeast Conference,NEC
2027,2116,wbb:big-12,8,Big 12 Conference,Big 12
2027,2117,wbb:mac,14,Mid-American Conference,MAC
2027,2127,wbb:big-south,6,Big South Conference,Big South
2027,213,wbb:big-ten,7,Big Ten Conference,Big Ten
2027,2130,wbb:nec,19,Northeast Conference,NEC
2027,2132,wbb:big-12,8,Big 12 Conference,Big 12
2027,2142,wbb:patriot,22,Patriot League,Patriot
2027,2154,wbb:meac,16,Mid-Eastern Athletic Conference,MEAC
2027,2166,wbb:atlantic-10,3,Atlantic 10 Conference,Atlantic 10
2027,2168,wbb:atlantic-10,3,Atlantic 10 Conference,Atlantic 10
2027,2169,wbb:meac,16,Mid-Eastern Athletic Conference,MEAC
2027,2172,wbb:wcc,29,West Coast Conference,WCC
2027,2174,wbb:horizon,45,Horizon League,Horizon
2027,218,wbb:american,62,American Conference,AAC
2027,2181,wbb:mvc,18,Missouri Valley Conference,MVC
2027,2182,wbb:caa,10,Coastal Athletic Association,CAA
2027,2184,wbb:atlantic-10,3,Atlantic 10 Conference,Atlantic 10
2027,219,wbb:ivy,12,Ivy League,Ivy League
2027,2193,wbb:socon,24,Southern Conference,SoCon
2027,2197,wbb:ovc,20,Ohio Valley Conference,OVC
2027,2198,wbb:wac,30,United Athletic Conference,WAC
2027,2199,wbb:mac,14,Mid-American Conference,MAC
2027,221,wbb:acc,2,Atlantic Coast Conference,ACC
2027,2210,wbb:caa,10,Coastal Athletic Association,CAA
2027,2217,wbb:maac,13,Metro Atlantic Athletic Conference,MAAC
2027,222,wbb:big-east,4,Big East Conference,Big East
2027,2226,wbb:american,62,American Conference,AAC
2027,2229,wbb:cusa,11,Conference USA,C-USA
2027,2230,wbb:atlantic-10,3,Atlantic 10 Conference,Atlantic 10
2027,2239,wbb:big-west,9,Big West Conference,Big West
2027,2241,wbb:big-south,6,Big South Conference,Big South
2027,2244,wbb:atlantic-10,3,Atlantic 10 Conference,Atlantic 10
2027,2247,wbb:sun-belt,27,Sun Belt Conference,Sun Belt
2027,225,wbb:ivy,12,Ivy League,Ivy League
2027,2250,wbb:pac-12,21,Pac-12 Conference,Pac-12
2027,2253,wbb:mountain-west,44,Mountain West Conference,MWC
2027,2261,wbb:caa,10,Coastal Athletic Association,CAA
2027,227,wbb:atlantic-10,3,Atlantic 10 Conference,Atlantic 10
2027,2272,wbb:big-south,6,Big South Conference,Big South
2027,2275,wbb:caa,10,Coastal Athletic Association,CAA
2027,2277,wbb:southland,25,Southland Conference,Southland
2027,228,wbb:acc,2,Atlantic Coast Conference,ACC
2027,2287,wbb:mvc,18,Missouri Valley Conference,MVC
2027,2294,wbb:big-ten,7,Big Ten Conference,Big Ten
2027,2296,wbb:swac,26,Southwestern Athletic Conference,SWAC
2027,23,wbb:mountain-west,44,Mountain West Conference,MWC
2027,2305,wbb:big-12,8,Big 12 Conference,Big 12
2027,2306,wbb:big-12,8,Big 12 Conference,Big 12
2027,2309,wbb:mac,14,Mid-American Conference,MAC
2027,231,wbb:socon,24,Southern Conference,SoCon
2027,232,wbb:caa,10,Coastal Athletic Association,CAA
2027,2320,wbb:southland,25,Southland Conference,Southland
2027,2325,wbb:atlantic-10,3,Atlantic 10 Conference,Atlantic 10
2027,2329,wbb:patriot,22,Patriot League,Patriot
2027,233,wbb:summit,47,The Summit League,Summit League
2027,2330,wbb:nec,19,Northeast Conference,NEC
2027,2335,wbb:cusa,11,Conference USA,C-USA
2027,2344,wbb:big-south,6,Big South Conference,Big South
2027,2348,wbb:cusa,11,Conference USA,C-USA
2027,2349,wbb:america-east,1,America East Conference,America East
2027,235,wbb:american,62,American Conference,AAC
2027,2350,wbb:atlantic-10,3,Atlantic 10 Conference,Atlantic 10
2027,2351,wbb:wcc,29,West Coast Conference,WCC
2027,2352,wbb:patriot,22,Patriot League,Patriot
2027,236,wbb:socon,24,Southern Conference,SoCon
2027,2363,wbb:maac,13,Metro Atlantic Athletic Conference,MAAC
2027,2368,wbb:maac,13,Metro Atlantic Athletic Conference,MAAC
2027,2377,wbb:southland,25,Southland Conference,Southland
2027,2378,wbb:america-east,1,America East Conference,America East
2027,2379,wbb:meac,16,Mid-Eastern Athletic Conference,MEAC
2027,238,wbb:sec,23,Southeastern Conference,SEC
2027,2382,wbb:socon,24,Southern Conference,SoCon
2027,2385,wbb:nec,19,Northeast Conference,NEC
2027,239,wbb:big-12,8,Big 12 Conference,Big 12
2027,2390,wbb:acc,2,Atlantic Coast Conference,ACC
2027,2393,wbb:cusa,11,Conference USA,C-USA
2027,24,wbb:acc,2,Atlantic Coast Conference,ACC
2027,2400,wbb:swac,26,Southwestern Athletic Conference,SWAC
2027,2405,wbb:caa,10,Coastal Athletic Association,CAA
2027,2413,wbb:ovc,20,Ohio Valley Conference,OVC
2027,2415,wbb:meac,16,Mid-Eastern Athletic Conference,MEAC
2027,242,wbb:american,62,American Conference,AAC
2027,2426,wbb:patriot,22,Patriot League,Patriot
2027,2427,wbb:big-south,6,Big South Conference,Big South
2027,2428,wbb:meac,16,Mid-Eastern Athletic Conference,MEAC
2027,2429,wbb:american,62,American Conference,AAC
2027,2430,wbb:socon,24,Southern Conference,SoCon
2027,2433,wbb:sun-belt,27,Sun Belt Conference,Sun Belt
2027,2437,wbb:summit,47,The Summit League,Summit League
2027,2439,wbb:mountain-west,44,Mountain West Conference,MWC
2027,2440,wbb:mountain-west,44,Mountain West Conference,MWC
2027,2441,wbb:nec,19,Northeast Conference,NEC
2027,2443,wbb:southland,25,Southland Conference,Southland
2027,2447,wbb:southland,25,Southland Conference,Southland
2027,2448,wbb:caa,10,Coastal Athletic Association,CAA
2027,2449,wbb:summit,47,The Summit League,Summit League
2027,245,wbb:sec,23,Southeastern Conference,SEC
2027,2450,wbb:meac,16,Mid-Eastern Athletic Conference,MEAC
2027,2453,wbb:wac,30,United Athletic Conference,WAC
2027,2454,wbb:asun,46,ASUN Conference,ASUN
2027,2458,wbb:big-sky,5,Big Sky Conference,Big Sky
2027,2459,wbb:horizon,45,Horizon League,Horizon
2027,2460,wbb:mvc,18,Missouri Valley Conference,MVC
2027,2463,wbb:big-west,9,Big West Conference,Big West
2027,2464,wbb:big-sky,5,Big Sky Conference,Big Sky
2027,2466,wbb:southland,25,Southland Conference,Southland
2027,2473,wbb:horizon,45,Horizon League,Horizon
2027,248,wbb:big-12,8,Big 12 Conference,Big 12
2027,2483,wbb:big-ten,7,Big Ten Conference,Big Ten
2027,249,wbb:american,62,American Conference,AAC
2027,2492,wbb:wcc,29,West Coast Conference,WCC
2027,25,wbb:acc,2,Atlantic Coast Conference,ACC
2027,250,wbb:wac,30,United Athletic Conference,WAC
2027,2501,wbb:wcc,29,West Coast Conference,WCC
2027,2502,wbb:big-sky,5,Big Sky Conference,Big Sky
2027,2504,wbb:swac,26,Southwestern Athletic Conference,SWAC
2027,2506,wbb:big-south,6,Big South Conference,Big South
2027,2507,wbb:big-east,4,Big East Conference,Big East
2027,2509,wbb:big-ten,7,Big Ten Conference,Big Ten
2027,251,wbb:sec,23,Southeastern Conference,SEC
2027,2511,wbb:asun,46,ASUN Conference,ASUN
2027,2514,wbb:maac,13,Metro Atlantic Athletic Conference,MAAC
2027,2515,wbb:big-south,6,Big South Conference,Big South
2027,252,wbb:big-12,8,Big 12 Conference,Big 12
2027,2520,wbb:maac,13,Metro Atlantic Athletic Conference,MAAC
2027,2523,wbb:horizon,45,Horizon League,Horizon
2027,2529,wbb:maac,13,Metro Atlantic Athletic Conference,MAAC
2027,253,wbb:big-sky,5,Big Sky Conference,Big Sky
2027,2534,wbb:cusa,11,Conference USA,C-USA
2027,2535,wbb:socon,24,Southern Conference,SoCon
2027,2539,wbb:wcc,29,West Coast Conference,WCC
2027,254,wbb:big-12,8,Big 12 Conference,Big 12
2027,2540,wbb:big-west,9,Big West Conference,Big West
2027,2541,wbb:wcc,29,West Coast Conference,WCC
2027,2545,wbb:southland,25,Southland Conference,Southland
2027,2546,wbb:ovc,20,Ohio Valley Conference,OVC
2027,2547,wbb:wcc,29,West Coast Conference,WCC
2027,2550,wbb:big-east,4,Big East Conference,Big East
2027,256,wbb:sun-belt,27,Sun Belt Conference,Sun Belt
2027,2561,wbb:maac,13,Metro Atlantic Athletic Conference,MAAC
2027,2565,wbb:ovc,20,Ohio Valley Conference,OVC
2027,2567,wbb:acc,2,Atlantic Coast Conference,ACC
2027,2569,wbb:meac,16,Mid-Eastern Athletic Conference,MEAC
2027,257,wbb:atlantic-10,3,Atlantic 10 Conference,Atlantic 10
2027,2571,wbb:summit,47,The Summit League,Summit League
2027,2572,wbb:sun-belt,27,Sun Belt Conference,Sun Belt
2027,2579,wbb:sec,23,Southeastern Conference,SEC
2027,258,wbb:acc,2,Atlantic Coast Conference,ACC
2027,2582,wbb:swac,26,Southwestern Athletic Conference,SWAC
2027,259,wbb:acc,2,Atlantic Coast Conference,ACC
2027,2599,wbb:big-east,4,Big East Conference,Big East
2027,26,wbb:big-ten,7,Big Ten Conference,Big Ten
2027,2603,wbb:atlantic-10,3,Atlantic 10 Conference,Atlantic 10
2027,2608,wbb:wcc,29,West Coast Conference,WCC
2027,261,wbb:america-east,1,America East Conference,America East
2027,2612,wbb:maac,13,Metro Atlantic Athletic Conference,MAAC
2027,2617,wbb:southland,25,Southland Conference,Southland
2027,2619,wbb:caa,10,Coastal Athletic Association,CAA
2027,2623,wbb:cusa,11,Conference USA,C-USA
2027,2627,wbb:wac,30,United Athletic Conference,WAC
2027,2628,wbb:big-12,8,Big 12 Conference,Big 12
2027,2630,wbb:ovc,20,Ohio Valley Conference,OVC
2027,2633,wbb:sec,23,Southeastern Conference,SEC
2027,2634,wbb:ovc,20,Ohio Valley Conference,OVC
2027,2635,wbb:socon,24,Southern Conference,SoCon
2027,2636,wbb:american,62,American Conference,AAC
2027,2638,wbb:mountain-west,44,Mountain West Conference,MWC
2027,264,wbb:big-ten,7,Big Ten Conference,Big Ten
2027,2640,wbb:swac,26,Southwestern Athletic Conference,SWAC
2027,2641,wbb:big-12,8,Big 12 Conference,Big 12
2027,2649,wbb:mac,14,Mid-American Conference,MAC
2027,265,wbb:pac-12,21,Pac-12 Conference,Pac-12
2027,2653,wbb:sun-belt,27,Sun Belt Conference,Sun Belt
2027,2655,wbb:american,62,American Conference,AAC
2027,2670,wbb:atlantic-10,3,Atlantic 10 Conference,Atlantic 10
2027,2674,wbb:mvc,18,Missouri Valley Conference,MVC
2027,2681,wbb:nec,19,Northeast Conference,NEC
2027,269,wbb:big-east,4,Big East Conference,Big East
2027,2692,wbb:big-sky,5,Big Sky Conference,Big Sky
2027,2697,wbb:asun,46,ASUN Conference,ASUN
2027,2698,wbb:wac,30,United Athletic Conference,WAC
2027,27,wbb:big-west,9,Big West Conference,Big West
2027,270,wbb:horizon,45,Horizon League,Horizon
2027,2710,wbb:ovc,20,Ohio Valley Conference,OVC
2027,2711,wbb:mac,14,Mid-American Conference,MAC
2027,2717,wbb:socon,24,Southern Conference,SoCon
2027,2724,wbb:american,62,American Conference,AAC
2027,2729,wbb:caa,10,Coastal Athletic Association,CAA
2027,2737,wbb:big-south,6,Big South Conference,Big South
2027,2739,wbb:horizon,45,Horizon League,Horizon
2027,2747,wbb:socon,24,Southern Conference,SoCon
2027,275,wbb:big-ten,7,Big Ten Conference,Big Ten
2027,2750,wbb:horizon,45,Horizon League,Horizon
2027,2751,wbb:mountain-west,44,Mountain West Conference,MWC
2027,2752,wbb:big-east,4,Big East Conference,Big East
2027,2754,wbb:horizon,45,Horizon League,Horizon
2027,2755,wbb:swac,26,Southwestern Athletic Conference,SWAC
2027,276,wbb:sun-belt,27,Sun Belt Conference,Sun Belt
2027,277,wbb:big-12,8,Big 12 Conference,Big 12
2027,2771,wbb:maac,13,Metro Atlantic Athletic Conference,MAAC
2027,278,wbb:pac-12,21,Pac-12 Conference,Pac-12
2027,279,wbb:wcc,29,West Coast Conference,WCC
2027,28,wbb:big-west,9,Big West Conference,Big West
2027,2803,wbb:america-east,1,America East Conference,America East
2027,2815,wbb:ovc,20,Ohio Valley Conference,OVC
2027,282,wbb:mvc,18,Missouri Valley Conference,MVC
2027,2837,wbb:southland,25,Southland Conference,Southland
2027,284,wbb:nec,19,Northeast Conference,NEC
2027,2856,wbb:big-west,9,Big West Conference,Big West
2027,2870,wbb:horizon,45,Horizon League,Horizon
2027,288,wbb:asun,46,ASUN Conference,ASUN
2027,2885,wbb:america-east,1,America East Conference,America East
2027,290,wbb:sun-belt,27,Sun Belt Conference,Sun Belt
2027,2900,wbb:summit,47,The Summit League,Summit League
2027,2908,wbb:big-south,6,Big South Conference,Big South
2027,2916,wbb:southland,25,Southland Conference,Southland
2027,292,wbb:southland,25,Southland Conference,Southland
2027,2934,wbb:big-west,9,Big West Conference,Big West
2027,294,wbb:asun,46,ASUN Conference,ASUN
2027,295,wbb:sun-belt,27,Sun Belt Conference,Sun Belt
2027,299,wbb:big-west,9,Big West Conference,Big West
2027,30,wbb:big-ten,7,Big Ten Conference,Big Ten
2027,300,wbb:big-west,9,Big West Conference,Big West
2027,301,wbb:wcc,29,West Coast Conference,WCC
2027,302,wbb:mountain-west,44,Mountain West Conference,MWC
2027,304,wbb:big-sky,5,Big Sky Conference,Big Sky
2027,305,wbb:big-east,4,Big East Conference,Big East
2027,3084,wbb:big-west,9,Big West Conference,Big West
2027,309,wbb:sun-belt,27,Sun Belt Conference,Sun Belt
2027,3101,wbb:big-sky,5,Big Sky Conference,Big Sky
2027,311,wbb:america-east,1,America East Conference,America East
2027,314,wbb:maac,13,Metro Atlantic Athletic Conference,MAAC
2027,315,wbb:maac,13,Metro Atlantic Athletic Conference,MAAC
2027,322,wbb:patriot,22,Patriot League,Patriot
2027,324,wbb:sun-belt,27,Sun Belt Conference,Sun Belt
2027,325,wbb:horizon,45,Horizon League,Horizon
2027,326,wbb:pac-12,21,Pac-12 Conference,Pac-12
2027,328,wbb:pac-12,21,Pac-12 Conference,Pac-12
2027,331,wbb:big-sky,5,Big Sky Conference,Big Sky
2027,333,wbb:sec,23,Southeastern Conference,SEC
2027,338,wbb:cusa,11,Conference USA,C-USA
2027,339,wbb:mvc,18,Missouri Valley Conference,MVC
2027,344,wbb:sec,23,Southeastern Conference,SEC
2027,349,wbb:patriot,22,Patriot League,Patriot
2027,350,wbb:caa,10,Coastal Athletic Association,CAA
2027,356,wbb:big-ten,7,Big Ten Conference,Big Ten
2027,357,wbb:southland,25,Southland Conference,Southland
2027,36,wbb:pac-12,21,Pac-12 Conference,Pac-12
2027,38,wbb:big-12,8,Big 12 Conference,Big 12
2027,399,wbb:america-east,1,America East Conference,America East
2027,41,wbb:big-east,4,Big East Conference,Big East
2027,43,wbb:ivy,12,Ivy League,Ivy League
2027,44,wbb:patriot,22,Patriot League,Patriot
2027,45,wbb:atlantic-10,3,Atlantic 10 Conference,Atlantic 10
2027,46,wbb:big-east,4,Big East Conference,Big East
2027,47,wbb:meac,16,Mid-Eastern Athletic Conference,MEAC
2027,48,wbb:cusa,11,Conference USA,C-USA
2027,5,wbb:american,62,American Conference,AAC
2027,50,wbb:swac,26,Southwestern Athletic Conference,SWAC
2027,52,wbb:acc,2,Atlantic Coast Conference,ACC
2027,526,wbb:asun,46,ASUN Conference,ASUN
2027,55,wbb:cusa,11,Conference USA,C-USA
2027,56,wbb:asun,46,ASUN Conference,ASUN
2027,57,wbb:sec,23,Southeastern Conference,SEC
2027,58,wbb:american,62,American Conference,AAC
2027,59,wbb:acc,2,Atlantic Coast Conference,ACC
2027,6,wbb:sun-belt,27,Sun Belt Conference,Sun Belt
2027,61,wbb:sec,23,Southeastern Conference,SEC
2027,62,wbb:mountain-west,44,Mountain West Conference,MWC
2027,66,wbb:big-12,8,Big 12 Conference,Big 12
2027,68,wbb:pac-12,21,Pac-12 Conference,Pac-12
2027,70,wbb:big-sky,5,Big Sky Conference,Big Sky
2027,71,wbb:mvc,18,Missouri Valley Conference,MVC
2027,77,wbb:big-ten,7,Big Ten Conference,Big Ten
2027,79,wbb:mvc,18,Missouri Valley Conference,MVC
2027,8,wbb:sec,23,Southeastern Conference,SEC
2027,82,wbb:mvc,18,Missouri Valley Conference,MVC
2027,84,wbb:big-ten,7,Big Ten Conference,Big Ten
2027,85,wbb:horizon,45,Horizon League,Horizon
2027,87,wbb:acc,2,Atlantic Coast Conference,ACC
2027,88,wbb:ovc,20,Ohio Valley Conference,OVC
2027,9,wbb:big-12,8,Big 12 Conference,Big 12
2027,91,wbb:asun,46,ASUN Conference,ASUN
2027,93,wbb:mvc,18,Missouri Valley Conference,MVC
2027,94,wbb:horizon,45,Horizon League,Horizon
2027,96,wbb:sec,23,Southeastern Conference,SEC
2027,97,wbb:acc,2,Atlantic Coast Conference,ACC
2027,98,wbb:cusa,11,Conference USA,C-USA
2027,99,wbb:sec,23,Southeastern Conference,SEC
