"Team","Conference","ID","Season"
"A&M-Corpus Christi","Southland",52488,"2009-10"
"Air Force","Mountain West",52439,"2009-10"
"Akron","MAC",52147,"2009-10"
"Alabama","SEC",52150,"2009-10"
"Alabama A&M","SWAC",52148,"2009-10"
"Alabama St.","SWAC",52149,"2009-10"
"Albany (NY)","America East",52152,"2009-10"
"Alcorn","SWAC",52153,"2009-10"
"American","Patriot",52154,"2009-10"
"App State","SoCon",52155,"2009-10"
"Arizona","Pac-12",52157,"2009-10"
"Arizona St.","Pac-12",52156,"2009-10"
"Ark.-Pine Bluff","SWAC",52480,"2009-10"
"Arkansas","SEC",52159,"2009-10"
"Arkansas St.","Sun Belt",52158,"2009-10"
"Army West Point","Patriot",52440,"2009-10"
"Auburn","SEC",52161,"2009-10"
"Austin Peay","OVC",52162,"2009-10"
"BYU","Mountain West",52173,"2009-10"
"Ball St.","MAC",52163,"2009-10"
"Baylor","Big 12",52165,"2009-10"
"Belmont","ASUN",52486,"2009-10"
"Bethune-Cookman","MEAC",52166,"2009-10"
"Binghamton","America East",52167,"2009-10"
"Boise St.","WAC",52168,"2009-10"
"Boston College","ACC",52169,"2009-10"
"Boston U.","America East",52170,"2009-10"
"Bowling Green","MAC",52171,"2009-10"
"Bradley","MVC",52172,"2009-10"
"Brown","Ivy League",52174,"2009-10"
"Bryant","NEC",52175,"2009-10"
"Bucknell","Patriot",52176,"2009-10"
"Buffalo","MAC",52177,"2009-10"
"Butler","Horizon",52178,"2009-10"
"CSU Bakersfield","-",52180,"2009-10"
"CSUN","Big West",52184,"2009-10"
"Cal Poly","Big West",52179,"2009-10"
"Cal St. Fullerton","Big West",52182,"2009-10"
"California","Pac-12",52187,"2009-10"
"Campbell","ASUN",52192,"2009-10"
"Canisius","MAAC",52193,"2009-10"
"Centenary (LA)","Summit League",52194,"2009-10"
"Central Ark.","Southland",52473,"2009-10"
"Central Conn. St.","NEC",52195,"2009-10"
"Central Mich.","MAC",52197,"2009-10"
"Charleston So.","Big South",52164,"2009-10"
"Charlotte","Atlantic 10",52320,"2009-10"
"Chattanooga","SoCon",52423,"2009-10"
"Chicago St.","GWC",52198,"2009-10"
"Cincinnati","Big East",52199,"2009-10"
"Clemson","ACC",52200,"2009-10"
"Cleveland St.","Horizon",52201,"2009-10"
"Coastal Carolina","Big South",52202,"2009-10"
"Col. of Charleston","SoCon",52474,"2009-10"
"Colgate","Patriot",52203,"2009-10"
"Colorado","Big 12",52205,"2009-10"
"Colorado St.","Mountain West",52204,"2009-10"
"Columbia","Ivy League",52206,"2009-10"
"Coppin St.","MEAC",52208,"2009-10"
"Cornell","Ivy League",52209,"2009-10"
"Creighton","MVC",52210,"2009-10"
"Dartmouth","Ivy League",52211,"2009-10"
"Davidson","SoCon",52212,"2009-10"
"Dayton","Atlantic 10",52213,"2009-10"
"DePaul","Big East",52214,"2009-10"
"Delaware","CAA",52216,"2009-10"
"Delaware St.","MEAC",52215,"2009-10"
"Denver","Sun Belt",52217,"2009-10"
"Detroit Mercy","Horizon",52218,"2009-10"
"Drake","MVC",52219,"2009-10"
"Drexel","CAA",52220,"2009-10"
"Duke","ACC",52221,"2009-10"
"Duquesne","Atlantic 10",52222,"2009-10"
"ETSU","ASUN",52224,"2009-10"
"East Carolina","C-USA",52223,"2009-10"
"Eastern Ill.","OVC",52225,"2009-10"
"Eastern Ky.","OVC",52226,"2009-10"
"Eastern Mich.","MAC",52227,"2009-10"
"Eastern Wash.","Big Sky",52228,"2009-10"
"Elon","SoCon",52475,"2009-10"
"Evansville","MVC",52229,"2009-10"
"FGCU","ASUN",52490,"2009-10"
"FIU","Sun Belt",52234,"2009-10"
"Fairfield","MAAC",52230,"2009-10"
"Fairleigh Dickinson","NEC",52231,"2009-10"
"Fla. Atlantic","Sun Belt",52233,"2009-10"
"Florida","SEC",52236,"2009-10"
"Florida A&M","MEAC",52232,"2009-10"
"Florida St.","ACC",52235,"2009-10"
"Fordham","Atlantic 10",52237,"2009-10"
"Fresno St.","WAC",52181,"2009-10"
"Furman","SoCon",52238,"2009-10"
"Ga. Southern","SoCon",52242,"2009-10"
"Gardner-Webb","Big South",52476,"2009-10"
"George Mason","CAA",52239,"2009-10"
"George Washington","Atlantic 10",52240,"2009-10"
"Georgetown","Big East",52241,"2009-10"
"Georgia","SEC",52245,"2009-10"
"Georgia St.","CAA",52243,"2009-10"
"Georgia Tech","ACC",52244,"2009-10"
"Gonzaga","WCC",52246,"2009-10"
"Grambling","SWAC",52247,"2009-10"
"Green Bay","Horizon",52465,"2009-10"
"Hampton","MEAC",52248,"2009-10"
"Hartford","America East",52249,"2009-10"
"Harvard","Ivy League",52250,"2009-10"
"Hawaii","WAC",52251,"2009-10"
"High Point","Big South",52487,"2009-10"
"Hofstra","CAA",52252,"2009-10"
"Holy Cross","Patriot",52253,"2009-10"
"Houston","C-USA",52255,"2009-10"
"Houston Baptist","GWC",52254,"2009-10"
"Howard","MEAC",52256,"2009-10"
"IUPUI","Summit League",52481,"2009-10"
"Idaho","WAC",52258,"2009-10"
"Idaho St.","Big Sky",52257,"2009-10"
"Illinois","Big Ten",52260,"2009-10"
"Illinois St.","MVC",52259,"2009-10"
"Indiana","Big Ten",52263,"2009-10"
"Indiana St.","MVC",52262,"2009-10"
"Iona","MAAC",52265,"2009-10"
"Iowa","Big Ten",52267,"2009-10"
"Iowa St.","Big 12",52266,"2009-10"
"Jackson St.","SWAC",52268,"2009-10"
"Jacksonville","ASUN",52270,"2009-10"
"Jacksonville St.","OVC",52269,"2009-10"
"James Madison","CAA",52271,"2009-10"
"Kansas","Big 12",52273,"2009-10"
"Kansas City","Summit League",52482,"2009-10"
"Kansas St.","Big 12",52272,"2009-10"
"Kennesaw St.","ASUN",52477,"2009-10"
"Kent St.","MAC",52274,"2009-10"
"Kentucky","SEC",52275,"2009-10"
"LIU","NEC",52281,"2009-10"
"LMU (CA)","WCC",52287,"2009-10"
"LSU","SEC",52283,"2009-10"
"La Salle","Atlantic 10",52276,"2009-10"
"Lafayette","Patriot",52277,"2009-10"
"Lamar University","Southland",52278,"2009-10"
"Lehigh","Patriot",52279,"2009-10"
"Liberty","Big South",52280,"2009-10"
"Lipscomb","ASUN",52489,"2009-10"
"Little Rock","Sun Belt",52160,"2009-10"
"Long Beach St.","Big West",52183,"2009-10"
"Longwood","-",52282,"2009-10"
"Louisiana","Sun Belt",52414,"2009-10"
"Louisiana Tech","WAC",52284,"2009-10"
"Louisville","Big East",52285,"2009-10"
"Loyola Chicago","Horizon",52288,"2009-10"
"Loyola Maryland","MAAC",52286,"2009-10"
"Maine","America East",52289,"2009-10"
"Manhattan","MAAC",52290,"2009-10"
"Marist","MAAC",52291,"2009-10"
"Marquette","Big East",52292,"2009-10"
"Marshall","C-USA",52293,"2009-10"
"Maryland","ACC",52295,"2009-10"
"Massachusetts","Atlantic 10",52297,"2009-10"
"McNeese","Southland",52298,"2009-10"
"Memphis","C-USA",52299,"2009-10"
"Mercer","ASUN",52300,"2009-10"
"Miami (FL)","ACC",52302,"2009-10"
"Miami (OH)","MAC",52301,"2009-10"
"Michigan","Big Ten",52304,"2009-10"
"Michigan St.","Big Ten",52303,"2009-10"
"Middle Tenn.","Sun Belt",52305,"2009-10"
"Milwaukee","Horizon",52467,"2009-10"
"Minnesota","Big Ten",52306,"2009-10"
"Mississippi St.","SEC",52307,"2009-10"
"Mississippi Val.","SWAC",52308,"2009-10"
"Missouri","Big 12",52310,"2009-10"
"Missouri St.","MVC",52412,"2009-10"
"Monmouth","NEC",52311,"2009-10"
"Montana","Big Sky",52313,"2009-10"
"Montana St.","Big Sky",52312,"2009-10"
"Morehead St.","OVC",52314,"2009-10"
"Morgan St.","MEAC",52315,"2009-10"
"Mount St. Mary's","NEC",52316,"2009-10"
"Murray St.","OVC",52317,"2009-10"
"N.C. A&T","MEAC",52334,"2009-10"
"N.C. Central","-",52335,"2009-10"
"NC State","ACC",52336,"2009-10"
"NJIT","GWC",52327,"2009-10"
"Navy","Patriot",52441,"2009-10"
"Nebraska","Big 12",52323,"2009-10"
"Nevada","WAC",52325,"2009-10"
"New Hampshire","America East",52326,"2009-10"
"New Mexico","Mountain West",52329,"2009-10"
"New Mexico St.","WAC",52328,"2009-10"
"New Orleans","Sun Belt",52330,"2009-10"
"Niagara","MAAC",52331,"2009-10"
"Nicholls","Southland",52332,"2009-10"
"Norfolk St.","MEAC",52333,"2009-10"
"North Carolina","ACC",52319,"2009-10"
"North Dakota","GWC",52338,"2009-10"
"North Dakota St.","Summit League",52337,"2009-10"
"North Florida","ASUN",52483,"2009-10"
"North Texas","Sun Belt",52339,"2009-10"
"Northeastern","CAA",52341,"2009-10"
"Northern Ariz.","Big Sky",52342,"2009-10"
"Northern Colo.","Big Sky",52343,"2009-10"
"Northern Ill.","MAC",52344,"2009-10"
"Northwestern","Big Ten",52347,"2009-10"
"Northwestern St.","Southland",52346,"2009-10"
"Notre Dame","Big East",52348,"2009-10"
"Oakland","Summit League",52349,"2009-10"
"Ohio","MAC",52351,"2009-10"
"Ohio St.","Big Ten",52350,"2009-10"
"Oklahoma","Big 12",52353,"2009-10"
"Oklahoma St.","Big 12",52352,"2009-10"
"Old Dominion","CAA",52354,"2009-10"
"Ole Miss","SEC",52309,"2009-10"
"Oral Roberts","Summit League",52355,"2009-10"
"Oregon","Pac-12",52357,"2009-10"
"Oregon St.","Pac-12",52356,"2009-10"
"Pacific","Big West",52358,"2009-10"
"Penn","Ivy League",52361,"2009-10"
"Penn St.","Big Ten",52360,"2009-10"
"Pepperdine","WCC",52362,"2009-10"
"Pittsburgh","Big East",52363,"2009-10"
"Portland","WCC",52365,"2009-10"
"Portland St.","Big Sky",52364,"2009-10"
"Prairie View","SWAC",52366,"2009-10"
"Presbyterian","Big South",52478,"2009-10"
"Princeton","Ivy League",52367,"2009-10"
"Providence","Big East",52368,"2009-10"
"Purdue","Big Ten",52369,"2009-10"
"Purdue Fort Wayne","Summit League",52264,"2009-10"
"Quinnipiac","NEC",52370,"2009-10"
"Radford","Big South",52371,"2009-10"
"Rhode Island","Atlantic 10",52372,"2009-10"
"Rice","C-USA",52373,"2009-10"
"Richmond","Atlantic 10",52374,"2009-10"
"Rider","MAAC",52375,"2009-10"
"Robert Morris","NEC",52376,"2009-10"
"Rutgers","Big East",52377,"2009-10"
"SFA","Southland",52416,"2009-10"
"SIUE","-",52407,"2009-10"
"SMU","C-USA",52408,"2009-10"
"Sacramento St.","Big Sky",52185,"2009-10"
"Sacred Heart","NEC",52378,"2009-10"
"Saint Francis (PA)","NEC",52381,"2009-10"
"Saint Joseph's","Atlantic 10",52383,"2009-10"
"Saint Louis","Atlantic 10",52384,"2009-10"
"Saint Mary's (CA)","WCC",52385,"2009-10"
"Saint Peter's","MAAC",52386,"2009-10"
"Sam Houston","Southland",52387,"2009-10"
"Samford","SoCon",52388,"2009-10"
"San Diego","WCC",52390,"2009-10"
"San Diego St.","Mountain West",52389,"2009-10"
"San Francisco","WCC",52391,"2009-10"
"San Jose St.","WAC",52392,"2009-10"
"Santa Clara","WCC",52393,"2009-10"
"Savannah St.","-",52394,"2009-10"
"Seattle U","-",52479,"2009-10"
"Seton Hall","Big East",52395,"2009-10"
"Siena","MAAC",52396,"2009-10"
"South Alabama","Sun Belt",52397,"2009-10"
"South Carolina","SEC",52399,"2009-10"
"South Carolina St.","MEAC",52398,"2009-10"
"South Dakota","GWC",52401,"2009-10"
"South Dakota St.","Summit League",52400,"2009-10"
"South Fla.","Big East",52402,"2009-10"
"Southeast Mo. St.","OVC",52403,"2009-10"
"Southeastern La.","Southland",52404,"2009-10"
"Southern California","Pac-12",52405,"2009-10"
"Southern Ill.","MVC",52406,"2009-10"
"Southern Miss.","C-USA",52409,"2009-10"
"Southern U.","SWAC",52410,"2009-10"
"Southern Utah","Summit League",52411,"2009-10"
"St. Bonaventure","Atlantic 10",52379,"2009-10"
"St. Francis Brooklyn","NEC",52380,"2009-10"
"St. John's (NY)","Big East",52382,"2009-10"
"Stanford","Pac-12",52415,"2009-10"
"Stetson","ASUN",52417,"2009-10"
"Stony Brook","America East",52418,"2009-10"
"Syracuse","Big East",52419,"2009-10"
"TCU","Mountain West",52427,"2009-10"
"Temple","Atlantic 10",52420,"2009-10"
"Tennessee","SEC",52424,"2009-10"
"Tennessee St.","OVC",52421,"2009-10"
"Tennessee Tech","OVC",52422,"2009-10"
"Texas","Big 12",52431,"2009-10"
"Texas A&M","Big 12",52426,"2009-10"
"Texas Southern","SWAC",52428,"2009-10"
"Texas St.","Southland",52413,"2009-10"
"Texas Tech","Big 12",52429,"2009-10"
"Toledo","MAC",52434,"2009-10"
"Towson","CAA",52435,"2009-10"
"Troy","Sun Belt",52436,"2009-10"
"Tulane","C-USA",52437,"2009-10"
"Tulsa","C-USA",52438,"2009-10"
"UAB","C-USA",52151,"2009-10"
"UC Davis","Big West",52188,"2009-10"
"UC Irvine","Big West",52189,"2009-10"
"UC Riverside","Big West",52191,"2009-10"
"UC Santa Barbara","Big West",52186,"2009-10"
"UCF","C-USA",52196,"2009-10"
"UCLA","Pac-12",52190,"2009-10"
"UConn","Big East",52207,"2009-10"
"UIC","Horizon",52261,"2009-10"
"ULM","Sun Belt",52340,"2009-10"
"UMBC","America East",52294,"2009-10"
"UMES","MEAC",52296,"2009-10"
"UNC Asheville","Big South",52318,"2009-10"
"UNC Greensboro","SoCon",52321,"2009-10"
"UNCW","CAA",52322,"2009-10"
"UNI","MVC",52345,"2009-10"
"UNLV","Mountain West",52324,"2009-10"
"USC Upstate","ASUN",52485,"2009-10"
"UT Arlington","Southland",52430,"2009-10"
"UT Martin","OVC",52425,"2009-10"
"UTEP","C-USA",52432,"2009-10"
"UTRGV","GWC",52359,"2009-10"
"UTSA","Southland",52433,"2009-10"
"Utah","Mountain West",52443,"2009-10"
"Utah St.","WAC",52442,"2009-10"
"Utah Valley","GWC",52491,"2009-10"
"VCU","CAA",52448,"2009-10"
"Valparaiso","Horizon",52444,"2009-10"
"Vanderbilt","SEC",52445,"2009-10"
"Vermont","America East",52446,"2009-10"
"Villanova","Big East",52447,"2009-10"
"Virginia","ACC",52450,"2009-10"
"Virginia Tech","ACC",52449,"2009-10"
"Wagner","NEC",52451,"2009-10"
"Wake Forest","ACC",52452,"2009-10"
"Washington","Pac-12",52454,"2009-10"
"Washington St.","Pac-12",52453,"2009-10"
"Weber St.","Big Sky",52455,"2009-10"
"West Virginia","Big East",52456,"2009-10"
"Western Caro.","SoCon",52457,"2009-10"
"Western Ill.","Summit League",52458,"2009-10"
"Western Ky.","Sun Belt",52459,"2009-10"
"Western Mich.","MAC",52460,"2009-10"
"Wichita St.","MVC",52461,"2009-10"
"William & Mary","CAA",52462,"2009-10"
"Winston-Salem","-",52463,"2009-10"
"Winthrop","Big South",52464,"2009-10"
"Wisconsin","Big Ten",52466,"2009-10"
"Wofford","SoCon",52484,"2009-10"
"Wright St.","Horizon",52468,"2009-10"
"Wyoming","Mountain West",52469,"2009-10"
"Xavier","Atlantic 10",52470,"2009-10"
"Yale","Ivy League",52471,"2009-10"
"Youngstown St.","Horizon",52472,"2009-10"
"A&M-Corpus Christi","Southland",55871,"2010-11"
"Air Force","Mountain West",55824,"2010-11"
"Akron","MAC",55532,"2010-11"
"Alabama","SEC",55535,"2010-11"
"Alabama A&M","SWAC",55533,"2010-11"
"Alabama St.","SWAC",55534,"2010-11"
"Albany (NY)","America East",55537,"2010-11"
"Alcorn","SWAC",55538,"2010-11"
"American","Patriot",55539,"2010-11"
"App State","SoCon",55540,"2010-11"
"Arizona","Pac-12",55542,"2010-11"
"Arizona St.","Pac-12",55541,"2010-11"
"Ark.-Pine Bluff","SWAC",55863,"2010-11"
"Arkansas","SEC",55544,"2010-11"
"Arkansas St.","Sun Belt",55543,"2010-11"
"Army West Point","Patriot",55825,"2010-11"
"Auburn","SEC",55546,"2010-11"
"Austin Peay","OVC",55547,"2010-11"
"BYU","Mountain West",55558,"2010-11"
"Ball St.","MAC",55548,"2010-11"
"Baylor","Big 12",55550,"2010-11"
"Belmont","ASUN",55869,"2010-11"
"Bethune-Cookman","MEAC",55551,"2010-11"
"Binghamton","America East",55552,"2010-11"
"Boise St.","WAC",55553,"2010-11"
"Boston College","ACC",55554,"2010-11"
"Boston U.","America East",55555,"2010-11"
"Bowling Green","MAC",55556,"2010-11"
"Bradley","MVC",55557,"2010-11"
"Brown","Ivy League",55559,"2010-11"
"Bryant","NEC",55560,"2010-11"
"Bucknell","Patriot",55561,"2010-11"
"Buffalo","MAC",55562,"2010-11"
"Butler","Horizon",55563,"2010-11"
"CSU Bakersfield","-",55565,"2010-11"
"CSUN","Big West",55569,"2010-11"
"Cal Poly","Big West",55564,"2010-11"
"Cal St. Fullerton","Big West",55567,"2010-11"
"California","Pac-12",55572,"2010-11"
"Campbell","ASUN",55577,"2010-11"
"Canisius","MAAC",55578,"2010-11"
"Centenary (LA)","Summit League",55579,"2010-11"
"Central Ark.","Southland",55857,"2010-11"
"Central Conn. St.","NEC",55580,"2010-11"
"Central Mich.","MAC",55582,"2010-11"
"Charleston So.","Big South",55549,"2010-11"
"Charlotte","Atlantic 10",55705,"2010-11"
"Chattanooga","SoCon",55808,"2010-11"
"Chicago St.","GWC",55583,"2010-11"
"Cincinnati","Big East",55584,"2010-11"
"Clemson","ACC",55585,"2010-11"
"Cleveland St.","Horizon",55586,"2010-11"
"Coastal Carolina","Big South",55587,"2010-11"
"Col. of Charleston","SoCon",55858,"2010-11"
"Colgate","Patriot",55588,"2010-11"
"Colorado","Big 12",55590,"2010-11"
"Colorado St.","Mountain West",55589,"2010-11"
"Columbia","Ivy League",55591,"2010-11"
"Coppin St.","MEAC",55593,"2010-11"
"Cornell","Ivy League",55594,"2010-11"
"Creighton","MVC",55595,"2010-11"
"Dartmouth","Ivy League",55596,"2010-11"
"Davidson","SoCon",55597,"2010-11"
"Dayton","Atlantic 10",55598,"2010-11"
"DePaul","Big East",55599,"2010-11"
"Delaware","CAA",55601,"2010-11"
"Delaware St.","MEAC",55600,"2010-11"
"Denver","Sun Belt",55602,"2010-11"
"Detroit Mercy","Horizon",55603,"2010-11"
"Drake","MVC",55604,"2010-11"
"Drexel","CAA",55605,"2010-11"
"Duke","ACC",55606,"2010-11"
"Duquesne","Atlantic 10",55607,"2010-11"
"ETSU","ASUN",55609,"2010-11"
"East Carolina","C-USA",55608,"2010-11"
"Eastern Ill.","OVC",55610,"2010-11"
"Eastern Ky.","OVC",55611,"2010-11"
"Eastern Mich.","MAC",55612,"2010-11"
"Eastern Wash.","Big Sky",55613,"2010-11"
"Elon","SoCon",55859,"2010-11"
"Evansville","MVC",55614,"2010-11"
"FGCU","ASUN",55873,"2010-11"
"FIU","Sun Belt",55619,"2010-11"
"Fairfield","MAAC",55615,"2010-11"
"Fairleigh Dickinson","NEC",55616,"2010-11"
"Fla. Atlantic","Sun Belt",55618,"2010-11"
"Florida","SEC",55621,"2010-11"
"Florida A&M","MEAC",55617,"2010-11"
"Florida St.","ACC",55620,"2010-11"
"Fordham","Atlantic 10",55622,"2010-11"
"Fresno St.","WAC",55566,"2010-11"
"Furman","SoCon",55623,"2010-11"
"Ga. Southern","SoCon",55627,"2010-11"
"Gardner-Webb","Big South",55860,"2010-11"
"George Mason","CAA",55624,"2010-11"
"George Washington","Atlantic 10",55625,"2010-11"
"Georgetown","Big East",55626,"2010-11"
"Georgia","SEC",55630,"2010-11"
"Georgia St.","CAA",55628,"2010-11"
"Georgia Tech","ACC",55629,"2010-11"
"Gonzaga","WCC",55631,"2010-11"
"Grambling","SWAC",55632,"2010-11"
"Green Bay","Horizon",55849,"2010-11"
"Hampton","MEAC",55633,"2010-11"
"Hartford","America East",55634,"2010-11"
"Harvard","Ivy League",55635,"2010-11"
"Hawaii","WAC",55636,"2010-11"
"High Point","Big South",55870,"2010-11"
"Hofstra","CAA",55637,"2010-11"
"Holy Cross","Patriot",55638,"2010-11"
"Houston","C-USA",55640,"2010-11"
"Houston Baptist","GWC",55639,"2010-11"
"Howard","MEAC",55641,"2010-11"
"IUPUI","Summit League",55864,"2010-11"
"Idaho","WAC",55643,"2010-11"
"Idaho St.","Big Sky",55642,"2010-11"
"Illinois","Big Ten",55645,"2010-11"
"Illinois St.","MVC",55644,"2010-11"
"Indiana","Big Ten",55648,"2010-11"
"Indiana St.","MVC",55647,"2010-11"
"Iona","MAAC",55650,"2010-11"
"Iowa","Big Ten",55652,"2010-11"
"Iowa St.","Big 12",55651,"2010-11"
"Jackson St.","SWAC",55653,"2010-11"
"Jacksonville","ASUN",55655,"2010-11"
"Jacksonville St.","OVC",55654,"2010-11"
"James Madison","CAA",55656,"2010-11"
"Kansas","Big 12",55658,"2010-11"
"Kansas City","Summit League",55865,"2010-11"
"Kansas St.","Big 12",55657,"2010-11"
"Kennesaw St.","ASUN",55861,"2010-11"
"Kent St.","MAC",55659,"2010-11"
"Kentucky","SEC",55660,"2010-11"
"LIU","NEC",55666,"2010-11"
"LMU (CA)","WCC",55672,"2010-11"
"LSU","SEC",55668,"2010-11"
"La Salle","Atlantic 10",55661,"2010-11"
"Lafayette","Patriot",55662,"2010-11"
"Lamar University","Southland",55663,"2010-11"
"Lehigh","Patriot",55664,"2010-11"
"Liberty","Big South",55665,"2010-11"
"Lipscomb","ASUN",55872,"2010-11"
"Little Rock","Sun Belt",55545,"2010-11"
"Long Beach St.","Big West",55568,"2010-11"
"Longwood","-",55667,"2010-11"
"Louisiana","Sun Belt",55799,"2010-11"
"Louisiana Tech","WAC",55669,"2010-11"
"Louisville","Big East",55670,"2010-11"
"Loyola Chicago","Horizon",55673,"2010-11"
"Loyola Maryland","MAAC",55671,"2010-11"
"Maine","America East",55674,"2010-11"
"Manhattan","MAAC",55675,"2010-11"
"Marist","MAAC",55676,"2010-11"
"Marquette","Big East",55677,"2010-11"
"Marshall","C-USA",55678,"2010-11"
"Maryland","ACC",55680,"2010-11"
"Massachusetts","Atlantic 10",55682,"2010-11"
"McNeese","Southland",55683,"2010-11"
"Memphis","C-USA",55684,"2010-11"
"Mercer","ASUN",55685,"2010-11"
"Miami (FL)","ACC",55687,"2010-11"
"Miami (OH)","MAC",55686,"2010-11"
"Michigan","Big Ten",55689,"2010-11"
"Michigan St.","Big Ten",55688,"2010-11"
"Middle Tenn.","Sun Belt",55690,"2010-11"
"Milwaukee","Horizon",55851,"2010-11"
"Minnesota","Big Ten",55691,"2010-11"
"Mississippi St.","SEC",55692,"2010-11"
"Mississippi Val.","SWAC",55693,"2010-11"
"Missouri","Big 12",55695,"2010-11"
"Missouri St.","MVC",55797,"2010-11"
"Monmouth","NEC",55696,"2010-11"
"Montana","Big Sky",55698,"2010-11"
"Montana St.","Big Sky",55697,"2010-11"
"Morehead St.","OVC",55699,"2010-11"
"Morgan St.","MEAC",55700,"2010-11"
"Mount St. Mary's","NEC",55701,"2010-11"
"Murray St.","OVC",55702,"2010-11"
"N.C. A&T","MEAC",55719,"2010-11"
"N.C. Central","-",55720,"2010-11"
"NC State","ACC",55721,"2010-11"
"NJIT","GWC",55712,"2010-11"
"Navy","Patriot",55826,"2010-11"
"Nebraska","Big 12",55708,"2010-11"
"Nevada","WAC",55710,"2010-11"
"New Hampshire","America East",55711,"2010-11"
"New Mexico","Mountain West",55714,"2010-11"
"New Mexico St.","WAC",55713,"2010-11"
"New Orleans","-",55715,"2010-11"
"Niagara","MAAC",55716,"2010-11"
"Nicholls","Southland",55717,"2010-11"
"Norfolk St.","MEAC",55718,"2010-11"
"North Carolina","ACC",55704,"2010-11"
"North Dakota","GWC",55723,"2010-11"
"North Dakota St.","Summit League",55722,"2010-11"
"North Florida","ASUN",55866,"2010-11"
"North Texas","Sun Belt",55724,"2010-11"
"Northeastern","CAA",55726,"2010-11"
"Northern Ariz.","Big Sky",55727,"2010-11"
"Northern Colo.","Big Sky",55728,"2010-11"
"Northern Ill.","MAC",55729,"2010-11"
"Northwestern","Big Ten",55732,"2010-11"
"Northwestern St.","Southland",55731,"2010-11"
"Notre Dame","Big East",55733,"2010-11"
"Oakland","Summit League",55734,"2010-11"
"Ohio","MAC",55736,"2010-11"
"Ohio St.","Big Ten",55735,"2010-11"
"Oklahoma","Big 12",55738,"2010-11"
"Oklahoma St.","Big 12",55737,"2010-11"
"Old Dominion","CAA",55739,"2010-11"
"Ole Miss","SEC",55694,"2010-11"
"Oral Roberts","Summit League",55740,"2010-11"
"Oregon","Pac-12",55742,"2010-11"
"Oregon St.","Pac-12",55741,"2010-11"
"Pacific","Big West",55743,"2010-11"
"Penn","Ivy League",55746,"2010-11"
"Penn St.","Big Ten",55745,"2010-11"
"Pepperdine","WCC",55747,"2010-11"
"Pittsburgh","Big East",55748,"2010-11"
"Portland","WCC",55750,"2010-11"
"Portland St.","Big Sky",55749,"2010-11"
"Prairie View","SWAC",55751,"2010-11"
"Presbyterian","Big South",223989,"2010-11"
"Princeton","Ivy League",55752,"2010-11"
"Providence","Big East",55753,"2010-11"
"Purdue","Big Ten",55754,"2010-11"
"Purdue Fort Wayne","Summit League",55649,"2010-11"
"Quinnipiac","NEC",55755,"2010-11"
"Radford","Big South",55756,"2010-11"
"Rhode Island","Atlantic 10",55757,"2010-11"
"Rice","C-USA",55758,"2010-11"
"Richmond","Atlantic 10",55759,"2010-11"
"Rider","MAAC",55760,"2010-11"
"Robert Morris","NEC",55761,"2010-11"
"Rutgers","Big East",55762,"2010-11"
"SFA","Southland",55801,"2010-11"
"SIUE","-",55792,"2010-11"
"SMU","C-USA",55793,"2010-11"
"Sacramento St.","Big Sky",55570,"2010-11"
"Sacred Heart","NEC",55763,"2010-11"
"Saint Francis (PA)","NEC",55766,"2010-11"
"Saint Joseph's","Atlantic 10",55768,"2010-11"
"Saint Louis","Atlantic 10",55769,"2010-11"
"Saint Mary's (CA)","WCC",55770,"2010-11"
"Saint Peter's","MAAC",55771,"2010-11"
"Sam Houston","Southland",55772,"2010-11"
"Samford","SoCon",55773,"2010-11"
"San Diego","WCC",55775,"2010-11"
"San Diego St.","Mountain West",55774,"2010-11"
"San Francisco","WCC",55776,"2010-11"
"San Jose St.","WAC",55777,"2010-11"
"Santa Clara","WCC",55778,"2010-11"
"Savannah St.","-",55779,"2010-11"
"Seattle U","-",55862,"2010-11"
"Seton Hall","Big East",55780,"2010-11"
"Siena","MAAC",55781,"2010-11"
"South Alabama","Sun Belt",55782,"2010-11"
"South Carolina","SEC",55784,"2010-11"
"South Carolina St.","MEAC",55783,"2010-11"
"South Dakota","GWC",55786,"2010-11"
"South Dakota St.","Summit League",55785,"2010-11"
"South Fla.","Big East",55787,"2010-11"
"Southeast Mo. St.","OVC",55788,"2010-11"
"Southeastern La.","Southland",55789,"2010-11"
"Southern California","Pac-12",55790,"2010-11"
"Southern Ill.","MVC",55791,"2010-11"
"Southern Miss.","C-USA",55794,"2010-11"
"Southern U.","SWAC",55795,"2010-11"
"Southern Utah","Summit League",55796,"2010-11"
"St. Bonaventure","Atlantic 10",55764,"2010-11"
"St. Francis Brooklyn","NEC",55765,"2010-11"
"St. John's (NY)","Big East",55767,"2010-11"
"Stanford","Pac-12",55800,"2010-11"
"Stetson","ASUN",55802,"2010-11"
"Stony Brook","America East",55803,"2010-11"
"Syracuse","Big East",55804,"2010-11"
"TCU","Mountain West",55812,"2010-11"
"Temple","Atlantic 10",55805,"2010-11"
"Tennessee","SEC",55809,"2010-11"
"Tennessee St.","OVC",55806,"2010-11"
"Tennessee Tech","OVC",55807,"2010-11"
"Texas","Big 12",55816,"2010-11"
"Texas A&M","Big 12",55811,"2010-11"
"Texas Southern","SWAC",55813,"2010-11"
"Texas St.","Southland",55798,"2010-11"
"Texas Tech","Big 12",55814,"2010-11"
"Toledo","MAC",55819,"2010-11"
"Towson","CAA",55820,"2010-11"
"Troy","Sun Belt",55821,"2010-11"
"Tulane","C-USA",55822,"2010-11"
"Tulsa","C-USA",55823,"2010-11"
"UAB","C-USA",55536,"2010-11"
"UC Davis","Big West",55573,"2010-11"
"UC Irvine","Big West",55574,"2010-11"
"UC Riverside","Big West",55576,"2010-11"
"UC Santa Barbara","Big West",55571,"2010-11"
"UCF","C-USA",55581,"2010-11"
"UCLA","Pac-12",55575,"2010-11"
"UConn","Big East",55592,"2010-11"
"UIC","Horizon",55646,"2010-11"
"ULM","Sun Belt",55725,"2010-11"
"UMBC","America East",55679,"2010-11"
"UMES","MEAC",55681,"2010-11"
"UNC Asheville","Big South",55703,"2010-11"
"UNC Greensboro","SoCon",55706,"2010-11"
"UNCW","CAA",55707,"2010-11"
"UNI","MVC",55730,"2010-11"
"UNLV","Mountain West",55709,"2010-11"
"USC Upstate","ASUN",55868,"2010-11"
"UT Arlington","Southland",55815,"2010-11"
"UT Martin","OVC",55810,"2010-11"
"UTEP","C-USA",55817,"2010-11"
"UTRGV","GWC",55744,"2010-11"
"UTSA","Southland",55818,"2010-11"
"Utah","Mountain West",55828,"2010-11"
"Utah St.","WAC",55827,"2010-11"
"Utah Valley","GWC",55874,"2010-11"
"VCU","CAA",55833,"2010-11"
"Valparaiso","Horizon",55829,"2010-11"
"Vanderbilt","SEC",55830,"2010-11"
"Vermont","America East",55831,"2010-11"
"Villanova","Big East",55832,"2010-11"
"Virginia","ACC",55835,"2010-11"
"Virginia Tech","ACC",55834,"2010-11"
"Wagner","NEC",55836,"2010-11"
"Wake Forest","ACC",55837,"2010-11"
"Washington","Pac-12",55839,"2010-11"
"Washington St.","Pac-12",55838,"2010-11"
"Weber St.","Big Sky",55840,"2010-11"
"West Virginia","Big East",55841,"2010-11"
"Western Caro.","SoCon",55842,"2010-11"
"Western Ill.","Summit League",55843,"2010-11"
"Western Ky.","Sun Belt",55844,"2010-11"
"Western Mich.","MAC",55845,"2010-11"
"Wichita St.","MVC",55846,"2010-11"
"William & Mary","CAA",55847,"2010-11"
"Winthrop","Big South",55848,"2010-11"
"Wisconsin","Big Ten",55850,"2010-11"
"Wofford","SoCon",55867,"2010-11"
"Wright St.","Horizon",55852,"2010-11"
"Wyoming","Mountain West",55853,"2010-11"
"Xavier","Atlantic 10",55854,"2010-11"
"Yale","Ivy League",55855,"2010-11"
"Youngstown St.","Horizon",55856,"2010-11"
"A&M-Corpus Christi","Southland",30600,"2011-12"
"Air Force","Mountain West",30552,"2011-12"
"Akron","MAC",30261,"2011-12"
"Alabama","SEC",30264,"2011-12"
"Alabama A&M","SWAC",30262,"2011-12"
"Alabama St.","SWAC",30263,"2011-12"
"Albany (NY)","America East",30266,"2011-12"
"Alcorn","SWAC",30267,"2011-12"
"American","Patriot",30268,"2011-12"
"App State","SoCon",30269,"2011-12"
"Arizona","Pac-12",30271,"2011-12"
"Arizona St.","Pac-12",30270,"2011-12"
"Ark.-Pine Bluff","SWAC",30592,"2011-12"
"Arkansas","SEC",30273,"2011-12"
"Arkansas St.","Sun Belt",30272,"2011-12"
"Army West Point","Patriot",30553,"2011-12"
"Auburn","SEC",30275,"2011-12"
"Austin Peay","OVC",30276,"2011-12"
"BYU","WCC",30287,"2011-12"
"Ball St.","MAC",30277,"2011-12"
"Baylor","Big 12",30279,"2011-12"
"Belmont","ASUN",30598,"2011-12"
"Bethune-Cookman","MEAC",30280,"2011-12"
"Binghamton","America East",30281,"2011-12"
"Boise St.","Mountain West",30282,"2011-12"
"Boston College","ACC",30283,"2011-12"
"Boston U.","America East",30284,"2011-12"
"Bowling Green","MAC",30285,"2011-12"
"Bradley","MVC",30286,"2011-12"
"Brown","Ivy League",30288,"2011-12"
"Bryant","NEC",30289,"2011-12"
"Bucknell","Patriot",30290,"2011-12"
"Buffalo","MAC",30291,"2011-12"
"Butler","Horizon",30292,"2011-12"
"CSU Bakersfield","-",30294,"2011-12"
"CSUN","Big West",30298,"2011-12"
"Cal Poly","Big West",30293,"2011-12"
"Cal St. Fullerton","Big West",30296,"2011-12"
"California","Pac-12",30301,"2011-12"
"Campbell","Big South",30306,"2011-12"
"Canisius","MAAC",30307,"2011-12"
"Central Ark.","Southland",30585,"2011-12"
"Central Conn. St.","NEC",30308,"2011-12"
"Central Mich.","MAC",30310,"2011-12"
"Charleston So.","Big South",30278,"2011-12"
"Charlotte","Atlantic 10",30433,"2011-12"
"Chattanooga","SoCon",30536,"2011-12"
"Chicago St.","GWC",30311,"2011-12"
"Cincinnati","Big East",30312,"2011-12"
"Clemson","ACC",30313,"2011-12"
"Cleveland St.","Horizon",30314,"2011-12"
"Coastal Carolina","Big South",30315,"2011-12"
"Col. of Charleston","SoCon",30586,"2011-12"
"Colgate","Patriot",30316,"2011-12"
"Colorado","Pac-12",30318,"2011-12"
"Colorado St.","Mountain West",30317,"2011-12"
"Columbia","Ivy League",30319,"2011-12"
"Coppin St.","MEAC",30321,"2011-12"
"Cornell","Ivy League",30322,"2011-12"
"Creighton","MVC",30323,"2011-12"
"Dartmouth","Ivy League",30324,"2011-12"
"Davidson","SoCon",30325,"2011-12"
"Dayton","Atlantic 10",30326,"2011-12"
"DePaul","Big East",30327,"2011-12"
"Delaware","CAA",30329,"2011-12"
"Delaware St.","MEAC",30328,"2011-12"
"Denver","Sun Belt",30330,"2011-12"
"Detroit Mercy","Horizon",30331,"2011-12"
"Drake","MVC",30332,"2011-12"
"Drexel","CAA",30333,"2011-12"
"Duke","ACC",30334,"2011-12"
"Duquesne","Atlantic 10",30335,"2011-12"
"ETSU","ASUN",30337,"2011-12"
"East Carolina","C-USA",30336,"2011-12"
"Eastern Ill.","OVC",30338,"2011-12"
"Eastern Ky.","OVC",30339,"2011-12"
"Eastern Mich.","MAC",30340,"2011-12"
"Eastern Wash.","Big Sky",30341,"2011-12"
"Elon","SoCon",30587,"2011-12"
"Evansville","MVC",30342,"2011-12"
"FGCU","ASUN",30602,"2011-12"
"FIU","Sun Belt",30347,"2011-12"
"Fairfield","MAAC",30343,"2011-12"
"Fairleigh Dickinson","NEC",30344,"2011-12"
"Fla. Atlantic","Sun Belt",30346,"2011-12"
"Florida","SEC",30349,"2011-12"
"Florida A&M","MEAC",30345,"2011-12"
"Florida St.","ACC",30348,"2011-12"
"Fordham","Atlantic 10",30350,"2011-12"
"Fresno St.","WAC",30295,"2011-12"
"Furman","SoCon",30351,"2011-12"
"Ga. Southern","SoCon",30355,"2011-12"
"Gardner-Webb","Big South",30588,"2011-12"
"George Mason","CAA",30352,"2011-12"
"George Washington","Atlantic 10",30353,"2011-12"
"Georgetown","Big East",30354,"2011-12"
"Georgia","SEC",30358,"2011-12"
"Georgia St.","CAA",30356,"2011-12"
"Georgia Tech","ACC",30357,"2011-12"
"Gonzaga","WCC",30359,"2011-12"
"Grambling","SWAC",30360,"2011-12"
"Green Bay","Horizon",30577,"2011-12"
"Hampton","MEAC",30361,"2011-12"
"Hartford","America East",30362,"2011-12"
"Harvard","Ivy League",30363,"2011-12"
"Hawaii","WAC",30364,"2011-12"
"High Point","Big South",30599,"2011-12"
"Hofstra","CAA",30365,"2011-12"
"Holy Cross","Patriot",30366,"2011-12"
"Houston","C-USA",30368,"2011-12"
"Houston Baptist","GWC",30367,"2011-12"
"Howard","MEAC",30369,"2011-12"
"IUPUI","Summit League",30593,"2011-12"
"Idaho","WAC",30371,"2011-12"
"Idaho St.","Big Sky",30370,"2011-12"
"Illinois","Big Ten",30373,"2011-12"
"Illinois St.","MVC",30372,"2011-12"
"Indiana","Big Ten",30376,"2011-12"
"Indiana St.","MVC",30375,"2011-12"
"Iona","MAAC",30378,"2011-12"
"Iowa","Big Ten",30380,"2011-12"
"Iowa St.","Big 12",30379,"2011-12"
"Jackson St.","SWAC",30381,"2011-12"
"Jacksonville","ASUN",30383,"2011-12"
"Jacksonville St.","OVC",30382,"2011-12"
"James Madison","CAA",30384,"2011-12"
"Kansas","Big 12",30386,"2011-12"
"Kansas City","Summit League",30594,"2011-12"
"Kansas St.","Big 12",30385,"2011-12"
"Kennesaw St.","ASUN",30589,"2011-12"
"Kent St.","MAC",30387,"2011-12"
"Kentucky","SEC",30388,"2011-12"
"LIU","NEC",30394,"2011-12"
"LMU (CA)","WCC",30400,"2011-12"
"LSU","SEC",30396,"2011-12"
"La Salle","Atlantic 10",30389,"2011-12"
"Lafayette","Patriot",30390,"2011-12"
"Lamar University","Southland",30391,"2011-12"
"Lehigh","Patriot",30392,"2011-12"
"Liberty","Big South",30393,"2011-12"
"Lipscomb","ASUN",30601,"2011-12"
"Little Rock","Sun Belt",30274,"2011-12"
"Long Beach St.","Big West",30297,"2011-12"
"Longwood","-",30395,"2011-12"
"Louisiana","Sun Belt",30527,"2011-12"
"Louisiana Tech","WAC",30397,"2011-12"
"Louisville","Big East",30398,"2011-12"
"Loyola Chicago","Horizon",30401,"2011-12"
"Loyola Maryland","MAAC",30399,"2011-12"
"Maine","America East",30402,"2011-12"
"Manhattan","MAAC",30403,"2011-12"
"Marist","MAAC",30404,"2011-12"
"Marquette","Big East",30405,"2011-12"
"Marshall","C-USA",30406,"2011-12"
"Maryland","ACC",30408,"2011-12"
"Massachusetts","Atlantic 10",30410,"2011-12"
"McNeese","Southland",30411,"2011-12"
"Memphis","C-USA",30412,"2011-12"
"Mercer","ASUN",30413,"2011-12"
"Miami (FL)","ACC",30415,"2011-12"
"Miami (OH)","MAC",30414,"2011-12"
"Michigan","Big Ten",30417,"2011-12"
"Michigan St.","Big Ten",30416,"2011-12"
"Middle Tenn.","Sun Belt",30418,"2011-12"
"Milwaukee","Horizon",30579,"2011-12"
"Minnesota","Big Ten",30419,"2011-12"
"Mississippi St.","SEC",30420,"2011-12"
"Mississippi Val.","SWAC",30421,"2011-12"
"Missouri","Big 12",30423,"2011-12"
"Missouri St.","MVC",30525,"2011-12"
"Monmouth","NEC",30424,"2011-12"
"Montana","Big Sky",30426,"2011-12"
"Montana St.","Big Sky",30425,"2011-12"
"Morehead St.","OVC",30427,"2011-12"
"Morgan St.","MEAC",30428,"2011-12"
"Mount St. Mary's","NEC",30429,"2011-12"
"Murray St.","OVC",30430,"2011-12"
"N.C. A&T","MEAC",30447,"2011-12"
"N.C. Central","MEAC",30448,"2011-12"
"NC State","ACC",30449,"2011-12"
"NJIT","GWC",30441,"2011-12"
"Navy","Patriot",30554,"2011-12"
"Nebraska","Big Ten",30436,"2011-12"
"Nevada","WAC",30439,"2011-12"
"New Hampshire","America East",30440,"2011-12"
"New Mexico","Mountain West",30443,"2011-12"
"New Mexico St.","WAC",30442,"2011-12"
"Niagara","MAAC",30444,"2011-12"
"Nicholls","Southland",30445,"2011-12"
"Norfolk St.","MEAC",30446,"2011-12"
"North Carolina","ACC",30432,"2011-12"
"North Dakota","GWC",30451,"2011-12"
"North Dakota St.","Summit League",30450,"2011-12"
"North Florida","ASUN",30595,"2011-12"
"North Texas","Sun Belt",30452,"2011-12"
"Northeastern","CAA",30454,"2011-12"
"Northern Ariz.","Big Sky",30455,"2011-12"
"Northern Colo.","Big Sky",30456,"2011-12"
"Northern Ill.","MAC",30457,"2011-12"
"Northwestern","Big Ten",30460,"2011-12"
"Northwestern St.","Southland",30459,"2011-12"
"Notre Dame","Big East",30461,"2011-12"
"Oakland","Summit League",30462,"2011-12"
"Ohio","MAC",30464,"2011-12"
"Ohio St.","Big Ten",30463,"2011-12"
"Oklahoma","Big 12",30466,"2011-12"
"Oklahoma St.","Big 12",30465,"2011-12"
"Old Dominion","CAA",30467,"2011-12"
"Ole Miss","SEC",30422,"2011-12"
"Omaha","-",30437,"2011-12"
"Oral Roberts","Summit League",30468,"2011-12"
"Oregon","Pac-12",30470,"2011-12"
"Oregon St.","Pac-12",30469,"2011-12"
"Pacific","Big West",30471,"2011-12"
"Penn","Ivy League",30474,"2011-12"
"Penn St.","Big Ten",30473,"2011-12"
"Pepperdine","WCC",30475,"2011-12"
"Pittsburgh","Big East",30476,"2011-12"
"Portland","WCC",30478,"2011-12"
"Portland St.","Big Sky",30477,"2011-12"
"Prairie View","SWAC",30479,"2011-12"
"Presbyterian","Big South",30590,"2011-12"
"Princeton","Ivy League",30480,"2011-12"
"Providence","Big East",30481,"2011-12"
"Purdue","Big Ten",30482,"2011-12"
"Purdue Fort Wayne","Summit League",30377,"2011-12"
"Quinnipiac","NEC",30483,"2011-12"
"Radford","Big South",30484,"2011-12"
"Rhode Island","Atlantic 10",30485,"2011-12"
"Rice","C-USA",30486,"2011-12"
"Richmond","Atlantic 10",30487,"2011-12"
"Rider","MAAC",30488,"2011-12"
"Robert Morris","NEC",30489,"2011-12"
"Rutgers","Big East",30490,"2011-12"
"SFA","Southland",30529,"2011-12"
"SIUE","OVC",30520,"2011-12"
"SMU","C-USA",30521,"2011-12"
"Sacramento St.","Big Sky",30299,"2011-12"
"Sacred Heart","NEC",30491,"2011-12"
"Saint Francis (PA)","NEC",30494,"2011-12"
"Saint Joseph's","Atlantic 10",30496,"2011-12"
"Saint Louis","Atlantic 10",30497,"2011-12"
"Saint Mary's (CA)","WCC",30498,"2011-12"
"Saint Peter's","MAAC",30499,"2011-12"
"Sam Houston","Southland",30500,"2011-12"
"Samford","SoCon",30501,"2011-12"
"San Diego","WCC",30503,"2011-12"
"San Diego St.","Mountain West",30502,"2011-12"
"San Francisco","WCC",30504,"2011-12"
"San Jose St.","WAC",30505,"2011-12"
"Santa Clara","WCC",30506,"2011-12"
"Savannah St.","MEAC",30507,"2011-12"
"Seattle U","-",30591,"2011-12"
"Seton Hall","Big East",30508,"2011-12"
"Siena","MAAC",30509,"2011-12"
"South Alabama","Sun Belt",30510,"2011-12"
"South Carolina","SEC",30512,"2011-12"
"South Carolina St.","MEAC",30511,"2011-12"
"South Dakota","Summit League",30514,"2011-12"
"South Dakota St.","Summit League",30513,"2011-12"
"South Fla.","Big East",30515,"2011-12"
"Southeast Mo. St.","OVC",30516,"2011-12"
"Southeastern La.","Southland",30517,"2011-12"
"Southern California","Pac-12",30518,"2011-12"
"Southern Ill.","MVC",30519,"2011-12"
"Southern Miss.","C-USA",30522,"2011-12"
"Southern U.","SWAC",30523,"2011-12"
"Southern Utah","Summit League",30524,"2011-12"
"St. Bonaventure","Atlantic 10",30492,"2011-12"
"St. Francis Brooklyn","NEC",30493,"2011-12"
"St. John's (NY)","Big East",30495,"2011-12"
"Stanford","Pac-12",30528,"2011-12"
"Stetson","ASUN",30530,"2011-12"
"Stony Brook","America East",30531,"2011-12"
"Syracuse","Big East",30532,"2011-12"
"TCU","Mountain West",30540,"2011-12"
"Temple","Atlantic 10",30533,"2011-12"
"Tennessee","SEC",30537,"2011-12"
"Tennessee St.","OVC",30534,"2011-12"
"Tennessee Tech","OVC",30535,"2011-12"
"Texas","Big 12",30544,"2011-12"
"Texas A&M","Big 12",30539,"2011-12"
"Texas Southern","SWAC",30541,"2011-12"
"Texas St.","Southland",30526,"2011-12"
"Texas Tech","Big 12",30542,"2011-12"
"Toledo","MAC",30547,"2011-12"
"Towson","CAA",30548,"2011-12"
"Troy","Sun Belt",30549,"2011-12"
"Tulane","C-USA",30550,"2011-12"
"Tulsa","C-USA",30551,"2011-12"
"UAB","C-USA",30265,"2011-12"
"UC Davis","Big West",30302,"2011-12"
"UC Irvine","Big West",30303,"2011-12"
"UC Riverside","Big West",30305,"2011-12"
"UC Santa Barbara","Big West",30300,"2011-12"
"UCF","C-USA",30309,"2011-12"
"UCLA","Pac-12",30304,"2011-12"
"UConn","Big East",30320,"2011-12"
"UIC","Horizon",30374,"2011-12"
"ULM","Sun Belt",30453,"2011-12"
"UMBC","America East",30407,"2011-12"
"UMES","MEAC",30409,"2011-12"
"UNC Asheville","Big South",30431,"2011-12"
"UNC Greensboro","SoCon",30434,"2011-12"
"UNCW","CAA",30435,"2011-12"
"UNI","MVC",30458,"2011-12"
"UNLV","Mountain West",30438,"2011-12"
"USC Upstate","ASUN",30597,"2011-12"
"UT Arlington","Southland",30543,"2011-12"
"UT Martin","OVC",30538,"2011-12"
"UTEP","C-USA",30545,"2011-12"
"UTRGV","GWC",30472,"2011-12"
"UTSA","Southland",30546,"2011-12"
"Utah","Pac-12",30556,"2011-12"
"Utah St.","WAC",30555,"2011-12"
"Utah Valley","GWC",30603,"2011-12"
"VCU","CAA",30561,"2011-12"
"Valparaiso","Horizon",30557,"2011-12"
"Vanderbilt","SEC",30558,"2011-12"
"Vermont","America East",30559,"2011-12"
"Villanova","Big East",30560,"2011-12"
"Virginia","ACC",30563,"2011-12"
"Virginia Tech","ACC",30562,"2011-12"
"Wagner","NEC",30564,"2011-12"
"Wake Forest","ACC",30565,"2011-12"
"Washington","Pac-12",30567,"2011-12"
"Washington St.","Pac-12",30566,"2011-12"
"Weber St.","Big Sky",30568,"2011-12"
"West Virginia","Big East",30569,"2011-12"
"Western Caro.","SoCon",30570,"2011-12"
"Western Ill.","Summit League",30571,"2011-12"
"Western Ky.","Sun Belt",30572,"2011-12"
"Western Mich.","MAC",30573,"2011-12"
"Wichita St.","MVC",30574,"2011-12"
"William & Mary","CAA",30575,"2011-12"
"Winthrop","Big South",30576,"2011-12"
"Wisconsin","Big Ten",30578,"2011-12"
"Wofford","SoCon",30596,"2011-12"
"Wright St.","Horizon",30580,"2011-12"
"Wyoming","Mountain West",30581,"2011-12"
"Xavier","Atlantic 10",30582,"2011-12"
"Yale","Ivy League",30583,"2011-12"
"Youngstown St.","Horizon",30584,"2011-12"
"A&M-Corpus Christi","Southland",77617,"2012-13"
"Air Force","Mountain West",77569,"2012-13"
"Akron","MAC",77276,"2012-13"
"Alabama","SEC",77279,"2012-13"
"Alabama A&M","SWAC",77277,"2012-13"
"Alabama St.","SWAC",77278,"2012-13"
"Albany (NY)","America East",77281,"2012-13"
"Alcorn","SWAC",77282,"2012-13"
"American","Patriot",77283,"2012-13"
"App State","SoCon",77284,"2012-13"
"Arizona","Pac-12",77286,"2012-13"
"Arizona St.","Pac-12",77285,"2012-13"
"Ark.-Pine Bluff","SWAC",77609,"2012-13"
"Arkansas","SEC",77288,"2012-13"
"Arkansas St.","Sun Belt",77287,"2012-13"
"Army West Point","Patriot",77570,"2012-13"
"Auburn","SEC",77290,"2012-13"
"Austin Peay","OVC",77291,"2012-13"
"BYU","WCC",77302,"2012-13"
"Ball St.","MAC",77292,"2012-13"
"Baylor","Big 12",77294,"2012-13"
"Belmont","OVC",77615,"2012-13"
"Bethune-Cookman","MEAC",77295,"2012-13"
"Binghamton","America East",77296,"2012-13"
"Boise St.","Mountain West",77297,"2012-13"
"Boston College","ACC",77298,"2012-13"
"Boston U.","America East",77299,"2012-13"
"Bowling Green","MAC",77300,"2012-13"
"Bradley","MVC",77301,"2012-13"
"Brown","Ivy League",77303,"2012-13"
"Bryant","NEC",77304,"2012-13"
"Bucknell","Patriot",77305,"2012-13"
"Buffalo","MAC",77306,"2012-13"
"Butler","Atlantic 10",77307,"2012-13"
"CSU Bakersfield","-",77309,"2012-13"
"CSUN","Big West",77313,"2012-13"
"Cal Poly","Big West",77308,"2012-13"
"Cal St. Fullerton","Big West",77311,"2012-13"
"California","Pac-12",77316,"2012-13"
"Campbell","Big South",77321,"2012-13"
"Canisius","MAAC",77322,"2012-13"
"Central Ark.","Southland",77602,"2012-13"
"Central Conn. St.","NEC",77323,"2012-13"
"Central Mich.","MAC",77325,"2012-13"
"Charleston So.","Big South",77293,"2012-13"
"Charlotte","Atlantic 10",77448,"2012-13"
"Chattanooga","SoCon",77553,"2012-13"
"Chicago St.","GWC",77326,"2012-13"
"Cincinnati","Big East",77327,"2012-13"
"Clemson","ACC",77328,"2012-13"
"Cleveland St.","Horizon",77329,"2012-13"
"Coastal Carolina","Big South",77330,"2012-13"
"Col. of Charleston","SoCon",77603,"2012-13"
"Colgate","Patriot",77331,"2012-13"
"Colorado","Pac-12",77333,"2012-13"
"Colorado St.","Mountain West",77332,"2012-13"
"Columbia","Ivy League",77334,"2012-13"
"Coppin St.","MEAC",77336,"2012-13"
"Cornell","Ivy League",77337,"2012-13"
"Creighton","MVC",77338,"2012-13"
"Dartmouth","Ivy League",77339,"2012-13"
"Davidson","SoCon",77340,"2012-13"
"Dayton","Atlantic 10",77341,"2012-13"
"DePaul","Big East",77342,"2012-13"
"Delaware","CAA",77344,"2012-13"
"Delaware St.","MEAC",77343,"2012-13"
"Denver","WAC",77345,"2012-13"
"Detroit Mercy","Horizon",77346,"2012-13"
"Drake","MVC",77347,"2012-13"
"Drexel","CAA",77348,"2012-13"
"Duke","ACC",77349,"2012-13"
"Duquesne","Atlantic 10",77350,"2012-13"
"ETSU","ASUN",77352,"2012-13"
"East Carolina","C-USA",77351,"2012-13"
"Eastern Ill.","OVC",77353,"2012-13"
"Eastern Ky.","OVC",77354,"2012-13"
"Eastern Mich.","MAC",77355,"2012-13"
"Eastern Wash.","Big Sky",77356,"2012-13"
"Elon","SoCon",77604,"2012-13"
"Evansville","MVC",77357,"2012-13"
"FGCU","ASUN",77619,"2012-13"
"FIU","Sun Belt",77362,"2012-13"
"Fairfield","MAAC",77358,"2012-13"
"Fairleigh Dickinson","NEC",77359,"2012-13"
"Fla. Atlantic","Sun Belt",77361,"2012-13"
"Florida","SEC",77364,"2012-13"
"Florida A&M","MEAC",77360,"2012-13"
"Florida St.","ACC",77363,"2012-13"
"Fordham","Atlantic 10",77365,"2012-13"
"Fresno St.","Mountain West",77310,"2012-13"
"Furman","SoCon",77366,"2012-13"
"Ga. Southern","SoCon",77370,"2012-13"
"Gardner-Webb","Big South",77605,"2012-13"
"George Mason","CAA",77367,"2012-13"
"George Washington","Atlantic 10",77368,"2012-13"
"Georgetown","Big East",77369,"2012-13"
"Georgia","SEC",77373,"2012-13"
"Georgia St.","CAA",77371,"2012-13"
"Georgia Tech","ACC",77372,"2012-13"
"Gonzaga","WCC",77374,"2012-13"
"Grambling","SWAC",77375,"2012-13"
"Green Bay","Horizon",77594,"2012-13"
"Hampton","MEAC",77376,"2012-13"
"Hartford","America East",77377,"2012-13"
"Harvard","Ivy League",77378,"2012-13"
"Hawaii","Big West",77379,"2012-13"
"High Point","Big South",77616,"2012-13"
"Hofstra","CAA",77380,"2012-13"
"Holy Cross","Patriot",77381,"2012-13"
"Houston","C-USA",77383,"2012-13"
"Houston Baptist","GWC",77382,"2012-13"
"Howard","MEAC",77384,"2012-13"
"IUPUI","Summit League",77610,"2012-13"
"Idaho","WAC",77386,"2012-13"
"Idaho St.","Big Sky",77385,"2012-13"
"Illinois","Big Ten",77388,"2012-13"
"Illinois St.","MVC",77387,"2012-13"
"Indiana","Big Ten",77391,"2012-13"
"Indiana St.","MVC",77390,"2012-13"
"Iona","MAAC",77393,"2012-13"
"Iowa","Big Ten",77395,"2012-13"
"Iowa St.","Big 12",77394,"2012-13"
"Jackson St.","SWAC",77396,"2012-13"
"Jacksonville","ASUN",77398,"2012-13"
"Jacksonville St.","OVC",77397,"2012-13"
"James Madison","CAA",77399,"2012-13"
"Kansas","Big 12",77401,"2012-13"
"Kansas City","Summit League",77611,"2012-13"
"Kansas St.","Big 12",77400,"2012-13"
"Kennesaw St.","ASUN",77606,"2012-13"
"Kent St.","MAC",77402,"2012-13"
"Kentucky","SEC",77403,"2012-13"
"LIU","NEC",77409,"2012-13"
"LMU (CA)","WCC",77415,"2012-13"
"LSU","SEC",77411,"2012-13"
"La Salle","Atlantic 10",77404,"2012-13"
"Lafayette","Patriot",77405,"2012-13"
"Lamar University","Southland",77406,"2012-13"
"Lehigh","Patriot",77407,"2012-13"
"Liberty","Big South",77408,"2012-13"
"Lipscomb","ASUN",77618,"2012-13"
"Little Rock","Sun Belt",77289,"2012-13"
"Long Beach St.","Big West",77312,"2012-13"
"Longwood","Big South",77410,"2012-13"
"Louisiana","Sun Belt",77544,"2012-13"
"Louisiana Tech","WAC",77412,"2012-13"
"Louisville","Big East",77413,"2012-13"
"Loyola Chicago","Horizon",77416,"2012-13"
"Loyola Maryland","MAAC",77414,"2012-13"
"Maine","America East",77417,"2012-13"
"Manhattan","MAAC",77418,"2012-13"
"Marist","MAAC",77419,"2012-13"
"Marquette","Big East",77420,"2012-13"
"Marshall","C-USA",77421,"2012-13"
"Maryland","ACC",77423,"2012-13"
"Massachusetts","Atlantic 10",77425,"2012-13"
"McNeese","Southland",77426,"2012-13"
"Memphis","C-USA",77427,"2012-13"
"Mercer","ASUN",77428,"2012-13"
"Miami (FL)","ACC",77430,"2012-13"
"Miami (OH)","MAC",77429,"2012-13"
"Michigan","Big Ten",77432,"2012-13"
"Michigan St.","Big Ten",77431,"2012-13"
"Middle Tenn.","Sun Belt",77433,"2012-13"
"Milwaukee","Horizon",77596,"2012-13"
"Minnesota","Big Ten",77434,"2012-13"
"Mississippi St.","SEC",77435,"2012-13"
"Mississippi Val.","SWAC",77436,"2012-13"
"Missouri","SEC",77438,"2012-13"
"Missouri St.","MVC",77542,"2012-13"
"Monmouth","NEC",77439,"2012-13"
"Montana","Big Sky",77441,"2012-13"
"Montana St.","Big Sky",77440,"2012-13"
"Morehead St.","OVC",77442,"2012-13"
"Morgan St.","MEAC",77443,"2012-13"
"Mount St. Mary's","NEC",77444,"2012-13"
"Murray St.","OVC",77445,"2012-13"
"N.C. A&T","MEAC",77463,"2012-13"
"N.C. Central","MEAC",77464,"2012-13"
"NC State","ACC",77465,"2012-13"
"NJIT","GWC",77456,"2012-13"
"Navy","Patriot",77571,"2012-13"
"Nebraska","Big Ten",77451,"2012-13"
"Nevada","Mountain West",77454,"2012-13"
"New Hampshire","America East",77455,"2012-13"
"New Mexico","Mountain West",77458,"2012-13"
"New Mexico St.","WAC",77457,"2012-13"
"New Orleans","-",77459,"2012-13"
"Niagara","MAAC",77460,"2012-13"
"Nicholls","Southland",77461,"2012-13"
"Norfolk St.","MEAC",77462,"2012-13"
"North Carolina","ACC",77447,"2012-13"
"North Dakota","Big Sky",77467,"2012-13"
"North Dakota St.","Summit League",77466,"2012-13"
"North Florida","ASUN",77612,"2012-13"
"North Texas","Sun Belt",77468,"2012-13"
"Northeastern","CAA",77470,"2012-13"
"Northern Ariz.","Big Sky",77471,"2012-13"
"Northern Colo.","Big Sky",77472,"2012-13"
"Northern Ill.","MAC",77473,"2012-13"
"Northern Ky.","ASUN",77475,"2012-13"
"Northwestern","Big Ten",77477,"2012-13"
"Northwestern St.","Southland",77476,"2012-13"
"Notre Dame","Big East",77478,"2012-13"
"Oakland","Summit League",77479,"2012-13"
"Ohio","MAC",77481,"2012-13"
"Ohio St.","Big Ten",77480,"2012-13"
"Oklahoma","Big 12",77483,"2012-13"
"Oklahoma St.","Big 12",77482,"2012-13"
"Old Dominion","CAA",77484,"2012-13"
"Ole Miss","SEC",77437,"2012-13"
"Omaha","Summit League",77452,"2012-13"
"Oral Roberts","Southland",77485,"2012-13"
"Oregon","Pac-12",77487,"2012-13"
"Oregon St.","Pac-12",77486,"2012-13"
"Pacific","Big West",77488,"2012-13"
"Penn","Ivy League",77491,"2012-13"
"Penn St.","Big Ten",77490,"2012-13"
"Pepperdine","WCC",77492,"2012-13"
"Pittsburgh","Big East",77493,"2012-13"
"Portland","WCC",77495,"2012-13"
"Portland St.","Big Sky",77494,"2012-13"
"Prairie View","SWAC",77496,"2012-13"
"Presbyterian","Big South",77607,"2012-13"
"Princeton","Ivy League",77497,"2012-13"
"Providence","Big East",77498,"2012-13"
"Purdue","Big Ten",77499,"2012-13"
"Purdue Fort Wayne","Summit League",77392,"2012-13"
"Quinnipiac","NEC",77500,"2012-13"
"Radford","Big South",77501,"2012-13"
"Rhode Island","Atlantic 10",77502,"2012-13"
"Rice","C-USA",77503,"2012-13"
"Richmond","Atlantic 10",77504,"2012-13"
"Rider","MAAC",77505,"2012-13"
"Robert Morris","NEC",77506,"2012-13"
"Rutgers","Big East",77507,"2012-13"
"SFA","Southland",77546,"2012-13"
"SIUE","OVC",77537,"2012-13"
"SMU","C-USA",77538,"2012-13"
"Sacramento St.","Big Sky",77314,"2012-13"
"Sacred Heart","NEC",77508,"2012-13"
"Saint Francis (PA)","NEC",77511,"2012-13"
"Saint Joseph's","Atlantic 10",77513,"2012-13"
"Saint Louis","Atlantic 10",77514,"2012-13"
"Saint Mary's (CA)","WCC",77515,"2012-13"
"Saint Peter's","MAAC",77516,"2012-13"
"Sam Houston","Southland",77517,"2012-13"
"Samford","SoCon",77518,"2012-13"
"San Diego","WCC",77520,"2012-13"
"San Diego St.","Mountain West",77519,"2012-13"
"San Francisco","WCC",77521,"2012-13"
"San Jose St.","WAC",77522,"2012-13"
"Santa Clara","WCC",77523,"2012-13"
"Savannah St.","MEAC",77524,"2012-13"
"Seattle U","WAC",77608,"2012-13"
"Seton Hall","Big East",77525,"2012-13"
"Siena","MAAC",77526,"2012-13"
"South Alabama","Sun Belt",77527,"2012-13"
"South Carolina","SEC",77529,"2012-13"
"South Carolina St.","MEAC",77528,"2012-13"
"South Dakota","Summit League",77531,"2012-13"
"South Dakota St.","Summit League",77530,"2012-13"
"South Fla.","Big East",77532,"2012-13"
"Southeast Mo. St.","OVC",77533,"2012-13"
"Southeastern La.","Southland",77534,"2012-13"
"Southern California","Pac-12",77535,"2012-13"
"Southern Ill.","MVC",77536,"2012-13"
"Southern Miss.","C-USA",77539,"2012-13"
"Southern U.","SWAC",77540,"2012-13"
"Southern Utah","Big Sky",77541,"2012-13"
"St. Bonaventure","Atlantic 10",77509,"2012-13"
"St. Francis Brooklyn","NEC",77510,"2012-13"
"St. John's (NY)","Big East",77512,"2012-13"
"Stanford","Pac-12",77545,"2012-13"
"Stetson","ASUN",77547,"2012-13"
"Stony Brook","America East",77548,"2012-13"
"Syracuse","Big East",77549,"2012-13"
"TCU","Big 12",77557,"2012-13"
"Temple","Atlantic 10",77550,"2012-13"
"Tennessee","SEC",77554,"2012-13"
"Tennessee St.","OVC",77551,"2012-13"
"Tennessee Tech","OVC",77552,"2012-13"
"Texas","Big 12",77561,"2012-13"
"Texas A&M","SEC",77556,"2012-13"
"Texas Southern","SWAC",77558,"2012-13"
"Texas St.","WAC",77543,"2012-13"
"Texas Tech","Big 12",77559,"2012-13"
"Toledo","MAC",77564,"2012-13"
"Towson","CAA",77565,"2012-13"
"Troy","Sun Belt",77566,"2012-13"
"Tulane","C-USA",77567,"2012-13"
"Tulsa","C-USA",77568,"2012-13"
"UAB","C-USA",77280,"2012-13"
"UC Davis","Big West",77317,"2012-13"
"UC Irvine","Big West",77318,"2012-13"
"UC Riverside","Big West",77320,"2012-13"
"UC Santa Barbara","Big West",77315,"2012-13"
"UCF","C-USA",77324,"2012-13"
"UCLA","Pac-12",77319,"2012-13"
"UConn","Big East",77335,"2012-13"
"UIC","Horizon",77389,"2012-13"
"ULM","Sun Belt",77469,"2012-13"
"UMBC","America East",77422,"2012-13"
"UMES","MEAC",77424,"2012-13"
"UNC Asheville","Big South",77446,"2012-13"
"UNC Greensboro","SoCon",77449,"2012-13"
"UNCW","CAA",77450,"2012-13"
"UNI","MVC",77474,"2012-13"
"UNLV","Mountain West",77453,"2012-13"
"USC Upstate","ASUN",77614,"2012-13"
"UT Arlington","WAC",77560,"2012-13"
"UT Martin","OVC",77555,"2012-13"
"UTEP","C-USA",77562,"2012-13"
"UTRGV","GWC",77489,"2012-13"
"UTSA","WAC",77563,"2012-13"
"Utah","Pac-12",77573,"2012-13"
"Utah St.","WAC",77572,"2012-13"
"Utah Valley","GWC",77620,"2012-13"
"VCU","Atlantic 10",77578,"2012-13"
"Valparaiso","Horizon",77574,"2012-13"
"Vanderbilt","SEC",77575,"2012-13"
"Vermont","America East",77576,"2012-13"
"Villanova","Big East",77577,"2012-13"
"Virginia","ACC",77580,"2012-13"
"Virginia Tech","ACC",77579,"2012-13"
"Wagner","NEC",77581,"2012-13"
"Wake Forest","ACC",77582,"2012-13"
"Washington","Pac-12",77584,"2012-13"
"Washington St.","Pac-12",77583,"2012-13"
"Weber St.","Big Sky",77585,"2012-13"
"West Virginia","Big 12",77586,"2012-13"
"Western Caro.","SoCon",77587,"2012-13"
"Western Ill.","Summit League",77588,"2012-13"
"Western Ky.","Sun Belt",77589,"2012-13"
"Western Mich.","MAC",77590,"2012-13"
"Wichita St.","MVC",77591,"2012-13"
"William & Mary","CAA",77592,"2012-13"
"Winthrop","Big South",77593,"2012-13"
"Wisconsin","Big Ten",77595,"2012-13"
"Wofford","SoCon",77613,"2012-13"
"Wright St.","Horizon",77597,"2012-13"
"Wyoming","Mountain West",77598,"2012-13"
"Xavier","Atlantic 10",77599,"2012-13"
"Yale","Ivy League",77600,"2012-13"
"Youngstown St.","Horizon",77601,"2012-13"
"A&M-Corpus Christi","Southland",38007,"2013-14"
"Abilene Christian","Southland",37662,"2013-14"
"Air Force","Mountain West",37957,"2013-14"
"Akron","MAC",37663,"2013-14"
"Alabama","SEC",37666,"2013-14"
"Alabama A&M","SWAC",37664,"2013-14"
"Alabama St.","SWAC",37665,"2013-14"
"Albany (NY)","America East",37668,"2013-14"
"Alcorn","SWAC",37669,"2013-14"
"American","Patriot",37670,"2013-14"
"App State","SoCon",37671,"2013-14"
"Arizona","Pac-12",37673,"2013-14"
"Arizona St.","Pac-12",37672,"2013-14"
"Ark.-Pine Bluff","SWAC",37998,"2013-14"
"Arkansas","SEC",37675,"2013-14"
"Arkansas St.","Sun Belt",37674,"2013-14"
"Army West Point","Patriot",37958,"2013-14"
"Auburn","SEC",37677,"2013-14"
"Austin Peay","OVC",37678,"2013-14"
"BYU","WCC",37689,"2013-14"
"Ball St.","MAC",37679,"2013-14"
"Baylor","Big 12",37681,"2013-14"
"Belmont","OVC",38005,"2013-14"
"Bethune-Cookman","MEAC",37682,"2013-14"
"Binghamton","America East",37683,"2013-14"
"Boise St.","Mountain West",37684,"2013-14"
"Boston College","ACC",37685,"2013-14"
"Boston U.","Patriot",37686,"2013-14"
"Bowling Green","MAC",37687,"2013-14"
"Bradley","MVC",37688,"2013-14"
"Brown","Ivy League",37690,"2013-14"
"Bryant","NEC",37691,"2013-14"
"Bucknell","Patriot",37692,"2013-14"
"Buffalo","MAC",37693,"2013-14"
"Butler","Big East",37694,"2013-14"
"CSU Bakersfield","WAC",37696,"2013-14"
"CSUN","Big West",37700,"2013-14"
"Cal Poly","Big West",37695,"2013-14"
"Cal St. Fullerton","Big West",37698,"2013-14"
"California","Pac-12",37703,"2013-14"
"Campbell","Big South",37708,"2013-14"
"Canisius","MAAC",37709,"2013-14"
"Central Ark.","Southland",37990,"2013-14"
"Central Conn. St.","NEC",37710,"2013-14"
"Central Mich.","MAC",37712,"2013-14"
"Charleston So.","Big South",37680,"2013-14"
"Charlotte","C-USA",37836,"2013-14"
"Chattanooga","SoCon",37941,"2013-14"
"Chicago St.","WAC",37713,"2013-14"
"Cincinnati","AAC",37714,"2013-14"
"Clemson","ACC",37715,"2013-14"
"Cleveland St.","Horizon",37716,"2013-14"
"Coastal Carolina","Big South",37717,"2013-14"
"Col. of Charleston","CAA",37991,"2013-14"
"Colgate","Patriot",37718,"2013-14"
"Colorado","Pac-12",37720,"2013-14"
"Colorado St.","Mountain West",37719,"2013-14"
"Columbia","Ivy League",37721,"2013-14"
"Coppin St.","MEAC",37723,"2013-14"
"Cornell","Ivy League",37724,"2013-14"
"Creighton","Big East",37725,"2013-14"
"Dartmouth","Ivy League",37726,"2013-14"
"Davidson","SoCon",37727,"2013-14"
"Dayton","Atlantic 10",37728,"2013-14"
"DePaul","Big East",37729,"2013-14"
"Delaware","CAA",37731,"2013-14"
"Delaware St.","MEAC",37730,"2013-14"
"Denver","Summit League",37732,"2013-14"
"Detroit Mercy","Horizon",37733,"2013-14"
"Drake","MVC",37734,"2013-14"
"Drexel","CAA",37735,"2013-14"
"Duke","ACC",37736,"2013-14"
"Duquesne","Atlantic 10",37737,"2013-14"
"ETSU","ASUN",37739,"2013-14"
"East Carolina","C-USA",37738,"2013-14"
"Eastern Ill.","OVC",37740,"2013-14"
"Eastern Ky.","OVC",37741,"2013-14"
"Eastern Mich.","MAC",37742,"2013-14"
"Eastern Wash.","Big Sky",37743,"2013-14"
"Elon","SoCon",37992,"2013-14"
"Evansville","MVC",37744,"2013-14"
"FGCU","ASUN",38009,"2013-14"
"FIU","C-USA",37749,"2013-14"
"Fairfield","MAAC",37745,"2013-14"
"Fairleigh Dickinson","NEC",37746,"2013-14"
"Fla. Atlantic","C-USA",37748,"2013-14"
"Florida","SEC",37751,"2013-14"
"Florida A&M","MEAC",37747,"2013-14"
"Florida St.","ACC",37750,"2013-14"
"Fordham","Atlantic 10",37752,"2013-14"
"Fresno St.","Mountain West",37697,"2013-14"
"Furman","SoCon",37753,"2013-14"
"Ga. Southern","SoCon",37757,"2013-14"
"Gardner-Webb","Big South",37993,"2013-14"
"George Mason","Atlantic 10",37754,"2013-14"
"George Washington","Atlantic 10",37755,"2013-14"
"Georgetown","Big East",37756,"2013-14"
"Georgia","SEC",37760,"2013-14"
"Georgia St.","Sun Belt",37758,"2013-14"
"Georgia Tech","ACC",37759,"2013-14"
"Gonzaga","WCC",37761,"2013-14"
"Grambling","SWAC",37762,"2013-14"
"Grand Canyon","WAC",37994,"2013-14"
"Green Bay","Horizon",37982,"2013-14"
"Hampton","MEAC",37763,"2013-14"
"Hartford","America East",37764,"2013-14"
"Harvard","Ivy League",37765,"2013-14"
"Hawaii","Big West",37766,"2013-14"
"High Point","Big South",38006,"2013-14"
"Hofstra","CAA",37767,"2013-14"
"Holy Cross","Patriot",37768,"2013-14"
"Houston","AAC",37770,"2013-14"
"Houston Baptist","Southland",37769,"2013-14"
"Howard","MEAC",37771,"2013-14"
"IUPUI","Summit League",37999,"2013-14"
"Idaho","WAC",37773,"2013-14"
"Idaho St.","Big Sky",37772,"2013-14"
"Illinois","Big Ten",37775,"2013-14"
"Illinois St.","MVC",37774,"2013-14"
"Indiana","Big Ten",37778,"2013-14"
"Indiana St.","MVC",37777,"2013-14"
"Iona","MAAC",37780,"2013-14"
"Iowa","Big Ten",37782,"2013-14"
"Iowa St.","Big 12",37781,"2013-14"
"Jackson St.","SWAC",37783,"2013-14"
"Jacksonville","ASUN",37785,"2013-14"
"Jacksonville St.","OVC",37784,"2013-14"
"James Madison","CAA",37786,"2013-14"
"Kansas","Big 12",37788,"2013-14"
"Kansas City","WAC",38000,"2013-14"
"Kansas St.","Big 12",37787,"2013-14"
"Kennesaw St.","ASUN",37995,"2013-14"
"Kent St.","MAC",37789,"2013-14"
"Kentucky","SEC",37790,"2013-14"
"LIU","NEC",37796,"2013-14"
"LMU (CA)","WCC",37803,"2013-14"
"LSU","SEC",37798,"2013-14"
"La Salle","Atlantic 10",37791,"2013-14"
"Lafayette","Patriot",37792,"2013-14"
"Lamar University","Southland",37793,"2013-14"
"Lehigh","Patriot",37794,"2013-14"
"Liberty","Big South",37795,"2013-14"
"Lipscomb","ASUN",38008,"2013-14"
"Little Rock","Sun Belt",37676,"2013-14"
"Long Beach St.","Big West",37699,"2013-14"
"Longwood","Big South",37797,"2013-14"
"Louisiana","Sun Belt",37932,"2013-14"
"Louisiana Tech","C-USA",37799,"2013-14"
"Louisville","AAC",37800,"2013-14"
"Loyola Chicago","MVC",37804,"2013-14"
"Loyola Maryland","Patriot",37802,"2013-14"
"Maine","America East",37805,"2013-14"
"Manhattan","MAAC",37806,"2013-14"
"Marist","MAAC",37807,"2013-14"
"Marquette","Big East",37808,"2013-14"
"Marshall","C-USA",37809,"2013-14"
"Maryland","ACC",37811,"2013-14"
"Massachusetts","Atlantic 10",37813,"2013-14"
"McNeese","Southland",37814,"2013-14"
"Memphis","AAC",37815,"2013-14"
"Mercer","ASUN",37816,"2013-14"
"Miami (FL)","ACC",37818,"2013-14"
"Miami (OH)","MAC",37817,"2013-14"
"Michigan","Big Ten",37820,"2013-14"
"Michigan St.","Big Ten",37819,"2013-14"
"Middle Tenn.","C-USA",37821,"2013-14"
"Milwaukee","Horizon",37984,"2013-14"
"Minnesota","Big Ten",37822,"2013-14"
"Mississippi St.","SEC",37823,"2013-14"
"Mississippi Val.","SWAC",37824,"2013-14"
"Missouri","SEC",37826,"2013-14"
"Missouri St.","MVC",37930,"2013-14"
"Monmouth","MAAC",37827,"2013-14"
"Montana","Big Sky",37829,"2013-14"
"Montana St.","Big Sky",37828,"2013-14"
"Morehead St.","OVC",37830,"2013-14"
"Morgan St.","MEAC",37831,"2013-14"
"Mount St. Mary's","NEC",37832,"2013-14"
"Murray St.","OVC",37833,"2013-14"
"N.C. A&T","MEAC",37851,"2013-14"
"N.C. Central","MEAC",37852,"2013-14"
"NC State","ACC",37853,"2013-14"
"NJIT","-",37844,"2013-14"
"Navy","Patriot",37959,"2013-14"
"Nebraska","Big Ten",37839,"2013-14"
"Nevada","Mountain West",37842,"2013-14"
"New Hampshire","America East",37843,"2013-14"
"New Mexico","Mountain West",37846,"2013-14"
"New Mexico St.","WAC",37845,"2013-14"
"New Orleans","Southland",37847,"2013-14"
"Niagara","MAAC",37848,"2013-14"
"Nicholls","Southland",37849,"2013-14"
"Norfolk St.","MEAC",37850,"2013-14"
"North Carolina","ACC",37835,"2013-14"
"North Dakota","Big Sky",37855,"2013-14"
"North Dakota St.","Summit League",37854,"2013-14"
"North Florida","ASUN",38001,"2013-14"
"North Texas","C-USA",37856,"2013-14"
"Northeastern","CAA",37858,"2013-14"
"Northern Ariz.","Big Sky",37859,"2013-14"
"Northern Colo.","Big Sky",37860,"2013-14"
"Northern Ill.","MAC",37861,"2013-14"
"Northern Ky.","ASUN",37863,"2013-14"
"Northwestern","Big Ten",37865,"2013-14"
"Northwestern St.","Southland",37864,"2013-14"
"Notre Dame","ACC",37866,"2013-14"
"Oakland","Horizon",37867,"2013-14"
"Ohio","MAC",37869,"2013-14"
"Ohio St.","Big Ten",37868,"2013-14"
"Oklahoma","Big 12",37871,"2013-14"
"Oklahoma St.","Big 12",37870,"2013-14"
"Old Dominion","C-USA",37872,"2013-14"
"Ole Miss","SEC",37825,"2013-14"
"Omaha","Summit League",37840,"2013-14"
"Oral Roberts","Southland",37873,"2013-14"
"Oregon","Pac-12",37875,"2013-14"
"Oregon St.","Pac-12",37874,"2013-14"
"Pacific","WCC",37876,"2013-14"
"Penn","Ivy League",37879,"2013-14"
"Penn St.","Big Ten",37878,"2013-14"
"Pepperdine","WCC",37880,"2013-14"
"Pittsburgh","ACC",37881,"2013-14"
"Portland","WCC",37883,"2013-14"
"Portland St.","Big Sky",37882,"2013-14"
"Prairie View","SWAC",37884,"2013-14"
"Presbyterian","Big South",37996,"2013-14"
"Princeton","Ivy League",37885,"2013-14"
"Providence","Big East",37886,"2013-14"
"Purdue","Big Ten",37887,"2013-14"
"Purdue Fort Wayne","Summit League",37779,"2013-14"
"Quinnipiac","MAAC",37888,"2013-14"
"Radford","Big South",37889,"2013-14"
"Rhode Island","Atlantic 10",37890,"2013-14"
"Rice","C-USA",37891,"2013-14"
"Richmond","Atlantic 10",37892,"2013-14"
"Rider","MAAC",37893,"2013-14"
"Robert Morris","NEC",37894,"2013-14"
"Rutgers","AAC",37895,"2013-14"
"SFA","Southland",37934,"2013-14"
"SIUE","OVC",37925,"2013-14"
"SMU","AAC",37926,"2013-14"
"Sacramento St.","Big Sky",37701,"2013-14"
"Sacred Heart","NEC",37896,"2013-14"
"Saint Francis (PA)","NEC",37899,"2013-14"
"Saint Joseph's","Atlantic 10",37901,"2013-14"
"Saint Louis","Atlantic 10",37902,"2013-14"
"Saint Mary's (CA)","WCC",37903,"2013-14"
"Saint Peter's","MAAC",37904,"2013-14"
"Sam Houston","Southland",37905,"2013-14"
"Samford","SoCon",37906,"2013-14"
"San Diego","WCC",37908,"2013-14"
"San Diego St.","Mountain West",37907,"2013-14"
"San Francisco","WCC",37909,"2013-14"
"San Jose St.","Mountain West",37910,"2013-14"
"Santa Clara","WCC",37911,"2013-14"
"Savannah St.","MEAC",37912,"2013-14"
"Seattle U","WAC",37997,"2013-14"
"Seton Hall","Big East",37913,"2013-14"
"Siena","MAAC",37914,"2013-14"
"South Alabama","Sun Belt",37915,"2013-14"
"South Carolina","SEC",37917,"2013-14"
"South Carolina St.","MEAC",37916,"2013-14"
"South Dakota","Summit League",37919,"2013-14"
"South Dakota St.","Summit League",37918,"2013-14"
"South Fla.","AAC",37920,"2013-14"
"Southeast Mo. St.","OVC",37921,"2013-14"
"Southeastern La.","Southland",37922,"2013-14"
"Southern California","Pac-12",37923,"2013-14"
"Southern Ill.","MVC",37924,"2013-14"
"Southern Miss.","C-USA",37927,"2013-14"
"Southern U.","SWAC",37928,"2013-14"
"Southern Utah","Big Sky",37929,"2013-14"
"St. Bonaventure","Atlantic 10",37897,"2013-14"
"St. Francis Brooklyn","NEC",37898,"2013-14"
"St. John's (NY)","Big East",37900,"2013-14"
"Stanford","Pac-12",37933,"2013-14"
"Stetson","ASUN",37935,"2013-14"
"Stony Brook","America East",37936,"2013-14"
"Syracuse","ACC",37937,"2013-14"
"TCU","Big 12",37945,"2013-14"
"Temple","AAC",37938,"2013-14"
"Tennessee","SEC",37942,"2013-14"
"Tennessee St.","OVC",37939,"2013-14"
"Tennessee Tech","OVC",37940,"2013-14"
"Texas","Big 12",37949,"2013-14"
"Texas A&M","SEC",37944,"2013-14"
"Texas Southern","SWAC",37946,"2013-14"
"Texas St.","Sun Belt",37931,"2013-14"
"Texas Tech","Big 12",37947,"2013-14"
"Toledo","MAC",37952,"2013-14"
"Towson","CAA",37953,"2013-14"
"Troy","Sun Belt",37954,"2013-14"
"Tulane","C-USA",37955,"2013-14"
"Tulsa","C-USA",37956,"2013-14"
"UAB","C-USA",37667,"2013-14"
"UC Davis","Big West",37704,"2013-14"
"UC Irvine","Big West",37705,"2013-14"
"UC Riverside","Big West",37707,"2013-14"
"UC Santa Barbara","Big West",37702,"2013-14"
"UCF","AAC",37711,"2013-14"
"UCLA","Pac-12",37706,"2013-14"
"UConn","AAC",37722,"2013-14"
"UIC","Horizon",37776,"2013-14"
"UIW","Southland",38002,"2013-14"
"ULM","Sun Belt",37857,"2013-14"
"UMBC","America East",37810,"2013-14"
"UMES","MEAC",37812,"2013-14"
"UMass Lowell","America East",37801,"2013-14"
"UNC Asheville","Big South",37834,"2013-14"
"UNC Greensboro","SoCon",37837,"2013-14"
"UNCW","CAA",37838,"2013-14"
"UNI","MVC",37862,"2013-14"
"UNLV","Mountain West",37841,"2013-14"
"USC Upstate","ASUN",38004,"2013-14"
"UT Arlington","Sun Belt",37948,"2013-14"
"UT Martin","OVC",37943,"2013-14"
"UTEP","C-USA",37950,"2013-14"
"UTRGV","WAC",37877,"2013-14"
"UTSA","C-USA",37951,"2013-14"
"Utah","Pac-12",37961,"2013-14"
"Utah St.","Mountain West",37960,"2013-14"
"Utah Valley","WAC",38010,"2013-14"
"VCU","Atlantic 10",37966,"2013-14"
"Valparaiso","Horizon",37962,"2013-14"
"Vanderbilt","SEC",37963,"2013-14"
"Vermont","America East",37964,"2013-14"
"Villanova","Big East",37965,"2013-14"
"Virginia","ACC",37968,"2013-14"
"Virginia Tech","ACC",37967,"2013-14"
"Wagner","NEC",37969,"2013-14"
"Wake Forest","ACC",37970,"2013-14"
"Washington","Pac-12",37972,"2013-14"
"Washington St.","Pac-12",37971,"2013-14"
"Weber St.","Big Sky",37973,"2013-14"
"West Virginia","Big 12",37974,"2013-14"
"Western Caro.","SoCon",37975,"2013-14"
"Western Ill.","Summit League",37976,"2013-14"
"Western Ky.","Sun Belt",37977,"2013-14"
"Western Mich.","MAC",37978,"2013-14"
"Wichita St.","MVC",37979,"2013-14"
"William & Mary","CAA",37980,"2013-14"
"Winthrop","Big South",37981,"2013-14"
"Wisconsin","Big Ten",37983,"2013-14"
"Wofford","SoCon",38003,"2013-14"
"Wright St.","Horizon",37985,"2013-14"
"Wyoming","Mountain West",37986,"2013-14"
"Xavier","Big East",37987,"2013-14"
"Yale","Ivy League",37988,"2013-14"
"Youngstown St.","Horizon",37989,"2013-14"
"A&M-Corpus Christi","Southland",16938,"2014-15"
"Abilene Christian","Southland",16593,"2014-15"
"Air Force","Mountain West",16888,"2014-15"
"Akron","MAC",16594,"2014-15"
"Alabama","SEC",16597,"2014-15"
"Alabama A&M","SWAC",16595,"2014-15"
"Alabama St.","SWAC",16596,"2014-15"
"Albany (NY)","America East",16599,"2014-15"
"Alcorn","SWAC",16600,"2014-15"
"American","Patriot",16601,"2014-15"
"App State","Sun Belt",16602,"2014-15"
"Arizona","Pac-12",16604,"2014-15"
"Arizona St.","Pac-12",16603,"2014-15"
"Ark.-Pine Bluff","SWAC",16929,"2014-15"
"Arkansas","SEC",16606,"2014-15"
"Arkansas St.","Sun Belt",16605,"2014-15"
"Army West Point","Patriot",16889,"2014-15"
"Auburn","SEC",16608,"2014-15"
"Austin Peay","OVC",16609,"2014-15"
"BYU","WCC",16620,"2014-15"
"Ball St.","MAC",16610,"2014-15"
"Baylor","Big 12",16612,"2014-15"
"Belmont","OVC",16936,"2014-15"
"Bethune-Cookman","MEAC",16613,"2014-15"
"Binghamton","America East",16614,"2014-15"
"Boise St.","Mountain West",16615,"2014-15"
"Boston College","ACC",16616,"2014-15"
"Boston U.","Patriot",16617,"2014-15"
"Bowling Green","MAC",16618,"2014-15"
"Bradley","MVC",16619,"2014-15"
"Brown","Ivy League",16621,"2014-15"
"Bryant","NEC",16622,"2014-15"
"Bucknell","Patriot",16623,"2014-15"
"Buffalo","MAC",16624,"2014-15"
"Butler","Big East",16625,"2014-15"
"CSU Bakersfield","WAC",16627,"2014-15"
"CSUN","Big West",16631,"2014-15"
"Cal Poly","Big West",16626,"2014-15"
"Cal St. Fullerton","Big West",16629,"2014-15"
"California","Pac-12",16634,"2014-15"
"Campbell","Big South",16639,"2014-15"
"Canisius","MAAC",16640,"2014-15"
"Central Ark.","Southland",16921,"2014-15"
"Central Conn. St.","NEC",16641,"2014-15"
"Central Mich.","MAC",16643,"2014-15"
"Charleston So.","Big South",16611,"2014-15"
"Charlotte","C-USA",16767,"2014-15"
"Chattanooga","SoCon",16872,"2014-15"
"Chicago St.","WAC",16644,"2014-15"
"Cincinnati","AAC",16645,"2014-15"
"Clemson","ACC",16646,"2014-15"
"Cleveland St.","Horizon",16647,"2014-15"
"Coastal Carolina","Big South",16648,"2014-15"
"Col. of Charleston","CAA",16922,"2014-15"
"Colgate","Patriot",16649,"2014-15"
"Colorado","Pac-12",16651,"2014-15"
"Colorado St.","Mountain West",16650,"2014-15"
"Columbia","Ivy League",16652,"2014-15"
"Coppin St.","MEAC",16654,"2014-15"
"Cornell","Ivy League",16655,"2014-15"
"Creighton","Big East",16656,"2014-15"
"Dartmouth","Ivy League",16657,"2014-15"
"Davidson","Atlantic 10",16658,"2014-15"
"Dayton","Atlantic 10",16659,"2014-15"
"DePaul","Big East",16660,"2014-15"
"Delaware","CAA",16662,"2014-15"
"Delaware St.","MEAC",16661,"2014-15"
"Denver","Summit League",16663,"2014-15"
"Detroit Mercy","Horizon",16664,"2014-15"
"Drake","MVC",16665,"2014-15"
"Drexel","CAA",16666,"2014-15"
"Duke","ACC",16667,"2014-15"
"Duquesne","Atlantic 10",16668,"2014-15"
"ETSU","SoCon",16670,"2014-15"
"East Carolina","AAC",16669,"2014-15"
"Eastern Ill.","OVC",16671,"2014-15"
"Eastern Ky.","OVC",16672,"2014-15"
"Eastern Mich.","MAC",16673,"2014-15"
"Eastern Wash.","Big Sky",16674,"2014-15"
"Elon","CAA",16923,"2014-15"
"Evansville","MVC",16675,"2014-15"
"FGCU","ASUN",16940,"2014-15"
"FIU","C-USA",16680,"2014-15"
"Fairfield","MAAC",16676,"2014-15"
"Fairleigh Dickinson","NEC",16677,"2014-15"
"Fla. Atlantic","C-USA",16679,"2014-15"
"Florida","SEC",16682,"2014-15"
"Florida A&M","MEAC",16678,"2014-15"
"Florida St.","ACC",16681,"2014-15"
"Fordham","Atlantic 10",16683,"2014-15"
"Fresno St.","Mountain West",16628,"2014-15"
"Furman","SoCon",16684,"2014-15"
"Ga. Southern","Sun Belt",16688,"2014-15"
"Gardner-Webb","Big South",16924,"2014-15"
"George Mason","Atlantic 10",16685,"2014-15"
"George Washington","Atlantic 10",16686,"2014-15"
"Georgetown","Big East",16687,"2014-15"
"Georgia","SEC",16691,"2014-15"
"Georgia St.","Sun Belt",16689,"2014-15"
"Georgia Tech","ACC",16690,"2014-15"
"Gonzaga","WCC",16692,"2014-15"
"Grambling","SWAC",16693,"2014-15"
"Grand Canyon","WAC",16925,"2014-15"
"Green Bay","Horizon",16913,"2014-15"
"Hampton","MEAC",16694,"2014-15"
"Hartford","America East",16695,"2014-15"
"Harvard","Ivy League",16696,"2014-15"
"Hawaii","Big West",16697,"2014-15"
"High Point","Big South",16937,"2014-15"
"Hofstra","CAA",16698,"2014-15"
"Holy Cross","Patriot",16699,"2014-15"
"Houston","AAC",16701,"2014-15"
"Houston Baptist","Southland",16700,"2014-15"
"Howard","MEAC",16702,"2014-15"
"IUPUI","Summit League",16930,"2014-15"
"Idaho","Big Sky",16704,"2014-15"
"Idaho St.","Big Sky",16703,"2014-15"
"Illinois","Big Ten",16706,"2014-15"
"Illinois St.","MVC",16705,"2014-15"
"Indiana","Big Ten",16709,"2014-15"
"Indiana St.","MVC",16708,"2014-15"
"Iona","MAAC",16711,"2014-15"
"Iowa","Big Ten",16713,"2014-15"
"Iowa St.","Big 12",16712,"2014-15"
"Jackson St.","SWAC",16714,"2014-15"
"Jacksonville","ASUN",16716,"2014-15"
"Jacksonville St.","OVC",16715,"2014-15"
"James Madison","CAA",16717,"2014-15"
"Kansas","Big 12",16719,"2014-15"
"Kansas City","WAC",16931,"2014-15"
"Kansas St.","Big 12",16718,"2014-15"
"Kennesaw St.","ASUN",16926,"2014-15"
"Kent St.","MAC",16720,"2014-15"
"Kentucky","SEC",16721,"2014-15"
"LIU","NEC",16727,"2014-15"
"LMU (CA)","WCC",16734,"2014-15"
"LSU","SEC",16729,"2014-15"
"La Salle","Atlantic 10",16722,"2014-15"
"Lafayette","Patriot",16723,"2014-15"
"Lamar University","Southland",16724,"2014-15"
"Lehigh","Patriot",16725,"2014-15"
"Liberty","Big South",16726,"2014-15"
"Lipscomb","ASUN",16939,"2014-15"
"Little Rock","Sun Belt",16607,"2014-15"
"Long Beach St.","Big West",16630,"2014-15"
"Longwood","Big South",16728,"2014-15"
"Louisiana","Sun Belt",16863,"2014-15"
"Louisiana Tech","C-USA",16730,"2014-15"
"Louisville","ACC",16731,"2014-15"
"Loyola Chicago","MVC",16735,"2014-15"
"Loyola Maryland","Patriot",16733,"2014-15"
"Maine","America East",16736,"2014-15"
"Manhattan","MAAC",16737,"2014-15"
"Marist","MAAC",16738,"2014-15"
"Marquette","Big East",16739,"2014-15"
"Marshall","C-USA",16740,"2014-15"
"Maryland","Big Ten",16742,"2014-15"
"Massachusetts","Atlantic 10",16744,"2014-15"
"McNeese","Southland",16745,"2014-15"
"Memphis","AAC",16746,"2014-15"
"Mercer","SoCon",16747,"2014-15"
"Miami (FL)","ACC",16749,"2014-15"
"Miami (OH)","MAC",16748,"2014-15"
"Michigan","Big Ten",16751,"2014-15"
"Michigan St.","Big Ten",16750,"2014-15"
"Middle Tenn.","C-USA",16752,"2014-15"
"Milwaukee","Horizon",16915,"2014-15"
"Minnesota","Big Ten",16753,"2014-15"
"Mississippi St.","SEC",16754,"2014-15"
"Mississippi Val.","SWAC",16755,"2014-15"
"Missouri","SEC",16757,"2014-15"
"Missouri St.","MVC",16861,"2014-15"
"Monmouth","MAAC",16758,"2014-15"
"Montana","Big Sky",16760,"2014-15"
"Montana St.","Big Sky",16759,"2014-15"
"Morehead St.","OVC",16761,"2014-15"
"Morgan St.","MEAC",16762,"2014-15"
"Mount St. Mary's","NEC",16763,"2014-15"
"Murray St.","OVC",16764,"2014-15"
"N.C. A&T","MEAC",16782,"2014-15"
"N.C. Central","MEAC",16783,"2014-15"
"NC State","ACC",16784,"2014-15"
"NJIT","-",16775,"2014-15"
"Navy","Patriot",16890,"2014-15"
"Nebraska","Big Ten",16770,"2014-15"
"Nevada","Mountain West",16773,"2014-15"
"New Hampshire","America East",16774,"2014-15"
"New Mexico","Mountain West",16777,"2014-15"
"New Mexico St.","WAC",16776,"2014-15"
"New Orleans","Southland",16778,"2014-15"
"Niagara","MAAC",16779,"2014-15"
"Nicholls","Southland",16780,"2014-15"
"Norfolk St.","MEAC",16781,"2014-15"
"North Carolina","ACC",16766,"2014-15"
"North Dakota","Big Sky",16786,"2014-15"
"North Dakota St.","Summit League",16785,"2014-15"
"North Florida","ASUN",16932,"2014-15"
"North Texas","C-USA",16787,"2014-15"
"Northeastern","CAA",16789,"2014-15"
"Northern Ariz.","Big Sky",16790,"2014-15"
"Northern Colo.","Big Sky",16791,"2014-15"
"Northern Ill.","MAC",16792,"2014-15"
"Northern Ky.","ASUN",16794,"2014-15"
"Northwestern","Big Ten",16796,"2014-15"
"Northwestern St.","Southland",16795,"2014-15"
"Notre Dame","ACC",16797,"2014-15"
"Oakland","Horizon",16798,"2014-15"
"Ohio","MAC",16800,"2014-15"
"Ohio St.","Big Ten",16799,"2014-15"
"Oklahoma","Big 12",16802,"2014-15"
"Oklahoma St.","Big 12",16801,"2014-15"
"Old Dominion","C-USA",16803,"2014-15"
"Ole Miss","SEC",16756,"2014-15"
"Omaha","Summit League",16771,"2014-15"
"Oral Roberts","Summit League",16804,"2014-15"
"Oregon","Pac-12",16806,"2014-15"
"Oregon St.","Pac-12",16805,"2014-15"
"Pacific","WCC",16807,"2014-15"
"Penn","Ivy League",16810,"2014-15"
"Penn St.","Big Ten",16809,"2014-15"
"Pepperdine","WCC",16811,"2014-15"
"Pittsburgh","ACC",16812,"2014-15"
"Portland","WCC",16814,"2014-15"
"Portland St.","Big Sky",16813,"2014-15"
"Prairie View","SWAC",16815,"2014-15"
"Presbyterian","Big South",16927,"2014-15"
"Princeton","Ivy League",16816,"2014-15"
"Providence","Big East",16817,"2014-15"
"Purdue","Big Ten",16818,"2014-15"
"Purdue Fort Wayne","Summit League",16710,"2014-15"
"Quinnipiac","MAAC",16819,"2014-15"
"Radford","Big South",16820,"2014-15"
"Rhode Island","Atlantic 10",16821,"2014-15"
"Rice","C-USA",16822,"2014-15"
"Richmond","Atlantic 10",16823,"2014-15"
"Rider","MAAC",16824,"2014-15"
"Robert Morris","NEC",16825,"2014-15"
"Rutgers","Big Ten",16826,"2014-15"
"SFA","Southland",16865,"2014-15"
"SIUE","OVC",16856,"2014-15"
"SMU","AAC",16857,"2014-15"
"Sacramento St.","Big Sky",16632,"2014-15"
"Sacred Heart","NEC",16827,"2014-15"
"Saint Francis (PA)","NEC",16830,"2014-15"
"Saint Joseph's","Atlantic 10",16832,"2014-15"
"Saint Louis","Atlantic 10",16833,"2014-15"
"Saint Mary's (CA)","WCC",16834,"2014-15"
"Saint Peter's","MAAC",16835,"2014-15"
"Sam Houston","Southland",16836,"2014-15"
"Samford","SoCon",16837,"2014-15"
"San Diego","WCC",16839,"2014-15"
"San Diego St.","Mountain West",16838,"2014-15"
"San Francisco","WCC",16840,"2014-15"
"San Jose St.","Mountain West",16841,"2014-15"
"Santa Clara","WCC",16842,"2014-15"
"Savannah St.","MEAC",16843,"2014-15"
"Seattle U","WAC",16928,"2014-15"
"Seton Hall","Big East",16844,"2014-15"
"Siena","MAAC",16845,"2014-15"
"South Alabama","Sun Belt",16846,"2014-15"
"South Carolina","SEC",16848,"2014-15"
"South Carolina St.","MEAC",16847,"2014-15"
"South Dakota","Summit League",16850,"2014-15"
"South Dakota St.","Summit League",16849,"2014-15"
"South Fla.","AAC",16851,"2014-15"
"Southeast Mo. St.","OVC",16852,"2014-15"
"Southeastern La.","Southland",16853,"2014-15"
"Southern California","Pac-12",16854,"2014-15"
"Southern Ill.","MVC",16855,"2014-15"
"Southern Miss.","C-USA",16858,"2014-15"
"Southern U.","SWAC",16859,"2014-15"
"Southern Utah","Big Sky",16860,"2014-15"
"St. Bonaventure","Atlantic 10",16828,"2014-15"
"St. Francis Brooklyn","NEC",16829,"2014-15"
"St. John's (NY)","Big East",16831,"2014-15"
"Stanford","Pac-12",16864,"2014-15"
"Stetson","ASUN",16866,"2014-15"
"Stony Brook","America East",16867,"2014-15"
"Syracuse","ACC",16868,"2014-15"
"TCU","Big 12",16876,"2014-15"
"Temple","AAC",16869,"2014-15"
"Tennessee","SEC",16873,"2014-15"
"Tennessee St.","OVC",16870,"2014-15"
"Tennessee Tech","OVC",16871,"2014-15"
"Texas","Big 12",16880,"2014-15"
"Texas A&M","SEC",16875,"2014-15"
"Texas Southern","SWAC",16877,"2014-15"
"Texas St.","Sun Belt",16862,"2014-15"
"Texas Tech","Big 12",16878,"2014-15"
"Toledo","MAC",16883,"2014-15"
"Towson","CAA",16884,"2014-15"
"Troy","Sun Belt",16885,"2014-15"
"Tulane","AAC",16886,"2014-15"
"Tulsa","AAC",16887,"2014-15"
"UAB","C-USA",16598,"2014-15"
"UC Davis","Big West",16635,"2014-15"
"UC Irvine","Big West",16636,"2014-15"
"UC Riverside","Big West",16638,"2014-15"
"UC Santa Barbara","Big West",16633,"2014-15"
"UCF","AAC",16642,"2014-15"
"UCLA","Pac-12",16637,"2014-15"
"UConn","AAC",16653,"2014-15"
"UIC","Horizon",16707,"2014-15"
"UIW","Southland",16933,"2014-15"
"ULM","Sun Belt",16788,"2014-15"
"UMBC","America East",16741,"2014-15"
"UMES","MEAC",16743,"2014-15"
"UMass Lowell","America East",16732,"2014-15"
"UNC Asheville","Big South",16765,"2014-15"
"UNC Greensboro","SoCon",16768,"2014-15"
"UNCW","CAA",16769,"2014-15"
"UNI","MVC",16793,"2014-15"
"UNLV","Mountain West",16772,"2014-15"
"USC Upstate","ASUN",16935,"2014-15"
"UT Arlington","Sun Belt",16879,"2014-15"
"UT Martin","OVC",16874,"2014-15"
"UTEP","C-USA",16881,"2014-15"
"UTRGV","WAC",16808,"2014-15"
"UTSA","C-USA",16882,"2014-15"
"Utah","Pac-12",16892,"2014-15"
"Utah St.","Mountain West",16891,"2014-15"
"Utah Valley","WAC",16941,"2014-15"
"VCU","Atlantic 10",16897,"2014-15"
"Valparaiso","Horizon",16893,"2014-15"
"Vanderbilt","SEC",16894,"2014-15"
"Vermont","America East",16895,"2014-15"
"Villanova","Big East",16896,"2014-15"
"Virginia","ACC",16899,"2014-15"
"Virginia Tech","ACC",16898,"2014-15"
"Wagner","NEC",16900,"2014-15"
"Wake Forest","ACC",16901,"2014-15"
"Washington","Pac-12",16903,"2014-15"
"Washington St.","Pac-12",16902,"2014-15"
"Weber St.","Big Sky",16904,"2014-15"
"West Virginia","Big 12",16905,"2014-15"
"Western Caro.","SoCon",16906,"2014-15"
"Western Ill.","Summit League",16907,"2014-15"
"Western Ky.","C-USA",16908,"2014-15"
"Western Mich.","MAC",16909,"2014-15"
"Wichita St.","MVC",16910,"2014-15"
"William & Mary","CAA",16911,"2014-15"
"Winthrop","Big South",16912,"2014-15"
"Wisconsin","Big Ten",16914,"2014-15"
"Wofford","SoCon",16934,"2014-15"
"Wright St.","Horizon",16916,"2014-15"
"Wyoming","Mountain West",16917,"2014-15"
"Xavier","Big East",16918,"2014-15"
"Yale","Ivy League",16919,"2014-15"
"Youngstown St.","Horizon",16920,"2014-15"
"A&M-Corpus Christi","Southland",23167,"2015-16"
"Abilene Christian","Southland",22822,"2015-16"
"Air Force","Mountain West",23117,"2015-16"
"Akron","MAC",22823,"2015-16"
"Alabama","SEC",22826,"2015-16"
"Alabama A&M","SWAC",22824,"2015-16"
"Alabama St.","SWAC",22825,"2015-16"
"Albany (NY)","America East",22828,"2015-16"
"Alcorn","SWAC",22829,"2015-16"
"American","Patriot",22830,"2015-16"
"App State","Sun Belt",22831,"2015-16"
"Arizona","Pac-12",22833,"2015-16"
"Arizona St.","Pac-12",22832,"2015-16"
"Ark.-Pine Bluff","SWAC",23158,"2015-16"
"Arkansas","SEC",22835,"2015-16"
"Arkansas St.","Sun Belt",22834,"2015-16"
"Army West Point","Patriot",23118,"2015-16"
"Auburn","SEC",22837,"2015-16"
"Austin Peay","OVC",22838,"2015-16"
"BYU","WCC",22849,"2015-16"
"Ball St.","MAC",22839,"2015-16"
"Baylor","Big 12",22841,"2015-16"
"Belmont","OVC",23165,"2015-16"
"Bethune-Cookman","MEAC",22842,"2015-16"
"Binghamton","America East",22843,"2015-16"
"Boise St.","Mountain West",22844,"2015-16"
"Boston College","ACC",22845,"2015-16"
"Boston U.","Patriot",22846,"2015-16"
"Bowling Green","MAC",22847,"2015-16"
"Bradley","MVC",22848,"2015-16"
"Brown","Ivy League",22850,"2015-16"
"Bryant","NEC",22851,"2015-16"
"Bucknell","Patriot",22852,"2015-16"
"Buffalo","MAC",22853,"2015-16"
"Butler","Big East",22854,"2015-16"
"CSU Bakersfield","WAC",22856,"2015-16"
"CSUN","Big West",22860,"2015-16"
"Cal Poly","Big West",22855,"2015-16"
"Cal St. Fullerton","Big West",22858,"2015-16"
"California","Pac-12",22863,"2015-16"
"Campbell","Big South",22868,"2015-16"
"Canisius","MAAC",22869,"2015-16"
"Central Ark.","Southland",23150,"2015-16"
"Central Conn. St.","NEC",22870,"2015-16"
"Central Mich.","MAC",22872,"2015-16"
"Charleston So.","Big South",22840,"2015-16"
"Charlotte","C-USA",22996,"2015-16"
"Chattanooga","SoCon",23101,"2015-16"
"Chicago St.","WAC",22873,"2015-16"
"Cincinnati","AAC",22874,"2015-16"
"Clemson","ACC",22875,"2015-16"
"Cleveland St.","Horizon",22876,"2015-16"
"Coastal Carolina","Big South",22877,"2015-16"
"Col. of Charleston","CAA",23151,"2015-16"
"Colgate","Patriot",22878,"2015-16"
"Colorado","Pac-12",22880,"2015-16"
"Colorado St.","Mountain West",22879,"2015-16"
"Columbia","Ivy League",22881,"2015-16"
"Coppin St.","MEAC",22883,"2015-16"
"Cornell","Ivy League",22884,"2015-16"
"Creighton","Big East",22885,"2015-16"
"Dartmouth","Ivy League",22886,"2015-16"
"Davidson","Atlantic 10",22887,"2015-16"
"Dayton","Atlantic 10",22888,"2015-16"
"DePaul","Big East",22889,"2015-16"
"Delaware","CAA",22891,"2015-16"
"Delaware St.","MEAC",22890,"2015-16"
"Denver","Summit League",22892,"2015-16"
"Detroit Mercy","Horizon",22893,"2015-16"
"Drake","MVC",22894,"2015-16"
"Drexel","CAA",22895,"2015-16"
"Duke","ACC",22896,"2015-16"
"Duquesne","Atlantic 10",22897,"2015-16"
"ETSU","SoCon",22899,"2015-16"
"East Carolina","AAC",22898,"2015-16"
"Eastern Ill.","OVC",22900,"2015-16"
"Eastern Ky.","OVC",22901,"2015-16"
"Eastern Mich.","MAC",22902,"2015-16"
"Eastern Wash.","Big Sky",22903,"2015-16"
"Elon","CAA",23152,"2015-16"
"Evansville","MVC",22904,"2015-16"
"FGCU","ASUN",23169,"2015-16"
"FIU","C-USA",22909,"2015-16"
"Fairfield","MAAC",22905,"2015-16"
"Fairleigh Dickinson","NEC",22906,"2015-16"
"Fla. Atlantic","C-USA",22908,"2015-16"
"Florida","SEC",22911,"2015-16"
"Florida A&M","MEAC",22907,"2015-16"
"Florida St.","ACC",22910,"2015-16"
"Fordham","Atlantic 10",22912,"2015-16"
"Fresno St.","Mountain West",22857,"2015-16"
"Furman","SoCon",22913,"2015-16"
"Ga. Southern","Sun Belt",22917,"2015-16"
"Gardner-Webb","Big South",23153,"2015-16"
"George Mason","Atlantic 10",22914,"2015-16"
"George Washington","Atlantic 10",22915,"2015-16"
"Georgetown","Big East",22916,"2015-16"
"Georgia","SEC",22920,"2015-16"
"Georgia St.","Sun Belt",22918,"2015-16"
"Georgia Tech","ACC",22919,"2015-16"
"Gonzaga","WCC",22921,"2015-16"
"Grambling","SWAC",22922,"2015-16"
"Grand Canyon","WAC",23154,"2015-16"
"Green Bay","Horizon",23142,"2015-16"
"Hampton","MEAC",22923,"2015-16"
"Hartford","America East",22924,"2015-16"
"Harvard","Ivy League",22925,"2015-16"
"Hawaii","Big West",22926,"2015-16"
"High Point","Big South",23166,"2015-16"
"Hofstra","CAA",22927,"2015-16"
"Holy Cross","Patriot",22928,"2015-16"
"Houston","AAC",22930,"2015-16"
"Houston Baptist","Southland",22929,"2015-16"
"Howard","MEAC",22931,"2015-16"
"IUPUI","Summit League",23159,"2015-16"
"Idaho","Big Sky",22933,"2015-16"
"Idaho St.","Big Sky",22932,"2015-16"
"Illinois","Big Ten",22935,"2015-16"
"Illinois St.","MVC",22934,"2015-16"
"Indiana","Big Ten",22938,"2015-16"
"Indiana St.","MVC",22937,"2015-16"
"Iona","MAAC",22940,"2015-16"
"Iowa","Big Ten",22942,"2015-16"
"Iowa St.","Big 12",22941,"2015-16"
"Jackson St.","SWAC",22943,"2015-16"
"Jacksonville","ASUN",22945,"2015-16"
"Jacksonville St.","OVC",22944,"2015-16"
"James Madison","CAA",22946,"2015-16"
"Kansas","Big 12",22948,"2015-16"
"Kansas City","WAC",23160,"2015-16"
"Kansas St.","Big 12",22947,"2015-16"
"Kennesaw St.","ASUN",23155,"2015-16"
"Kent St.","MAC",22949,"2015-16"
"Kentucky","SEC",22950,"2015-16"
"LIU","NEC",22956,"2015-16"
"LMU (CA)","WCC",22963,"2015-16"
"LSU","SEC",22958,"2015-16"
"La Salle","Atlantic 10",22951,"2015-16"
"Lafayette","Patriot",22952,"2015-16"
"Lamar University","Southland",22953,"2015-16"
"Lehigh","Patriot",22954,"2015-16"
"Liberty","Big South",22955,"2015-16"
"Lipscomb","ASUN",23168,"2015-16"
"Little Rock","Sun Belt",22836,"2015-16"
"Long Beach St.","Big West",22859,"2015-16"
"Longwood","Big South",22957,"2015-16"
"Louisiana","Sun Belt",23092,"2015-16"
"Louisiana Tech","C-USA",22959,"2015-16"
"Louisville","ACC",22960,"2015-16"
"Loyola Chicago","MVC",22964,"2015-16"
"Loyola Maryland","Patriot",22962,"2015-16"
"Maine","America East",22965,"2015-16"
"Manhattan","MAAC",22966,"2015-16"
"Marist","MAAC",22967,"2015-16"
"Marquette","Big East",22968,"2015-16"
"Marshall","C-USA",22969,"2015-16"
"Maryland","Big Ten",22971,"2015-16"
"Massachusetts","Atlantic 10",22973,"2015-16"
"McNeese","Southland",22974,"2015-16"
"Memphis","AAC",22975,"2015-16"
"Mercer","SoCon",22976,"2015-16"
"Miami (FL)","ACC",22978,"2015-16"
"Miami (OH)","MAC",22977,"2015-16"
"Michigan","Big Ten",22980,"2015-16"
"Michigan St.","Big Ten",22979,"2015-16"
"Middle Tenn.","C-USA",22981,"2015-16"
"Milwaukee","Horizon",23144,"2015-16"
"Minnesota","Big Ten",22982,"2015-16"
"Mississippi St.","SEC",22983,"2015-16"
"Mississippi Val.","SWAC",22984,"2015-16"
"Missouri","SEC",22986,"2015-16"
"Missouri St.","MVC",23090,"2015-16"
"Monmouth","MAAC",22987,"2015-16"
"Montana","Big Sky",22989,"2015-16"
"Montana St.","Big Sky",22988,"2015-16"
"Morehead St.","OVC",22990,"2015-16"
"Morgan St.","MEAC",22991,"2015-16"
"Mount St. Mary's","NEC",22992,"2015-16"
"Murray St.","OVC",22993,"2015-16"
"N.C. A&T","MEAC",23011,"2015-16"
"N.C. Central","MEAC",23012,"2015-16"
"NC State","ACC",23013,"2015-16"
"NJIT","ASUN",23004,"2015-16"
"Navy","Patriot",23119,"2015-16"
"Nebraska","Big Ten",22999,"2015-16"
"Nevada","Mountain West",23002,"2015-16"
"New Hampshire","America East",23003,"2015-16"
"New Mexico","Mountain West",23006,"2015-16"
"New Mexico St.","WAC",23005,"2015-16"
"New Orleans","Southland",23007,"2015-16"
"Niagara","MAAC",23008,"2015-16"
"Nicholls","Southland",23009,"2015-16"
"Norfolk St.","MEAC",23010,"2015-16"
"North Carolina","ACC",22995,"2015-16"
"North Dakota","Big Sky",23015,"2015-16"
"North Dakota St.","Summit League",23014,"2015-16"
"North Florida","ASUN",23161,"2015-16"
"North Texas","C-USA",23016,"2015-16"
"Northeastern","CAA",23018,"2015-16"
"Northern Ariz.","Big Sky",23019,"2015-16"
"Northern Colo.","Big Sky",23020,"2015-16"
"Northern Ill.","MAC",23021,"2015-16"
"Northern Ky.","Horizon",23023,"2015-16"
"Northwestern","Big Ten",23025,"2015-16"
"Northwestern St.","Southland",23024,"2015-16"
"Notre Dame","ACC",23026,"2015-16"
"Oakland","Horizon",23027,"2015-16"
"Ohio","MAC",23029,"2015-16"
"Ohio St.","Big Ten",23028,"2015-16"
"Oklahoma","Big 12",23031,"2015-16"
"Oklahoma St.","Big 12",23030,"2015-16"
"Old Dominion","C-USA",23032,"2015-16"
"Ole Miss","SEC",22985,"2015-16"
"Omaha","Summit League",23000,"2015-16"
"Oral Roberts","Summit League",23033,"2015-16"
"Oregon","Pac-12",23035,"2015-16"
"Oregon St.","Pac-12",23034,"2015-16"
"Pacific","WCC",23036,"2015-16"
"Penn","Ivy League",23039,"2015-16"
"Penn St.","Big Ten",23038,"2015-16"
"Pepperdine","WCC",23040,"2015-16"
"Pittsburgh","ACC",23041,"2015-16"
"Portland","WCC",23043,"2015-16"
"Portland St.","Big Sky",23042,"2015-16"
"Prairie View","SWAC",23044,"2015-16"
"Presbyterian","Big South",23156,"2015-16"
"Princeton","Ivy League",23045,"2015-16"
"Providence","Big East",23046,"2015-16"
"Purdue","Big Ten",23047,"2015-16"
"Purdue Fort Wayne","Summit League",22939,"2015-16"
"Quinnipiac","MAAC",23048,"2015-16"
"Radford","Big South",23049,"2015-16"
"Rhode Island","Atlantic 10",23050,"2015-16"
"Rice","C-USA",23051,"2015-16"
"Richmond","Atlantic 10",23052,"2015-16"
"Rider","MAAC",23053,"2015-16"
"Robert Morris","NEC",23054,"2015-16"
"Rutgers","Big Ten",23055,"2015-16"
"SFA","Southland",23094,"2015-16"
"SIUE","OVC",23085,"2015-16"
"SMU","AAC",23086,"2015-16"
"Sacramento St.","Big Sky",22861,"2015-16"
"Sacred Heart","NEC",23056,"2015-16"
"Saint Francis (PA)","NEC",23059,"2015-16"
"Saint Joseph's","Atlantic 10",23061,"2015-16"
"Saint Louis","Atlantic 10",23062,"2015-16"
"Saint Mary's (CA)","WCC",23063,"2015-16"
"Saint Peter's","MAAC",23064,"2015-16"
"Sam Houston","Southland",23065,"2015-16"
"Samford","SoCon",23066,"2015-16"
"San Diego","WCC",23068,"2015-16"
"San Diego St.","Mountain West",23067,"2015-16"
"San Francisco","WCC",23069,"2015-16"
"San Jose St.","Mountain West",23070,"2015-16"
"Santa Clara","WCC",23071,"2015-16"
"Savannah St.","MEAC",23072,"2015-16"
"Seattle U","WAC",23157,"2015-16"
"Seton Hall","Big East",23073,"2015-16"
"Siena","MAAC",23074,"2015-16"
"South Alabama","Sun Belt",23075,"2015-16"
"South Carolina","SEC",23077,"2015-16"
"South Carolina St.","MEAC",23076,"2015-16"
"South Dakota","Summit League",23079,"2015-16"
"South Dakota St.","Summit League",23078,"2015-16"
"South Fla.","AAC",23080,"2015-16"
"Southeast Mo. St.","OVC",23081,"2015-16"
"Southeastern La.","Southland",23082,"2015-16"
"Southern California","Pac-12",23083,"2015-16"
"Southern Ill.","MVC",23084,"2015-16"
"Southern Miss.","C-USA",23087,"2015-16"
"Southern U.","SWAC",23088,"2015-16"
"Southern Utah","Big Sky",23089,"2015-16"
"St. Bonaventure","Atlantic 10",23057,"2015-16"
"St. Francis Brooklyn","NEC",23058,"2015-16"
"St. John's (NY)","Big East",23060,"2015-16"
"Stanford","Pac-12",23093,"2015-16"
"Stetson","ASUN",23095,"2015-16"
"Stony Brook","America East",23096,"2015-16"
"Syracuse","ACC",23097,"2015-16"
"TCU","Big 12",23105,"2015-16"
"Temple","AAC",23098,"2015-16"
"Tennessee","SEC",23102,"2015-16"
"Tennessee St.","OVC",23099,"2015-16"
"Tennessee Tech","OVC",23100,"2015-16"
"Texas","Big 12",23109,"2015-16"
"Texas A&M","SEC",23104,"2015-16"
"Texas Southern","SWAC",23106,"2015-16"
"Texas St.","Sun Belt",23091,"2015-16"
"Texas Tech","Big 12",23107,"2015-16"
"Toledo","MAC",23112,"2015-16"
"Towson","CAA",23113,"2015-16"
"Troy","Sun Belt",23114,"2015-16"
"Tulane","AAC",23115,"2015-16"
"Tulsa","AAC",23116,"2015-16"
"UAB","C-USA",22827,"2015-16"
"UC Davis","Big West",22864,"2015-16"
"UC Irvine","Big West",22865,"2015-16"
"UC Riverside","Big West",22867,"2015-16"
"UC Santa Barbara","Big West",22862,"2015-16"
"UCF","AAC",22871,"2015-16"
"UCLA","Pac-12",22866,"2015-16"
"UConn","AAC",22882,"2015-16"
"UIC","Horizon",22936,"2015-16"
"UIW","Southland",23162,"2015-16"
"ULM","Sun Belt",23017,"2015-16"
"UMBC","America East",22970,"2015-16"
"UMES","MEAC",22972,"2015-16"
"UMass Lowell","America East",22961,"2015-16"
"UNC Asheville","Big South",22994,"2015-16"
"UNC Greensboro","SoCon",22997,"2015-16"
"UNCW","CAA",22998,"2015-16"
"UNI","MVC",23022,"2015-16"
"UNLV","Mountain West",23001,"2015-16"
"USC Upstate","ASUN",23164,"2015-16"
"UT Arlington","Sun Belt",23108,"2015-16"
"UT Martin","OVC",23103,"2015-16"
"UTEP","C-USA",23110,"2015-16"
"UTRGV","WAC",23037,"2015-16"
"UTSA","C-USA",23111,"2015-16"
"Utah","Pac-12",23121,"2015-16"
"Utah St.","Mountain West",23120,"2015-16"
"Utah Valley","WAC",23170,"2015-16"
"VCU","Atlantic 10",23126,"2015-16"
"Valparaiso","Horizon",23122,"2015-16"
"Vanderbilt","SEC",23123,"2015-16"
"Vermont","America East",23124,"2015-16"
"Villanova","Big East",23125,"2015-16"
"Virginia","ACC",23128,"2015-16"
"Virginia Tech","ACC",23127,"2015-16"
"Wagner","NEC",23129,"2015-16"
"Wake Forest","ACC",23130,"2015-16"
"Washington","Pac-12",23132,"2015-16"
"Washington St.","Pac-12",23131,"2015-16"
"Weber St.","Big Sky",23133,"2015-16"
"West Virginia","Big 12",23134,"2015-16"
"Western Caro.","SoCon",23135,"2015-16"
"Western Ill.","Summit League",23136,"2015-16"
"Western Ky.","C-USA",23137,"2015-16"
"Western Mich.","MAC",23138,"2015-16"
"Wichita St.","MVC",23139,"2015-16"
"William & Mary","CAA",23140,"2015-16"
"Winthrop","Big South",23141,"2015-16"
"Wisconsin","Big Ten",23143,"2015-16"
"Wofford","SoCon",23163,"2015-16"
"Wright St.","Horizon",23145,"2015-16"
"Wyoming","Mountain West",23146,"2015-16"
"Xavier","Big East",23147,"2015-16"
"Yale","Ivy League",23148,"2015-16"
"Youngstown St.","Horizon",23149,"2015-16"
"A&M-Corpus Christi","Southland",109740,"2016-17"
"Abilene Christian","Southland",109395,"2016-17"
"Air Force","Mountain West",109690,"2016-17"
"Akron","MAC",109396,"2016-17"
"Alabama","SEC",109399,"2016-17"
"Alabama A&M","SWAC",109397,"2016-17"
"Alabama St.","SWAC",109398,"2016-17"
"Albany (NY)","America East",109401,"2016-17"
"Alcorn","SWAC",109402,"2016-17"
"American","Patriot",109403,"2016-17"
"App State","Sun Belt",109404,"2016-17"
"Arizona","Pac-12",109406,"2016-17"
"Arizona St.","Pac-12",109405,"2016-17"
"Ark.-Pine Bluff","SWAC",109731,"2016-17"
"Arkansas","SEC",109408,"2016-17"
"Arkansas St.","Sun Belt",109407,"2016-17"
"Army West Point","Patriot",109691,"2016-17"
"Auburn","SEC",109410,"2016-17"
"Austin Peay","OVC",109411,"2016-17"
"BYU","WCC",109422,"2016-17"
"Ball St.","MAC",109412,"2016-17"
"Baylor","Big 12",109414,"2016-17"
"Belmont","OVC",109738,"2016-17"
"Bethune-Cookman","MEAC",109415,"2016-17"
"Binghamton","America East",109416,"2016-17"
"Boise St.","Mountain West",109417,"2016-17"
"Boston College","ACC",109418,"2016-17"
"Boston U.","Patriot",109419,"2016-17"
"Bowling Green","MAC",109420,"2016-17"
"Bradley","MVC",109421,"2016-17"
"Brown","Ivy League",109423,"2016-17"
"Bryant","NEC",109424,"2016-17"
"Bucknell","Patriot",109425,"2016-17"
"Buffalo","MAC",109426,"2016-17"
"Butler","Big East",109427,"2016-17"
"CSU Bakersfield","WAC",109429,"2016-17"
"CSUN","Big West",109433,"2016-17"
"Cal Poly","Big West",109428,"2016-17"
"Cal St. Fullerton","Big West",109431,"2016-17"
"California","Pac-12",109436,"2016-17"
"Campbell","Big South",109441,"2016-17"
"Canisius","MAAC",109442,"2016-17"
"Central Ark.","Southland",109723,"2016-17"
"Central Conn. St.","NEC",109443,"2016-17"
"Central Mich.","MAC",109445,"2016-17"
"Charleston So.","Big South",109413,"2016-17"
"Charlotte","C-USA",109569,"2016-17"
"Chattanooga","SoCon",109674,"2016-17"
"Chicago St.","WAC",109446,"2016-17"
"Cincinnati","AAC",109447,"2016-17"
"Clemson","ACC",109448,"2016-17"
"Cleveland St.","Horizon",109449,"2016-17"
"Coastal Carolina","Sun Belt",109450,"2016-17"
"Col. of Charleston","CAA",109724,"2016-17"
"Colgate","Patriot",109451,"2016-17"
"Colorado","Pac-12",109453,"2016-17"
"Colorado St.","Mountain West",109452,"2016-17"
"Columbia","Ivy League",109454,"2016-17"
"Coppin St.","MEAC",109456,"2016-17"
"Cornell","Ivy League",109457,"2016-17"
"Creighton","Big East",109458,"2016-17"
"Dartmouth","Ivy League",109459,"2016-17"
"Davidson","Atlantic 10",109460,"2016-17"
"Dayton","Atlantic 10",109461,"2016-17"
"DePaul","Big East",109462,"2016-17"
"Delaware","CAA",109464,"2016-17"
"Delaware St.","MEAC",109463,"2016-17"
"Denver","Summit League",109465,"2016-17"
"Detroit Mercy","Horizon",109466,"2016-17"
"Drake","MVC",109467,"2016-17"
"Drexel","CAA",109468,"2016-17"
"Duke","ACC",109469,"2016-17"
"Duquesne","Atlantic 10",109470,"2016-17"
"ETSU","SoCon",109472,"2016-17"
"East Carolina","AAC",109471,"2016-17"
"Eastern Ill.","OVC",109473,"2016-17"
"Eastern Ky.","OVC",109474,"2016-17"
"Eastern Mich.","MAC",109475,"2016-17"
"Eastern Wash.","Big Sky",109476,"2016-17"
"Elon","CAA",109725,"2016-17"
"Evansville","MVC",109477,"2016-17"
"FGCU","ASUN",109742,"2016-17"
"FIU","C-USA",109482,"2016-17"
"Fairfield","MAAC",109478,"2016-17"
"Fairleigh Dickinson","NEC",109479,"2016-17"
"Fla. Atlantic","C-USA",109481,"2016-17"
"Florida","SEC",109484,"2016-17"
"Florida A&M","MEAC",109480,"2016-17"
"Florida St.","ACC",109483,"2016-17"
"Fordham","Atlantic 10",109485,"2016-17"
"Fresno St.","Mountain West",109430,"2016-17"
"Furman","SoCon",109486,"2016-17"
"Ga. Southern","Sun Belt",109490,"2016-17"
"Gardner-Webb","Big South",109726,"2016-17"
"George Mason","Atlantic 10",109487,"2016-17"
"George Washington","Atlantic 10",109488,"2016-17"
"Georgetown","Big East",109489,"2016-17"
"Georgia","SEC",109493,"2016-17"
"Georgia St.","Sun Belt",109491,"2016-17"
"Georgia Tech","ACC",109492,"2016-17"
"Gonzaga","WCC",109494,"2016-17"
"Grambling","SWAC",109495,"2016-17"
"Grand Canyon","WAC",109727,"2016-17"
"Green Bay","Horizon",109715,"2016-17"
"Hampton","MEAC",109496,"2016-17"
"Hartford","America East",109497,"2016-17"
"Harvard","Ivy League",109498,"2016-17"
"Hawaii","Big West",109499,"2016-17"
"High Point","Big South",109739,"2016-17"
"Hofstra","CAA",109500,"2016-17"
"Holy Cross","Patriot",109501,"2016-17"
"Houston","AAC",109503,"2016-17"
"Houston Baptist","Southland",109502,"2016-17"
"Howard","MEAC",109504,"2016-17"
"IUPUI","Summit League",109732,"2016-17"
"Idaho","Big Sky",109506,"2016-17"
"Idaho St.","Big Sky",109505,"2016-17"
"Illinois","Big Ten",109508,"2016-17"
"Illinois St.","MVC",109507,"2016-17"
"Indiana","Big Ten",109511,"2016-17"
"Indiana St.","MVC",109510,"2016-17"
"Iona","MAAC",109513,"2016-17"
"Iowa","Big Ten",109515,"2016-17"
"Iowa St.","Big 12",109514,"2016-17"
"Jackson St.","SWAC",109516,"2016-17"
"Jacksonville","ASUN",109518,"2016-17"
"Jacksonville St.","OVC",109517,"2016-17"
"James Madison","CAA",109519,"2016-17"
"Kansas","Big 12",109521,"2016-17"
"Kansas City","WAC",109733,"2016-17"
"Kansas St.","Big 12",109520,"2016-17"
"Kennesaw St.","ASUN",109728,"2016-17"
"Kent St.","MAC",109522,"2016-17"
"Kentucky","SEC",109523,"2016-17"
"LIU","NEC",109529,"2016-17"
"LMU (CA)","WCC",109536,"2016-17"
"LSU","SEC",109531,"2016-17"
"La Salle","Atlantic 10",109524,"2016-17"
"Lafayette","Patriot",109525,"2016-17"
"Lamar University","Southland",109526,"2016-17"
"Lehigh","Patriot",109527,"2016-17"
"Liberty","Big South",109528,"2016-17"
"Lipscomb","ASUN",109741,"2016-17"
"Little Rock","Sun Belt",109409,"2016-17"
"Long Beach St.","Big West",109432,"2016-17"
"Longwood","Big South",109530,"2016-17"
"Louisiana","Sun Belt",109665,"2016-17"
"Louisiana Tech","C-USA",109532,"2016-17"
"Louisville","ACC",109533,"2016-17"
"Loyola Chicago","MVC",109537,"2016-17"
"Loyola Maryland","Patriot",109535,"2016-17"
"Maine","America East",109538,"2016-17"
"Manhattan","MAAC",109539,"2016-17"
"Marist","MAAC",109540,"2016-17"
"Marquette","Big East",109541,"2016-17"
"Marshall","C-USA",109542,"2016-17"
"Maryland","Big Ten",109544,"2016-17"
"Massachusetts","Atlantic 10",109546,"2016-17"
"McNeese","Southland",109547,"2016-17"
"Memphis","AAC",109548,"2016-17"
"Mercer","SoCon",109549,"2016-17"
"Miami (FL)","ACC",109551,"2016-17"
"Miami (OH)","MAC",109550,"2016-17"
"Michigan","Big Ten",109553,"2016-17"
"Michigan St.","Big Ten",109552,"2016-17"
"Middle Tenn.","C-USA",109554,"2016-17"
"Milwaukee","Horizon",109717,"2016-17"
"Minnesota","Big Ten",109555,"2016-17"
"Mississippi St.","SEC",109556,"2016-17"
"Mississippi Val.","SWAC",109557,"2016-17"
"Missouri","SEC",109559,"2016-17"
"Missouri St.","MVC",109663,"2016-17"
"Monmouth","MAAC",109560,"2016-17"
"Montana","Big Sky",109562,"2016-17"
"Montana St.","Big Sky",109561,"2016-17"
"Morehead St.","OVC",109563,"2016-17"
"Morgan St.","MEAC",109564,"2016-17"
"Mount St. Mary's","NEC",109565,"2016-17"
"Murray St.","OVC",109566,"2016-17"
"N.C. A&T","MEAC",109584,"2016-17"
"N.C. Central","MEAC",109585,"2016-17"
"NC State","ACC",109586,"2016-17"
"NJIT","ASUN",109577,"2016-17"
"Navy","Patriot",109692,"2016-17"
"Nebraska","Big Ten",109572,"2016-17"
"Nevada","Mountain West",109575,"2016-17"
"New Hampshire","America East",109576,"2016-17"
"New Mexico","Mountain West",109579,"2016-17"
"New Mexico St.","WAC",109578,"2016-17"
"New Orleans","Southland",109580,"2016-17"
"Niagara","MAAC",109581,"2016-17"
"Nicholls","Southland",109582,"2016-17"
"Norfolk St.","MEAC",109583,"2016-17"
"North Carolina","ACC",109568,"2016-17"
"North Dakota","Big Sky",109588,"2016-17"
"North Dakota St.","Summit League",109587,"2016-17"
"North Florida","ASUN",109734,"2016-17"
"North Texas","C-USA",109589,"2016-17"
"Northeastern","CAA",109591,"2016-17"
"Northern Ariz.","Big Sky",109592,"2016-17"
"Northern Colo.","Big Sky",109593,"2016-17"
"Northern Ill.","MAC",109594,"2016-17"
"Northern Ky.","Horizon",109596,"2016-17"
"Northwestern","Big Ten",109598,"2016-17"
"Northwestern St.","Southland",109597,"2016-17"
"Notre Dame","ACC",109599,"2016-17"
"Oakland","Horizon",109600,"2016-17"
"Ohio","MAC",109602,"2016-17"
"Ohio St.","Big Ten",109601,"2016-17"
"Oklahoma","Big 12",109604,"2016-17"
"Oklahoma St.","Big 12",109603,"2016-17"
"Old Dominion","C-USA",109605,"2016-17"
"Ole Miss","SEC",109558,"2016-17"
"Omaha","Summit League",109573,"2016-17"
"Oral Roberts","Summit League",109606,"2016-17"
"Oregon","Pac-12",109608,"2016-17"
"Oregon St.","Pac-12",109607,"2016-17"
"Pacific","WCC",109609,"2016-17"
"Penn","Ivy League",109612,"2016-17"
"Penn St.","Big Ten",109611,"2016-17"
"Pepperdine","WCC",109613,"2016-17"
"Pittsburgh","ACC",109614,"2016-17"
"Portland","WCC",109616,"2016-17"
"Portland St.","Big Sky",109615,"2016-17"
"Prairie View","SWAC",109617,"2016-17"
"Presbyterian","Big South",109729,"2016-17"
"Princeton","Ivy League",109618,"2016-17"
"Providence","Big East",109619,"2016-17"
"Purdue","Big Ten",109620,"2016-17"
"Purdue Fort Wayne","Summit League",109512,"2016-17"
"Quinnipiac","MAAC",109621,"2016-17"
"Radford","Big South",109622,"2016-17"
"Rhode Island","Atlantic 10",109623,"2016-17"
"Rice","C-USA",109624,"2016-17"
"Richmond","Atlantic 10",109625,"2016-17"
"Rider","MAAC",109626,"2016-17"
"Robert Morris","NEC",109627,"2016-17"
"Rutgers","Big Ten",109628,"2016-17"
"SFA","Southland",109667,"2016-17"
"SIUE","OVC",109658,"2016-17"
"SMU","AAC",109659,"2016-17"
"Sacramento St.","Big Sky",109434,"2016-17"
"Sacred Heart","NEC",109629,"2016-17"
"Saint Francis (PA)","NEC",109632,"2016-17"
"Saint Joseph's","Atlantic 10",109634,"2016-17"
"Saint Louis","Atlantic 10",109635,"2016-17"
"Saint Mary's (CA)","WCC",109636,"2016-17"
"Saint Peter's","MAAC",109637,"2016-17"
"Sam Houston","Southland",109638,"2016-17"
"Samford","SoCon",109639,"2016-17"
"San Diego","WCC",109641,"2016-17"
"San Diego St.","Mountain West",109640,"2016-17"
"San Francisco","WCC",109642,"2016-17"
"San Jose St.","Mountain West",109643,"2016-17"
"Santa Clara","WCC",109644,"2016-17"
"Savannah St.","MEAC",109645,"2016-17"
"Seattle U","WAC",109730,"2016-17"
"Seton Hall","Big East",109646,"2016-17"
"Siena","MAAC",109647,"2016-17"
"South Alabama","Sun Belt",109648,"2016-17"
"South Carolina","SEC",109650,"2016-17"
"South Carolina St.","MEAC",109649,"2016-17"
"South Dakota","Summit League",109652,"2016-17"
"South Dakota St.","Summit League",109651,"2016-17"
"South Fla.","AAC",109653,"2016-17"
"Southeast Mo. St.","OVC",109654,"2016-17"
"Southeastern La.","Southland",109655,"2016-17"
"Southern California","Pac-12",109656,"2016-17"
"Southern Ill.","MVC",109657,"2016-17"
"Southern Miss.","C-USA",109660,"2016-17"
"Southern U.","SWAC",109661,"2016-17"
"Southern Utah","Big Sky",109662,"2016-17"
"St. Bonaventure","Atlantic 10",109630,"2016-17"
"St. Francis Brooklyn","NEC",109631,"2016-17"
"St. John's (NY)","Big East",109633,"2016-17"
"Stanford","Pac-12",109666,"2016-17"
"Stetson","ASUN",109668,"2016-17"
"Stony Brook","America East",109669,"2016-17"
"Syracuse","ACC",109670,"2016-17"
"TCU","Big 12",109678,"2016-17"
"Temple","AAC",109671,"2016-17"
"Tennessee","SEC",109675,"2016-17"
"Tennessee St.","OVC",109672,"2016-17"
"Tennessee Tech","OVC",109673,"2016-17"
"Texas","Big 12",109682,"2016-17"
"Texas A&M","SEC",109677,"2016-17"
"Texas Southern","SWAC",109679,"2016-17"
"Texas St.","Sun Belt",109664,"2016-17"
"Texas Tech","Big 12",109680,"2016-17"
"Toledo","MAC",109685,"2016-17"
"Towson","CAA",109686,"2016-17"
"Troy","Sun Belt",109687,"2016-17"
"Tulane","AAC",109688,"2016-17"
"Tulsa","AAC",109689,"2016-17"
"UAB","C-USA",109400,"2016-17"
"UC Davis","Big West",109437,"2016-17"
"UC Irvine","Big West",109438,"2016-17"
"UC Riverside","Big West",109440,"2016-17"
"UC Santa Barbara","Big West",109435,"2016-17"
"UCF","AAC",109444,"2016-17"
"UCLA","Pac-12",109439,"2016-17"
"UConn","AAC",109455,"2016-17"
"UIC","Horizon",109509,"2016-17"
"UIW","Southland",109735,"2016-17"
"ULM","Sun Belt",109590,"2016-17"
"UMBC","America East",109543,"2016-17"
"UMES","MEAC",109545,"2016-17"
"UMass Lowell","America East",109534,"2016-17"
"UNC Asheville","Big South",109567,"2016-17"
"UNC Greensboro","SoCon",109570,"2016-17"
"UNCW","CAA",109571,"2016-17"
"UNI","MVC",109595,"2016-17"
"UNLV","Mountain West",109574,"2016-17"
"USC Upstate","ASUN",109737,"2016-17"
"UT Arlington","Sun Belt",109681,"2016-17"
"UT Martin","OVC",109676,"2016-17"
"UTEP","C-USA",109683,"2016-17"
"UTRGV","WAC",109610,"2016-17"
"UTSA","C-USA",109684,"2016-17"
"Utah","Pac-12",109694,"2016-17"
"Utah St.","Mountain West",109693,"2016-17"
"Utah Valley","WAC",109743,"2016-17"
"VCU","Atlantic 10",109699,"2016-17"
"Valparaiso","Horizon",109695,"2016-17"
"Vanderbilt","SEC",109696,"2016-17"
"Vermont","America East",109697,"2016-17"
"Villanova","Big East",109698,"2016-17"
"Virginia","ACC",109701,"2016-17"
"Virginia Tech","ACC",109700,"2016-17"
"Wagner","NEC",109702,"2016-17"
"Wake Forest","ACC",109703,"2016-17"
"Washington","Pac-12",109705,"2016-17"
"Washington St.","Pac-12",109704,"2016-17"
"Weber St.","Big Sky",109706,"2016-17"
"West Virginia","Big 12",109707,"2016-17"
"Western Caro.","SoCon",109708,"2016-17"
"Western Ill.","Summit League",109709,"2016-17"
"Western Ky.","C-USA",109710,"2016-17"
"Western Mich.","MAC",109711,"2016-17"
"Wichita St.","MVC",109712,"2016-17"
"William & Mary","CAA",109713,"2016-17"
"Winthrop","Big South",109714,"2016-17"
"Wisconsin","Big Ten",109716,"2016-17"
"Wofford","SoCon",109736,"2016-17"
"Wright St.","Horizon",109718,"2016-17"
"Wyoming","Mountain West",109719,"2016-17"
"Xavier","Big East",109720,"2016-17"
"Yale","Ivy League",109721,"2016-17"
"Youngstown St.","Horizon",109722,"2016-17"
"A&M-Corpus Christi","Southland",185571,"2017-18"
"Abilene Christian","Southland",185226,"2017-18"
"Air Force","Mountain West",185521,"2017-18"
"Akron","MAC",185227,"2017-18"
"Alabama","SEC",185230,"2017-18"
"Alabama A&M","SWAC",185228,"2017-18"
"Alabama St.","SWAC",185229,"2017-18"
"Albany (NY)","America East",185232,"2017-18"
"Alcorn","SWAC",185233,"2017-18"
"American","Patriot",185234,"2017-18"
"App State","Sun Belt",185235,"2017-18"
"Arizona","Pac-12",185237,"2017-18"
"Arizona St.","Pac-12",185236,"2017-18"
"Ark.-Pine Bluff","SWAC",185562,"2017-18"
"Arkansas","SEC",185239,"2017-18"
"Arkansas St.","Sun Belt",185238,"2017-18"
"Army West Point","Patriot",185522,"2017-18"
"Auburn","SEC",185241,"2017-18"
"Austin Peay","OVC",185242,"2017-18"
"BYU","WCC",185253,"2017-18"
"Ball St.","MAC",185243,"2017-18"
"Baylor","Big 12",185245,"2017-18"
"Belmont","OVC",185569,"2017-18"
"Bethune-Cookman","MEAC",185246,"2017-18"
"Binghamton","America East",185247,"2017-18"
"Boise St.","Mountain West",185248,"2017-18"
"Boston College","ACC",185249,"2017-18"
"Boston U.","Patriot",185250,"2017-18"
"Bowling Green","MAC",185251,"2017-18"
"Bradley","MVC",185252,"2017-18"
"Brown","Ivy League",185254,"2017-18"
"Bryant","NEC",185255,"2017-18"
"Bucknell","Patriot",185256,"2017-18"
"Buffalo","MAC",185257,"2017-18"
"Butler","Big East",185258,"2017-18"
"CSU Bakersfield","WAC",185260,"2017-18"
"CSUN","Big West",185264,"2017-18"
"Cal Poly","Big West",185259,"2017-18"
"Cal St. Fullerton","Big West",185262,"2017-18"
"California","Pac-12",185267,"2017-18"
"Campbell","Big South",185272,"2017-18"
"Canisius","MAAC",185273,"2017-18"
"Central Ark.","Southland",185554,"2017-18"
"Central Conn. St.","NEC",185274,"2017-18"
"Central Mich.","MAC",185276,"2017-18"
"Charleston So.","Big South",185244,"2017-18"
"Charlotte","C-USA",185400,"2017-18"
"Chattanooga","SoCon",185505,"2017-18"
"Chicago St.","WAC",185277,"2017-18"
"Cincinnati","AAC",185278,"2017-18"
"Clemson","ACC",185279,"2017-18"
"Cleveland St.","Horizon",185280,"2017-18"
"Coastal Carolina","Sun Belt",185281,"2017-18"
"Col. of Charleston","CAA",185555,"2017-18"
"Colgate","Patriot",185282,"2017-18"
"Colorado","Pac-12",185284,"2017-18"
"Colorado St.","Mountain West",185283,"2017-18"
"Columbia","Ivy League",185285,"2017-18"
"Coppin St.","MEAC",185287,"2017-18"
"Cornell","Ivy League",185288,"2017-18"
"Creighton","Big East",185289,"2017-18"
"Dartmouth","Ivy League",185290,"2017-18"
"Davidson","Atlantic 10",185291,"2017-18"
"Dayton","Atlantic 10",185292,"2017-18"
"DePaul","Big East",185293,"2017-18"
"Delaware","CAA",185295,"2017-18"
"Delaware St.","MEAC",185294,"2017-18"
"Denver","Summit League",185296,"2017-18"
"Detroit Mercy","Horizon",185297,"2017-18"
"Drake","MVC",185298,"2017-18"
"Drexel","CAA",185299,"2017-18"
"Duke","ACC",185300,"2017-18"
"Duquesne","Atlantic 10",185301,"2017-18"
"ETSU","SoCon",185303,"2017-18"
"East Carolina","AAC",185302,"2017-18"
"Eastern Ill.","OVC",185304,"2017-18"
"Eastern Ky.","OVC",185305,"2017-18"
"Eastern Mich.","MAC",185306,"2017-18"
"Eastern Wash.","Big Sky",185307,"2017-18"
"Elon","CAA",185556,"2017-18"
"Evansville","MVC",185308,"2017-18"
"FGCU","ASUN",185573,"2017-18"
"FIU","C-USA",185313,"2017-18"
"Fairfield","MAAC",185309,"2017-18"
"Fairleigh Dickinson","NEC",185310,"2017-18"
"Fla. Atlantic","C-USA",185312,"2017-18"
"Florida","SEC",185315,"2017-18"
"Florida A&M","MEAC",185311,"2017-18"
"Florida St.","ACC",185314,"2017-18"
"Fordham","Atlantic 10",185316,"2017-18"
"Fresno St.","Mountain West",185261,"2017-18"
"Furman","SoCon",185317,"2017-18"
"Ga. Southern","Sun Belt",185321,"2017-18"
"Gardner-Webb","Big South",185557,"2017-18"
"George Mason","Atlantic 10",185318,"2017-18"
"George Washington","Atlantic 10",185319,"2017-18"
"Georgetown","Big East",185320,"2017-18"
"Georgia","SEC",185324,"2017-18"
"Georgia St.","Sun Belt",185322,"2017-18"
"Georgia Tech","ACC",185323,"2017-18"
"Gonzaga","WCC",185325,"2017-18"
"Grambling","SWAC",185326,"2017-18"
"Grand Canyon","WAC",185558,"2017-18"
"Green Bay","Horizon",185546,"2017-18"
"Hampton","MEAC",185327,"2017-18"
"Hartford","America East",185328,"2017-18"
"Harvard","Ivy League",185329,"2017-18"
"Hawaii","Big West",185330,"2017-18"
"High Point","Big South",185570,"2017-18"
"Hofstra","CAA",185331,"2017-18"
"Holy Cross","Patriot",185332,"2017-18"
"Houston","AAC",185334,"2017-18"
"Houston Baptist","Southland",185333,"2017-18"
"Howard","MEAC",185335,"2017-18"
"IUPUI","Horizon",185563,"2017-18"
"Idaho","Big Sky",185337,"2017-18"
"Idaho St.","Big Sky",185336,"2017-18"
"Illinois","Big Ten",185339,"2017-18"
"Illinois St.","MVC",185338,"2017-18"
"Indiana","Big Ten",185342,"2017-18"
"Indiana St.","MVC",185341,"2017-18"
"Iona","MAAC",185344,"2017-18"
"Iowa","Big Ten",185346,"2017-18"
"Iowa St.","Big 12",185345,"2017-18"
"Jackson St.","SWAC",185347,"2017-18"
"Jacksonville","ASUN",185349,"2017-18"
"Jacksonville St.","OVC",185348,"2017-18"
"James Madison","CAA",185350,"2017-18"
"Kansas","Big 12",185352,"2017-18"
"Kansas City","WAC",185564,"2017-18"
"Kansas St.","Big 12",185351,"2017-18"
"Kennesaw St.","ASUN",185559,"2017-18"
"Kent St.","MAC",185353,"2017-18"
"Kentucky","SEC",185354,"2017-18"
"LIU","NEC",185360,"2017-18"
"LMU (CA)","WCC",185367,"2017-18"
"LSU","SEC",185362,"2017-18"
"La Salle","Atlantic 10",185355,"2017-18"
"Lafayette","Patriot",185356,"2017-18"
"Lamar University","Southland",185357,"2017-18"
"Lehigh","Patriot",185358,"2017-18"
"Liberty","Big South",185359,"2017-18"
"Lipscomb","ASUN",185572,"2017-18"
"Little Rock","Sun Belt",185240,"2017-18"
"Long Beach St.","Big West",185263,"2017-18"
"Longwood","Big South",185361,"2017-18"
"Louisiana","Sun Belt",185496,"2017-18"
"Louisiana Tech","C-USA",185363,"2017-18"
"Louisville","ACC",185364,"2017-18"
"Loyola Chicago","MVC",185368,"2017-18"
"Loyola Maryland","Patriot",185366,"2017-18"
"Maine","America East",185369,"2017-18"
"Manhattan","MAAC",185370,"2017-18"
"Marist","MAAC",185371,"2017-18"
"Marquette","Big East",185372,"2017-18"
"Marshall","C-USA",185373,"2017-18"
"Maryland","Big Ten",185375,"2017-18"
"Massachusetts","Atlantic 10",185377,"2017-18"
"McNeese","Southland",185378,"2017-18"
"Memphis","AAC",185379,"2017-18"
"Mercer","SoCon",185380,"2017-18"
"Miami (FL)","ACC",185382,"2017-18"
"Miami (OH)","MAC",185381,"2017-18"
"Michigan","Big Ten",185384,"2017-18"
"Michigan St.","Big Ten",185383,"2017-18"
"Middle Tenn.","C-USA",185385,"2017-18"
"Milwaukee","Horizon",185548,"2017-18"
"Minnesota","Big Ten",185386,"2017-18"
"Mississippi St.","SEC",185387,"2017-18"
"Mississippi Val.","SWAC",185388,"2017-18"
"Missouri","SEC",185390,"2017-18"
"Missouri St.","MVC",185494,"2017-18"
"Monmouth","MAAC",185391,"2017-18"
"Montana","Big Sky",185393,"2017-18"
"Montana St.","Big Sky",185392,"2017-18"
"Morehead St.","OVC",185394,"2017-18"
"Morgan St.","MEAC",185395,"2017-18"
"Mount St. Mary's","NEC",185396,"2017-18"
"Murray St.","OVC",185397,"2017-18"
"N.C. A&T","MEAC",185415,"2017-18"
"N.C. Central","MEAC",185416,"2017-18"
"NC State","ACC",185417,"2017-18"
"NJIT","ASUN",185408,"2017-18"
"Navy","Patriot",185523,"2017-18"
"Nebraska","Big Ten",185403,"2017-18"
"Nevada","Mountain West",185406,"2017-18"
"New Hampshire","America East",185407,"2017-18"
"New Mexico","Mountain West",185410,"2017-18"
"New Mexico St.","WAC",185409,"2017-18"
"New Orleans","Southland",185411,"2017-18"
"Niagara","MAAC",185412,"2017-18"
"Nicholls","Southland",185413,"2017-18"
"Norfolk St.","MEAC",185414,"2017-18"
"North Carolina","ACC",185399,"2017-18"
"North Dakota","Big Sky",185419,"2017-18"
"North Dakota St.","Summit League",185418,"2017-18"
"North Florida","ASUN",185565,"2017-18"
"North Texas","C-USA",185420,"2017-18"
"Northeastern","CAA",185422,"2017-18"
"Northern Ariz.","Big Sky",185423,"2017-18"
"Northern Colo.","Big Sky",185424,"2017-18"
"Northern Ill.","MAC",185425,"2017-18"
"Northern Ky.","Horizon",185427,"2017-18"
"Northwestern","Big Ten",185429,"2017-18"
"Northwestern St.","Southland",185428,"2017-18"
"Notre Dame","ACC",185430,"2017-18"
"Oakland","Horizon",185431,"2017-18"
"Ohio","MAC",185433,"2017-18"
"Ohio St.","Big Ten",185432,"2017-18"
"Oklahoma","Big 12",185435,"2017-18"
"Oklahoma St.","Big 12",185434,"2017-18"
"Old Dominion","C-USA",185436,"2017-18"
"Ole Miss","SEC",185389,"2017-18"
"Omaha","Summit League",185404,"2017-18"
"Oral Roberts","Summit League",185437,"2017-18"
"Oregon","Pac-12",185439,"2017-18"
"Oregon St.","Pac-12",185438,"2017-18"
"Pacific","WCC",185440,"2017-18"
"Penn","Ivy League",185443,"2017-18"
"Penn St.","Big Ten",185442,"2017-18"
"Pepperdine","WCC",185444,"2017-18"
"Pittsburgh","ACC",185445,"2017-18"
"Portland","WCC",185447,"2017-18"
"Portland St.","Big Sky",185446,"2017-18"
"Prairie View","SWAC",185448,"2017-18"
"Presbyterian","Big South",185560,"2017-18"
"Princeton","Ivy League",185449,"2017-18"
"Providence","Big East",185450,"2017-18"
"Purdue","Big Ten",185451,"2017-18"
"Purdue Fort Wayne","Summit League",185343,"2017-18"
"Quinnipiac","MAAC",185452,"2017-18"
"Radford","Big South",185453,"2017-18"
"Rhode Island","Atlantic 10",185454,"2017-18"
"Rice","C-USA",185455,"2017-18"
"Richmond","Atlantic 10",185456,"2017-18"
"Rider","MAAC",185457,"2017-18"
"Robert Morris","NEC",185458,"2017-18"
"Rutgers","Big Ten",185459,"2017-18"
"SFA","Southland",185498,"2017-18"
"SIUE","OVC",185489,"2017-18"
"SMU","AAC",185490,"2017-18"
"Sacramento St.","Big Sky",185265,"2017-18"
"Sacred Heart","NEC",185460,"2017-18"
"Saint Francis (PA)","NEC",185463,"2017-18"
"Saint Joseph's","Atlantic 10",185465,"2017-18"
"Saint Louis","Atlantic 10",185466,"2017-18"
"Saint Mary's (CA)","WCC",185467,"2017-18"
"Saint Peter's","MAAC",185468,"2017-18"
"Sam Houston","Southland",185469,"2017-18"
"Samford","SoCon",185470,"2017-18"
"San Diego","WCC",185472,"2017-18"
"San Diego St.","Mountain West",185471,"2017-18"
"San Francisco","WCC",185473,"2017-18"
"San Jose St.","Mountain West",185474,"2017-18"
"Santa Clara","WCC",185475,"2017-18"
"Savannah St.","MEAC",185476,"2017-18"
"Seattle U","WAC",185561,"2017-18"
"Seton Hall","Big East",185477,"2017-18"
"Siena","MAAC",185478,"2017-18"
"South Alabama","Sun Belt",185479,"2017-18"
"South Carolina","SEC",185481,"2017-18"
"South Carolina St.","MEAC",185480,"2017-18"
"South Dakota","Summit League",185483,"2017-18"
"South Dakota St.","Summit League",185482,"2017-18"
"South Fla.","AAC",185484,"2017-18"
"Southeast Mo. St.","OVC",185485,"2017-18"
"Southeastern La.","Southland",185486,"2017-18"
"Southern California","Pac-12",185487,"2017-18"
"Southern Ill.","MVC",185488,"2017-18"
"Southern Miss.","C-USA",185491,"2017-18"
"Southern U.","SWAC",185492,"2017-18"
"Southern Utah","Big Sky",185493,"2017-18"
"St. Bonaventure","Atlantic 10",185461,"2017-18"
"St. Francis Brooklyn","NEC",185462,"2017-18"
"St. John's (NY)","Big East",185464,"2017-18"
"Stanford","Pac-12",185497,"2017-18"
"Stetson","ASUN",185499,"2017-18"
"Stony Brook","America East",185500,"2017-18"
"Syracuse","ACC",185501,"2017-18"
"TCU","Big 12",185509,"2017-18"
"Temple","AAC",185502,"2017-18"
"Tennessee","SEC",185506,"2017-18"
"Tennessee St.","OVC",185503,"2017-18"
"Tennessee Tech","OVC",185504,"2017-18"
"Texas","Big 12",185513,"2017-18"
"Texas A&M","SEC",185508,"2017-18"
"Texas Southern","SWAC",185510,"2017-18"
"Texas St.","Sun Belt",185495,"2017-18"
"Texas Tech","Big 12",185511,"2017-18"
"Toledo","MAC",185516,"2017-18"
"Towson","CAA",185517,"2017-18"
"Troy","Sun Belt",185518,"2017-18"
"Tulane","AAC",185519,"2017-18"
"Tulsa","AAC",185520,"2017-18"
"UAB","C-USA",185231,"2017-18"
"UC Davis","Big West",185268,"2017-18"
"UC Irvine","Big West",185269,"2017-18"
"UC Riverside","Big West",185271,"2017-18"
"UC Santa Barbara","Big West",185266,"2017-18"
"UCF","AAC",185275,"2017-18"
"UCLA","Pac-12",185270,"2017-18"
"UConn","AAC",185286,"2017-18"
"UIC","Horizon",185340,"2017-18"
"UIW","Southland",185566,"2017-18"
"ULM","Sun Belt",185421,"2017-18"
"UMBC","America East",185374,"2017-18"
"UMES","MEAC",185376,"2017-18"
"UMass Lowell","America East",185365,"2017-18"
"UNC Asheville","Big South",185398,"2017-18"
"UNC Greensboro","SoCon",185401,"2017-18"
"UNCW","CAA",185402,"2017-18"
"UNI","MVC",185426,"2017-18"
"UNLV","Mountain West",185405,"2017-18"
"USC Upstate","ASUN",185568,"2017-18"
"UT Arlington","Sun Belt",185512,"2017-18"
"UT Martin","OVC",185507,"2017-18"
"UTEP","C-USA",185514,"2017-18"
"UTRGV","WAC",185441,"2017-18"
"UTSA","C-USA",185515,"2017-18"
"Utah","Pac-12",185525,"2017-18"
"Utah St.","Mountain West",185524,"2017-18"
"Utah Valley","WAC",185574,"2017-18"
"VCU","Atlantic 10",185530,"2017-18"
"Valparaiso","MVC",185526,"2017-18"
"Vanderbilt","SEC",185527,"2017-18"
"Vermont","America East",185528,"2017-18"
"Villanova","Big East",185529,"2017-18"
"Virginia","ACC",185532,"2017-18"
"Virginia Tech","ACC",185531,"2017-18"
"Wagner","NEC",185533,"2017-18"
"Wake Forest","ACC",185534,"2017-18"
"Washington","Pac-12",185536,"2017-18"
"Washington St.","Pac-12",185535,"2017-18"
"Weber St.","Big Sky",185537,"2017-18"
"West Virginia","Big 12",185538,"2017-18"
"Western Caro.","SoCon",185539,"2017-18"
"Western Ill.","Summit League",185540,"2017-18"
"Western Ky.","C-USA",185541,"2017-18"
"Western Mich.","MAC",185542,"2017-18"
"Wichita St.","AAC",185543,"2017-18"
"William & Mary","CAA",185544,"2017-18"
"Winthrop","Big South",185545,"2017-18"
"Wisconsin","Big Ten",185547,"2017-18"
"Wofford","SoCon",185567,"2017-18"
"Wright St.","Horizon",185549,"2017-18"
"Wyoming","Mountain West",185550,"2017-18"
"Xavier","Big East",185551,"2017-18"
"Yale","Ivy League",185552,"2017-18"
"Youngstown St.","Horizon",185553,"2017-18"
"A&M-Corpus Christi","Southland",451907,"2018-19"
"Abilene Christian","Southland",451562,"2018-19"
"Air Force","Mountain West",451857,"2018-19"
"Akron","MAC",451563,"2018-19"
"Alabama","SEC",451566,"2018-19"
"Alabama A&M","SWAC",451564,"2018-19"
"Alabama St.","SWAC",451565,"2018-19"
"Albany (NY)","America East",451568,"2018-19"
"Alcorn","SWAC",451569,"2018-19"
"American","Patriot",451570,"2018-19"
"App State","Sun Belt",451571,"2018-19"
"Arizona","Pac-12",451573,"2018-19"
"Arizona St.","Pac-12",451572,"2018-19"
"Ark.-Pine Bluff","SWAC",451898,"2018-19"
"Arkansas","SEC",451575,"2018-19"
"Arkansas St.","Sun Belt",451574,"2018-19"
"Army West Point","Patriot",451858,"2018-19"
"Auburn","SEC",451577,"2018-19"
"Austin Peay","OVC",451578,"2018-19"
"BYU","WCC",451589,"2018-19"
"Ball St.","MAC",451579,"2018-19"
"Baylor","Big 12",451581,"2018-19"
"Belmont","OVC",451905,"2018-19"
"Bethune-Cookman","MEAC",451582,"2018-19"
"Binghamton","America East",451583,"2018-19"
"Boise St.","Mountain West",451584,"2018-19"
"Boston College","ACC",451585,"2018-19"
"Boston U.","Patriot",451586,"2018-19"
"Bowling Green","MAC",451587,"2018-19"
"Bradley","MVC",451588,"2018-19"
"Brown","Ivy League",451590,"2018-19"
"Bryant","NEC",451591,"2018-19"
"Bucknell","Patriot",451592,"2018-19"
"Buffalo","MAC",451593,"2018-19"
"Butler","Big East",451594,"2018-19"
"CSU Bakersfield","WAC",451596,"2018-19"
"CSUN","Big West",451600,"2018-19"
"Cal Poly","Big West",451595,"2018-19"
"Cal St. Fullerton","Big West",451598,"2018-19"
"California","Pac-12",451603,"2018-19"
"California Baptist","WAC",452194,"2018-19"
"Campbell","Big South",451608,"2018-19"
"Canisius","MAAC",451609,"2018-19"
"Central Ark.","Southland",451890,"2018-19"
"Central Conn. St.","NEC",451610,"2018-19"
"Central Mich.","MAC",451612,"2018-19"
"Charleston So.","Big South",451580,"2018-19"
"Charlotte","C-USA",451736,"2018-19"
"Chattanooga","SoCon",451841,"2018-19"
"Chicago St.","WAC",451613,"2018-19"
"Cincinnati","AAC",451614,"2018-19"
"Clemson","ACC",451615,"2018-19"
"Cleveland St.","Horizon",451616,"2018-19"
"Coastal Carolina","Sun Belt",451617,"2018-19"
"Col. of Charleston","CAA",451891,"2018-19"
"Colgate","Patriot",451618,"2018-19"
"Colorado","Pac-12",451620,"2018-19"
"Colorado St.","Mountain West",451619,"2018-19"
"Columbia","Ivy League",451621,"2018-19"
"Coppin St.","MEAC",451623,"2018-19"
"Cornell","Ivy League",451624,"2018-19"
"Creighton","Big East",451625,"2018-19"
"Dartmouth","Ivy League",451626,"2018-19"
"Davidson","Atlantic 10",451627,"2018-19"
"Dayton","Atlantic 10",451628,"2018-19"
"DePaul","Big East",451629,"2018-19"
"Delaware","CAA",451631,"2018-19"
"Delaware St.","MEAC",451630,"2018-19"
"Denver","Summit League",451632,"2018-19"
"Detroit Mercy","Horizon",451633,"2018-19"
"Drake","MVC",451634,"2018-19"
"Drexel","CAA",451635,"2018-19"
"Duke","ACC",451636,"2018-19"
"Duquesne","Atlantic 10",451637,"2018-19"
"ETSU","SoCon",451639,"2018-19"
"East Carolina","AAC",451638,"2018-19"
"Eastern Ill.","OVC",451640,"2018-19"
"Eastern Ky.","OVC",451641,"2018-19"
"Eastern Mich.","MAC",451642,"2018-19"
"Eastern Wash.","Big Sky",451643,"2018-19"
"Elon","CAA",451892,"2018-19"
"Evansville","MVC",451644,"2018-19"
"FGCU","ASUN",451909,"2018-19"
"FIU","C-USA",451649,"2018-19"
"Fairfield","MAAC",451645,"2018-19"
"Fairleigh Dickinson","NEC",451646,"2018-19"
"Fla. Atlantic","C-USA",451648,"2018-19"
"Florida","SEC",451651,"2018-19"
"Florida A&M","MEAC",451647,"2018-19"
"Florida St.","ACC",451650,"2018-19"
"Fordham","Atlantic 10",451652,"2018-19"
"Fresno St.","Mountain West",451597,"2018-19"
"Furman","SoCon",451653,"2018-19"
"Ga. Southern","Sun Belt",451657,"2018-19"
"Gardner-Webb","Big South",451893,"2018-19"
"George Mason","Atlantic 10",451654,"2018-19"
"George Washington","Atlantic 10",451655,"2018-19"
"Georgetown","Big East",451656,"2018-19"
"Georgia","SEC",451660,"2018-19"
"Georgia St.","Sun Belt",451658,"2018-19"
"Georgia Tech","ACC",451659,"2018-19"
"Gonzaga","WCC",451661,"2018-19"
"Grambling","SWAC",451662,"2018-19"
"Grand Canyon","WAC",451894,"2018-19"
"Green Bay","Horizon",451882,"2018-19"
"Hampton","Big South",451663,"2018-19"
"Hartford","America East",451664,"2018-19"
"Harvard","Ivy League",451665,"2018-19"
"Hawaii","Big West",451666,"2018-19"
"High Point","Big South",451906,"2018-19"
"Hofstra","CAA",451667,"2018-19"
"Holy Cross","Patriot",451668,"2018-19"
"Houston","AAC",451670,"2018-19"
"Houston Baptist","Southland",451669,"2018-19"
"Howard","MEAC",451671,"2018-19"
"IUPUI","Horizon",451899,"2018-19"
"Idaho","Big Sky",451673,"2018-19"
"Idaho St.","Big Sky",451672,"2018-19"
"Illinois","Big Ten",451675,"2018-19"
"Illinois St.","MVC",451674,"2018-19"
"Indiana","Big Ten",451678,"2018-19"
"Indiana St.","MVC",451677,"2018-19"
"Iona","MAAC",451680,"2018-19"
"Iowa","Big Ten",451682,"2018-19"
"Iowa St.","Big 12",451681,"2018-19"
"Jackson St.","SWAC",451683,"2018-19"
"Jacksonville","ASUN",451685,"2018-19"
"Jacksonville St.","OVC",451684,"2018-19"
"James Madison","CAA",451686,"2018-19"
"Kansas","Big 12",451688,"2018-19"
"Kansas City","WAC",451900,"2018-19"
"Kansas St.","Big 12",451687,"2018-19"
"Kennesaw St.","ASUN",451895,"2018-19"
"Kent St.","MAC",451689,"2018-19"
"Kentucky","SEC",451690,"2018-19"
"LIU","NEC",451696,"2018-19"
"LMU (CA)","WCC",451703,"2018-19"
"LSU","SEC",451698,"2018-19"
"La Salle","Atlantic 10",451691,"2018-19"
"Lafayette","Patriot",451692,"2018-19"
"Lamar University","Southland",451693,"2018-19"
"Lehigh","Patriot",451694,"2018-19"
"Liberty","ASUN",451695,"2018-19"
"Lipscomb","ASUN",451908,"2018-19"
"Little Rock","Sun Belt",451576,"2018-19"
"Long Beach St.","Big West",451599,"2018-19"
"Longwood","Big South",451697,"2018-19"
"Louisiana","Sun Belt",451832,"2018-19"
"Louisiana Tech","C-USA",451699,"2018-19"
"Louisville","ACC",451700,"2018-19"
"Loyola Chicago","MVC",451704,"2018-19"
"Loyola Maryland","Patriot",451702,"2018-19"
"Maine","America East",451705,"2018-19"
"Manhattan","MAAC",451706,"2018-19"
"Marist","MAAC",451707,"2018-19"
"Marquette","Big East",451708,"2018-19"
"Marshall","C-USA",451709,"2018-19"
"Maryland","Big Ten",451711,"2018-19"
"Massachusetts","Atlantic 10",451713,"2018-19"
"McNeese","Southland",451714,"2018-19"
"Memphis","AAC",451715,"2018-19"
"Mercer","SoCon",451716,"2018-19"
"Miami (FL)","ACC",451718,"2018-19"
"Miami (OH)","MAC",451717,"2018-19"
"Michigan","Big Ten",451720,"2018-19"
"Michigan St.","Big Ten",451719,"2018-19"
"Middle Tenn.","C-USA",451721,"2018-19"
"Milwaukee","Horizon",451884,"2018-19"
"Minnesota","Big Ten",451722,"2018-19"
"Mississippi St.","SEC",451723,"2018-19"
"Mississippi Val.","SWAC",451724,"2018-19"
"Missouri","SEC",451726,"2018-19"
"Missouri St.","MVC",451830,"2018-19"
"Monmouth","MAAC",451727,"2018-19"
"Montana","Big Sky",451729,"2018-19"
"Montana St.","Big Sky",451728,"2018-19"
"Morehead St.","OVC",451730,"2018-19"
"Morgan St.","MEAC",451731,"2018-19"
"Mount St. Mary's","NEC",451732,"2018-19"
"Murray St.","OVC",451733,"2018-19"
"N.C. A&T","MEAC",451751,"2018-19"
"N.C. Central","MEAC",451752,"2018-19"
"NC State","ACC",451753,"2018-19"
"NJIT","ASUN",451744,"2018-19"
"Navy","Patriot",451859,"2018-19"
"Nebraska","Big Ten",451739,"2018-19"
"Nevada","Mountain West",451742,"2018-19"
"New Hampshire","America East",451743,"2018-19"
"New Mexico","Mountain West",451746,"2018-19"
"New Mexico St.","WAC",451745,"2018-19"
"New Orleans","Southland",451747,"2018-19"
"Niagara","MAAC",451748,"2018-19"
"Nicholls","Southland",451749,"2018-19"
"Norfolk St.","MEAC",451750,"2018-19"
"North Ala.","ASUN",452005,"2018-19"
"North Carolina","ACC",451735,"2018-19"
"North Dakota","Summit League",451755,"2018-19"
"North Dakota St.","Summit League",451754,"2018-19"
"North Florida","ASUN",451901,"2018-19"
"North Texas","C-USA",451756,"2018-19"
"Northeastern","CAA",451758,"2018-19"
"Northern Ariz.","Big Sky",451759,"2018-19"
"Northern Colo.","Big Sky",451760,"2018-19"
"Northern Ill.","MAC",451761,"2018-19"
"Northern Ky.","Horizon",451763,"2018-19"
"Northwestern","Big Ten",451765,"2018-19"
"Northwestern St.","Southland",451764,"2018-19"
"Notre Dame","ACC",451766,"2018-19"
"Oakland","Horizon",451767,"2018-19"
"Ohio","MAC",451769,"2018-19"
"Ohio St.","Big Ten",451768,"2018-19"
"Oklahoma","Big 12",451771,"2018-19"
"Oklahoma St.","Big 12",451770,"2018-19"
"Old Dominion","C-USA",451772,"2018-19"
"Ole Miss","SEC",451725,"2018-19"
"Omaha","Summit League",451740,"2018-19"
"Oral Roberts","Summit League",451773,"2018-19"
"Oregon","Pac-12",451775,"2018-19"
"Oregon St.","Pac-12",451774,"2018-19"
"Pacific","WCC",451776,"2018-19"
"Penn","Ivy League",451779,"2018-19"
"Penn St.","Big Ten",451778,"2018-19"
"Pepperdine","WCC",451780,"2018-19"
"Pittsburgh","ACC",451781,"2018-19"
"Portland","WCC",451783,"2018-19"
"Portland St.","Big Sky",451782,"2018-19"
"Prairie View","SWAC",451784,"2018-19"
"Presbyterian","Big South",451896,"2018-19"
"Princeton","Ivy League",451785,"2018-19"
"Providence","Big East",451786,"2018-19"
"Purdue","Big Ten",451787,"2018-19"
"Purdue Fort Wayne","Summit League",451679,"2018-19"
"Quinnipiac","MAAC",451788,"2018-19"
"Radford","Big South",451789,"2018-19"
"Rhode Island","Atlantic 10",451790,"2018-19"
"Rice","C-USA",451791,"2018-19"
"Richmond","Atlantic 10",451792,"2018-19"
"Rider","MAAC",451793,"2018-19"
"Robert Morris","NEC",451794,"2018-19"
"Rutgers","Big Ten",451795,"2018-19"
"SFA","Southland",451834,"2018-19"
"SIUE","OVC",451825,"2018-19"
"SMU","AAC",451826,"2018-19"
"Sacramento St.","Big Sky",451601,"2018-19"
"Sacred Heart","NEC",451796,"2018-19"
"Saint Francis (PA)","NEC",451799,"2018-19"
"Saint Joseph's","Atlantic 10",451801,"2018-19"
"Saint Louis","Atlantic 10",451802,"2018-19"
"Saint Mary's (CA)","WCC",451803,"2018-19"
"Saint Peter's","MAAC",451804,"2018-19"
"Sam Houston","Southland",451805,"2018-19"
"Samford","SoCon",451806,"2018-19"
"San Diego","WCC",451808,"2018-19"
"San Diego St.","Mountain West",451807,"2018-19"
"San Francisco","WCC",451809,"2018-19"
"San Jose St.","Mountain West",451810,"2018-19"
"Santa Clara","WCC",451811,"2018-19"
"Savannah St.","MEAC",451812,"2018-19"
"Seattle U","WAC",451897,"2018-19"
"Seton Hall","Big East",451813,"2018-19"
"Siena","MAAC",451814,"2018-19"
"South Alabama","Sun Belt",451815,"2018-19"
"South Carolina","SEC",451817,"2018-19"
"South Carolina St.","MEAC",451816,"2018-19"
"South Dakota","Summit League",451819,"2018-19"
"South Dakota St.","Summit League",451818,"2018-19"
"South Fla.","AAC",451820,"2018-19"
"Southeast Mo. St.","OVC",451821,"2018-19"
"Southeastern La.","Southland",451822,"2018-19"
"Southern California","Pac-12",451823,"2018-19"
"Southern Ill.","MVC",451824,"2018-19"
"Southern Miss.","C-USA",451827,"2018-19"
"Southern U.","SWAC",451828,"2018-19"
"Southern Utah","Big Sky",451829,"2018-19"
"St. Bonaventure","Atlantic 10",451797,"2018-19"
"St. Francis Brooklyn","NEC",451798,"2018-19"
"St. John's (NY)","Big East",451800,"2018-19"
"Stanford","Pac-12",451833,"2018-19"
"Stetson","ASUN",451835,"2018-19"
"Stony Brook","America East",451836,"2018-19"
"Syracuse","ACC",451837,"2018-19"
"TCU","Big 12",451845,"2018-19"
"Temple","AAC",451838,"2018-19"
"Tennessee","SEC",451842,"2018-19"
"Tennessee St.","OVC",451839,"2018-19"
"Tennessee Tech","OVC",451840,"2018-19"
"Texas","Big 12",451849,"2018-19"
"Texas A&M","SEC",451844,"2018-19"
"Texas Southern","SWAC",451846,"2018-19"
"Texas St.","Sun Belt",451831,"2018-19"
"Texas Tech","Big 12",451847,"2018-19"
"Toledo","MAC",451852,"2018-19"
"Towson","CAA",451853,"2018-19"
"Troy","Sun Belt",451854,"2018-19"
"Tulane","AAC",451855,"2018-19"
"Tulsa","AAC",451856,"2018-19"
"UAB","C-USA",451567,"2018-19"
"UC Davis","Big West",451604,"2018-19"
"UC Irvine","Big West",451605,"2018-19"
"UC Riverside","Big West",451607,"2018-19"
"UC Santa Barbara","Big West",451602,"2018-19"
"UCF","AAC",451611,"2018-19"
"UCLA","Pac-12",451606,"2018-19"
"UConn","AAC",451622,"2018-19"
"UIC","Horizon",451676,"2018-19"
"UIW","Southland",451902,"2018-19"
"ULM","Sun Belt",451757,"2018-19"
"UMBC","America East",451710,"2018-19"
"UMES","MEAC",451712,"2018-19"
"UMass Lowell","America East",451701,"2018-19"
"UNC Asheville","Big South",451734,"2018-19"
"UNC Greensboro","SoCon",451737,"2018-19"
"UNCW","CAA",451738,"2018-19"
"UNI","MVC",451762,"2018-19"
"UNLV","Mountain West",451741,"2018-19"
"USC Upstate","Big South",451904,"2018-19"
"UT Arlington","Sun Belt",451848,"2018-19"
"UT Martin","OVC",451843,"2018-19"
"UTEP","C-USA",451850,"2018-19"
"UTRGV","WAC",451777,"2018-19"
"UTSA","C-USA",451851,"2018-19"
"Utah","Pac-12",451861,"2018-19"
"Utah St.","Mountain West",451860,"2018-19"
"Utah Valley","WAC",451910,"2018-19"
"VCU","Atlantic 10",451866,"2018-19"
"Valparaiso","MVC",451862,"2018-19"
"Vanderbilt","SEC",451863,"2018-19"
"Vermont","America East",451864,"2018-19"
"Villanova","Big East",451865,"2018-19"
"Virginia","ACC",451868,"2018-19"
"Virginia Tech","ACC",451867,"2018-19"
"Wagner","NEC",451869,"2018-19"
"Wake Forest","ACC",451870,"2018-19"
"Washington","Pac-12",451872,"2018-19"
"Washington St.","Pac-12",451871,"2018-19"
"Weber St.","Big Sky",451873,"2018-19"
"West Virginia","Big 12",451874,"2018-19"
"Western Caro.","SoCon",451875,"2018-19"
"Western Ill.","Summit League",451876,"2018-19"
"Western Ky.","C-USA",451877,"2018-19"
"Western Mich.","MAC",451878,"2018-19"
"Wichita St.","AAC",451879,"2018-19"
"William & Mary","CAA",451880,"2018-19"
"Winthrop","Big South",451881,"2018-19"
"Wisconsin","Big Ten",451883,"2018-19"
"Wofford","SoCon",451903,"2018-19"
"Wright St.","Horizon",451885,"2018-19"
"Wyoming","Mountain West",451886,"2018-19"
"Xavier","Big East",451887,"2018-19"
"Yale","Ivy League",451888,"2018-19"
"Youngstown St.","Horizon",451889,"2018-19"
"A&M-Corpus Christi","Southland",484452,"2019-20"
"Abilene Christian","Southland",483774,"2019-20"
"Air Force","Mountain West",484359,"2019-20"
"Akron","MAC",483776,"2019-20"
"Alabama","SEC",483782,"2019-20"
"Alabama A&M","SWAC",483778,"2019-20"
"Alabama St.","SWAC",483780,"2019-20"
"Albany (NY)","America East",483786,"2019-20"
"Alcorn","SWAC",483788,"2019-20"
"American","Patriot",483790,"2019-20"
"App State","Sun Belt",483792,"2019-20"
"Arizona","Pac-12",483796,"2019-20"
"Arizona St.","Pac-12",483794,"2019-20"
"Ark.-Pine Bluff","SWAC",484440,"2019-20"
"Arkansas","SEC",483800,"2019-20"
"Arkansas St.","Sun Belt",483798,"2019-20"
"Army West Point","Patriot",484360,"2019-20"
"Auburn","SEC",483804,"2019-20"
"Austin Peay","OVC",483806,"2019-20"
"BYU","WCC",483827,"2019-20"
"Ball St.","MAC",483808,"2019-20"
"Baylor","Big 12",483811,"2019-20"
"Belmont","OVC",484450,"2019-20"
"Bethune-Cookman","MEAC",483813,"2019-20"
"Binghamton","America East",483815,"2019-20"
"Boise St.","Mountain West",483817,"2019-20"
"Boston College","ACC",483819,"2019-20"
"Boston U.","Patriot",483821,"2019-20"
"Bowling Green","MAC",483823,"2019-20"
"Bradley","MVC",483825,"2019-20"
"Brown","Ivy League",483829,"2019-20"
"Bryant","NEC",483831,"2019-20"
"Bucknell","Patriot",483833,"2019-20"
"Buffalo","MAC",483835,"2019-20"
"Butler","Big East",483837,"2019-20"
"CSU Bakersfield","WAC",483841,"2019-20"
"CSUN","Big West",483849,"2019-20"
"Cal Poly","Big West",483839,"2019-20"
"Cal St. Fullerton","Big West",483845,"2019-20"
"California","Pac-12",483854,"2019-20"
"California Baptist","WAC",483770,"2019-20"
"Campbell","Big South",483873,"2019-20"
"Canisius","MAAC",483875,"2019-20"
"Central Ark.","Southland",484424,"2019-20"
"Central Conn. St.","NEC",483877,"2019-20"
"Central Mich.","MAC",483881,"2019-20"
"Charleston So.","Big South",483810,"2019-20"
"Charlotte","C-USA",484115,"2019-20"
"Chattanooga","SoCon",484333,"2019-20"
"Chicago St.","WAC",483883,"2019-20"
"Cincinnati","AAC",483885,"2019-20"
"Clemson","ACC",483887,"2019-20"
"Cleveland St.","Horizon",483889,"2019-20"
"Coastal Carolina","Sun Belt",483891,"2019-20"
"Col. of Charleston","CAA",484426,"2019-20"
"Colgate","Patriot",483893,"2019-20"
"Colorado","Pac-12",483897,"2019-20"
"Colorado St.","Mountain West",483895,"2019-20"
"Columbia","Ivy League",483899,"2019-20"
"Coppin St.","MEAC",483902,"2019-20"
"Cornell","Ivy League",483904,"2019-20"
"Creighton","Big East",483906,"2019-20"
"Dartmouth","Ivy League",483908,"2019-20"
"Davidson","Atlantic 10",483910,"2019-20"
"Dayton","Atlantic 10",483912,"2019-20"
"DePaul","Big East",483914,"2019-20"
"Delaware","CAA",483918,"2019-20"
"Delaware St.","MEAC",483916,"2019-20"
"Denver","Summit League",483920,"2019-20"
"Detroit Mercy","Horizon",483922,"2019-20"
"Drake","MVC",483923,"2019-20"
"Drexel","CAA",483925,"2019-20"
"Duke","ACC",483927,"2019-20"
"Duquesne","Atlantic 10",483929,"2019-20"
"ETSU","SoCon",483933,"2019-20"
"East Carolina","AAC",483931,"2019-20"
"Eastern Ill.","OVC",483935,"2019-20"
"Eastern Ky.","OVC",483937,"2019-20"
"Eastern Mich.","MAC",483939,"2019-20"
"Eastern Wash.","Big Sky",483941,"2019-20"
"Elon","CAA",484428,"2019-20"
"Evansville","MVC",483943,"2019-20"
"FGCU","ASUN",484454,"2019-20"
"FIU","C-USA",483953,"2019-20"
"Fairfield","MAAC",483945,"2019-20"
"Fairleigh Dickinson","NEC",483947,"2019-20"
"Fla. Atlantic","C-USA",483950,"2019-20"
"Florida","SEC",483958,"2019-20"
"Florida A&M","MEAC",483948,"2019-20"
"Florida St.","ACC",483955,"2019-20"
"Fordham","Atlantic 10",483959,"2019-20"
"Fresno St.","Mountain West",483843,"2019-20"
"Furman","SoCon",483962,"2019-20"
"Ga. Southern","Sun Belt",483970,"2019-20"
"Gardner-Webb","Big South",484430,"2019-20"
"George Mason","Atlantic 10",483964,"2019-20"
"George Washington","Atlantic 10",483966,"2019-20"
"Georgetown","Big East",483968,"2019-20"
"Georgia","SEC",483976,"2019-20"
"Georgia St.","Sun Belt",483972,"2019-20"
"Georgia Tech","ACC",483974,"2019-20"
"Gonzaga","WCC",483978,"2019-20"
"Grambling","SWAC",483980,"2019-20"
"Grand Canyon","WAC",484431,"2019-20"
"Green Bay","Horizon",484407,"2019-20"
"Hampton","Big South",483982,"2019-20"
"Hartford","America East",483984,"2019-20"
"Harvard","Ivy League",483986,"2019-20"
"Hawaii","Big West",483988,"2019-20"
"High Point","Big South",484451,"2019-20"
"Hofstra","CAA",483990,"2019-20"
"Holy Cross","Patriot",483992,"2019-20"
"Houston","AAC",483996,"2019-20"
"Houston Baptist","Southland",483994,"2019-20"
"Howard","MEAC",483998,"2019-20"
"IUPUI","Horizon",484442,"2019-20"
"Idaho","Big Sky",484002,"2019-20"
"Idaho St.","Big Sky",484000,"2019-20"
"Illinois","Big Ten",484006,"2019-20"
"Illinois St.","MVC",484004,"2019-20"
"Indiana","Big Ten",484012,"2019-20"
"Indiana St.","MVC",484010,"2019-20"
"Iona","MAAC",484015,"2019-20"
"Iowa","Big Ten",484020,"2019-20"
"Iowa St.","Big 12",484018,"2019-20"
"Jackson St.","SWAC",484022,"2019-20"
"Jacksonville","ASUN",484026,"2019-20"
"Jacksonville St.","OVC",484024,"2019-20"
"James Madison","CAA",484027,"2019-20"
"Kansas","Big 12",484031,"2019-20"
"Kansas City","WAC",484444,"2019-20"
"Kansas St.","Big 12",484029,"2019-20"
"Kennesaw St.","ASUN",484433,"2019-20"
"Kent St.","MAC",484033,"2019-20"
"Kentucky","SEC",484035,"2019-20"
"LIU","NEC",484048,"2019-20"
"LMU (CA)","WCC",484061,"2019-20"
"LSU","SEC",484052,"2019-20"
"La Salle","Atlantic 10",484037,"2019-20"
"Lafayette","Patriot",484039,"2019-20"
"Lamar University","Southland",484041,"2019-20"
"Lehigh","Patriot",484043,"2019-20"
"Liberty","ASUN",484046,"2019-20"
"Lipscomb","ASUN",484453,"2019-20"
"Little Rock","Sun Belt",483802,"2019-20"
"Long Beach St.","Big West",483847,"2019-20"
"Longwood","Big South",484050,"2019-20"
"Louisiana","Sun Belt",484314,"2019-20"
"Louisiana Tech","C-USA",484054,"2019-20"
"Louisville","ACC",484056,"2019-20"
"Loyola Chicago","MVC",484063,"2019-20"
"Loyola Maryland","Patriot",484060,"2019-20"
"Maine","America East",484065,"2019-20"
"Manhattan","MAAC",484067,"2019-20"
"Marist","MAAC",484069,"2019-20"
"Marquette","Big East",484071,"2019-20"
"Marshall","C-USA",484073,"2019-20"
"Maryland","Big Ten",484075,"2019-20"
"Massachusetts","Atlantic 10",484077,"2019-20"
"McNeese","Southland",484078,"2019-20"
"Memphis","AAC",484079,"2019-20"
"Mercer","SoCon",484080,"2019-20"
"Merrimack","NEC",484794,"2019-20"
"Miami (FL)","ACC",484082,"2019-20"
"Miami (OH)","MAC",484081,"2019-20"
"Michigan","Big Ten",484084,"2019-20"
"Michigan St.","Big Ten",484083,"2019-20"
"Middle Tenn.","C-USA",484086,"2019-20"
"Milwaukee","Horizon",484412,"2019-20"
"Minnesota","Big Ten",484088,"2019-20"
"Mississippi St.","SEC",484090,"2019-20"
"Mississippi Val.","SWAC",484091,"2019-20"
"Missouri","SEC",484095,"2019-20"
"Missouri St.","MVC",484310,"2019-20"
"Monmouth","MAAC",484097,"2019-20"
"Montana","Big Sky",484101,"2019-20"
"Montana St.","Big Sky",484099,"2019-20"
"Morehead St.","OVC",484103,"2019-20"
"Morgan St.","MEAC",484105,"2019-20"
"Mount St. Mary's","NEC",484107,"2019-20"
"Murray St.","OVC",484109,"2019-20"
"N.C. A&T","MEAC",484145,"2019-20"
"N.C. Central","MEAC",484148,"2019-20"
"NC State","ACC",484150,"2019-20"
"NJIT","ASUN",484131,"2019-20"
"Navy","Patriot",484361,"2019-20"
"Nebraska","Big Ten",484121,"2019-20"
"Nevada","Mountain West",484127,"2019-20"
"New Hampshire","America East",484129,"2019-20"
"New Mexico","Mountain West",484135,"2019-20"
"New Mexico St.","WAC",484133,"2019-20"
"New Orleans","Southland",484136,"2019-20"
"Niagara","MAAC",484138,"2019-20"
"Nicholls","Southland",484141,"2019-20"
"Norfolk St.","MEAC",484144,"2019-20"
"North Ala.","ASUN",483772,"2019-20"
"North Carolina","ACC",484113,"2019-20"
"North Dakota","Summit League",484154,"2019-20"
"North Dakota St.","Summit League",484152,"2019-20"
"North Florida","ASUN",484446,"2019-20"
"North Texas","C-USA",484156,"2019-20"
"Northeastern","CAA",484160,"2019-20"
"Northern Ariz.","Big Sky",484161,"2019-20"
"Northern Colo.","Big Sky",484163,"2019-20"
"Northern Ill.","MAC",484165,"2019-20"
"Northern Ky.","Horizon",484169,"2019-20"
"Northwestern","Big Ten",484173,"2019-20"
"Northwestern St.","Southland",484171,"2019-20"
"Notre Dame","ACC",484175,"2019-20"
"Oakland","Horizon",484177,"2019-20"
"Ohio","MAC",484181,"2019-20"
"Ohio St.","Big Ten",484179,"2019-20"
"Oklahoma","Big 12",484185,"2019-20"
"Oklahoma St.","Big 12",484183,"2019-20"
"Old Dominion","C-USA",484187,"2019-20"
"Ole Miss","SEC",484093,"2019-20"
"Omaha","Summit League",484123,"2019-20"
"Oral Roberts","Summit League",484189,"2019-20"
"Oregon","Pac-12",484193,"2019-20"
"Oregon St.","Pac-12",484191,"2019-20"
"Pacific","WCC",484194,"2019-20"
"Penn","Ivy League",484200,"2019-20"
"Penn St.","Big Ten",484198,"2019-20"
"Pepperdine","WCC",484202,"2019-20"
"Pittsburgh","ACC",484204,"2019-20"
"Portland","WCC",484208,"2019-20"
"Portland St.","Big Sky",484206,"2019-20"
"Prairie View","SWAC",484210,"2019-20"
"Presbyterian","Big South",484435,"2019-20"
"Princeton","Ivy League",484211,"2019-20"
"Providence","Big East",484213,"2019-20"
"Purdue","Big Ten",484215,"2019-20"
"Purdue Fort Wayne","Summit League",484014,"2019-20"
"Quinnipiac","MAAC",484217,"2019-20"
"Radford","Big South",484219,"2019-20"
"Rhode Island","Atlantic 10",484221,"2019-20"
"Rice","C-USA",484223,"2019-20"
"Richmond","Atlantic 10",484225,"2019-20"
"Rider","MAAC",484227,"2019-20"
"Robert Morris","NEC",484238,"2019-20"
"Rutgers","Big Ten",484240,"2019-20"
"SFA","Southland",484318,"2019-20"
"SIUE","OVC",484299,"2019-20"
"SMU","AAC",484302,"2019-20"
"Sacramento St.","Big Sky",483850,"2019-20"
"Sacred Heart","NEC",484242,"2019-20"
"Saint Francis (PA)","NEC",484248,"2019-20"
"Saint Joseph's","Atlantic 10",484251,"2019-20"
"Saint Louis","Atlantic 10",484253,"2019-20"
"Saint Mary's (CA)","WCC",484255,"2019-20"
"Saint Peter's","MAAC",484257,"2019-20"
"Sam Houston","Southland",484260,"2019-20"
"Samford","SoCon",484262,"2019-20"
"San Diego","WCC",484266,"2019-20"
"San Diego St.","Mountain West",484264,"2019-20"
"San Francisco","WCC",484268,"2019-20"
"San Jose St.","Mountain West",484270,"2019-20"
"Santa Clara","WCC",484272,"2019-20"
"Seattle U","WAC",484438,"2019-20"
"Seton Hall","Big East",484276,"2019-20"
"Siena","MAAC",484278,"2019-20"
"South Alabama","Sun Belt",484280,"2019-20"
"South Carolina","SEC",484284,"2019-20"
"South Carolina St.","MEAC",484282,"2019-20"
"South Dakota","Summit League",484288,"2019-20"
"South Dakota St.","Summit League",484286,"2019-20"
"South Fla.","AAC",484290,"2019-20"
"Southeast Mo. St.","OVC",484292,"2019-20"
"Southeastern La.","Southland",484294,"2019-20"
"Southern California","Pac-12",484296,"2019-20"
"Southern Ill.","MVC",484298,"2019-20"
"Southern Miss.","C-USA",484304,"2019-20"
"Southern U.","SWAC",484306,"2019-20"
"Southern Utah","Big Sky",484307,"2019-20"
"St. Bonaventure","Atlantic 10",484244,"2019-20"
"St. Francis Brooklyn","NEC",484246,"2019-20"
"St. John's (NY)","Big East",484250,"2019-20"
"Stanford","Pac-12",484316,"2019-20"
"Stetson","ASUN",484320,"2019-20"
"Stony Brook","America East",484322,"2019-20"
"Syracuse","ACC",484325,"2019-20"
"TCU","Big 12",484341,"2019-20"
"Temple","AAC",484327,"2019-20"
"Tennessee","SEC",484335,"2019-20"
"Tennessee St.","OVC",484329,"2019-20"
"Tennessee Tech","OVC",484331,"2019-20"
"Texas","Big 12",484350,"2019-20"
"Texas A&M","SEC",484339,"2019-20"
"Texas Southern","SWAC",484343,"2019-20"
"Texas St.","Sun Belt",484312,"2019-20"
"Texas Tech","Big 12",484345,"2019-20"
"Toledo","MAC",484354,"2019-20"
"Towson","CAA",484355,"2019-20"
"Troy","Sun Belt",484356,"2019-20"
"Tulane","AAC",484357,"2019-20"
"Tulsa","AAC",484358,"2019-20"
"UAB","C-USA",483784,"2019-20"
"UC Davis","Big West",483856,"2019-20"
"UC Irvine","Big West",483858,"2019-20"
"UC Riverside","Big West",483862,"2019-20"
"UC Santa Barbara","Big West",483852,"2019-20"
"UCF","AAC",483879,"2019-20"
"UCLA","Pac-12",483860,"2019-20"
"UConn","AAC",483901,"2019-20"
"UIC","Horizon",484008,"2019-20"
"UIW","Southland",484447,"2019-20"
"ULM","Sun Belt",484158,"2019-20"
"UMBC","America East",484074,"2019-20"
"UMES","MEAC",484076,"2019-20"
"UMass Lowell","America East",484058,"2019-20"
"UNC Asheville","Big South",484111,"2019-20"
"UNC Greensboro","SoCon",484117,"2019-20"
"UNCW","CAA",484119,"2019-20"
"UNI","MVC",484167,"2019-20"
"UNLV","Mountain West",484125,"2019-20"
"USC Upstate","Big South",484449,"2019-20"
"UT Arlington","Sun Belt",484347,"2019-20"
"UT Martin","OVC",484337,"2019-20"
"UTEP","C-USA",484352,"2019-20"
"UTRGV","WAC",484196,"2019-20"
"UTSA","C-USA",484353,"2019-20"
"Utah","Pac-12",484366,"2019-20"
"Utah St.","Mountain West",484364,"2019-20"
"Utah Valley","WAC",484456,"2019-20"
"VCU","Atlantic 10",484376,"2019-20"
"Valparaiso","MVC",484368,"2019-20"
"Vanderbilt","SEC",484370,"2019-20"
"Vermont","America East",484372,"2019-20"
"Villanova","Big East",484374,"2019-20"
"Virginia","ACC",484380,"2019-20"
"Virginia Tech","ACC",484378,"2019-20"
"Wagner","NEC",484382,"2019-20"
"Wake Forest","ACC",484384,"2019-20"
"Washington","Pac-12",484388,"2019-20"
"Washington St.","Pac-12",484386,"2019-20"
"Weber St.","Big Sky",484390,"2019-20"
"West Virginia","Big 12",484392,"2019-20"
"Western Caro.","SoCon",484394,"2019-20"
"Western Ill.","Summit League",484395,"2019-20"
"Western Ky.","C-USA",484397,"2019-20"
"Western Mich.","MAC",484399,"2019-20"
"Wichita St.","AAC",484400,"2019-20"
"William & Mary","CAA",484401,"2019-20"
"Winthrop","Big South",484405,"2019-20"
"Wisconsin","Big Ten",484409,"2019-20"
"Wofford","SoCon",484448,"2019-20"
"Wright St.","Horizon",484414,"2019-20"
"Wyoming","Mountain West",484416,"2019-20"
"Xavier","Big East",484418,"2019-20"
"Yale","Ivy League",484420,"2019-20"
"Youngstown St.","Horizon",484422,"2019-20"
"A&M-Corpus Christi","Southland",506396,"2020-21"
"Abilene Christian","Southland",505812,"2020-21"
"Air Force","Mountain West",506306,"2020-21"
"Akron","MAC",505813,"2020-21"
"Alabama","SEC",505816,"2020-21"
"Alabama A&M","SWAC",505814,"2020-21"
"Alabama St.","SWAC",505815,"2020-21"
"Albany (NY)","America East",505818,"2020-21"
"Alcorn","SWAC",505819,"2020-21"
"American","Patriot",505820,"2020-21"
"App State","Sun Belt",505821,"2020-21"
"Arizona","Pac-12",505823,"2020-21"
"Arizona St.","Pac-12",505822,"2020-21"
"Ark.-Pine Bluff","SWAC",506367,"2020-21"
"Arkansas","SEC",505825,"2020-21"
"Arkansas St.","Sun Belt",505824,"2020-21"
"Army West Point","Patriot",506307,"2020-21"
"Auburn","SEC",505827,"2020-21"
"Austin Peay","OVC",505828,"2020-21"
"BYU","WCC",505859,"2020-21"
"Ball St.","MAC",505829,"2020-21"
"Baylor","Big 12",505851,"2020-21"
"Bellarmine","ASUN",506807,"2020-21"
"Belmont","OVC",506394,"2020-21"
"Bethune-Cookman","MEAC",505852,"2020-21"
"Binghamton","America East",505853,"2020-21"
"Boise St.","Mountain West",505854,"2020-21"
"Boston College","ACC",505855,"2020-21"
"Boston U.","Patriot",505856,"2020-21"
"Bowling Green","MAC",505857,"2020-21"
"Bradley","MVC",505858,"2020-21"
"Brown","Ivy League",505860,"2020-21"
"Bryant","NEC",505861,"2020-21"
"Bucknell","Patriot",505862,"2020-21"
"Buffalo","MAC",505863,"2020-21"
"Butler","Big East",505864,"2020-21"
"CSU Bakersfield","Big West",505866,"2020-21"
"CSUN","Big West",505890,"2020-21"
"Cal Poly","Big West",505865,"2020-21"
"Cal St. Fullerton","Big West",505868,"2020-21"
"California","Pac-12",505893,"2020-21"
"California Baptist","WAC",505810,"2020-21"
"Campbell","Big South",505898,"2020-21"
"Canisius","MAAC",505899,"2020-21"
"Central Ark.","Southland",506359,"2020-21"
"Central Conn. St.","NEC",505900,"2020-21"
"Central Mich.","MAC",505902,"2020-21"
"Charleston So.","Big South",505850,"2020-21"
"Charlotte","C-USA",506106,"2020-21"
"Chattanooga","SoCon",506290,"2020-21"
"Chicago St.","WAC",505903,"2020-21"
"Cincinnati","AAC",505904,"2020-21"
"Clemson","ACC",505905,"2020-21"
"Cleveland St.","Horizon",505906,"2020-21"
"Coastal Carolina","Sun Belt",505907,"2020-21"
"Col. of Charleston","CAA",506360,"2020-21"
"Colgate","Patriot",505908,"2020-21"
"Colorado","Pac-12",505910,"2020-21"
"Colorado St.","Mountain West",505909,"2020-21"
"Columbia","Ivy League",505911,"2020-21"
"Coppin St.","MEAC",505913,"2020-21"
"Cornell","Ivy League",505914,"2020-21"
"Creighton","Big East",505915,"2020-21"
"Dartmouth","Ivy League",505916,"2020-21"
"Davidson","Atlantic 10",505917,"2020-21"
"Dayton","Atlantic 10",505918,"2020-21"
"DePaul","Big East",505919,"2020-21"
"Delaware","CAA",505921,"2020-21"
"Delaware St.","MEAC",505920,"2020-21"
"Denver","Summit League",505922,"2020-21"
"Detroit Mercy","Horizon",505923,"2020-21"
"Dixie St.","WAC",506731,"2020-21"
"Drake","MVC",505924,"2020-21"
"Drexel","CAA",505925,"2020-21"
"Duke","ACC",505926,"2020-21"
"Duquesne","Atlantic 10",505927,"2020-21"
"ETSU","SoCon",505929,"2020-21"
"East Carolina","AAC",505928,"2020-21"
"Eastern Ill.","OVC",505950,"2020-21"
"Eastern Ky.","OVC",505951,"2020-21"
"Eastern Mich.","MAC",505952,"2020-21"
"Eastern Wash.","Big Sky",505953,"2020-21"
"Elon","CAA",506361,"2020-21"
"Evansville","MVC",505954,"2020-21"
"FGCU","ASUN",506398,"2020-21"
"FIU","C-USA",505959,"2020-21"
"Fairfield","MAAC",505955,"2020-21"
"Fairleigh Dickinson","NEC",505956,"2020-21"
"Fla. Atlantic","C-USA",505958,"2020-21"
"Florida","SEC",505961,"2020-21"
"Florida A&M","MEAC",505957,"2020-21"
"Florida St.","ACC",505960,"2020-21"
"Fordham","Atlantic 10",505962,"2020-21"
"Fresno St.","Mountain West",505867,"2020-21"
"Furman","SoCon",505963,"2020-21"
"Ga. Southern","Sun Belt",505967,"2020-21"
"Gardner-Webb","Big South",506362,"2020-21"
"George Mason","Atlantic 10",505964,"2020-21"
"George Washington","Atlantic 10",505965,"2020-21"
"Georgetown","Big East",505966,"2020-21"
"Georgia","SEC",505990,"2020-21"
"Georgia St.","Sun Belt",505968,"2020-21"
"Georgia Tech","ACC",505969,"2020-21"
"Gonzaga","WCC",505991,"2020-21"
"Grambling","SWAC",505992,"2020-21"
"Grand Canyon","WAC",506363,"2020-21"
"Green Bay","Horizon",506351,"2020-21"
"Hampton","Big South",505993,"2020-21"
"Hartford","America East",505994,"2020-21"
"Harvard","Ivy League",505995,"2020-21"
"Hawaii","Big West",505996,"2020-21"
"High Point","Big South",506395,"2020-21"
"Hofstra","CAA",505997,"2020-21"
"Holy Cross","Patriot",505998,"2020-21"
"Houston","AAC",506000,"2020-21"
"Houston Baptist","Southland",505999,"2020-21"
"Howard","MEAC",506001,"2020-21"
"IUPUI","Horizon",506368,"2020-21"
"Idaho","Big Sky",506003,"2020-21"
"Idaho St.","Big Sky",506002,"2020-21"
"Illinois","Big Ten",506005,"2020-21"
"Illinois St.","MVC",506004,"2020-21"
"Indiana","Big Ten",506008,"2020-21"
"Indiana St.","MVC",506007,"2020-21"
"Iona","MAAC",506010,"2020-21"
"Iowa","Big Ten",506012,"2020-21"
"Iowa St.","Big 12",506011,"2020-21"
"Jackson St.","SWAC",506013,"2020-21"
"Jacksonville","ASUN",506015,"2020-21"
"Jacksonville St.","OVC",506014,"2020-21"
"James Madison","CAA",506016,"2020-21"
"Kansas","Big 12",506018,"2020-21"
"Kansas City","Summit League",506369,"2020-21"
"Kansas St.","Big 12",506017,"2020-21"
"Kennesaw St.","ASUN",506364,"2020-21"
"Kent St.","MAC",506019,"2020-21"
"Kentucky","SEC",506020,"2020-21"
"LIU","NEC",506026,"2020-21"
"LMU (CA)","WCC",506053,"2020-21"
"LSU","SEC",506028,"2020-21"
"La Salle","Atlantic 10",506021,"2020-21"
"Lafayette","Patriot",506022,"2020-21"
"Lamar University","Southland",506023,"2020-21"
"Lehigh","Patriot",506024,"2020-21"
"Liberty","ASUN",506025,"2020-21"
"Lipscomb","ASUN",506397,"2020-21"
"Little Rock","Sun Belt",505826,"2020-21"
"Long Beach St.","Big West",505869,"2020-21"
"Longwood","Big South",506027,"2020-21"
"Louisiana","Sun Belt",506261,"2020-21"
"Louisiana Tech","C-USA",506029,"2020-21"
"Louisville","ACC",506050,"2020-21"
"Loyola Chicago","MVC",506054,"2020-21"
"Loyola Maryland","Patriot",506052,"2020-21"
"Maine","America East",506055,"2020-21"
"Manhattan","MAAC",506056,"2020-21"
"Marist","MAAC",506057,"2020-21"
"Marquette","Big East",506058,"2020-21"
"Marshall","C-USA",506059,"2020-21"
"Maryland","Big Ten",506061,"2020-21"
"Massachusetts","Atlantic 10",506063,"2020-21"
"McNeese","Southland",506064,"2020-21"
"Memphis","AAC",506065,"2020-21"
"Mercer","SoCon",506066,"2020-21"
"Merrimack","NEC",506400,"2020-21"
"Miami (FL)","ACC",506068,"2020-21"
"Miami (OH)","MAC",506067,"2020-21"
"Michigan","Big Ten",506090,"2020-21"
"Michigan St.","Big Ten",506069,"2020-21"
"Middle Tenn.","C-USA",506091,"2020-21"
"Milwaukee","Horizon",506353,"2020-21"
"Minnesota","Big Ten",506092,"2020-21"
"Mississippi St.","SEC",506093,"2020-21"
"Mississippi Val.","SWAC",506094,"2020-21"
"Missouri","SEC",506096,"2020-21"
"Missouri St.","MVC",506259,"2020-21"
"Monmouth","MAAC",506097,"2020-21"
"Montana","Big Sky",506099,"2020-21"
"Montana St.","Big Sky",506098,"2020-21"
"Morehead St.","OVC",506100,"2020-21"
"Morgan St.","MEAC",506101,"2020-21"
"Mount St. Mary's","NEC",506102,"2020-21"
"Murray St.","OVC",506103,"2020-21"
"N.C. A&T","MEAC",506141,"2020-21"
"N.C. Central","MEAC",506142,"2020-21"
"NC State","ACC",506143,"2020-21"
"NJIT","America East",506134,"2020-21"
"Navy","Patriot",506308,"2020-21"
"Nebraska","Big Ten",506109,"2020-21"
"Nevada","Mountain West",506132,"2020-21"
"New Hampshire","America East",506133,"2020-21"
"New Mexico","Mountain West",506136,"2020-21"
"New Mexico St.","WAC",506135,"2020-21"
"New Orleans","Southland",506137,"2020-21"
"Niagara","MAAC",506138,"2020-21"
"Nicholls","Southland",506139,"2020-21"
"Norfolk St.","MEAC",506140,"2020-21"
"North Ala.","ASUN",505811,"2020-21"
"North Carolina","ACC",506105,"2020-21"
"North Dakota","Summit League",506145,"2020-21"
"North Dakota St.","Summit League",506144,"2020-21"
"North Florida","ASUN",506390,"2020-21"
"North Texas","C-USA",506146,"2020-21"
"Northeastern","CAA",506148,"2020-21"
"Northern Ariz.","Big Sky",506149,"2020-21"
"Northern Colo.","Big Sky",506150,"2020-21"
"Northern Ill.","MAC",506151,"2020-21"
"Northern Ky.","Horizon",506153,"2020-21"
"Northwestern","Big Ten",506155,"2020-21"
"Northwestern St.","Southland",506154,"2020-21"
"Notre Dame","ACC",506156,"2020-21"
"Oakland","Horizon",506157,"2020-21"
"Ohio","MAC",506159,"2020-21"
"Ohio St.","Big Ten",506158,"2020-21"
"Oklahoma","Big 12",506161,"2020-21"
"Oklahoma St.","Big 12",506160,"2020-21"
"Old Dominion","C-USA",506162,"2020-21"
"Ole Miss","SEC",506095,"2020-21"
"Omaha","Summit League",506130,"2020-21"
"Oral Roberts","Summit League",506163,"2020-21"
"Oregon","Pac-12",506165,"2020-21"
"Oregon St.","Pac-12",506164,"2020-21"
"Pacific","WCC",506166,"2020-21"
"Penn","Ivy League",506169,"2020-21"
"Penn St.","Big Ten",506168,"2020-21"
"Pepperdine","WCC",506190,"2020-21"
"Pittsburgh","ACC",506191,"2020-21"
"Portland","WCC",506193,"2020-21"
"Portland St.","Big Sky",506192,"2020-21"
"Prairie View","SWAC",506194,"2020-21"
"Presbyterian","Big South",506365,"2020-21"
"Princeton","Ivy League",506195,"2020-21"
"Providence","Big East",506196,"2020-21"
"Purdue","Big Ten",506197,"2020-21"
"Purdue Fort Wayne","Horizon",506009,"2020-21"
"Quinnipiac","MAAC",506198,"2020-21"
"Radford","Big South",506199,"2020-21"
"Rhode Island","Atlantic 10",506200,"2020-21"
"Rice","C-USA",506201,"2020-21"
"Richmond","Atlantic 10",506202,"2020-21"
"Rider","MAAC",506203,"2020-21"
"Robert Morris","Horizon",506204,"2020-21"
"Rutgers","Big Ten",506205,"2020-21"
"SFA","Southland",506263,"2020-21"
"SIUE","OVC",506254,"2020-21"
"SMU","AAC",506255,"2020-21"
"Sacramento St.","Big Sky",505891,"2020-21"
"Sacred Heart","NEC",506206,"2020-21"
"Saint Francis (PA)","NEC",506209,"2020-21"
"Saint Joseph's","Atlantic 10",506231,"2020-21"
"Saint Louis","Atlantic 10",506232,"2020-21"
"Saint Mary's (CA)","WCC",506233,"2020-21"
"Saint Peter's","MAAC",506234,"2020-21"
"Sam Houston","Southland",506235,"2020-21"
"Samford","SoCon",506236,"2020-21"
"San Diego","WCC",506238,"2020-21"
"San Diego St.","Mountain West",506237,"2020-21"
"San Francisco","WCC",506239,"2020-21"
"San Jose St.","Mountain West",506240,"2020-21"
"Santa Clara","WCC",506241,"2020-21"
"Seattle U","WAC",506366,"2020-21"
"Seton Hall","Big East",506242,"2020-21"
"Siena","MAAC",506243,"2020-21"
"South Alabama","Sun Belt",506244,"2020-21"
"South Carolina","SEC",506246,"2020-21"
"South Carolina St.","MEAC",506245,"2020-21"
"South Dakota","Summit League",506248,"2020-21"
"South Dakota St.","Summit League",506247,"2020-21"
"South Fla.","AAC",506249,"2020-21"
"Southeast Mo. St.","OVC",506250,"2020-21"
"Southeastern La.","Southland",506251,"2020-21"
"Southern California","Pac-12",506252,"2020-21"
"Southern Ill.","MVC",506253,"2020-21"
"Southern Miss.","C-USA",506256,"2020-21"
"Southern U.","SWAC",506257,"2020-21"
"Southern Utah","Big Sky",506258,"2020-21"
"St. Bonaventure","Atlantic 10",506207,"2020-21"
"St. Francis Brooklyn","NEC",506208,"2020-21"
"St. John's (NY)","Big East",506230,"2020-21"
"Stanford","Pac-12",506262,"2020-21"
"Stetson","ASUN",506264,"2020-21"
"Stony Brook","America East",506265,"2020-21"
"Syracuse","ACC",506266,"2020-21"
"TCU","Big 12",506294,"2020-21"
"Tarleton St.","WAC",506573,"2020-21"
"Temple","AAC",506267,"2020-21"
"Tennessee","SEC",506291,"2020-21"
"Tennessee St.","OVC",506268,"2020-21"
"Tennessee Tech","OVC",506269,"2020-21"
"Texas","Big 12",506298,"2020-21"
"Texas A&M","SEC",506293,"2020-21"
"Texas Southern","SWAC",506295,"2020-21"
"Texas St.","Sun Belt",506260,"2020-21"
"Texas Tech","Big 12",506296,"2020-21"
"Toledo","MAC",506301,"2020-21"
"Towson","CAA",506302,"2020-21"
"Troy","Sun Belt",506303,"2020-21"
"Tulane","AAC",506304,"2020-21"
"Tulsa","AAC",506305,"2020-21"
"UAB","C-USA",505817,"2020-21"
"UC Davis","Big West",505894,"2020-21"
"UC Irvine","Big West",505895,"2020-21"
"UC Riverside","Big West",505897,"2020-21"
"UC San Diego","Big West",506842,"2020-21"
"UC Santa Barbara","Big West",505892,"2020-21"
"UCF","AAC",505901,"2020-21"
"UCLA","Pac-12",505896,"2020-21"
"UConn","Big East",505912,"2020-21"
"UIC","Horizon",506006,"2020-21"
"UIW","Southland",506391,"2020-21"
"ULM","Sun Belt",506147,"2020-21"
"UMBC","America East",506060,"2020-21"
"UMES","MEAC",506062,"2020-21"
"UMass Lowell","America East",506051,"2020-21"
"UNC Asheville","Big South",506104,"2020-21"
"UNC Greensboro","SoCon",506107,"2020-21"
"UNCW","CAA",506108,"2020-21"
"UNI","MVC",506152,"2020-21"
"UNLV","Mountain West",506131,"2020-21"
"USC Upstate","Big South",506393,"2020-21"
"UT Arlington","Sun Belt",506297,"2020-21"
"UT Martin","OVC",506292,"2020-21"
"UTEP","C-USA",506299,"2020-21"
"UTRGV","WAC",506167,"2020-21"
"UTSA","C-USA",506300,"2020-21"
"Utah","Pac-12",506330,"2020-21"
"Utah St.","Mountain West",506309,"2020-21"
"Utah Valley","WAC",506399,"2020-21"
"VCU","Atlantic 10",506335,"2020-21"
"Valparaiso","MVC",506331,"2020-21"
"Vanderbilt","SEC",506332,"2020-21"
"Vermont","America East",506333,"2020-21"
"Villanova","Big East",506334,"2020-21"
"Virginia","ACC",506337,"2020-21"
"Virginia Tech","ACC",506336,"2020-21"
"Wagner","NEC",506338,"2020-21"
"Wake Forest","ACC",506339,"2020-21"
"Washington","Pac-12",506341,"2020-21"
"Washington St.","Pac-12",506340,"2020-21"
"Weber St.","Big Sky",506342,"2020-21"
"West Virginia","Big 12",506343,"2020-21"
"Western Caro.","SoCon",506344,"2020-21"
"Western Ill.","Summit League",506345,"2020-21"
"Western Ky.","C-USA",506346,"2020-21"
"Western Mich.","MAC",506347,"2020-21"
"Wichita St.","AAC",506348,"2020-21"
"William & Mary","CAA",506349,"2020-21"
"Winthrop","Big South",506350,"2020-21"
"Wisconsin","Big Ten",506352,"2020-21"
"Wofford","SoCon",506392,"2020-21"
"Wright St.","Horizon",506354,"2020-21"
"Wyoming","Mountain West",506355,"2020-21"
"Xavier","Big East",506356,"2020-21"
"Yale","Ivy League",506357,"2020-21"
"Youngstown St.","Horizon",506358,"2020-21"
"A&M-Corpus Christi","Southland",528811,"2021-22"
"Abilene Christian","WAC",527225,"2021-22"
"Air Force","Mountain West",528761,"2021-22"
"Akron","MAC",527226,"2021-22"
"Alabama","SEC",527229,"2021-22"
"Alabama A&M","SWAC",527227,"2021-22"
"Alabama St.","SWAC",527228,"2021-22"
"Albany (NY)","America East",527231,"2021-22"
"Alcorn","SWAC",527232,"2021-22"
"American","Patriot",527233,"2021-22"
"App State","Sun Belt",528474,"2021-22"
"Arizona","Pac-12",528476,"2021-22"
"Arizona St.","Pac-12",528475,"2021-22"
"Ark.-Pine Bluff","SWAC",528802,"2021-22"
"Arkansas","SEC",528478,"2021-22"
"Arkansas St.","Sun Belt",528477,"2021-22"
"Army West Point","Patriot",528762,"2021-22"
"Auburn","SEC",528480,"2021-22"
"Austin Peay","OVC",528481,"2021-22"
"BYU","WCC",528492,"2021-22"
"Ball St.","MAC",528482,"2021-22"
"Baylor","Big 12",528484,"2021-22"
"Bellarmine","ASUN",528759,"2021-22"
"Belmont","OVC",528809,"2021-22"
"Bethune-Cookman","SWAC",528485,"2021-22"
"Binghamton","America East",528486,"2021-22"
"Boise St.","Mountain West",528487,"2021-22"
"Boston College","ACC",528488,"2021-22"
"Boston U.","Patriot",528489,"2021-22"
"Bowling Green","MAC",528490,"2021-22"
"Bradley","MVC",528491,"2021-22"
"Brown","Ivy League",528493,"2021-22"
"Bryant","NEC",528494,"2021-22"
"Bucknell","Patriot",528495,"2021-22"
"Buffalo","MAC",528496,"2021-22"
"Butler","Big East",528497,"2021-22"
"CSU Bakersfield","Big West",528499,"2021-22"
"CSUN","Big West",528503,"2021-22"
"Cal Poly","Big West",528498,"2021-22"
"Cal St. Fullerton","Big West",528501,"2021-22"
"California","Pac-12",528506,"2021-22"
"California Baptist","WAC",527223,"2021-22"
"Campbell","Big South",528511,"2021-22"
"Canisius","MAAC",528512,"2021-22"
"Central Ark.","ASUN",528794,"2021-22"
"Central Conn. St.","NEC",528513,"2021-22"
"Central Mich.","MAC",528515,"2021-22"
"Charleston So.","Big South",528483,"2021-22"
"Charlotte","C-USA",528639,"2021-22"
"Chattanooga","SoCon",528743,"2021-22"
"Chicago St.","WAC",528516,"2021-22"
"Cincinnati","AAC",528517,"2021-22"
"Clemson","ACC",528518,"2021-22"
"Cleveland St.","Horizon",528519,"2021-22"
"Coastal Carolina","Sun Belt",528520,"2021-22"
"Col. of Charleston","CAA",528795,"2021-22"
"Colgate","Patriot",528521,"2021-22"
"Colorado","Pac-12",528523,"2021-22"
"Colorado St.","Mountain West",528522,"2021-22"
"Columbia","Ivy League",528524,"2021-22"
"Coppin St.","MEAC",528526,"2021-22"
"Cornell","Ivy League",528527,"2021-22"
"Creighton","Big East",528528,"2021-22"
"Dartmouth","Ivy League",528529,"2021-22"
"Davidson","Atlantic 10",528530,"2021-22"
"Dayton","Atlantic 10",528531,"2021-22"
"DePaul","Big East",528532,"2021-22"
"Delaware","CAA",528534,"2021-22"
"Delaware St.","MEAC",528533,"2021-22"
"Denver","Summit League",528535,"2021-22"
"Detroit Mercy","Horizon",528536,"2021-22"
"Dixie St.","WAC",528758,"2021-22"
"Drake","MVC",528537,"2021-22"
"Drexel","CAA",528538,"2021-22"
"Duke","ACC",528539,"2021-22"
"Duquesne","Atlantic 10",528540,"2021-22"
"ETSU","SoCon",528542,"2021-22"
"East Carolina","AAC",528541,"2021-22"
"Eastern Ill.","OVC",528543,"2021-22"
"Eastern Ky.","ASUN",528544,"2021-22"
"Eastern Mich.","MAC",528545,"2021-22"
"Eastern Wash.","Big Sky",528546,"2021-22"
"Elon","CAA",528796,"2021-22"
"Evansville","MVC",528547,"2021-22"
"FGCU","ASUN",528813,"2021-22"
"FIU","C-USA",528552,"2021-22"
"Fairfield","MAAC",528548,"2021-22"
"Fairleigh Dickinson","NEC",528549,"2021-22"
"Fla. Atlantic","C-USA",528551,"2021-22"
"Florida","SEC",528554,"2021-22"
"Florida A&M","SWAC",528550,"2021-22"
"Florida St.","ACC",528553,"2021-22"
"Fordham","Atlantic 10",528555,"2021-22"
"Fresno St.","Mountain West",528500,"2021-22"
"Furman","SoCon",528556,"2021-22"
"Ga. Southern","Sun Belt",528560,"2021-22"
"Gardner-Webb","Big South",528797,"2021-22"
"George Mason","Atlantic 10",528557,"2021-22"
"George Washington","Atlantic 10",528558,"2021-22"
"Georgetown","Big East",528559,"2021-22"
"Georgia","SEC",528563,"2021-22"
"Georgia St.","Sun Belt",528561,"2021-22"
"Georgia Tech","ACC",528562,"2021-22"
"Gonzaga","WCC",528564,"2021-22"
"Grambling","SWAC",528565,"2021-22"
"Grand Canyon","WAC",528798,"2021-22"
"Green Bay","Horizon",528786,"2021-22"
"Hampton","Big South",528566,"2021-22"
"Hartford","America East",528567,"2021-22"
"Harvard","Ivy League",528568,"2021-22"
"Hawaii","Big West",528569,"2021-22"
"High Point","Big South",528810,"2021-22"
"Hofstra","CAA",528570,"2021-22"
"Holy Cross","Patriot",528571,"2021-22"
"Houston","AAC",528573,"2021-22"
"Houston Baptist","Southland",528572,"2021-22"
"Howard","MEAC",528574,"2021-22"
"IUPUI","Horizon",528803,"2021-22"
"Idaho","Big Sky",528576,"2021-22"
"Idaho St.","Big Sky",528575,"2021-22"
"Illinois","Big Ten",528578,"2021-22"
"Illinois St.","MVC",528577,"2021-22"
"Indiana","Big Ten",528581,"2021-22"
"Indiana St.","MVC",528580,"2021-22"
"Iona","MAAC",528583,"2021-22"
"Iowa","Big Ten",528585,"2021-22"
"Iowa St.","Big 12",528584,"2021-22"
"Jackson St.","SWAC",528586,"2021-22"
"Jacksonville","ASUN",528588,"2021-22"
"Jacksonville St.","ASUN",528587,"2021-22"
"James Madison","CAA",528589,"2021-22"
"Kansas","Big 12",528591,"2021-22"
"Kansas City","Summit League",528804,"2021-22"
"Kansas St.","Big 12",528590,"2021-22"
"Kennesaw St.","ASUN",528799,"2021-22"
"Kent St.","MAC",528592,"2021-22"
"Kentucky","SEC",528593,"2021-22"
"LIU","NEC",528599,"2021-22"
"LMU (CA)","WCC",528606,"2021-22"
"LSU","SEC",528601,"2021-22"
"La Salle","Atlantic 10",528594,"2021-22"
"Lafayette","Patriot",528595,"2021-22"
"Lamar University","WAC",528596,"2021-22"
"Lehigh","Patriot",528597,"2021-22"
"Liberty","ASUN",528598,"2021-22"
"Lipscomb","ASUN",528812,"2021-22"
"Little Rock","Sun Belt",528479,"2021-22"
"Long Beach St.","Big West",528502,"2021-22"
"Longwood","Big South",528600,"2021-22"
"Louisiana","Sun Belt",528734,"2021-22"
"Louisiana Tech","C-USA",528602,"2021-22"
"Louisville","ACC",528603,"2021-22"
"Loyola Chicago","MVC",528607,"2021-22"
"Loyola Maryland","Patriot",528605,"2021-22"
"Maine","America East",528608,"2021-22"
"Manhattan","MAAC",528609,"2021-22"
"Marist","MAAC",528610,"2021-22"
"Marquette","Big East",528611,"2021-22"
"Marshall","C-USA",528612,"2021-22"
"Maryland","Big Ten",528614,"2021-22"
"Massachusetts","Atlantic 10",528616,"2021-22"
"McNeese","Southland",528617,"2021-22"
"Memphis","AAC",528618,"2021-22"
"Mercer","SoCon",528619,"2021-22"
"Merrimack","NEC",528815,"2021-22"
"Miami (FL)","ACC",528621,"2021-22"
"Miami (OH)","MAC",528620,"2021-22"
"Michigan","Big Ten",528623,"2021-22"
"Michigan St.","Big Ten",528622,"2021-22"
"Middle Tenn.","C-USA",528624,"2021-22"
"Milwaukee","Horizon",528788,"2021-22"
"Minnesota","Big Ten",528625,"2021-22"
"Mississippi St.","SEC",528626,"2021-22"
"Mississippi Val.","SWAC",528627,"2021-22"
"Missouri","SEC",528629,"2021-22"
"Missouri St.","MVC",528732,"2021-22"
"Monmouth","MAAC",528630,"2021-22"
"Montana","Big Sky",528632,"2021-22"
"Montana St.","Big Sky",528631,"2021-22"
"Morehead St.","OVC",528633,"2021-22"
"Morgan St.","MEAC",528634,"2021-22"
"Mount St. Mary's","NEC",528635,"2021-22"
"Murray St.","OVC",528636,"2021-22"
"N.C. A&T","Big South",528654,"2021-22"
"N.C. Central","MEAC",528655,"2021-22"
"NC State","ACC",528656,"2021-22"
"NJIT","America East",528647,"2021-22"
"Navy","Patriot",528763,"2021-22"
"Nebraska","Big Ten",528642,"2021-22"
"Nevada","Mountain West",528645,"2021-22"
"New Hampshire","America East",528646,"2021-22"
"New Mexico","Mountain West",528649,"2021-22"
"New Mexico St.","WAC",528648,"2021-22"
"New Orleans","Southland",528650,"2021-22"
"Niagara","MAAC",528651,"2021-22"
"Nicholls","Southland",528652,"2021-22"
"Norfolk St.","MEAC",528653,"2021-22"
"North Ala.","ASUN",527224,"2021-22"
"North Carolina","ACC",528638,"2021-22"
"North Dakota","Summit League",528658,"2021-22"
"North Dakota St.","Summit League",528657,"2021-22"
"North Florida","ASUN",528805,"2021-22"
"North Texas","C-USA",528659,"2021-22"
"Northeastern","CAA",528661,"2021-22"
"Northern Ariz.","Big Sky",528662,"2021-22"
"Northern Colo.","Big Sky",528663,"2021-22"
"Northern Ill.","MAC",528664,"2021-22"
"Northern Ky.","Horizon",528666,"2021-22"
"Northwestern","Big Ten",528668,"2021-22"
"Northwestern St.","Southland",528667,"2021-22"
"Notre Dame","ACC",528669,"2021-22"
"Oakland","Horizon",528670,"2021-22"
"Ohio","MAC",528672,"2021-22"
"Ohio St.","Big Ten",528671,"2021-22"
"Oklahoma","Big 12",528674,"2021-22"
"Oklahoma St.","Big 12",528673,"2021-22"
"Old Dominion","C-USA",528675,"2021-22"
"Ole Miss","SEC",528628,"2021-22"
"Omaha","Summit League",528643,"2021-22"
"Oral Roberts","Summit League",528676,"2021-22"
"Oregon","Pac-12",528678,"2021-22"
"Oregon St.","Pac-12",528677,"2021-22"
"Pacific","WCC",528679,"2021-22"
"Penn","Ivy League",528682,"2021-22"
"Penn St.","Big Ten",528681,"2021-22"
"Pepperdine","WCC",528683,"2021-22"
"Pittsburgh","ACC",528684,"2021-22"
"Portland","WCC",528686,"2021-22"
"Portland St.","Big Sky",528685,"2021-22"
"Prairie View","SWAC",528687,"2021-22"
"Presbyterian","Big South",528800,"2021-22"
"Princeton","Ivy League",528688,"2021-22"
"Providence","Big East",528689,"2021-22"
"Purdue","Big Ten",528690,"2021-22"
"Purdue Fort Wayne","Horizon",528582,"2021-22"
"Quinnipiac","MAAC",528691,"2021-22"
"Radford","Big South",528692,"2021-22"
"Rhode Island","Atlantic 10",528693,"2021-22"
"Rice","C-USA",528694,"2021-22"
"Richmond","Atlantic 10",528695,"2021-22"
"Rider","MAAC",528696,"2021-22"
"Robert Morris","Horizon",528697,"2021-22"
"Rutgers","Big Ten",528698,"2021-22"
"SFA","WAC",528736,"2021-22"
"SIUE","OVC",528727,"2021-22"
"SMU","AAC",528728,"2021-22"
"Sacramento St.","Big Sky",528504,"2021-22"
"Sacred Heart","NEC",528699,"2021-22"
"Saint Francis (PA)","NEC",528702,"2021-22"
"Saint Joseph's","Atlantic 10",528704,"2021-22"
"Saint Louis","Atlantic 10",528705,"2021-22"
"Saint Mary's (CA)","WCC",528706,"2021-22"
"Saint Peter's","MAAC",528707,"2021-22"
"Sam Houston","Southland",528708,"2021-22"
"Samford","SoCon",528709,"2021-22"
"San Diego","WCC",528711,"2021-22"
"San Diego St.","Mountain West",528710,"2021-22"
"San Francisco","WCC",528712,"2021-22"
"San Jose St.","Mountain West",528713,"2021-22"
"Santa Clara","WCC",528714,"2021-22"
"Seattle U","WAC",528801,"2021-22"
"Seton Hall","Big East",528715,"2021-22"
"Siena","MAAC",528716,"2021-22"
"South Alabama","Sun Belt",528717,"2021-22"
"South Carolina","SEC",528719,"2021-22"
"South Carolina St.","MEAC",528718,"2021-22"
"South Dakota","Summit League",528721,"2021-22"
"South Dakota St.","Summit League",528720,"2021-22"
"South Fla.","AAC",528722,"2021-22"
"Southeast Mo. St.","OVC",528723,"2021-22"
"Southeastern La.","Southland",528724,"2021-22"
"Southern California","Pac-12",528725,"2021-22"
"Southern Ill.","MVC",528726,"2021-22"
"Southern Miss.","C-USA",528729,"2021-22"
"Southern U.","SWAC",528730,"2021-22"
"Southern Utah","Big Sky",528731,"2021-22"
"St. Bonaventure","Atlantic 10",528700,"2021-22"
"St. Francis Brooklyn","NEC",528701,"2021-22"
"St. John's (NY)","Big East",528703,"2021-22"
"St. Thomas (MN)","Summit League",529315,"2021-22"
"Stanford","Pac-12",528735,"2021-22"
"Stetson","ASUN",528737,"2021-22"
"Stony Brook","America East",528738,"2021-22"
"Syracuse","ACC",528739,"2021-22"
"TCU","Big 12",528747,"2021-22"
"Tarleton St.","WAC",527222,"2021-22"
"Temple","AAC",528740,"2021-22"
"Tennessee","SEC",528744,"2021-22"
"Tennessee St.","OVC",528741,"2021-22"
"Tennessee Tech","OVC",528742,"2021-22"
"Texas","Big 12",528751,"2021-22"
"Texas A&M","SEC",528746,"2021-22"
"Texas Southern","SWAC",528748,"2021-22"
"Texas St.","Sun Belt",528733,"2021-22"
"Texas Tech","Big 12",528749,"2021-22"
"Toledo","MAC",528754,"2021-22"
"Towson","CAA",528755,"2021-22"
"Troy","Sun Belt",528756,"2021-22"
"Tulane","AAC",528757,"2021-22"
"Tulsa","AAC",528760,"2021-22"
"UAB","C-USA",527230,"2021-22"
"UC Davis","Big West",528507,"2021-22"
"UC Irvine","Big West",528508,"2021-22"
"UC Riverside","Big West",528510,"2021-22"
"UC San Diego","Big West",528816,"2021-22"
"UC Santa Barbara","Big West",528505,"2021-22"
"UCF","AAC",528514,"2021-22"
"UCLA","Pac-12",528509,"2021-22"
"UConn","Big East",528525,"2021-22"
"UIC","Horizon",528579,"2021-22"
"UIW","Southland",528806,"2021-22"
"ULM","Sun Belt",528660,"2021-22"
"UMBC","America East",528613,"2021-22"
"UMES","MEAC",528615,"2021-22"
"UMass Lowell","America East",528604,"2021-22"
"UNC Asheville","Big South",528637,"2021-22"
"UNC Greensboro","SoCon",528640,"2021-22"
"UNCW","CAA",528641,"2021-22"
"UNI","MVC",528665,"2021-22"
"UNLV","Mountain West",528644,"2021-22"
"USC Upstate","Big South",528808,"2021-22"
"UT Arlington","Sun Belt",528750,"2021-22"
"UT Martin","OVC",528745,"2021-22"
"UTEP","C-USA",528752,"2021-22"
"UTRGV","WAC",528680,"2021-22"
"UTSA","C-USA",528753,"2021-22"
"Utah","Pac-12",528765,"2021-22"
"Utah St.","Mountain West",528764,"2021-22"
"Utah Valley","WAC",528814,"2021-22"
"VCU","Atlantic 10",528770,"2021-22"
"Valparaiso","MVC",528766,"2021-22"
"Vanderbilt","SEC",528767,"2021-22"
"Vermont","America East",528768,"2021-22"
"Villanova","Big East",528769,"2021-22"
"Virginia","ACC",528772,"2021-22"
"Virginia Tech","ACC",528771,"2021-22"
"Wagner","NEC",528773,"2021-22"
"Wake Forest","ACC",528774,"2021-22"
"Washington","Pac-12",528776,"2021-22"
"Washington St.","Pac-12",528775,"2021-22"
"Weber St.","Big Sky",528777,"2021-22"
"West Virginia","Big 12",528778,"2021-22"
"Western Caro.","SoCon",528779,"2021-22"
"Western Ill.","Summit League",528780,"2021-22"
"Western Ky.","C-USA",528781,"2021-22"
"Western Mich.","MAC",528782,"2021-22"
"Wichita St.","AAC",528783,"2021-22"
"William & Mary","CAA",528784,"2021-22"
"Winthrop","Big South",528785,"2021-22"
"Wisconsin","Big Ten",528787,"2021-22"
"Wofford","SoCon",528807,"2021-22"
"Wright St.","Horizon",528789,"2021-22"
"Wyoming","Mountain West",528790,"2021-22"
"Xavier","Big East",528791,"2021-22"
"Yale","Ivy League",528792,"2021-22"
"Youngstown St.","Horizon",528793,"2021-22"
"A&M-Corpus Christi","Southland",542807,"2022-23"
"Abilene Christian","WAC",542059,"2022-23"
"Air Force","Mountain West",542702,"2022-23"
"Akron","MAC",542063,"2022-23"
"Alabama","SEC",542069,"2022-23"
"Alabama A&M","SWAC",542065,"2022-23"
"Alabama St.","SWAC",542067,"2022-23"
"Alcorn","SWAC",542077,"2022-23"
"American","Patriot",542079,"2022-23"
"App State","Sun Belt",542083,"2022-23"
"Arizona","Pac-12",542088,"2022-23"
"Arizona St.","Pac-12",542084,"2022-23"
"Ark.-Pine Bluff","SWAC",542789,"2022-23"
"Arkansas","SEC",542092,"2022-23"
"Arkansas St.","Sun Belt",542090,"2022-23"
"Army West Point","Patriot",542704,"2022-23"
"Auburn","SEC",542097,"2022-23"
"Austin Peay","ASUN",542099,"2022-23"
"BYU","WCC",542122,"2022-23"
"Ball St.","MAC",542101,"2022-23"
"Baylor","Big 12",542105,"2022-23"
"Bellarmine","ASUN",542697,"2022-23"
"Belmont","MVC",542803,"2022-23"
"Bethune-Cookman","SWAC",542107,"2022-23"
"Binghamton","America East",542109,"2022-23"
"Boise St.","Mountain West",542111,"2022-23"
"Boston College","ACC",542114,"2022-23"
"Boston U.","Patriot",542116,"2022-23"
"Bowling Green","MAC",542118,"2022-23"
"Bradley","MVC",542120,"2022-23"
"Brown","Ivy League",542124,"2022-23"
"Bryant","America East",542126,"2022-23"
"Bucknell","Patriot",542129,"2022-23"
"Buffalo","MAC",542131,"2022-23"
"Butler","Big East",542133,"2022-23"
"CSU Bakersfield","Big West",542139,"2022-23"
"CSUN","Big West",542148,"2022-23"
"Cal Poly","Big West",542135,"2022-23"
"Cal St. Fullerton","Big West",542144,"2022-23"
"California","Pac-12",542153,"2022-23"
"California Baptist","WAC",542055,"2022-23"
"Campbell","Big South",542164,"2022-23"
"Canisius","MAAC",542166,"2022-23"
"Central Ark.","ASUN",542772,"2022-23"
"Central Conn. St.","NEC",542168,"2022-23"
"Central Mich.","MAC",542172,"2022-23"
"Charleston So.","Big South",542103,"2022-23"
"Charlotte","C-USA",542443,"2022-23"
"Chattanooga","SoCon",542665,"2022-23"
"Chicago St.","Independent",542174,"2022-23"
"Cincinnati","AAC",542176,"2022-23"
"Clemson","ACC",542178,"2022-23"
"Cleveland St.","Horizon",542180,"2022-23"
"Coastal Carolina","Sun Belt",542182,"2022-23"
"Col. of Charleston","CAA",542775,"2022-23"
"Colgate","Patriot",542184,"2022-23"
"Colorado","Pac-12",542189,"2022-23"
"Colorado St.","Mountain West",542186,"2022-23"
"Columbia","Ivy League",542191,"2022-23"
"Coppin St.","MEAC",542197,"2022-23"
"Cornell","Ivy League",542199,"2022-23"
"Creighton","Big East",542201,"2022-23"
"Dartmouth","Ivy League",542203,"2022-23"
"Davidson","Atlantic 10",542206,"2022-23"
"Dayton","Atlantic 10",542208,"2022-23"
"DePaul","Big East",542212,"2022-23"
"Delaware","CAA",542217,"2022-23"
"Delaware St.","MEAC",542215,"2022-23"
"Denver","Summit League",542218,"2022-23"
"Detroit Mercy","Horizon",542220,"2022-23"
"Drake","MVC",542221,"2022-23"
"Drexel","CAA",542224,"2022-23"
"Duke","ACC",542226,"2022-23"
"Duquesne","Atlantic 10",542228,"2022-23"
"ETSU","SoCon",542231,"2022-23"
"East Carolina","AAC",542229,"2022-23"
"Eastern Ill.","OVC",542233,"2022-23"
"Eastern Ky.","ASUN",542238,"2022-23"
"Eastern Mich.","MAC",542241,"2022-23"
"Eastern Wash.","Big Sky",542243,"2022-23"
"Elon","CAA",542777,"2022-23"
"Evansville","MVC",542245,"2022-23"
"FGCU","ASUN",542812,"2022-23"
"FIU","C-USA",542256,"2022-23"
"Fairfield","MAAC",542247,"2022-23"
"Fairleigh Dickinson","NEC",542250,"2022-23"
"Fla. Atlantic","C-USA",542254,"2022-23"
"Florida","SEC",542261,"2022-23"
"Florida A&M","SWAC",542252,"2022-23"
"Florida St.","ACC",542258,"2022-23"
"Fordham","Atlantic 10",542263,"2022-23"
"Fresno St.","Mountain West",542142,"2022-23"
"Furman","SoCon",542265,"2022-23"
"Ga. Southern","Sun Belt",542275,"2022-23"
"Gardner-Webb","Big South",542778,"2022-23"
"George Mason","Atlantic 10",542267,"2022-23"
"George Washington","Atlantic 10",542270,"2022-23"
"Georgetown","Big East",542272,"2022-23"
"Georgia","SEC",542280,"2022-23"
"Georgia St.","Sun Belt",542277,"2022-23"
"Georgia Tech","ACC",542279,"2022-23"
"Gonzaga","WCC",542282,"2022-23"
"Grambling","SWAC",542284,"2022-23"
"Grand Canyon","WAC",542780,"2022-23"
"Green Bay","Horizon",542755,"2022-23"
"Hampton","CAA",542286,"2022-23"
"Hartford","America East",542288,"2022-23"
"Harvard","Ivy League",542291,"2022-23"
"Hawaii","Big West",542293,"2022-23"
"High Point","Big South",542805,"2022-23"
"Hofstra","CAA",542295,"2022-23"
"Holy Cross","Patriot",542297,"2022-23"
"Houston","AAC",542302,"2022-23"
"Houston Christian","Southland",542300,"2022-23"
"Howard","MEAC",542303,"2022-23"
"IUPUI","Horizon",542790,"2022-23"
"Idaho","Big Sky",542306,"2022-23"
"Idaho St.","Big Sky",542304,"2022-23"
"Illinois","Big Ten",542310,"2022-23"
"Illinois St.","MVC",542308,"2022-23"
"Indiana","Big Ten",542315,"2022-23"
"Indiana St.","MVC",542313,"2022-23"
"Iona","MAAC",542320,"2022-23"
"Iowa","Big Ten",542324,"2022-23"
"Iowa St.","Big 12",542322,"2022-23"
"Jackson St.","SWAC",542326,"2022-23"
"Jacksonville","ASUN",542330,"2022-23"
"Jacksonville St.","ASUN",542328,"2022-23"
"James Madison","Sun Belt",542332,"2022-23"
"Kansas","Big 12",542336,"2022-23"
"Kansas City","Summit League",542792,"2022-23"
"Kansas St.","Big 12",542334,"2022-23"
"Kennesaw St.","ASUN",542782,"2022-23"
"Kent St.","MAC",542338,"2022-23"
"Kentucky","SEC",542340,"2022-23"
"LIU","NEC",542353,"2022-23"
"LMU (CA)","WCC",542367,"2022-23"
"LSU","SEC",542358,"2022-23"
"La Salle","Atlantic 10",542343,"2022-23"
"Lafayette","Patriot",542345,"2022-23"
"Lamar University","WAC",542347,"2022-23"
"Lehigh","Patriot",542348,"2022-23"
"Liberty","ASUN",542351,"2022-23"
"Lindenwood","OVC",543536,"2022-23"
"Lipscomb","ASUN",542809,"2022-23"
"Little Rock","OVC",542094,"2022-23"
"Long Beach St.","Big West",542146,"2022-23"
"Longwood","Big South",542355,"2022-23"
"Louisiana","Sun Belt",542647,"2022-23"
"Louisiana Tech","C-USA",542360,"2022-23"
"Louisville","ACC",542362,"2022-23"
"Loyola Chicago","Atlantic 10",542369,"2022-23"
"Loyola Maryland","Patriot",542365,"2022-23"
"Maine","America East",542371,"2022-23"
"Manhattan","MAAC",542373,"2022-23"
"Marist","MAAC",542375,"2022-23"
"Marquette","Big East",542378,"2022-23"
"Marshall","Sun Belt",542380,"2022-23"
"Maryland","Big Ten",542384,"2022-23"
"Massachusetts","Atlantic 10",542389,"2022-23"
"McNeese","Southland",542392,"2022-23"
"Memphis","AAC",542394,"2022-23"
"Mercer","SoCon",542396,"2022-23"
"Merrimack","NEC",542817,"2022-23"
"Miami (FL)","ACC",542401,"2022-23"
"Miami (OH)","MAC",542399,"2022-23"
"Michigan","Big Ten",542405,"2022-23"
"Michigan St.","Big Ten",542403,"2022-23"
"Middle Tenn.","C-USA",542408,"2022-23"
"Milwaukee","Horizon",542760,"2022-23"
"Minnesota","Big Ten",542409,"2022-23"
"Mississippi St.","SEC",542412,"2022-23"
"Mississippi Val.","SWAC",542415,"2022-23"
"Missouri","SEC",542421,"2022-23"
"Missouri St.","MVC",542643,"2022-23"
"Monmouth","CAA",542423,"2022-23"
"Montana","Big Sky",542428,"2022-23"
"Montana St.","Big Sky",542426,"2022-23"
"Morehead St.","OVC",542430,"2022-23"
"Morgan St.","MEAC",542432,"2022-23"
"Mount St. Mary's","MAAC",542435,"2022-23"
"Murray St.","MVC",542437,"2022-23"
"N.C. A&T","CAA",542472,"2022-23"
"N.C. Central","MEAC",542474,"2022-23"
"NC State","ACC",542476,"2022-23"
"NIU","MAC",542493,"2022-23"
"NJIT","America East",542459,"2022-23"
"Navy","Patriot",542706,"2022-23"
"Nebraska","Big Ten",542450,"2022-23"
"Nevada","Mountain West",542455,"2022-23"
"New Hampshire","America East",542458,"2022-23"
"New Mexico","Mountain West",542463,"2022-23"
"New Mexico St.","WAC",542461,"2022-23"
"New Orleans","Southland",542464,"2022-23"
"Niagara","MAAC",542466,"2022-23"
"Nicholls","Southland",542468,"2022-23"
"Norfolk St.","MEAC",542470,"2022-23"
"North Ala.","ASUN",542057,"2022-23"
"North Carolina","ACC",542441,"2022-23"
"North Dakota","Summit League",542480,"2022-23"
"North Dakota St.","Summit League",542478,"2022-23"
"North Florida","ASUN",542794,"2022-23"
"North Texas","C-USA",542482,"2022-23"
"Northeastern","CAA",542486,"2022-23"
"Northern Ariz.","Big Sky",542488,"2022-23"
"Northern Colo.","Big Sky",542490,"2022-23"
"Northern Ky.","Horizon",542497,"2022-23"
"Northwestern","Big Ten",542500,"2022-23"
"Northwestern St.","Southland",542498,"2022-23"
"Notre Dame","ACC",542503,"2022-23"
"Oakland","Horizon",542506,"2022-23"
"Ohio","MAC",542510,"2022-23"
"Ohio St.","Big Ten",542508,"2022-23"
"Oklahoma","Big 12",542514,"2022-23"
"Oklahoma St.","Big 12",542512,"2022-23"
"Old Dominion","Sun Belt",542516,"2022-23"
"Ole Miss","SEC",542418,"2022-23"
"Omaha","Summit League",542452,"2022-23"
"Oral Roberts","Summit League",542518,"2022-23"
"Oregon","Pac-12",542522,"2022-23"
"Oregon St.","Pac-12",542520,"2022-23"
"Pacific","WCC",542525,"2022-23"
"Penn","Ivy League",542531,"2022-23"
"Penn St.","Big Ten",542528,"2022-23"
"Pepperdine","WCC",542533,"2022-23"
"Pittsburgh","ACC",542536,"2022-23"
"Portland","WCC",542540,"2022-23"
"Portland St.","Big Sky",542538,"2022-23"
"Prairie View","SWAC",542543,"2022-23"
"Presbyterian","Big South",542784,"2022-23"
"Princeton","Ivy League",542546,"2022-23"
"Providence","Big East",542548,"2022-23"
"Purdue","Big Ten",542551,"2022-23"
"Purdue Fort Wayne","Horizon",542318,"2022-23"
"Queens (NC)","ASUN",543491,"2022-23"
"Quinnipiac","MAAC",542553,"2022-23"
"Radford","Big South",542555,"2022-23"
"Rhode Island","Atlantic 10",542557,"2022-23"
"Rice","C-USA",542559,"2022-23"
"Richmond","Atlantic 10",542561,"2022-23"
"Rider","MAAC",542562,"2022-23"
"Robert Morris","Horizon",542565,"2022-23"
"Rutgers","Big Ten",542567,"2022-23"
"SFA","WAC",542651,"2022-23"
"SIUE","OVC",542633,"2022-23"
"SMU","AAC",542634,"2022-23"
"Sacramento St.","Big Sky",542149,"2022-23"
"Sacred Heart","NEC",542568,"2022-23"
"Saint Francis (PA)","NEC",542574,"2022-23"
"Saint Joseph's","Atlantic 10",542578,"2022-23"
"Saint Louis","Atlantic 10",542580,"2022-23"
"Saint Mary's (CA)","WCC",542583,"2022-23"
"Saint Peter's","MAAC",542585,"2022-23"
"Sam Houston","Southland",542587,"2022-23"
"Samford","SoCon",542589,"2022-23"
"San Diego","WCC",542593,"2022-23"
"San Diego St.","Mountain West",542590,"2022-23"
"San Francisco","WCC",542594,"2022-23"
"San Jose St.","Mountain West",542596,"2022-23"
"Santa Clara","WCC",542599,"2022-23"
"Seattle U","WAC",542786,"2022-23"
"Seton Hall","Big East",542602,"2022-23"
"Siena","MAAC",542604,"2022-23"
"South Alabama","Sun Belt",542607,"2022-23"
"South Carolina","SEC",542612,"2022-23"
"South Carolina St.","MEAC",542610,"2022-23"
"South Dakota","Summit League",542618,"2022-23"
"South Dakota St.","Summit League",542615,"2022-23"
"South Fla.","AAC",542621,"2022-23"
"Southeast Mo. St.","OVC",542624,"2022-23"
"Southeastern La.","Southland",542626,"2022-23"
"Southern California","Pac-12",542628,"2022-23"
"Southern Ill.","MVC",542630,"2022-23"
"Southern Ind.","OVC",543608,"2022-23"
"Southern Miss.","Sun Belt",542637,"2022-23"
"Southern U.","SWAC",542639,"2022-23"
"Southern Utah","WAC",542641,"2022-23"
"St. Bonaventure","Atlantic 10",542570,"2022-23"
"St. Francis Brooklyn","NEC",542572,"2022-23"
"St. John's (NY)","Big East",542576,"2022-23"
"St. Thomas (MN)","Summit League",542236,"2022-23"
"Stanford","Pac-12",542649,"2022-23"
"Stetson","ASUN",542653,"2022-23"
"Stonehill","NEC",543609,"2022-23"
"Stony Brook","America East",542655,"2022-23"
"Syracuse","ACC",542657,"2022-23"
"TCU","Big 12",542672,"2022-23"
"Tarleton St.","WAC",542050,"2022-23"
"Temple","AAC",542659,"2022-23"
"Tennessee","SEC",542666,"2022-23"
"Tennessee St.","OVC",542661,"2022-23"
"Tennessee Tech","OVC",542663,"2022-23"
"Tex. A&M-Commerce","Southland",543645,"2022-23"
"Texas","Big 12",542680,"2022-23"
"Texas A&M","SEC",542669,"2022-23"
"Texas Southern","SWAC",542674,"2022-23"
"Texas St.","Sun Belt",542645,"2022-23"
"Texas Tech","Big 12",542676,"2022-23"
"Toledo","MAC",542686,"2022-23"
"Towson","CAA",542689,"2022-23"
"Troy","Sun Belt",542691,"2022-23"
"Tulane","AAC",542692,"2022-23"
"Tulsa","AAC",542699,"2022-23"
"UAB","C-USA",542072,"2022-23"
"UAlbany","America East",542075,"2022-23"
"UC Davis","Big West",542156,"2022-23"
"UC Irvine","Big West",542158,"2022-23"
"UC Riverside","Big West",542163,"2022-23"
"UC San Diego","Big West",542819,"2022-23"
"UC Santa Barbara","Big West",542151,"2022-23"
"UCF","AAC",542169,"2022-23"
"UCLA","Pac-12",542160,"2022-23"
"UConn","Big East",542194,"2022-23"
"UIC","MVC",542312,"2022-23"
"UIW","Southland",542796,"2022-23"
"ULM","Sun Belt",542484,"2022-23"
"UMBC","America East",542382,"2022-23"
"UMES","MEAC",542386,"2022-23"
"UMass Lowell","America East",542364,"2022-23"
"UNC Asheville","Big South",542439,"2022-23"
"UNC Greensboro","SoCon",542446,"2022-23"
"UNCW","CAA",542448,"2022-23"
"UNI","MVC",542495,"2022-23"
"UNLV","Mountain West",542453,"2022-23"
"USC Upstate","Big South",542801,"2022-23"
"UT Arlington","WAC",542678,"2022-23"
"UT Martin","OVC",542668,"2022-23"
"UTEP","C-USA",542683,"2022-23"
"UTRGV","WAC",542527,"2022-23"
"UTSA","C-USA",542684,"2022-23"
"Utah","Pac-12",542710,"2022-23"
"Utah St.","Mountain West",542708,"2022-23"
"Utah Tech","WAC",542695,"2022-23"
"Utah Valley","WAC",542814,"2022-23"
"VCU","Atlantic 10",542721,"2022-23"
"Valparaiso","MVC",542712,"2022-23"
"Vanderbilt","SEC",542715,"2022-23"
"Vermont","America East",542717,"2022-23"
"Villanova","Big East",542719,"2022-23"
"Virginia","ACC",542725,"2022-23"
"Virginia Tech","ACC",542723,"2022-23"
"Wagner","NEC",542727,"2022-23"
"Wake Forest","ACC",542729,"2022-23"
"Washington","Pac-12",542733,"2022-23"
"Washington St.","Pac-12",542731,"2022-23"
"Weber St.","Big Sky",542736,"2022-23"
"West Virginia","Big 12",542738,"2022-23"
"Western Caro.","SoCon",542740,"2022-23"
"Western Ill.","Summit League",542742,"2022-23"
"Western Ky.","C-USA",542745,"2022-23"
"Western Mich.","MAC",542747,"2022-23"
"Wichita St.","AAC",542748,"2022-23"
"William & Mary","CAA",542750,"2022-23"
"Winthrop","Big South",542752,"2022-23"
"Wisconsin","Big Ten",542757,"2022-23"
"Wofford","SoCon",542799,"2022-23"
"Wright St.","Horizon",542762,"2022-23"
"Wyoming","Mountain West",542764,"2022-23"
"Xavier","Big East",542766,"2022-23"
"Yale","Ivy League",542768,"2022-23"
"Youngstown St.","Horizon",542770,"2022-23"
"A&M-Corpus Christi","Southland",560556,"2023-24"
"Abilene Christian","WAC",560574,"2023-24"
"Air Force","MWC",561175,"2023-24"
"Akron","MAC",560576,"2023-24"
"Alabama","SEC",560582,"2023-24"
"Alabama A&M","SWAC",560578,"2023-24"
"Alabama St.","SWAC",560580,"2023-24"
"Alcorn","SWAC",560588,"2023-24"
"American","Patriot",560590,"2023-24"
"App State","Sun Belt",560592,"2023-24"
"Arizona","Pac-12",560595,"2023-24"
"Arizona St.","Pac-12",560594,"2023-24"
"Ark.-Pine Bluff","SWAC",561256,"2023-24"
"Arkansas","SEC",560599,"2023-24"
"Arkansas St.","Sun Belt",560597,"2023-24"
"Army West Point","Patriot",561177,"2023-24"
"Auburn","SEC",560603,"2023-24"
"Austin Peay","ASUN",560605,"2023-24"
"BYU","Big 12",560627,"2023-24"
"Ball St.","MAC",560607,"2023-24"
"Baylor","Big 12",560611,"2023-24"
"Bellarmine","ASUN",561171,"2023-24"
"Belmont","MVC",560553,"2023-24"
"Bethune-Cookman","SWAC",560613,"2023-24"
"Binghamton","America East",560615,"2023-24"
"Boise St.","MWC",560617,"2023-24"
"Boston College","ACC",560619,"2023-24"
"Boston U.","Patriot",560621,"2023-24"
"Bowling Green","MAC",560623,"2023-24"
"Bradley","MVC",560625,"2023-24"
"Brown","Ivy League",560629,"2023-24"
"Bryant","America East",560630,"2023-24"
"Bucknell","Patriot",560634,"2023-24"
"Buffalo","MAC",560636,"2023-24"
"Butler","Big East",560638,"2023-24"
"CSU Bakersfield","WAC",560642,"2023-24"
"CSUN","Big West",560650,"2023-24"
"Cal Poly","Big West",560640,"2023-24"
"Cal St. Fullerton","Big West",560645,"2023-24"
"California","Pac-12",560656,"2023-24"
"California Baptist","WAC",560570,"2023-24"
"Campbell","CAA",560665,"2023-24"
"Canisius","MAAC",560668,"2023-24"
"Central Ark.","ASUN",561240,"2023-24"
"Central Conn. St.","NEC",560670,"2023-24"
"Central Mich.","MAC",560673,"2023-24"
"Charleston So.","Big South",560609,"2023-24"
"Charlotte","AAC",560928,"2023-24"
"Chattanooga","SoCon",561140,"2023-24"
"Cincinnati","Big 12",560677,"2023-24"
"Clemson","ACC",560679,"2023-24"
"Cleveland St.","Horizon",560681,"2023-24"
"Coastal Carolina","Sun Belt",560684,"2023-24"
"Col. of Charleston","CAA",561242,"2023-24"
"Colgate","Patriot",560686,"2023-24"
"Colorado","Pac-12",560690,"2023-24"
"Colorado St.","MWC",560688,"2023-24"
"Columbia","Ivy League",560692,"2023-24"
"Coppin St.","MEAC",560697,"2023-24"
"Cornell","Ivy League",560698,"2023-24"
"Creighton","Big East",560701,"2023-24"
"Dartmouth","Ivy League",560703,"2023-24"
"Davidson","Atlantic 10",560706,"2023-24"
"Dayton","Atlantic 10",560708,"2023-24"
"DePaul","Big East",560710,"2023-24"
"Delaware","CAA",560715,"2023-24"
"Delaware St.","MEAC",560713,"2023-24"
"Denver","Summit League",560717,"2023-24"
"Detroit Mercy","Horizon",560719,"2023-24"
"Drake","MVC",560720,"2023-24"
"Drexel","CAA",560722,"2023-24"
"Duke","ACC",560724,"2023-24"
"Duquesne","Atlantic 10",560725,"2023-24"
"ETSU","SoCon",560730,"2023-24"
"East Carolina","AAC",560728,"2023-24"
"Eastern Ill.","OVC",560732,"2023-24"
"Eastern Ky.","ASUN",560737,"2023-24"
"Eastern Mich.","MAC",560739,"2023-24"
"Eastern Wash.","Big Sky",560741,"2023-24"
"Elon","CAA",561244,"2023-24"
"Evansville","MVC",560743,"2023-24"
"FGCU","ASUN",560561,"2023-24"
"FIU","C-USA",560753,"2023-24"
"Fairfield","MAAC",560745,"2023-24"
"Fairleigh Dickinson","NEC",560748,"2023-24"
"Fla. Atlantic","AAC",560751,"2023-24"
"Florida","SEC",560757,"2023-24"
"Florida A&M","SWAC",560749,"2023-24"
"Florida St.","ACC",560754,"2023-24"
"Fordham","Atlantic 10",560759,"2023-24"
"Fresno St.","MWC",560644,"2023-24"
"Furman","SoCon",560760,"2023-24"
"Ga. Southern","Sun Belt",560768,"2023-24"
"Gardner-Webb","Big South",561246,"2023-24"
"George Mason","Atlantic 10",560762,"2023-24"
"George Washington","Atlantic 10",560764,"2023-24"
"Georgetown","Big East",560766,"2023-24"
"Georgia","SEC",560774,"2023-24"
"Georgia St.","Sun Belt",560770,"2023-24"
"Georgia Tech","ACC",560771,"2023-24"
"Gonzaga","WCC",560776,"2023-24"
"Grambling","SWAC",560778,"2023-24"
"Grand Canyon","WAC",561248,"2023-24"
"Green Bay","Horizon",561225,"2023-24"
"Hampton","CAA",560779,"2023-24"
"Harvard","Ivy League",560784,"2023-24"
"Hawaii","Big West",560786,"2023-24"
"High Point","Big South",560554,"2023-24"
"Hofstra","CAA",560788,"2023-24"
"Holy Cross","Patriot",560790,"2023-24"
"Houston","Big 12",560794,"2023-24"
"Houston Christian","Southland",560793,"2023-24"
"Howard","MEAC",560797,"2023-24"
"IUPUI","Horizon",561257,"2023-24"
"Idaho","Big Sky",560801,"2023-24"
"Idaho St.","Big Sky",560799,"2023-24"
"Illinois","Big Ten",560805,"2023-24"
"Illinois St.","MVC",560803,"2023-24"
"Indiana","Big Ten",560811,"2023-24"
"Indiana St.","MVC",560809,"2023-24"
"Iona","MAAC",560814,"2023-24"
"Iowa","Big Ten",560818,"2023-24"
"Iowa St.","Big 12",560816,"2023-24"
"Jackson St.","SWAC",560821,"2023-24"
"Jacksonville","ASUN",560825,"2023-24"
"Jacksonville St.","C-USA",560823,"2023-24"
"James Madison","Sun Belt",560827,"2023-24"
"Kansas","Big 12",560831,"2023-24"
"Kansas City","WAC",560547,"2023-24"
"Kansas St.","Big 12",560829,"2023-24"
"Kennesaw St.","ASUN",561250,"2023-24"
"Kent St.","MAC",560833,"2023-24"
"Kentucky","SEC",560835,"2023-24"
"LIU","NEC",560846,"2023-24"
"LMU (CA)","WCC",560860,"2023-24"
"LSU","SEC",560850,"2023-24"
"La Salle","Atlantic 10",560837,"2023-24"
"Lafayette","Patriot",560839,"2023-24"
"Lamar University","WAC",560841,"2023-24"
"Le Moyne","NEC",561728,"2023-24"
"Lehigh","Patriot",560842,"2023-24"
"Liberty","C-USA",560844,"2023-24"
"Lindenwood","OVC",561261,"2023-24"
"Lipscomb","ASUN",560559,"2023-24"
"Little Rock","OVC",560601,"2023-24"
"Long Beach St.","Big West",560648,"2023-24"
"Longwood","Big South",560848,"2023-24"
"Louisiana","Sun Belt",561120,"2023-24"
"Louisiana Tech","C-USA",560852,"2023-24"
"Louisville","ACC",560854,"2023-24"
"Loyola Chicago","Atlantic 10",560862,"2023-24"
"Loyola Maryland","Patriot",560858,"2023-24"
"Maine","America East",560864,"2023-24"
"Manhattan","MAAC",560866,"2023-24"
"Marist","MAAC",560868,"2023-24"
"Marquette","Big East",560870,"2023-24"
"Marshall","Sun Belt",560872,"2023-24"
"Maryland","Big Ten",560876,"2023-24"
"Massachusetts","Atlantic 10",560880,"2023-24"
"McNeese","Southland",560882,"2023-24"
"Memphis","AAC",560884,"2023-24"
"Mercer","SoCon",560886,"2023-24"
"Merrimack","NEC",560564,"2023-24"
"Miami (FL)","ACC",560890,"2023-24"
"Miami (OH)","MAC",560888,"2023-24"
"Michigan","Big Ten",560896,"2023-24"
"Michigan St.","Big Ten",560894,"2023-24"
"Middle Tenn.","C-USA",560898,"2023-24"
"Milwaukee","Horizon",561229,"2023-24"
"Minnesota","Big Ten",560900,"2023-24"
"Mississippi St.","SEC",560902,"2023-24"
"Mississippi Val.","SWAC",560904,"2023-24"
"Missouri","SEC",560907,"2023-24"
"Missouri St.","MVC",561116,"2023-24"
"Monmouth","CAA",560910,"2023-24"
"Montana","Big Sky",560914,"2023-24"
"Montana St.","Big Sky",560912,"2023-24"
"Morehead St.","OVC",560916,"2023-24"
"Morgan St.","MEAC",560918,"2023-24"
"Mount St. Mary's","MAAC",560921,"2023-24"
"Murray St.","MVC",560923,"2023-24"
"N.C. A&T","CAA",560959,"2023-24"
"N.C. Central","MEAC",560960,"2023-24"
"NC State","ACC",560962,"2023-24"
"NIU","MAC",560979,"2023-24"
"NJIT","ASUN",560944,"2023-24"
"Navy","Patriot",561180,"2023-24"
"Nebraska","Big Ten",560934,"2023-24"
"Nevada","MWC",560940,"2023-24"
"New Hampshire","America East",560942,"2023-24"
"New Mexico","MWC",560948,"2023-24"
"New Mexico St.","C-USA",560946,"2023-24"
"New Orleans","Southland",560950,"2023-24"
"Niagara","MAAC",560952,"2023-24"
"Nicholls","Southland",560954,"2023-24"
"Norfolk St.","MEAC",560957,"2023-24"
"North Ala.","ASUN",560572,"2023-24"
"North Carolina","ACC",560927,"2023-24"
"North Dakota","Summit League",560967,"2023-24"
"North Dakota St.","Summit League",560965,"2023-24"
"North Florida","ASUN",560548,"2023-24"
"North Texas","AAC",560969,"2023-24"
"Northeastern","CAA",560973,"2023-24"
"Northern Ariz.","Big Sky",560975,"2023-24"
"Northern Colo.","Big Sky",560977,"2023-24"
"Northern Ky.","Horizon",560984,"2023-24"
"Northwestern","Big Ten",560987,"2023-24"
"Northwestern St.","Southland",560986,"2023-24"
"Notre Dame","ACC",560990,"2023-24"
"Oakland","Horizon",560991,"2023-24"
"Ohio","MAC",560996,"2023-24"
"Ohio St.","Big Ten",560993,"2023-24"
"Oklahoma","Big 12",560999,"2023-24"
"Oklahoma St.","Big 12",560997,"2023-24"
"Old Dominion","Sun Belt",561001,"2023-24"
"Ole Miss","SEC",560906,"2023-24"
"Omaha","Summit League",560936,"2023-24"
"Oral Roberts","Summit League",561003,"2023-24"
"Oregon","Pac-12",561007,"2023-24"
"Oregon St.","Pac-12",561005,"2023-24"
"Pacific","WCC",561009,"2023-24"
"Penn","Ivy League",561015,"2023-24"
"Penn St.","Big Ten",561013,"2023-24"
"Pepperdine","WCC",561017,"2023-24"
"Pittsburgh","ACC",561019,"2023-24"
"Portland","WCC",561023,"2023-24"
"Portland St.","Big Sky",561021,"2023-24"
"Prairie View","SWAC",561025,"2023-24"
"Presbyterian","Big South",561252,"2023-24"
"Princeton","Ivy League",561027,"2023-24"
"Providence","Big East",561030,"2023-24"
"Purdue","Big Ten",561032,"2023-24"
"Purdue Fort Wayne","Summit League",560812,"2023-24"
"Queens (NC)","ASUN",561260,"2023-24"
"Quinnipiac","MAAC",561034,"2023-24"
"Radford","Big South",561037,"2023-24"
"Rhode Island","Atlantic 10",561039,"2023-24"
"Rice","AAC",561041,"2023-24"
"Richmond","Atlantic 10",561043,"2023-24"
"Rider","MAAC",561045,"2023-24"
"Robert Morris","NEC",561046,"2023-24"
"Rutgers","Big Ten",561048,"2023-24"
"SFA","WAC",561125,"2023-24"
"SIUE","OVC",561105,"2023-24"
"SMU","AAC",561107,"2023-24"
"Sacramento St.","Big Sky",560652,"2023-24"
"Sacred Heart","NEC",561051,"2023-24"
"Saint Francis (PA)","NEC",561057,"2023-24"
"Saint Joseph's","Atlantic 10",561060,"2023-24"
"Saint Louis","Atlantic 10",561062,"2023-24"
"Saint Mary's (CA)","WCC",561064,"2023-24"
"Saint Peter's","MAAC",561065,"2023-24"
"Sam Houston","C-USA",561066,"2023-24"
"Samford","SoCon",561068,"2023-24"
"San Diego","WCC",561071,"2023-24"
"San Diego St.","MWC",561070,"2023-24"
"San Francisco","WCC",561073,"2023-24"
"San Jose St.","MWC",561075,"2023-24"
"Santa Clara","WCC",561076,"2023-24"
"Seattle U","WAC",561254,"2023-24"
"Seton Hall","Big East",561079,"2023-24"
"Siena","MAAC",561081,"2023-24"
"South Alabama","Sun Belt",561083,"2023-24"
"South Carolina","SEC",561087,"2023-24"
"South Carolina St.","MEAC",561085,"2023-24"
"South Dakota","Summit League",561093,"2023-24"
"South Dakota St.","Summit League",561089,"2023-24"
"South Fla.","AAC",561095,"2023-24"
"Southeast Mo. St.","OVC",561097,"2023-24"
"Southeastern La.","Southland",561099,"2023-24"
"Southern California","Pac-12",561101,"2023-24"
"Southern Ill.","MVC",561103,"2023-24"
"Southern Ind.","OVC",561263,"2023-24"
"Southern Miss.","Sun Belt",561109,"2023-24"
"Southern U.","SWAC",561111,"2023-24"
"Southern Utah","WAC",561114,"2023-24"
"St. Bonaventure","Atlantic 10",561053,"2023-24"
"St. John's (NY)","Big East",561058,"2023-24"
"St. Thomas (MN)","Summit League",560734,"2023-24"
"Stanford","Pac-12",561123,"2023-24"
"Stetson","ASUN",561128,"2023-24"
"Stonehill","NEC",561266,"2023-24"
"Stony Brook","America East",561130,"2023-24"
"Syracuse","ACC",561132,"2023-24"
"TCU","Big 12",561148,"2023-24"
"Tarleton St.","WAC",560568,"2023-24"
"Temple","AAC",561135,"2023-24"
"Tennessee","SEC",561142,"2023-24"
"Tennessee St.","OVC",561137,"2023-24"
"Tennessee Tech","OVC",561138,"2023-24"
"Texas","Big 12",561155,"2023-24"
"Texas A&M","SEC",561146,"2023-24"
"Texas Southern","SWAC",561149,"2023-24"
"Texas St.","Sun Belt",561118,"2023-24"
"Texas Tech","Big 12",561151,"2023-24"
"Toledo","MAC",561161,"2023-24"
"Towson","CAA",561163,"2023-24"
"Troy","Sun Belt",561165,"2023-24"
"Tulane","AAC",561167,"2023-24"
"Tulsa","AAC",561173,"2023-24"
"UAB","AAC",560584,"2023-24"
"UAlbany","America East",560586,"2023-24"
"UC Davis","Big West",560657,"2023-24"
"UC Irvine","Big West",560660,"2023-24"
"UC Riverside","Big West",560663,"2023-24"
"UC San Diego","Big West",560566,"2023-24"
"UC Santa Barbara","Big West",560653,"2023-24"
"UCF","Big 12",560671,"2023-24"
"UCLA","Pac-12",560661,"2023-24"
"UConn","AAC",560694,"2023-24"
"UIC","MVC",560807,"2023-24"
"UIW","Southland",560549,"2023-24"
"ULM","Sun Belt",560971,"2023-24"
"UMBC","America East",560874,"2023-24"
"UMES","MEAC",560878,"2023-24"
"UMass Lowell","America East",560856,"2023-24"
"UNC Asheville","Big South",560925,"2023-24"
"UNC Greensboro","SoCon",560930,"2023-24"
"UNCW","CAA",560932,"2023-24"
"UNI","MVC",560982,"2023-24"
"UNLV","MWC",560938,"2023-24"
"USC Upstate","Big South",560551,"2023-24"
"UT Arlington","WAC",561153,"2023-24"
"UT Martin","OVC",561144,"2023-24"
"UTEP","C-USA",561157,"2023-24"
"UTRGV","WAC",561011,"2023-24"
"UTSA","AAC",561159,"2023-24"
"Utah","Pac-12",561183,"2023-24"
"Utah St.","MWC",561181,"2023-24"
"Utah Tech","WAC",561169,"2023-24"
"Utah Valley","WAC",560563,"2023-24"
"VCU","Atlantic 10",561193,"2023-24"
"Valparaiso","MVC",561185,"2023-24"
"Vanderbilt","SEC",561187,"2023-24"
"Vermont","America East",561189,"2023-24"
"Villanova","Big East",561191,"2023-24"
"Virginia","ACC",561198,"2023-24"
"Virginia Tech","ACC",561196,"2023-24"
"Wagner","NEC",561200,"2023-24"
"Wake Forest","ACC",561201,"2023-24"
"Washington","Pac-12",561205,"2023-24"
"Washington St.","Pac-12",561203,"2023-24"
"Weber St.","Big Sky",561207,"2023-24"
"West Virginia","Big 12",561209,"2023-24"
"Western Caro.","SoCon",561211,"2023-24"
"Western Ill.","OVC",561213,"2023-24"
"Western Ky.","C-USA",561215,"2023-24"
"Western Mich.","MAC",561217,"2023-24"
"Wichita St.","AAC",561219,"2023-24"
"William & Mary","CAA",561221,"2023-24"
"Winthrop","Big South",561223,"2023-24"
"Wisconsin","Big Ten",561227,"2023-24"
"Wofford","SoCon",560550,"2023-24"
"Wright St.","Horizon",561231,"2023-24"
"Wyoming","MWC",561233,"2023-24"
"Xavier","Big East",561234,"2023-24"
"Yale","Ivy League",561236,"2023-24"
"Youngstown St.","Horizon",561237,"2023-24"
"A&M-Corpus Christi","Southland",591979,"2024-25"
"Abilene Christian","WAC",591665,"2024-25"
"Air Force","MWC",591934,"2024-25"
"Akron","MAC",591666,"2024-25"
"Alabama","SEC",591669,"2024-25"
"Alabama A&M","SWAC",591667,"2024-25"
"Alabama St.","SWAC",591668,"2024-25"
"Alcorn","SWAC",591672,"2024-25"
"American","Patriot",591673,"2024-25"
"App State","Sun Belt",591674,"2024-25"
"Arizona","Big 12",591676,"2024-25"
"Arizona St.","Big 12",591675,"2024-25"
"Ark.-Pine Bluff","SWAC",591973,"2024-25"
"Arkansas","SEC",591678,"2024-25"
"Arkansas St.","Sun Belt",591677,"2024-25"
"Army West Point","Patriot",591935,"2024-25"
"Auburn","SEC",591680,"2024-25"
"Austin Peay","ASUN",591681,"2024-25"
"BYU","Big 12",591692,"2024-25"
"Ball St.","MAC",591682,"2024-25"
"Baylor","Big 12",591684,"2024-25"
"Bellarmine","ASUN",591932,"2024-25"
"Belmont","MVC",591657,"2024-25"
"Bethune-Cookman","SWAC",591685,"2024-25"
"Binghamton","America East",591686,"2024-25"
"Boise St.","MWC",591687,"2024-25"
"Boston College","ACC",591688,"2024-25"
"Boston U.","Patriot",591689,"2024-25"
"Bowling Green","MAC",591690,"2024-25"
"Bradley","MVC",591691,"2024-25"
"Brown","Ivy League",591693,"2024-25"
"Bryant","America East",591694,"2024-25"
"Bucknell","Patriot",591695,"2024-25"
"Buffalo","MAC",591696,"2024-25"
"Butler","Big East",591697,"2024-25"
"CSU Bakersfield","WAC",591699,"2024-25"
"CSUN","Big West",591703,"2024-25"
"Cal Poly","Big West",591698,"2024-25"
"Cal St. Fullerton","Big West",591701,"2024-25"
"California","ACC",591706,"2024-25"
"California Baptist","WAC",591981,"2024-25"
"Campbell","CAA",591710,"2024-25"
"Canisius","MAAC",591711,"2024-25"
"Central Ark.","ASUN",591966,"2024-25"
"Central Conn. St.","NEC",591712,"2024-25"
"Central Mich.","MAC",591714,"2024-25"
"Charleston So.","Big South",591683,"2024-25"
"Charlotte","AAC",591826,"2024-25"
"Chattanooga","SoCon",592006,"2024-25"
"Cincinnati","Big 12",591716,"2024-25"
"Clemson","ACC",591717,"2024-25"
"Cleveland St.","Horizon",591718,"2024-25"
"Coastal Carolina","Sun Belt",591719,"2024-25"
"Col. of Charleston","CAA",591967,"2024-25"
"Colgate","Patriot",591720,"2024-25"
"Colorado","Big 12",591722,"2024-25"
"Colorado St.","MWC",591721,"2024-25"
"Columbia","Ivy League",591723,"2024-25"
"Coppin St.","MEAC",591724,"2024-25"
"Cornell","Ivy League",591725,"2024-25"
"Creighton","Big East",591726,"2024-25"
"Dartmouth","Ivy League",591727,"2024-25"
"Davidson","Atlantic 10",591728,"2024-25"
"Dayton","Atlantic 10",591729,"2024-25"
"DePaul","Big East",591730,"2024-25"
"Delaware","CAA",591732,"2024-25"
"Delaware St.","MEAC",591731,"2024-25"
"Denver","Summit League",591733,"2024-25"
"Detroit Mercy","Horizon",591734,"2024-25"
"Drake","MVC",591984,"2024-25"
"Drexel","CAA",591985,"2024-25"
"Duke","ACC",591735,"2024-25"
"Duquesne","Atlantic 10",591736,"2024-25"
"ETSU","SoCon",591738,"2024-25"
"East Carolina","AAC",591737,"2024-25"
"Eastern Ill.","OVC",591739,"2024-25"
"Eastern Ky.","ASUN",591741,"2024-25"
"Eastern Mich.","MAC",591742,"2024-25"
"Eastern Wash.","Big Sky",591986,"2024-25"
"Elon","CAA",591968,"2024-25"
"Evansville","MVC",591743,"2024-25"
"FGCU","ASUN",591980,"2024-25"
"FIU","C-USA",591747,"2024-25"
"Fairfield","MAAC",591987,"2024-25"
"Fairleigh Dickinson","NEC",591744,"2024-25"
"Fla. Atlantic","AAC",591746,"2024-25"
"Florida","SEC",591749,"2024-25"
"Florida A&M","SWAC",591745,"2024-25"
"Florida St.","ACC",591748,"2024-25"
"Fordham","Atlantic 10",591750,"2024-25"
"Fresno St.","MWC",591700,"2024-25"
"Furman","SoCon",591751,"2024-25"
"Ga. Southern","Sun Belt",591755,"2024-25"
"Gardner-Webb","Big South",591969,"2024-25"
"George Mason","Atlantic 10",591752,"2024-25"
"George Washington","Atlantic 10",591753,"2024-25"
"Georgetown","Big East",591754,"2024-25"
"Georgia","SEC",591758,"2024-25"
"Georgia St.","Sun Belt",591756,"2024-25"
"Georgia Tech","ACC",591757,"2024-25"
"Gonzaga","WCC",591759,"2024-25"
"Grambling","SWAC",591760,"2024-25"
"Grand Canyon","WAC",591970,"2024-25"
"Green Bay","Horizon",592008,"2024-25"
"Hampton","CAA",591761,"2024-25"
"Harvard","Ivy League",591762,"2024-25"
"Hawaii","Big West",591763,"2024-25"
"High Point","Big South",591658,"2024-25"
"Hofstra","CAA",591764,"2024-25"
"Holy Cross","Patriot",591988,"2024-25"
"Houston","Big 12",591766,"2024-25"
"Houston Christian","Southland",591765,"2024-25"
"Howard","MEAC",591767,"2024-25"
"IU Indy","Horizon",591974,"2024-25"
"Idaho","Big Sky",591769,"2024-25"
"Idaho St.","Big Sky",591768,"2024-25"
"Illinois","Big Ten",591771,"2024-25"
"Illinois St.","MVC",591770,"2024-25"
"Indiana","Big Ten",591774,"2024-25"
"Indiana St.","MVC",591773,"2024-25"
"Iona","MAAC",591776,"2024-25"
"Iowa","Big Ten",591989,"2024-25"
"Iowa St.","Big 12",591777,"2024-25"
"Jackson St.","SWAC",591990,"2024-25"
"Jacksonville","ASUN",591779,"2024-25"
"Jacksonville St.","C-USA",591778,"2024-25"
"James Madison","Sun Belt",591780,"2024-25"
"Kansas","Big 12",591782,"2024-25"
"Kansas City","WAC",591652,"2024-25"
"Kansas St.","Big 12",591781,"2024-25"
"Kennesaw St.","C-USA",591971,"2024-25"
"Kent St.","MAC",591991,"2024-25"
"Kentucky","SEC",591783,"2024-25"
"LIU","NEC",591789,"2024-25"
"LMU (CA)","WCC",591796,"2024-25"
"LSU","SEC",591791,"2024-25"
"La Salle","Atlantic 10",591784,"2024-25"
"Lafayette","Patriot",591785,"2024-25"
"Lamar University","WAC",591786,"2024-25"
"Le Moyne","NEC",591651,"2024-25"
"Lehigh","Patriot",591787,"2024-25"
"Liberty","C-USA",591788,"2024-25"
"Lindenwood","OVC",591976,"2024-25"
"Lipscomb","ASUN",591659,"2024-25"
"Little Rock","OVC",591679,"2024-25"
"Long Beach St.","Big West",591702,"2024-25"
"Longwood","Big South",591790,"2024-25"
"Louisiana","Sun Belt",591909,"2024-25"
"Louisiana Tech","C-USA",591792,"2024-25"
"Louisville","ACC",591793,"2024-25"
"Loyola Chicago","Atlantic 10",591797,"2024-25"
"Loyola Maryland","Patriot",591795,"2024-25"
"Maine","America East",591992,"2024-25"
"Manhattan","MAAC",591798,"2024-25"
"Marist","MAAC",591799,"2024-25"
"Marquette","Big East",591800,"2024-25"
"Marshall","Sun Belt",591993,"2024-25"
"Maryland","Big Ten",591802,"2024-25"
"Massachusetts","Atlantic 10",591804,"2024-25"
"McNeese","Southland",591805,"2024-25"
"Memphis","AAC",591806,"2024-25"
"Mercer","SoCon",591807,"2024-25"
"Merrimack","MAAC",591661,"2024-25"
"Miami (FL)","ACC",591809,"2024-25"
"Miami (OH)","MAC",591808,"2024-25"
"Michigan","Big Ten",591811,"2024-25"
"Michigan St.","Big Ten",591810,"2024-25"
"Middle Tenn.","C-USA",591994,"2024-25"
"Milwaukee","Horizon",591960,"2024-25"
"Minnesota","Big Ten",591812,"2024-25"
"Mississippi St.","SEC",591813,"2024-25"
"Mississippi Val.","SWAC",591814,"2024-25"
"Missouri","SEC",591816,"2024-25"
"Missouri St.","MVC",591907,"2024-25"
"Monmouth","CAA",591817,"2024-25"
"Montana","Big Sky",591819,"2024-25"
"Montana St.","Big Sky",591818,"2024-25"
"Morehead St.","OVC",591820,"2024-25"
"Morgan St.","MEAC",591821,"2024-25"
"Mount St. Mary's","MAAC",591822,"2024-25"
"Murray St.","MVC",591823,"2024-25"
"N.C. A&T","CAA",591839,"2024-25"
"N.C. Central","MEAC",591840,"2024-25"
"NC State","ACC",591841,"2024-25"
"NIU","MAC",591849,"2024-25"
"NJIT","ASUN",591833,"2024-25"
"Navy","Patriot",591936,"2024-25"
"Nebraska","Big Ten",591829,"2024-25"
"Nevada","MWC",591831,"2024-25"
"New Hampshire","America East",591832,"2024-25"
"New Mexico","MWC",591835,"2024-25"
"New Mexico St.","C-USA",591834,"2024-25"
"New Orleans","Southland",591836,"2024-25"
"Niagara","MAAC",591837,"2024-25"
"Nicholls","Southland",591838,"2024-25"
"Norfolk St.","MEAC",591996,"2024-25"
"North Ala.","ASUN",591664,"2024-25"
"North Carolina","ACC",591825,"2024-25"
"North Dakota","Summit League",591843,"2024-25"
"North Dakota St.","Summit League",591842,"2024-25"
"North Florida","ASUN",591653,"2024-25"
"North Texas","AAC",591844,"2024-25"
"Northeastern","CAA",591846,"2024-25"
"Northern Ariz.","Big Sky",591847,"2024-25"
"Northern Colo.","Big Sky",591848,"2024-25"
"Northern Ky.","Horizon",591851,"2024-25"
"Northwestern","Big Ten",591853,"2024-25"
"Northwestern St.","Southland",591852,"2024-25"
"Notre Dame","ACC",591997,"2024-25"
"Oakland","Horizon",591854,"2024-25"
"Ohio","MAC",591856,"2024-25"
"Ohio St.","Big Ten",591855,"2024-25"
"Oklahoma","SEC",591858,"2024-25"
"Oklahoma St.","Big 12",591857,"2024-25"
"Old Dominion","Sun Belt",591859,"2024-25"
"Ole Miss","SEC",591815,"2024-25"
"Omaha","Summit League",591830,"2024-25"
"Oral Roberts","Summit League",591860,"2024-25"
"Oregon","Big Ten",591862,"2024-25"
"Oregon St.","WCC",591861,"2024-25"
"Pacific","WCC",591863,"2024-25"
"Penn","Ivy League",591866,"2024-25"
"Penn St.","Big Ten",591865,"2024-25"
"Pepperdine","WCC",591867,"2024-25"
"Pittsburgh","ACC",591868,"2024-25"
"Portland","WCC",591998,"2024-25"
"Portland St.","Big Sky",591869,"2024-25"
"Prairie View","SWAC",591870,"2024-25"
"Presbyterian","Big South",592009,"2024-25"
"Princeton","Ivy League",591999,"2024-25"
"Providence","Big East",591871,"2024-25"
"Purdue","Big Ten",591872,"2024-25"
"Purdue Fort Wayne","Summit League",591775,"2024-25"
"Queens (NC)","ASUN",591975,"2024-25"
"Quinnipiac","MAAC",591873,"2024-25"
"Radford","Big South",591874,"2024-25"
"Rhode Island","Atlantic 10",591875,"2024-25"
"Rice","AAC",592000,"2024-25"
"Richmond","Atlantic 10",592001,"2024-25"
"Rider","MAAC",591876,"2024-25"
"Robert Morris","NEC",591877,"2024-25"
"Rutgers","Big Ten",591878,"2024-25"
"SFA","Southland",591911,"2024-25"
"SIUE","OVC",591902,"2024-25"
"SMU","ACC",591903,"2024-25"
"Sacramento St.","Big Sky",591704,"2024-25"
"Sacred Heart","MAAC",592002,"2024-25"
"Saint Francis","NEC",591880,"2024-25"
"Saint Joseph's","Atlantic 10",591882,"2024-25"
"Saint Louis","Atlantic 10",591883,"2024-25"
"Saint Mary's (CA)","WCC",591884,"2024-25"
"Saint Peter's","MAAC",591885,"2024-25"
"Sam Houston","C-USA",591886,"2024-25"
"Samford","SoCon",591887,"2024-25"
"San Diego","WCC",591889,"2024-25"
"San Diego St.","MWC",591888,"2024-25"
"San Francisco","WCC",591890,"2024-25"
"San Jose St.","MWC",591891,"2024-25"
"Santa Clara","WCC",591892,"2024-25"
"Seattle U","WAC",591972,"2024-25"
"Seton Hall","Big East",591893,"2024-25"
"Siena","MAAC",591894,"2024-25"
"South Alabama","Sun Belt",591895,"2024-25"
"South Carolina","SEC",592003,"2024-25"
"South Carolina St.","MEAC",591896,"2024-25"
"South Dakota","Summit League",591897,"2024-25"
"South Dakota St.","Summit League",592004,"2024-25"
"South Fla.","AAC",591898,"2024-25"
"Southeast Mo. St.","OVC",591899,"2024-25"
"Southeastern La.","Southland",591900,"2024-25"
"Southern California","Big Ten",592005,"2024-25"
"Southern Ill.","MVC",591901,"2024-25"
"Southern Ind.","OVC",592010,"2024-25"
"Southern Miss.","Sun Belt",591904,"2024-25"
"Southern U.","SWAC",591905,"2024-25"
"Southern Utah","WAC",591906,"2024-25"
"St. Bonaventure","Atlantic 10",591879,"2024-25"
"St. John's (NY)","Big East",591881,"2024-25"
"St. Thomas (MN)","Summit League",591740,"2024-25"
"Stanford","ACC",591910,"2024-25"
"Stetson","ASUN",591912,"2024-25"
"Stonehill","NEC",591977,"2024-25"
"Stony Brook","America East",591913,"2024-25"
"Syracuse","ACC",591914,"2024-25"
"TCU","Big 12",591921,"2024-25"
"Tarleton St.","WAC",591663,"2024-25"
"Temple","AAC",591915,"2024-25"
"Tennessee","SEC",591918,"2024-25"
"Tennessee St.","OVC",591916,"2024-25"
"Tennessee Tech","OVC",591917,"2024-25"
"Texas","SEC",592007,"2024-25"
"Texas A&M","SEC",591920,"2024-25"
"Texas Southern","SWAC",591922,"2024-25"
"Texas St.","Sun Belt",591908,"2024-25"
"Texas Tech","Big 12",591923,"2024-25"
"Toledo","MAC",591927,"2024-25"
"Towson","CAA",591928,"2024-25"
"Troy","Sun Belt",591929,"2024-25"
"Tulane","AAC",591930,"2024-25"
"Tulsa","AAC",591933,"2024-25"
"UAB","AAC",591670,"2024-25"
"UAlbany","America East",591671,"2024-25"
"UC Davis","Big West",591707,"2024-25"
"UC Irvine","Big West",591982,"2024-25"
"UC Riverside","Big West",591709,"2024-25"
"UC San Diego","Big West",591662,"2024-25"
"UC Santa Barbara","Big West",591705,"2024-25"
"UCF","Big 12",591713,"2024-25"
"UCLA","Big Ten",591708,"2024-25"
"UConn","AAC",591983,"2024-25"
"UIC","MVC",591772,"2024-25"
"UIW","Southland",591654,"2024-25"
"ULM","Sun Belt",591845,"2024-25"
"UMBC","America East",591801,"2024-25"
"UMES","MEAC",591803,"2024-25"
"UMass Lowell","America East",591794,"2024-25"
"UNC Asheville","Big South",591824,"2024-25"
"UNC Greensboro","SoCon",591827,"2024-25"
"UNCW","CAA",591828,"2024-25"
"UNI","MVC",591850,"2024-25"
"UNLV","MWC",591995,"2024-25"
"USC Upstate","Big South",591656,"2024-25"
"UT Arlington","WAC",591924,"2024-25"
"UT Martin","OVC",591919,"2024-25"
"UTEP","C-USA",591925,"2024-25"
"UTRGV","Southland",591864,"2024-25"
"UTSA","AAC",591926,"2024-25"
"Utah","Big 12",591938,"2024-25"
"Utah St.","MWC",591937,"2024-25"
"Utah Tech","WAC",591931,"2024-25"
"Utah Valley","WAC",591660,"2024-25"
"VCU","Atlantic 10",591943,"2024-25"
"Valparaiso","MVC",591939,"2024-25"
"Vanderbilt","SEC",591940,"2024-25"
"Vermont","America East",591941,"2024-25"
"Villanova","Big East",591942,"2024-25"
"Virginia","ACC",591945,"2024-25"
"Virginia Tech","ACC",591944,"2024-25"
"Wagner","NEC",591946,"2024-25"
"Wake Forest","ACC",591947,"2024-25"
"Washington","Big Ten",591949,"2024-25"
"Washington St.","WCC",591948,"2024-25"
"Weber St.","Big Sky",591950,"2024-25"
"West Ga.","ASUN",592172,"2024-25"
"West Virginia","Big 12",591951,"2024-25"
"Western Caro.","SoCon",591952,"2024-25"
"Western Ill.","OVC",591953,"2024-25"
"Western Ky.","C-USA",591954,"2024-25"
"Western Mich.","MAC",591955,"2024-25"
"Wichita St.","AAC",591956,"2024-25"
"William & Mary","CAA",591957,"2024-25"
"Winthrop","Big South",591958,"2024-25"
"Wisconsin","Big Ten",591959,"2024-25"
"Wofford","SoCon",591655,"2024-25"
"Wright St.","Horizon",591961,"2024-25"
"Wyoming","MWC",591962,"2024-25"
"Xavier","Big East",591963,"2024-25"
"Yale","Ivy League",591964,"2024-25"
"Youngstown St.","Horizon",591965,"2024-25"
"A&M-Corpus Christi","Southland",610016,"2025-26"
"Abilene Christian","WAC",610128,"2025-26"
"Air Force","MWC",609930,"2025-26"
"Akron","MAC",610133,"2025-26"
"Alabama","SEC",610143,"2025-26"
"Alabama A&M","SWAC",610135,"2025-26"
"Alabama St.","SWAC",610138,"2025-26"
"Alcorn","SWAC",610153,"2025-26"
"American","Patriot",610157,"2025-26"
"App State","Sun Belt",610159,"2025-26"
"Arizona","Big 12",610166,"2025-26"
"Arizona St.","Big 12",610162,"2025-26"
"Ark.-Pine Bluff","SWAC",610005,"2025-26"
"Arkansas","SEC",610171,"2025-26"
"Arkansas St.","Sun Belt",610169,"2025-26"
"Army West Point","Patriot",609931,"2025-26"
"Auburn","SEC",610176,"2025-26"
"Austin Peay","ASUN",610179,"2025-26"
"BYU","Big 12",610210,"2025-26"
"Ball St.","MAC",610182,"2025-26"
"Baylor","Big 12",610188,"2025-26"
"Bellarmine","ASUN",609926,"2025-26"
"Belmont","MVC",610105,"2025-26"
"Bethune-Cookman","SWAC",610190,"2025-26"
"Binghamton","America East",610193,"2025-26"
"Boise St.","MWC",610195,"2025-26"
"Boston College","ACC",610199,"2025-26"
"Boston U.","Patriot",610202,"2025-26"
"Bowling Green","MAC",610205,"2025-26"
"Bradley","MVC",610207,"2025-26"
"Brown","Ivy League",610212,"2025-26"
"Bryant","America East",610214,"2025-26"
"Bucknell","Patriot",610217,"2025-26"
"Buffalo","MAC",610221,"2025-26"
"Butler","Big East",610224,"2025-26"
"CSU Bakersfield","WAC",610230,"2025-26"
"CSUN","Big West",610240,"2025-26"
"Cal Poly","Big West",610227,"2025-26"
"Cal St. Fullerton","Big West",610236,"2025-26"
"California","ACC",610248,"2025-26"
"California Baptist","WAC",610020,"2025-26"
"Campbell","CAA",610259,"2025-26"
"Canisius","MAAC",610262,"2025-26"
"Central Ark.","ASUN",609991,"2025-26"
"Central Conn. St.","NEC",610264,"2025-26"
"Central Mich.","MAC",610271,"2025-26"
"Charleston So.","Big South",610185,"2025-26"
"Charlotte","AAC",610578,"2025-26"
"Chattanooga","SoCon",610073,"2025-26"
"Cincinnati","Big 12",610276,"2025-26"
"Clemson","ACC",610280,"2025-26"
"Cleveland St.","Horizon",610282,"2025-26"
"Coastal Carolina","Sun Belt",610287,"2025-26"
"Col. of Charleston","CAA",609993,"2025-26"
"Colgate","Patriot",610291,"2025-26"
"Colorado","Big 12",610298,"2025-26"
"Colorado St.","MWC",610294,"2025-26"
"Columbia","Ivy League",610299,"2025-26"
"Coppin St.","MEAC",610302,"2025-26"
"Cornell","Ivy League",610305,"2025-26"
"Creighton","Big East",610308,"2025-26"
"Dartmouth","Ivy League",610311,"2025-26"
"Davidson","Atlantic 10",610314,"2025-26"
"Dayton","Atlantic 10",610317,"2025-26"
"DePaul","Big East",610320,"2025-26"
"Delaware","CAA",610323,"2025-26"
"Delaware St.","MEAC",610321,"2025-26"
"Denver","Summit League",610325,"2025-26"
"Detroit Mercy","Horizon",610329,"2025-26"
"Drake","MVC",610027,"2025-26"
"Drexel","CAA",610028,"2025-26"
"Duke","ACC",610331,"2025-26"
"Duquesne","Atlantic 10",610334,"2025-26"
"ETSU","SoCon",610339,"2025-26"
"East Carolina","AAC",610336,"2025-26"
"Eastern Ill.","OVC",610342,"2025-26"
"Eastern Ky.","ASUN",610347,"2025-26"
"Eastern Mich.","MAC",610351,"2025-26"
"Eastern Wash.","Big Sky",610030,"2025-26"
"Elon","CAA",609995,"2025-26"
"Evansville","MVC",610353,"2025-26"
"FDU","NEC",610357,"2025-26"
"FGCU","ASUN",610018,"2025-26"
"FIU","C-USA",610366,"2025-26"
"Fairfield","MAAC",610032,"2025-26"
"Fla. Atlantic","AAC",610363,"2025-26"
"Florida","SEC",610371,"2025-26"
"Florida A&M","SWAC",610360,"2025-26"
"Florida St.","ACC",610368,"2025-26"
"Fordham","Atlantic 10",610375,"2025-26"
"Fresno St.","MWC",610233,"2025-26"
"Furman","SoCon",610378,"2025-26"
"Ga. Southern","Sun Belt",610391,"2025-26"
"Gardner-Webb","Big South",609997,"2025-26"
"George Mason","Atlantic 10",610381,"2025-26"
"George Washington","Atlantic 10",610384,"2025-26"
"Georgetown","Big East",610388,"2025-26"
"Georgia","SEC",610399,"2025-26"
"Georgia St.","Sun Belt",610394,"2025-26"
"Georgia Tech","ACC",610396,"2025-26"
"Gonzaga","WCC",610401,"2025-26"
"Grambling","SWAC",610405,"2025-26"
"Grand Canyon","WAC",609999,"2025-26"
"Green Bay","Horizon",610079,"2025-26"
"Hampton","CAA",610407,"2025-26"
"Harvard","Ivy League",610409,"2025-26"
"Hawaii","Big West",610412,"2025-26"
"High Point","Big South",610108,"2025-26"
"Hofstra","CAA",610415,"2025-26"
"Holy Cross","Patriot",610034,"2025-26"
"Houston","Big 12",610421,"2025-26"
"Houston Christian","Southland",610418,"2025-26"
"Howard","MEAC",610423,"2025-26"
"IU Indy","Horizon",610007,"2025-26"
"Idaho","Big Sky",610428,"2025-26"
"Idaho St.","Big Sky",610425,"2025-26"
"Illinois","Big Ten",610433,"2025-26"
"Illinois St.","MVC",610430,"2025-26"
"Indiana","Big Ten",610439,"2025-26"
"Indiana St.","MVC",610437,"2025-26"
"Iona","MAAC",610443,"2025-26"
"Iowa","Big Ten",610035,"2025-26"
"Iowa St.","Big 12",610445,"2025-26"
"Jackson St.","SWAC",610037,"2025-26"
"Jacksonville","ASUN",610450,"2025-26"
"Jacksonville St.","C-USA",610448,"2025-26"
"James Madison","Sun Belt",610452,"2025-26"
"Kansas","Big 12",610455,"2025-26"
"Kansas City","WAC",610090,"2025-26"
"Kansas St.","Big 12",610453,"2025-26"
"Kennesaw St.","C-USA",610001,"2025-26"
"Kent St.","MAC",610039,"2025-26"
"Kentucky","SEC",610457,"2025-26"
"LIU","NEC",610468,"2025-26"
"LMU (CA)","WCC",610484,"2025-26"
"LSU","SEC",610471,"2025-26"
"La Salle","Atlantic 10",610459,"2025-26"
"Lafayette","Patriot",610460,"2025-26"
"Lamar University","WAC",610462,"2025-26"
"Le Moyne","NEC",610087,"2025-26"
"Lehigh","Patriot",610464,"2025-26"
"Liberty","C-USA",610465,"2025-26"
"Lindenwood","OVC",610010,"2025-26"
"Lipscomb","ASUN",610111,"2025-26"
"Little Rock","OVC",610174,"2025-26"
"Long Beach St.","Big West",610239,"2025-26"
"Longwood","Big South",610470,"2025-26"
"Louisiana","Sun Belt",609879,"2025-26"
"Louisiana Tech","C-USA",610473,"2025-26"
"Louisville","ACC",610476,"2025-26"
"Loyola Chicago","Atlantic 10",610487,"2025-26"
"Loyola Maryland","Patriot",610482,"2025-26"
"Maine","America East",610041,"2025-26"
"Manhattan","MAAC",610490,"2025-26"
"Marist","MAAC",610493,"2025-26"
"Marquette","Big East",610496,"2025-26"
"Marshall","Sun Belt",610043,"2025-26"
"Maryland","Big Ten",610502,"2025-26"
"Massachusetts","Atlantic 10",610509,"2025-26"
"McNeese","Southland",610511,"2025-26"
"Memphis","AAC",610515,"2025-26"
"Mercer","SoCon",610518,"2025-26"
"Merrimack","MAAC",610117,"2025-26"
"Miami (FL)","ACC",610524,"2025-26"
"Miami (OH)","MAC",610521,"2025-26"
"Michigan","Big Ten",610533,"2025-26"
"Michigan St.","Big Ten",610529,"2025-26"
"Middle Tenn.","C-USA",610045,"2025-26"
"Milwaukee","Horizon",609980,"2025-26"
"Minnesota","Big Ten",610537,"2025-26"
"Mississippi St.","SEC",610541,"2025-26"
"Mississippi Val.","SWAC",610544,"2025-26"
"Missouri","SEC",610550,"2025-26"
"Missouri St.","MVC",609875,"2025-26"
"Monmouth","CAA",610554,"2025-26"
"Montana","Big Sky",610560,"2025-26"
"Montana St.","Big Sky",610556,"2025-26"
"Morehead St.","OVC",610562,"2025-26"
"Morgan St.","MEAC",610566,"2025-26"
"Mount St. Mary's","MAAC",610569,"2025-26"
"Murray St.","MVC",610571,"2025-26"
"N.C. A&T","CAA",610612,"2025-26"
"N.C. Central","MEAC",610615,"2025-26"
"NC State","ACC",610618,"2025-26"
"NIU","MAC",609755,"2025-26"
"NJIT","ASUN",610595,"2025-26"
"Navy","Patriot",609933,"2025-26"
"Nebraska","Big Ten",610587,"2025-26"
"Nevada","MWC",610590,"2025-26"
"New Hampshire","America East",610592,"2025-26"
"New Mexico","MWC",610601,"2025-26"
"New Mexico St.","C-USA",610597,"2025-26"
"New Orleans","Southland",610604,"2025-26"
"Niagara","MAAC",610607,"2025-26"
"Nicholls","Southland",610609,"2025-26"
"Norfolk St.","MEAC",610050,"2025-26"
"North Ala.","ASUN",610125,"2025-26"
"North Carolina","ACC",610575,"2025-26"
"North Dakota","Summit League",610624,"2025-26"
"North Dakota St.","Summit League",610621,"2025-26"
"North Florida","ASUN",610093,"2025-26"
"North Texas","AAC",610626,"2025-26"
"Northeastern","CAA",610631,"2025-26"
"Northern Ariz.","Big Sky",609751,"2025-26"
"Northern Colo.","Big Sky",609754,"2025-26"
"Northern Ky.","Horizon",609760,"2025-26"
"Northwestern","Big Ten",609763,"2025-26"
"Northwestern St.","Southland",609761,"2025-26"
"Notre Dame","ACC",610052,"2025-26"
"Oakland","Horizon",609766,"2025-26"
"Ohio","MAC",609770,"2025-26"
"Ohio St.","Big Ten",609768,"2025-26"
"Oklahoma","SEC",609774,"2025-26"
"Oklahoma St.","Big 12",609772,"2025-26"
"Old Dominion","Sun Belt",609776,"2025-26"
"Ole Miss","SEC",610547,"2025-26"
"Omaha","Summit League",610589,"2025-26"
"Oral Roberts","Summit League",609778,"2025-26"
"Oregon","Big Ten",609782,"2025-26"
"Oregon St.","WCC",609780,"2025-26"
"Pacific","WCC",609784,"2025-26"
"Penn","Ivy League",609791,"2025-26"
"Penn St.","Big Ten",609789,"2025-26"
"Pepperdine","WCC",609794,"2025-26"
"Pittsburgh","ACC",609795,"2025-26"
"Portland","WCC",610054,"2025-26"
"Portland St.","Big Sky",609798,"2025-26"
"Prairie View","SWAC",609800,"2025-26"
"Presbyterian","Big South",610082,"2025-26"
"Princeton","Ivy League",610056,"2025-26"
"Providence","Big East",609802,"2025-26"
"Purdue","Big Ten",609804,"2025-26"
"Purdue Fort Wayne","Summit League",610441,"2025-26"
"Queens (NC)","ASUN",610009,"2025-26"
"Quinnipiac","MAAC",609806,"2025-26"
"Radford","Big South",609809,"2025-26"
"Rhode Island","Atlantic 10",609811,"2025-26"
"Rice","AAC",610059,"2025-26"
"Richmond","Atlantic 10",610060,"2025-26"
"Rider","MAAC",609814,"2025-26"
"Robert Morris","NEC",609816,"2025-26"
"Rutgers","Big Ten",609818,"2025-26"
"SFA","Southland",609884,"2025-26"
"SIUE","OVC",609865,"2025-26"
"SMU","ACC",609867,"2025-26"
"Sacramento St.","Big Sky",610243,"2025-26"
"Sacred Heart","MAAC",610063,"2025-26"
"Saint Francis","NEC",609823,"2025-26"
"Saint Joseph's","Atlantic 10",609827,"2025-26"
"Saint Louis","Atlantic 10",609829,"2025-26"
"Saint Mary's (CA)","WCC",609831,"2025-26"
"Saint Peter's","MAAC",609833,"2025-26"
"Sam Houston","C-USA",609835,"2025-26"
"Samford","SoCon",609837,"2025-26"
"San Diego","WCC",609842,"2025-26"
"San Diego St.","MWC",609839,"2025-26"
"San Francisco","WCC",609844,"2025-26"
"San Jose St.","MWC",609846,"2025-26"
"Santa Clara","WCC",609847,"2025-26"
"Seattle U","WAC",610003,"2025-26"
"Seton Hall","Big East",609849,"2025-26"
"Siena","MAAC",609852,"2025-26"
"South Alabama","Sun Belt",609853,"2025-26"
"South Carolina","SEC",610065,"2025-26"
"South Carolina St.","MEAC",609855,"2025-26"
"South Dakota","Summit League",609857,"2025-26"
"South Dakota St.","Summit League",610067,"2025-26"
"South Fla.","AAC",609858,"2025-26"
"Southeast Mo. St.","OVC",609860,"2025-26"
"Southeastern La.","Southland",609862,"2025-26"
"Southern California","Big Ten",610071,"2025-26"
"Southern Ill.","MVC",609863,"2025-26"
"Southern Ind.","OVC",610084,"2025-26"
"Southern Miss.","Sun Belt",609869,"2025-26"
"Southern U.","SWAC",609872,"2025-26"
"Southern Utah","WAC",609873,"2025-26"
"St. Bonaventure","Atlantic 10",609820,"2025-26"
"St. John's (NY)","Big East",609825,"2025-26"
"St. Thomas (MN)","Summit League",610343,"2025-26"
"Stanford","ACC",609881,"2025-26"
"Stetson","ASUN",609886,"2025-26"
"Stonehill","NEC",610012,"2025-26"
"Stony Brook","America East",609888,"2025-26"
"Syracuse","ACC",609890,"2025-26"
"TCU","Big 12",609904,"2025-26"
"Tarleton St.","WAC",610122,"2025-26"
"Temple","AAC",609892,"2025-26"
"Tennessee","SEC",609898,"2025-26"
"Tennessee St.","OVC",609894,"2025-26"
"Tennessee Tech","OVC",609896,"2025-26"
"Texas","SEC",610076,"2025-26"
"Texas A&M","SEC",609902,"2025-26"
"Texas Southern","SWAC",609906,"2025-26"
"Texas St.","Sun Belt",609877,"2025-26"
"Texas Tech","Big 12",609908,"2025-26"
"Toledo","MAC",609916,"2025-26"
"Towson","CAA",609918,"2025-26"
"Troy","Sun Belt",609920,"2025-26"
"Tulane","AAC",609922,"2025-26"
"Tulsa","AAC",609928,"2025-26"
"UAB","AAC",610147,"2025-26"
"UAlbany","America East",610149,"2025-26"
"UC Davis","Big West",610251,"2025-26"
"UC Irvine","Big West",610022,"2025-26"
"UC Riverside","Big West",610257,"2025-26"
"UC San Diego","Big West",610119,"2025-26"
"UC Santa Barbara","Big West",610246,"2025-26"
"UCF","Big 12",610268,"2025-26"
"UCLA","Big Ten",610254,"2025-26"
"UConn","AAC",610024,"2025-26"
"UIC","MVC",610435,"2025-26"
"UIW","Southland",610096,"2025-26"
"ULM","Sun Belt",610629,"2025-26"
"UMBC","America East",610499,"2025-26"
"UMES","MEAC",610507,"2025-26"
"UMass Lowell","America East",610479,"2025-26"
"UNC Asheville","Big South",610573,"2025-26"
"UNC Greensboro","SoCon",610581,"2025-26"
"UNCW","CAA",610585,"2025-26"
"UNI","MVC",609757,"2025-26"
"UNLV","MWC",610048,"2025-26"
"USC Upstate","Big South",610102,"2025-26"
"UT Arlington","WAC",609910,"2025-26"
"UT Martin","OVC",609900,"2025-26"
"UTEP","C-USA",609912,"2025-26"
"UTRGV","Southland",609787,"2025-26"
"UTSA","AAC",609914,"2025-26"
"Utah","Big 12",609937,"2025-26"
"Utah St.","MWC",609935,"2025-26"
"Utah Tech","WAC",609924,"2025-26"
"Utah Valley","WAC",610114,"2025-26"
"VCU","Atlantic 10",609948,"2025-26"
"Valparaiso","MVC",609939,"2025-26"
"Vanderbilt","SEC",609942,"2025-26"
"Vermont","America East",609944,"2025-26"
"Villanova","Big East",609946,"2025-26"
"Virginia","ACC",609953,"2025-26"
"Virginia Tech","ACC",609951,"2025-26"
"Wagner","NEC",609955,"2025-26"
"Wake Forest","ACC",609956,"2025-26"
"Washington","Big Ten",609960,"2025-26"
"Washington St.","WCC",609958,"2025-26"
"Weber St.","Big Sky",609962,"2025-26"
"West Ga.","ASUN",610634,"2025-26"
"West Virginia","Big 12",609963,"2025-26"
"Western Caro.","SoCon",609965,"2025-26"
"Western Ill.","OVC",609967,"2025-26"
"Western Ky.","C-USA",609969,"2025-26"
"Western Mich.","MAC",609971,"2025-26"
"Wichita St.","AAC",609973,"2025-26"
"William & Mary","CAA",609975,"2025-26"
"Winthrop","Big South",609977,"2025-26"
"Wisconsin","Big Ten",609979,"2025-26"
"Wofford","SoCon",610099,"2025-26"
"Wright St.","Horizon",609982,"2025-26"
"Wyoming","MWC",609984,"2025-26"
"Xavier","Big East",609986,"2025-26"
"Yale","Ivy League",609987,"2025-26"
"Youngstown St.","Horizon",609989,"2025-26"
