season,ncaa_team_id,ncaa_team,ncaa_conference,espn_team_id,espn_display_name,espn_location,espn_mascot,espn_abbreviation,espn_conference_name,espn_conference_id,match_method
2009-10,52488,A&M-Corpus Christi,Southland,357,Texas A&M-Corpus Christi Islanders,Texas A&M-Corpus Christi,Islanders,AMCC,Southland Conference,25,dict
2009-10,52439,Air Force,Mountain West,2005,Air Force Falcons,Air Force,Falcons,AF,Mountain West Conference,44,exact
2009-10,52147,Akron,MAC,2006,Akron Zips,Akron,Zips,AKR,Mid-American Conference,14,exact
2009-10,52150,Alabama,SEC,333,Alabama Crimson Tide,Alabama,Crimson Tide,ALA,Southeastern Conference,23,exact
2009-10,52148,Alabama A&M,SWAC,2010,Alabama A&M Bulldogs,Alabama A&M,Bulldogs,AAMU,Southwestern Athletic Conference,26,exact
2009-10,52149,Alabama St.,SWAC,2011,Alabama State Hornets,Alabama State,Hornets,ALST,Southwestern Athletic Conference,26,exact
2009-10,52152,Albany (NY),America East,399,UAlbany Great Danes,UAlbany,Great Danes,UALB,America East Conference,1,alias
2009-10,52153,Alcorn,SWAC,2016,Alcorn State Braves,Alcorn State,Braves,ALCN,Southwestern Athletic Conference,26,dict
2009-10,52154,American,Patriot,44,American University Eagles,American University,Eagles,AMER,Patriot League,22,exact
2009-10,52155,App State,SoCon,2026,App State Mountaineers,App State,Mountaineers,APP,Sun Belt Conference,27,exact
2009-10,52157,Arizona,Pac-12,12,Arizona Wildcats,Arizona,Wildcats,ARIZ,Big 12 Conference,8,exact
2009-10,52156,Arizona St.,Pac-12,9,Arizona State Sun Devils,Arizona State,Sun Devils,ASU,Big 12 Conference,8,exact
2009-10,52480,Ark.-Pine Bluff,SWAC,2029,Arkansas-Pine Bluff Golden Lions,Arkansas-Pine Bluff,Golden Lions,UAPB,Southwestern Athletic Conference,26,dict
2009-10,52159,Arkansas,SEC,8,Arkansas Razorbacks,Arkansas,Razorbacks,ARK,Southeastern Conference,23,exact
2009-10,52158,Arkansas St.,Sun Belt,2032,Arkansas State Red Wolves,Arkansas State,Red Wolves,ARST,Sun Belt Conference,27,exact
2009-10,52440,Army West Point,Patriot,349,Army Black Knights,Army,Black Knights,ARMY,Patriot League,22,dict
2009-10,52161,Auburn,SEC,2,Auburn Tigers,Auburn,Tigers,AUB,Southeastern Conference,23,exact
2009-10,52162,Austin Peay,OVC,2046,Austin Peay Governors,Austin Peay,Governors,APSU,Atlantic Sun Conference,46,exact
2009-10,52173,BYU,Mountain West,252,BYU Cougars,BYU,Cougars,BYU,Big 12 Conference,8,exact
2009-10,52163,Ball St.,MAC,2050,Ball State Cardinals,Ball State,Cardinals,BALL,Mid-American Conference,14,exact
2009-10,52165,Baylor,Big 12,239,Baylor Bears,Baylor,Bears,BAY,Big 12 Conference,8,exact
2009-10,52486,Belmont,ASUN,2057,Belmont Bruins,Belmont,Bruins,BEL,Missouri Valley Conference,18,exact
2009-10,52166,Bethune-Cookman,MEAC,2065,Bethune-Cookman Wildcats,Bethune-Cookman,Wildcats,BCU,Southwestern Athletic Conference,26,exact
2009-10,52167,Binghamton,America East,2066,Binghamton Bearcats,Binghamton,Bearcats,BING,America East Conference,1,exact
2009-10,52168,Boise St.,WAC,68,Boise State Broncos,Boise State,Broncos,BOIS,Mountain West Conference,44,exact
2009-10,52169,Boston College,ACC,103,Boston College Eagles,Boston College,Eagles,BC,Atlantic Coast Conference,2,exact
2009-10,52170,Boston U.,America East,104,Boston University Terriers,Boston University,Terriers,BU,Patriot League,22,exact
2009-10,52171,Bowling Green,MAC,189,Bowling Green Falcons,Bowling Green,Falcons,BGSU,Mid-American Conference,14,exact
2009-10,52172,Bradley,MVC,71,Bradley Braves,Bradley,Braves,BRAD,Missouri Valley Conference,18,exact
2009-10,52174,Brown,Ivy League,225,Brown Bears,Brown,Bears,BRWN,Ivy League,12,exact
2009-10,52175,Bryant,NEC,2803,Bryant Bulldogs,Bryant,Bulldogs,BRY,America East Conference,1,exact
2009-10,52176,Bucknell,Patriot,2083,Bucknell Bison,Bucknell,Bison,BUCK,Patriot League,22,exact
2009-10,52177,Buffalo,MAC,2084,Buffalo Bulls,Buffalo,Bulls,BUF,Mid-American Conference,14,exact
2009-10,52178,Butler,Horizon,2086,Butler Bulldogs,Butler,Bulldogs,BTLR,Big East Conference,4,exact
2009-10,52180,CSU Bakersfield,-,2934,Cal State Bakersfield Roadrunners,Cal State Bakersfield,Roadrunners,CSUB,Big West Conference,9,alias
2009-10,52184,CSUN,Big West,2463,Cal State Northridge Matadors,Cal State Northridge,Matadors,CSUN,Big West Conference,9,exact
2009-10,52179,Cal Poly,Big West,13,Cal Poly Mustangs,Cal Poly,Mustangs,CP,Big West Conference,9,exact
2009-10,52182,Cal St. Fullerton,Big West,2239,Cal State Fullerton Titans,Cal State Fullerton,Titans,CSUF,Big West Conference,9,exact
2009-10,52187,California,Pac-12,25,California Golden Bears,California,Golden Bears,CAL,Atlantic Coast Conference,2,exact
2009-10,52192,Campbell,ASUN,2097,Campbell Fighting Camels,Campbell,Fighting Camels,CAM,Coastal Athletic Association,10,exact
2009-10,52193,Canisius,MAAC,2099,Canisius Golden Griffins,Canisius,Golden Griffins,CAN,Metro Conference,13,exact
2009-10,52194,Centenary (LA),Summit League,2113,Centenary (LA) Gentlemen,Centenary (LA),Gentlemen,CTLA,,,alias
2009-10,52473,Central Ark.,Southland,2110,Central Arkansas Bears,Central Arkansas,Bears,CARK,Atlantic Sun Conference,46,exact
2009-10,52195,Central Conn. St.,NEC,2115,Central Connecticut Blue Devils,Central Connecticut,Blue Devils,CCSU,Northeast Conference,19,dict
2009-10,52197,Central Mich.,MAC,2117,Central Michigan Chippewas,Central Michigan,Chippewas,CMU,Mid-American Conference,14,exact
2009-10,52164,Charleston So.,Big South,2127,Charleston Southern Buccaneers,Charleston Southern,Buccaneers,CHSO,Big South Conference,6,exact
2009-10,52320,Charlotte,Atlantic 10,2429,Charlotte 49ers,Charlotte,49ers,CLT,American Conference,62,exact
2009-10,52423,Chattanooga,SoCon,236,Chattanooga Mocs,Chattanooga,Mocs,UTC,Southern Conference,24,exact
2009-10,52198,Chicago St.,GWC,2130,Chicago State Cougars,Chicago State,Cougars,CHST,Northeast Conference,19,exact
2009-10,52199,Cincinnati,Big East,2132,Cincinnati Bearcats,Cincinnati,Bearcats,CIN,Big 12 Conference,8,exact
2009-10,52200,Clemson,ACC,228,Clemson Tigers,Clemson,Tigers,CLEM,Atlantic Coast Conference,2,exact
2009-10,52201,Cleveland St.,Horizon,325,Cleveland State Vikings,Cleveland State,Vikings,CLE,Horizon League,45,exact
2009-10,52202,Coastal Carolina,Big South,324,Coastal Carolina Chanticleers,Coastal Carolina,Chanticleers,CCU,Sun Belt Conference,27,exact
2009-10,52474,Col. of Charleston,SoCon,232,Charleston Cougars,Charleston,Cougars,COFC,Coastal Athletic Association,10,dict
2009-10,52203,Colgate,Patriot,2142,Colgate Raiders,Colgate,Raiders,COLG,Patriot League,22,exact
2009-10,52205,Colorado,Big 12,38,Colorado Buffaloes,Colorado,Buffaloes,COLO,Big 12 Conference,8,exact
2009-10,52204,Colorado St.,Mountain West,36,Colorado State Rams,Colorado State,Rams,CSU,Mountain West Conference,44,exact
2009-10,52206,Columbia,Ivy League,171,Columbia Lions,Columbia,Lions,COLU,Ivy League,12,exact
2009-10,52208,Coppin St.,MEAC,2154,Coppin State Eagles,Coppin State,Eagles,COPP,Mid-Eastern Athletic Conference,16,exact
2009-10,52209,Cornell,Ivy League,172,Cornell Big Red,Cornell,Big Red,COR,Ivy League,12,exact
2009-10,52210,Creighton,MVC,156,Creighton Bluejays,Creighton,Bluejays,CREI,Big East Conference,4,exact
2009-10,52211,Dartmouth,Ivy League,159,Dartmouth Big Green,Dartmouth,Big Green,DART,Ivy League,12,exact
2009-10,52212,Davidson,SoCon,2166,Davidson Wildcats,Davidson,Wildcats,DAV,Atlantic 10 Conference,3,exact
2009-10,52213,Dayton,Atlantic 10,2168,Dayton Flyers,Dayton,Flyers,DAY,Atlantic 10 Conference,3,exact
2009-10,52214,DePaul,Big East,305,DePaul Blue Demons,DePaul,Blue Demons,DEP,Big East Conference,4,exact
2009-10,52216,Delaware,CAA,48,Delaware Blue Hens,Delaware,Blue Hens,DEL,Coastal Athletic Association,10,exact
2009-10,52215,Delaware St.,MEAC,2169,Delaware State Hornets,Delaware State,Hornets,DSU,Mid-Eastern Athletic Conference,16,exact
2009-10,52217,Denver,Sun Belt,2172,Denver Pioneers,Denver,Pioneers,DEN,Summit League,47,exact
2009-10,52218,Detroit Mercy,Horizon,2174,Detroit Mercy Titans,Detroit Mercy,Titans,DETM,Horizon League,45,exact
2009-10,52219,Drake,MVC,2181,Drake Bulldogs,Drake,Bulldogs,DRKE,Missouri Valley Conference,18,exact
2009-10,52220,Drexel,CAA,2182,Drexel Dragons,Drexel,Dragons,DREX,Coastal Athletic Association,10,exact
2009-10,52221,Duke,ACC,150,Duke Blue Devils,Duke,Blue Devils,DUKE,Atlantic Coast Conference,2,exact
2009-10,52222,Duquesne,Atlantic 10,2184,Duquesne Dukes,Duquesne,Dukes,DUQ,Atlantic 10 Conference,3,exact
2009-10,52224,ETSU,ASUN,2193,East Tennessee State Buccaneers,East Tennessee State,Buccaneers,ETSU,Southern Conference,24,exact
2009-10,52223,East Carolina,C-USA,151,East Carolina Pirates,East Carolina,Pirates,ECU,American Conference,62,exact
2009-10,52225,Eastern Ill.,OVC,2197,Eastern Illinois Panthers,Eastern Illinois,Panthers,EIU,Ohio Valley Conference,20,exact
2009-10,52226,Eastern Ky.,OVC,2198,Eastern Kentucky Colonels,Eastern Kentucky,Colonels,EKU,Atlantic Sun Conference,46,exact
2009-10,52227,Eastern Mich.,MAC,2199,Eastern Michigan Eagles,Eastern Michigan,Eagles,EMU,Mid-American Conference,14,exact
2009-10,52228,Eastern Wash.,Big Sky,331,Eastern Washington Eagles,Eastern Washington,Eagles,EWU,Big Sky Conference,5,exact
2009-10,52475,Elon,SoCon,2210,Elon Phoenix,Elon,Phoenix,ELON,Coastal Athletic Association,10,exact
2009-10,52229,Evansville,MVC,339,Evansville Purple Aces,Evansville,Purple Aces,EVAN,Missouri Valley Conference,18,exact
2009-10,52490,FGCU,ASUN,526,Florida Gulf Coast Eagles,Florida Gulf Coast,Eagles,FGCU,Atlantic Sun Conference,46,exact
2009-10,52234,FIU,Sun Belt,2229,Florida International Panthers,Florida International,Panthers,FIU,Conference USA,11,exact
2009-10,52230,Fairfield,MAAC,2217,Fairfield Stags,Fairfield,Stags,FAIR,Metro Conference,13,exact
2009-10,52231,Fairleigh Dickinson,NEC,161,Fairleigh Dickinson Knights,Fairleigh Dickinson,Knights,FDU,Northeast Conference,19,exact
2009-10,52233,Fla. Atlantic,Sun Belt,2226,Florida Atlantic Owls,Florida Atlantic,Owls,FAU,American Conference,62,exact
2009-10,52236,Florida,SEC,57,Florida Gators,Florida,Gators,FLA,Southeastern Conference,23,exact
2009-10,52232,Florida A&M,MEAC,50,Florida A&M Rattlers,Florida A&M,Rattlers,FAMU,Southwestern Athletic Conference,26,exact
2009-10,52235,Florida St.,ACC,52,Florida State Seminoles,Florida State,Seminoles,FSU,Atlantic Coast Conference,2,exact
2009-10,52237,Fordham,Atlantic 10,2230,Fordham Rams,Fordham,Rams,FOR,Atlantic 10 Conference,3,exact
2009-10,52181,Fresno St.,WAC,278,Fresno State Bulldogs,Fresno State,Bulldogs,FRES,Mountain West Conference,44,exact
2009-10,52238,Furman,SoCon,231,Furman Paladins,Furman,Paladins,FUR,Southern Conference,24,exact
2009-10,52242,Ga. Southern,SoCon,290,Georgia Southern Eagles,Georgia Southern,Eagles,GASO,Sun Belt Conference,27,exact
2009-10,52476,Gardner-Webb,Big South,2241,Gardner-Webb Runnin' Bulldogs,Gardner-Webb,Runnin' Bulldogs,GWEB,Big South Conference,6,exact
2009-10,52239,George Mason,CAA,2244,George Mason Patriots,George Mason,Patriots,GMU,Atlantic 10 Conference,3,exact
2009-10,52240,George Washington,Atlantic 10,45,George Washington Revolutionaries,George Washington,Revolutionaries,GW,Atlantic 10 Conference,3,exact
2009-10,52241,Georgetown,Big East,46,Georgetown Hoyas,Georgetown,Hoyas,GTWN,Big East Conference,4,exact
2009-10,52245,Georgia,SEC,61,Georgia Bulldogs,Georgia,Bulldogs,UGA,Southeastern Conference,23,exact
2009-10,52243,Georgia St.,CAA,2247,Georgia State Panthers,Georgia State,Panthers,GAST,Sun Belt Conference,27,exact
2009-10,52244,Georgia Tech,ACC,59,Georgia Tech Yellow Jackets,Georgia Tech,Yellow Jackets,GT,Atlantic Coast Conference,2,exact
2009-10,52246,Gonzaga,WCC,2250,Gonzaga Bulldogs,Gonzaga,Bulldogs,GONZ,West Coast Conference,29,exact
2009-10,52247,Grambling,SWAC,2755,Grambling Tigers,Grambling,Tigers,GRAM,Southwestern Athletic Conference,26,exact
2009-10,52465,Green Bay,Horizon,2739,Green Bay Phoenix,Green Bay,Phoenix,GB,Horizon League,45,exact
2009-10,52248,Hampton,MEAC,2261,Hampton Pirates,Hampton,Pirates,HAMP,Coastal Athletic Association,10,exact
2009-10,52249,Hartford,America East,42,Hartford Hawks,Hartford,Hawks,HART,,,exact
2009-10,52250,Harvard,Ivy League,108,Harvard Crimson,Harvard,Crimson,HARV,Ivy League,12,exact
2009-10,52251,Hawaii,WAC,62,Hawai'i Rainbow Warriors,Hawai'i,Rainbow Warriors,HAW,Big West Conference,9,dict
2009-10,52487,High Point,Big South,2272,High Point Panthers,High Point,Panthers,HPU,Big South Conference,6,exact
2009-10,52252,Hofstra,CAA,2275,Hofstra Pride,Hofstra,Pride,HOF,Coastal Athletic Association,10,exact
2009-10,52253,Holy Cross,Patriot,107,Holy Cross Crusaders,Holy Cross,Crusaders,HC,Patriot League,22,exact
2009-10,52255,Houston,C-USA,248,Houston Cougars,Houston,Cougars,HOU,Big 12 Conference,8,exact
2009-10,52254,Houston Baptist,GWC,2277,Houston Christian Huskies,Houston Christian,Huskies,HCU,Southland Conference,25,alias
2009-10,52256,Howard,MEAC,47,Howard Bison,Howard,Bison,HOW,Mid-Eastern Athletic Conference,16,exact
2009-10,52481,IUPUI,Summit League,85,IU Indianapolis Jaguars,IU Indianapolis,Jaguars,IUIN,Horizon League,45,alias
2009-10,52258,Idaho,WAC,70,Idaho Vandals,Idaho,Vandals,IDHO,Big Sky Conference,5,exact
2009-10,52257,Idaho St.,Big Sky,304,Idaho State Bengals,Idaho State,Bengals,IDST,Big Sky Conference,5,exact
2009-10,52260,Illinois,Big Ten,356,Illinois Fighting Illini,Illinois,Fighting Illini,ILL,Big Ten Conference,7,exact
2009-10,52259,Illinois St.,MVC,2287,Illinois State Redbirds,Illinois State,Redbirds,ILST,Missouri Valley Conference,18,exact
2009-10,52263,Indiana,Big Ten,84,Indiana Hoosiers,Indiana,Hoosiers,IU,Big Ten Conference,7,exact
2009-10,52262,Indiana St.,MVC,282,Indiana State Sycamores,Indiana State,Sycamores,INST,Missouri Valley Conference,18,exact
2009-10,52265,Iona,MAAC,314,Iona Gaels,Iona,Gaels,IONA,Metro Conference,13,exact
2009-10,52267,Iowa,Big Ten,2294,Iowa Hawkeyes,Iowa,Hawkeyes,IOWA,Big Ten Conference,7,exact
2009-10,52266,Iowa St.,Big 12,66,Iowa State Cyclones,Iowa State,Cyclones,ISU,Big 12 Conference,8,exact
2009-10,52268,Jackson St.,SWAC,2296,Jackson State Tigers,Jackson State,Tigers,JKST,Southwestern Athletic Conference,26,exact
2009-10,52270,Jacksonville,ASUN,294,Jacksonville Dolphins,Jacksonville,Dolphins,JAX,Atlantic Sun Conference,46,exact
2009-10,52269,Jacksonville St.,OVC,55,Jacksonville State Gamecocks,Jacksonville State,Gamecocks,JXST,Conference USA,11,exact
2009-10,52271,James Madison,CAA,256,James Madison Dukes,James Madison,Dukes,JMU,Sun Belt Conference,27,exact
2009-10,52273,Kansas,Big 12,2305,Kansas Jayhawks,Kansas,Jayhawks,KU,Big 12 Conference,8,exact
2009-10,52482,Kansas City,Summit League,140,Kansas City Roos,Kansas City,Roos,KC,Summit League,47,exact
2009-10,52272,Kansas St.,Big 12,2306,Kansas State Wildcats,Kansas State,Wildcats,KSU,Big 12 Conference,8,exact
2009-10,52477,Kennesaw St.,ASUN,338,Kennesaw State Owls,Kennesaw State,Owls,KENN,Conference USA,11,exact
2009-10,52274,Kent St.,MAC,2309,Kent State Golden Flashes,Kent State,Golden Flashes,KENT,Mid-American Conference,14,exact
2009-10,52275,Kentucky,SEC,96,Kentucky Wildcats,Kentucky,Wildcats,UK,Southeastern Conference,23,exact
2009-10,52281,LIU,NEC,112358,Long Island University Sharks,Long Island University,Sharks,LIU,Northeast Conference,19,exact
2009-10,52287,LMU (CA),WCC,2351,Loyola Marymount Lions,Loyola Marymount,Lions,LMU,West Coast Conference,29,dict
2009-10,52283,LSU,SEC,99,LSU Tigers,LSU,Tigers,LSU,Southeastern Conference,23,exact
2009-10,52276,La Salle,Atlantic 10,2325,La Salle Explorers,La Salle,Explorers,LAS,Atlantic 10 Conference,3,exact
2009-10,52277,Lafayette,Patriot,322,Lafayette Leopards,Lafayette,Leopards,LAF,Patriot League,22,exact
2009-10,52278,Lamar University,Southland,2320,Lamar Cardinals,Lamar,Cardinals,LAM,Southland Conference,25,dict
2009-10,52279,Lehigh,Patriot,2329,Lehigh Mountain Hawks,Lehigh,Mountain Hawks,LEH,Patriot League,22,exact
2009-10,52280,Liberty,Big South,2335,Liberty Flames,Liberty,Flames,LIB,Conference USA,11,exact
2009-10,52489,Lipscomb,ASUN,288,Lipscomb Bisons,Lipscomb,Bisons,LIP,Atlantic Sun Conference,46,exact
2009-10,52160,Little Rock,Sun Belt,2031,Little Rock Trojans,Little Rock,Trojans,LR,Ohio Valley Conference,20,exact
2009-10,52183,Long Beach St.,Big West,299,Long Beach State Beach,Long Beach State,Beach,LBSU,Big West Conference,9,exact
2009-10,52282,Longwood,-,2344,Longwood Lancers,Longwood,Lancers,LONG,Big South Conference,6,exact
2009-10,52414,Louisiana,Sun Belt,309,Louisiana Ragin' Cajuns,Louisiana,Ragin' Cajuns,UL,Sun Belt Conference,27,exact
2009-10,52284,Louisiana Tech,WAC,2348,Louisiana Tech Bulldogs,Louisiana Tech,Bulldogs,LT,Conference USA,11,exact
2009-10,52285,Louisville,Big East,97,Louisville Cardinals,Louisville,Cardinals,LOU,Atlantic Coast Conference,2,exact
2009-10,52288,Loyola Chicago,Horizon,2350,Loyola Chicago Ramblers,Loyola Chicago,Ramblers,LUC,Atlantic 10 Conference,3,exact
2009-10,52286,Loyola Maryland,MAAC,2352,Loyola Maryland Greyhounds,Loyola Maryland,Greyhounds,L-MD,Patriot League,22,exact
2009-10,52289,Maine,America East,311,Maine Black Bears,Maine,Black Bears,ME,America East Conference,1,exact
2009-10,52290,Manhattan,MAAC,2363,Manhattan Jaspers,Manhattan,Jaspers,MAN,Metro Conference,13,exact
2009-10,52291,Marist,MAAC,2368,Marist Red Foxes,Marist,Red Foxes,MRST,Metro Conference,13,exact
2009-10,52292,Marquette,Big East,269,Marquette Golden Eagles,Marquette,Golden Eagles,MARQ,Big East Conference,4,exact
2009-10,52293,Marshall,C-USA,276,Marshall Thundering Herd,Marshall,Thundering Herd,MRSH,Sun Belt Conference,27,exact
2009-10,52295,Maryland,ACC,120,Maryland Terrapins,Maryland,Terrapins,MD,Big Ten Conference,7,exact
2009-10,52297,Massachusetts,Atlantic 10,113,Massachusetts Minutemen,Massachusetts,Minutemen,MASS,Atlantic 10 Conference,3,exact
2009-10,52298,McNeese,Southland,2377,McNeese Cowboys,McNeese,Cowboys,MCN,Southland Conference,25,exact
2009-10,52299,Memphis,C-USA,235,Memphis Tigers,Memphis,Tigers,MEM,American Conference,62,exact
2009-10,52300,Mercer,ASUN,2382,Mercer Bears,Mercer,Bears,MER,Southern Conference,24,exact
2009-10,52302,Miami (FL),ACC,2390,Miami Hurricanes,Miami,Hurricanes,MIA,Atlantic Coast Conference,2,dict
2009-10,52301,Miami (OH),MAC,193,Miami (OH) RedHawks,Miami (OH),RedHawks,M-OH,Mid-American Conference,14,exact
2009-10,52304,Michigan,Big Ten,130,Michigan Wolverines,Michigan,Wolverines,MICH,Big Ten Conference,7,exact
2009-10,52303,Michigan St.,Big Ten,127,Michigan State Spartans,Michigan State,Spartans,MSU,Big Ten Conference,7,exact
2009-10,52305,Middle Tenn.,Sun Belt,2393,Middle Tennessee Blue Raiders,Middle Tennessee,Blue Raiders,MTSU,Conference USA,11,exact
2009-10,52467,Milwaukee,Horizon,270,Milwaukee Panthers,Milwaukee,Panthers,MILW,Horizon League,45,exact
2009-10,52306,Minnesota,Big Ten,135,Minnesota Golden Gophers,Minnesota,Golden Gophers,MINN,Big Ten Conference,7,exact
2009-10,52307,Mississippi St.,SEC,344,Mississippi State Bulldogs,Mississippi State,Bulldogs,MSST,Southeastern Conference,23,exact
2009-10,52308,Mississippi Val.,SWAC,2400,Mississippi Valley State Delta Devils,Mississippi Valley State,Delta Devils,MVSU,Southwestern Athletic Conference,26,dict
2009-10,52310,Missouri,Big 12,142,Missouri Tigers,Missouri,Tigers,MIZ,Southeastern Conference,23,exact
2009-10,52412,Missouri St.,MVC,2623,Missouri State Bears,Missouri State,Bears,MOST,Missouri Valley Conference,18,exact
2009-10,52311,Monmouth,NEC,2405,Monmouth Hawks,Monmouth,Hawks,MONM,Coastal Athletic Association,10,exact
2009-10,52313,Montana,Big Sky,149,Montana Grizzlies,Montana,Grizzlies,MONT,Big Sky Conference,5,exact
2009-10,52312,Montana St.,Big Sky,147,Montana State Bobcats,Montana State,Bobcats,MTST,Big Sky Conference,5,exact
2009-10,52314,Morehead St.,OVC,2413,Morehead State Eagles,Morehead State,Eagles,MORE,Ohio Valley Conference,20,exact
2009-10,52315,Morgan St.,MEAC,2415,Morgan State Bears,Morgan State,Bears,MORG,Mid-Eastern Athletic Conference,16,exact
2009-10,52316,Mount St. Mary's,NEC,116,Mount St. Mary's Mountaineers,Mount St. Mary's,Mountaineers,MSM,Metro Conference,13,exact
2009-10,52317,Murray St.,OVC,93,Murray State Racers,Murray State,Racers,MUR,Missouri Valley Conference,18,exact
2009-10,52334,N.C. A&T,MEAC,2448,North Carolina A&T Aggies,North Carolina A&T,Aggies,NCAT,Coastal Athletic Association,10,exact
2009-10,52335,N.C. Central,-,2428,North Carolina Central Eagles,North Carolina Central,Eagles,NCCU,Mid-Eastern Athletic Conference,16,exact
2009-10,52336,NC State,ACC,152,NC State Wolfpack,NC State,Wolfpack,NCSU,Atlantic Coast Conference,2,exact
2009-10,52327,NJIT,GWC,2885,NJIT Highlanders,NJIT,Highlanders,NJIT,America East Conference,1,exact
2009-10,52441,Navy,Patriot,2426,Navy Midshipmen,Navy,Midshipmen,NAVY,Patriot League,22,exact
2009-10,52323,Nebraska,Big 12,158,Nebraska Cornhuskers,Nebraska,Cornhuskers,NEB,Big Ten Conference,7,exact
2009-10,52325,Nevada,WAC,2440,Nevada Wolf Pack,Nevada,Wolf Pack,NEV,Mountain West Conference,44,exact
2009-10,52326,New Hampshire,America East,160,New Hampshire Wildcats,New Hampshire,Wildcats,UNH,America East Conference,1,exact
2009-10,52329,New Mexico,Mountain West,167,New Mexico Lobos,New Mexico,Lobos,UNM,Mountain West Conference,44,exact
2009-10,52328,New Mexico St.,WAC,166,New Mexico State Aggies,New Mexico State,Aggies,NMSU,Conference USA,11,exact
2009-10,52330,New Orleans,Sun Belt,2443,LSU New Orleans Privateers,LSU New Orleans,Privateers,NOLA,Southland Conference,25,exact
2009-10,52331,Niagara,MAAC,315,Niagara Purple Eagles,Niagara,Purple Eagles,NIA,Metro Conference,13,exact
2009-10,52332,Nicholls,Southland,2447,Nicholls Colonels,Nicholls,Colonels,NICH,Southland Conference,25,exact
2009-10,52333,Norfolk St.,MEAC,2450,Norfolk State Spartans,Norfolk State,Spartans,NORF,Mid-Eastern Athletic Conference,16,exact
2009-10,52319,North Carolina,ACC,153,North Carolina Tar Heels,North Carolina,Tar Heels,UNC,Atlantic Coast Conference,2,exact
2009-10,52338,North Dakota,GWC,155,North Dakota Fighting Hawks,North Dakota,Fighting Hawks,UND,Summit League,47,exact
2009-10,52337,North Dakota St.,Summit League,2449,North Dakota State Bison,North Dakota State,Bison,NDSU,Summit League,47,exact
2009-10,52483,North Florida,ASUN,2454,North Florida Ospreys,North Florida,Ospreys,UNF,Atlantic Sun Conference,46,exact
2009-10,52339,North Texas,Sun Belt,249,North Texas Mean Green,North Texas,Mean Green,UNT,American Conference,62,exact
2009-10,52341,Northeastern,CAA,111,Northeastern Huskies,Northeastern,Huskies,NE,Coastal Athletic Association,10,exact
2009-10,52342,Northern Ariz.,Big Sky,2464,Northern Arizona Lumberjacks,Northern Arizona,Lumberjacks,NAU,Big Sky Conference,5,exact
2009-10,52343,Northern Colo.,Big Sky,2458,Northern Colorado Bears,Northern Colorado,Bears,UNCO,Big Sky Conference,5,exact
2009-10,52344,Northern Ill.,MAC,2459,Northern Illinois Huskies,Northern Illinois,Huskies,NIU,Mid-American Conference,14,exact
2009-10,52347,Northwestern,Big Ten,77,Northwestern Wildcats,Northwestern,Wildcats,NU,Big Ten Conference,7,exact
2009-10,52346,Northwestern St.,Southland,2466,Northwestern State Demons,Northwestern State,Demons,NWST,Southland Conference,25,exact
2009-10,52348,Notre Dame,Big East,87,Notre Dame Fighting Irish,Notre Dame,Fighting Irish,ND,Atlantic Coast Conference,2,exact
2009-10,52349,Oakland,Summit League,2473,Oakland Golden Grizzlies,Oakland,Golden Grizzlies,OAK,Horizon League,45,exact
2009-10,52351,Ohio,MAC,195,Ohio Bobcats,Ohio,Bobcats,OHIO,Mid-American Conference,14,exact
2009-10,52350,Ohio St.,Big Ten,194,Ohio State Buckeyes,Ohio State,Buckeyes,OSU,Big Ten Conference,7,exact
2009-10,52353,Oklahoma,Big 12,201,Oklahoma Sooners,Oklahoma,Sooners,OU,Southeastern Conference,23,exact
2009-10,52352,Oklahoma St.,Big 12,197,Oklahoma State Cowboys,Oklahoma State,Cowboys,OKST,Big 12 Conference,8,exact
2009-10,52354,Old Dominion,CAA,295,Old Dominion Monarchs,Old Dominion,Monarchs,ODU,Sun Belt Conference,27,exact
2009-10,52309,Ole Miss,SEC,145,Ole Miss Rebels,Ole Miss,Rebels,MISS,Southeastern Conference,23,exact
2009-10,52355,Oral Roberts,Summit League,198,Oral Roberts Golden Eagles,Oral Roberts,Golden Eagles,ORU,Summit League,47,exact
2009-10,52357,Oregon,Pac-12,2483,Oregon Ducks,Oregon,Ducks,ORE,Big Ten Conference,7,exact
2009-10,52356,Oregon St.,Pac-12,204,Oregon State Beavers,Oregon State,Beavers,ORST,West Coast Conference,29,exact
2009-10,52358,Pacific,Big West,279,Pacific Tigers,Pacific,Tigers,PAC,West Coast Conference,29,exact
2009-10,52361,Penn,Ivy League,219,Pennsylvania Quakers,Pennsylvania,Quakers,PENN,Ivy League,12,exact
2009-10,52360,Penn St.,Big Ten,213,Penn State Nittany Lions,Penn State,Nittany Lions,PSU,Big Ten Conference,7,exact
2009-10,52362,Pepperdine,WCC,2492,Pepperdine Waves,Pepperdine,Waves,PEPP,West Coast Conference,29,exact
2009-10,52363,Pittsburgh,Big East,221,Pittsburgh Panthers,Pittsburgh,Panthers,PITT,Atlantic Coast Conference,2,exact
2009-10,52365,Portland,WCC,2501,Portland Pilots,Portland,Pilots,PORT,West Coast Conference,29,exact
2009-10,52364,Portland St.,Big Sky,2502,Portland State Vikings,Portland State,Vikings,PRST,Big Sky Conference,5,exact
2009-10,52366,Prairie View,SWAC,2504,Prairie View A&M Panthers,Prairie View A&M,Panthers,PV,Southwestern Athletic Conference,26,exact
2009-10,52478,Presbyterian,Big South,2506,Presbyterian Blue Hose,Presbyterian,Blue Hose,PRES,Big South Conference,6,exact
2009-10,52367,Princeton,Ivy League,163,Princeton Tigers,Princeton,Tigers,PRIN,Ivy League,12,exact
2009-10,52368,Providence,Big East,2507,Providence Friars,Providence,Friars,PROV,Big East Conference,4,exact
2009-10,52369,Purdue,Big Ten,2509,Purdue Boilermakers,Purdue,Boilermakers,PUR,Big Ten Conference,7,exact
2009-10,52264,Purdue Fort Wayne,Summit League,2870,Purdue Fort Wayne Mastodons,Purdue Fort Wayne,Mastodons,PFW,Horizon League,45,exact
2009-10,52370,Quinnipiac,NEC,2514,Quinnipiac Bobcats,Quinnipiac,Bobcats,QUIN,Metro Conference,13,exact
2009-10,52371,Radford,Big South,2515,Radford Highlanders,Radford,Highlanders,RAD,Big South Conference,6,exact
2009-10,52372,Rhode Island,Atlantic 10,227,Rhode Island Rams,Rhode Island,Rams,URI,Atlantic 10 Conference,3,exact
2009-10,52373,Rice,C-USA,242,Rice Owls,Rice,Owls,RICE,American Conference,62,exact
2009-10,52374,Richmond,Atlantic 10,257,Richmond Spiders,Richmond,Spiders,RICH,Atlantic 10 Conference,3,exact
2009-10,52375,Rider,MAAC,2520,Rider Broncs,Rider,Broncs,RID,Metro Conference,13,exact
2009-10,52376,Robert Morris,NEC,2523,Robert Morris Colonials,Robert Morris,Colonials,RMU,Horizon League,45,exact
2009-10,52377,Rutgers,Big East,164,Rutgers Scarlet Knights,Rutgers,Scarlet Knights,RUTG,Big Ten Conference,7,exact
2009-10,52416,SFA,Southland,2617,Stephen F. Austin Lumberjacks,Stephen F. Austin,Lumberjacks,SFA,Southland Conference,25,exact
2009-10,52407,SIUE,-,2565,SIU Edwardsville Cougars,SIU Edwardsville,Cougars,SIUE,Ohio Valley Conference,20,exact
2009-10,52408,SMU,C-USA,2567,SMU Mustangs,SMU,Mustangs,SMU,Atlantic Coast Conference,2,exact
2009-10,52185,Sacramento St.,Big Sky,16,Sacramento State Hornets,Sacramento State,Hornets,SAC,Big Sky Conference,5,exact
2009-10,52378,Sacred Heart,NEC,2529,Sacred Heart Pioneers,Sacred Heart,Pioneers,SHU,Metro Conference,13,exact
2009-10,52381,Saint Francis (PA),NEC,2598,St. Francis (PA) Red Flash,St. Francis (PA),Red Flash,SFPA,Northeast Conference,19,exact
2009-10,52383,Saint Joseph's,Atlantic 10,2603,Saint Joseph's Hawks,Saint Joseph's,Hawks,JOES,Atlantic 10 Conference,3,exact
2009-10,52384,Saint Louis,Atlantic 10,139,Saint Louis Billikens,Saint Louis,Billikens,SLU,Atlantic 10 Conference,3,exact
2009-10,52385,Saint Mary's (CA),WCC,2608,Saint Mary's Gaels,Saint Mary's,Gaels,SMC,West Coast Conference,29,dict
2009-10,52386,Saint Peter's,MAAC,2612,Saint Peter's Peacocks,Saint Peter's,Peacocks,SPU,Metro Conference,13,exact
2009-10,52387,Sam Houston,Southland,2534,Sam Houston Bearkats,Sam Houston,Bearkats,SHSU,Conference USA,11,exact
2009-10,52388,Samford,SoCon,2535,Samford Bulldogs,Samford,Bulldogs,SAM,Southern Conference,24,exact
2009-10,52390,San Diego,WCC,301,San Diego Toreros,San Diego,Toreros,USD,West Coast Conference,29,exact
2009-10,52389,San Diego St.,Mountain West,21,San Diego State Aztecs,San Diego State,Aztecs,SDSU,Mountain West Conference,44,exact
2009-10,52391,San Francisco,WCC,2539,San Francisco Dons,San Francisco,Dons,SF,West Coast Conference,29,exact
2009-10,52392,San Jose St.,WAC,23,San José State Spartans,San José State,Spartans,SJSU,Mountain West Conference,44,dict
2009-10,52393,Santa Clara,WCC,2541,Santa Clara Broncos,Santa Clara,Broncos,SCU,West Coast Conference,29,exact
2009-10,52394,Savannah St.,-,2542,Savannah State Tigers,Savannah State,Tigers,SAV,,,alias
2009-10,52479,Seattle U,-,2547,Seattle U Redhawks,Seattle U,Redhawks,SEA,United Athletic Conference,30,exact
2009-10,52395,Seton Hall,Big East,2550,Seton Hall Pirates,Seton Hall,Pirates,HALL,Big East Conference,4,exact
2009-10,52396,Siena,MAAC,2561,Siena Saints,Siena,Saints,SIE,Metro Conference,13,exact
2009-10,52397,South Alabama,Sun Belt,6,South Alabama Jaguars,South Alabama,Jaguars,USA,Sun Belt Conference,27,exact
2009-10,52399,South Carolina,SEC,2579,South Carolina Gamecocks,South Carolina,Gamecocks,SC,Southeastern Conference,23,exact
2009-10,52398,South Carolina St.,MEAC,2569,South Carolina State Bulldogs,South Carolina State,Bulldogs,SCST,Mid-Eastern Athletic Conference,16,exact
2009-10,52401,South Dakota,GWC,233,South Dakota Coyotes,South Dakota,Coyotes,SDAK,Summit League,47,exact
2009-10,52400,South Dakota St.,Summit League,2571,South Dakota State Jackrabbits,South Dakota State,Jackrabbits,SDST,Summit League,47,exact
2009-10,52402,South Fla.,Big East,58,South Florida Bulls,South Florida,Bulls,USF,American Conference,62,exact
2009-10,52403,Southeast Mo. St.,OVC,2546,Southeast Missouri State Redhawks,Southeast Missouri State,Redhawks,SEMO,Ohio Valley Conference,20,exact
2009-10,52404,Southeastern La.,Southland,2545,SE Louisiana Lions,SE Louisiana,Lions,SELA,Southland Conference,25,dict
2009-10,52405,Southern California,Pac-12,30,USC Trojans,USC,Trojans,USC,Big Ten Conference,7,dict
2009-10,52406,Southern Ill.,MVC,79,Southern Illinois Salukis,Southern Illinois,Salukis,SIU,Missouri Valley Conference,18,exact
2009-10,52409,Southern Miss.,C-USA,2572,Southern Miss Golden Eagles,Southern Miss,Golden Eagles,USM,Sun Belt Conference,27,dict
2009-10,52410,Southern U.,SWAC,2582,Southern Jaguars,Southern,Jaguars,SOU,Southwestern Athletic Conference,26,dict
2009-10,52411,Southern Utah,Summit League,253,Southern Utah Thunderbirds,Southern Utah,Thunderbirds,SUU,United Athletic Conference,30,exact
2009-10,52379,St. Bonaventure,Atlantic 10,179,St. Bonaventure Bonnies,St. Bonaventure,Bonnies,SBU,Atlantic 10 Conference,3,exact
2009-10,52380,St. Francis Brooklyn,NEC,2597,St. Francis Brooklyn Terriers,St. Francis Brooklyn,Terriers,SFNY,,,exact
2009-10,52382,St. John's (NY),Big East,2599,St. John's Red Storm,St. John's,Red Storm,SJU,Big East Conference,4,dict
2009-10,52415,Stanford,Pac-12,24,Stanford Cardinal,Stanford,Cardinal,STAN,Atlantic Coast Conference,2,exact
2009-10,52417,Stetson,ASUN,56,Stetson Hatters,Stetson,Hatters,STET,Atlantic Sun Conference,46,exact
2009-10,52418,Stony Brook,America East,2619,Stony Brook Seawolves,Stony Brook,Seawolves,STBK,Coastal Athletic Association,10,exact
2009-10,52419,Syracuse,Big East,183,Syracuse Orange,Syracuse,Orange,SYR,Atlantic Coast Conference,2,exact
2009-10,52427,TCU,Mountain West,2628,TCU Horned Frogs,TCU,Horned Frogs,TCU,Big 12 Conference,8,exact
2009-10,52420,Temple,Atlantic 10,218,Temple Owls,Temple,Owls,TEM,American Conference,62,exact
2009-10,52424,Tennessee,SEC,2633,Tennessee Volunteers,Tennessee,Volunteers,TENN,Southeastern Conference,23,exact
2009-10,52421,Tennessee St.,OVC,2634,Tennessee State Tigers,Tennessee State,Tigers,TNST,Ohio Valley Conference,20,exact
2009-10,52422,Tennessee Tech,OVC,2635,Tennessee Tech Golden Eagles,Tennessee Tech,Golden Eagles,TNTC,Ohio Valley Conference,20,exact
2009-10,52431,Texas,Big 12,251,Texas Longhorns,Texas,Longhorns,TEX,Southeastern Conference,23,exact
2009-10,52426,Texas A&M,Big 12,245,Texas A&M Aggies,Texas A&M,Aggies,TA&M,Southeastern Conference,23,exact
2009-10,52428,Texas Southern,SWAC,2640,Texas Southern Tigers,Texas Southern,Tigers,TXSO,Southwestern Athletic Conference,26,exact
2009-10,52413,Texas St.,Southland,326,Texas State Bobcats,Texas State,Bobcats,TXST,Sun Belt Conference,27,exact
2009-10,52429,Texas Tech,Big 12,2641,Texas Tech Red Raiders,Texas Tech,Red Raiders,TTU,Big 12 Conference,8,exact
2009-10,52434,Toledo,MAC,2649,Toledo Rockets,Toledo,Rockets,TOL,Mid-American Conference,14,exact
2009-10,52435,Towson,CAA,119,Towson Tigers,Towson,Tigers,TOW,Coastal Athletic Association,10,exact
2009-10,52436,Troy,Sun Belt,2653,Troy Trojans,Troy,Trojans,TROY,Sun Belt Conference,27,exact
2009-10,52437,Tulane,C-USA,2655,Tulane Green Wave,Tulane,Green Wave,TULN,American Conference,62,exact
2009-10,52438,Tulsa,C-USA,202,Tulsa Golden Hurricane,Tulsa,Golden Hurricane,TLSA,American Conference,62,exact
2009-10,52151,UAB,C-USA,5,UAB Blazers,UAB,Blazers,UAB,American Conference,62,exact
2009-10,52188,UC Davis,Big West,302,UC Davis Aggies,UC Davis,Aggies,UCD,Big West Conference,9,exact
2009-10,52189,UC Irvine,Big West,300,UC Irvine Anteaters,UC Irvine,Anteaters,UCI,Big West Conference,9,exact
2009-10,52191,UC Riverside,Big West,27,UC Riverside Highlanders,UC Riverside,Highlanders,UCR,Big West Conference,9,exact
2009-10,52186,UC Santa Barbara,Big West,2540,UC Santa Barbara Gauchos,UC Santa Barbara,Gauchos,UCSB,Big West Conference,9,exact
2009-10,52196,UCF,C-USA,2116,UCF Knights,UCF,Knights,UCF,Big 12 Conference,8,exact
2009-10,52190,UCLA,Pac-12,26,UCLA Bruins,UCLA,Bruins,UCLA,Big Ten Conference,7,exact
2009-10,52207,UConn,Big East,41,UConn Huskies,UConn,Huskies,CONN,Big East Conference,4,exact
2009-10,52261,UIC,Horizon,82,UIC Flames,UIC,Flames,UIC,Missouri Valley Conference,18,exact
2009-10,52340,ULM,Sun Belt,2433,UL Monroe Warhawks,UL Monroe,Warhawks,ULM,Sun Belt Conference,27,exact
2009-10,52294,UMBC,America East,2378,UMBC Retrievers,UMBC,Retrievers,UMBC,America East Conference,1,exact
2009-10,52296,UMES,MEAC,2379,Maryland Eastern Shore Hawks,Maryland Eastern Shore,Hawks,UMES,Mid-Eastern Athletic Conference,16,exact
2009-10,52318,UNC Asheville,Big South,2427,UNC Asheville Bulldogs,UNC Asheville,Bulldogs,UNCA,Big South Conference,6,exact
2009-10,52321,UNC Greensboro,SoCon,2430,UNC Greensboro Spartans,UNC Greensboro,Spartans,UNCG,Southern Conference,24,exact
2009-10,52322,UNCW,CAA,350,UNC Wilmington Seahawks,UNC Wilmington,Seahawks,UNCW,Coastal Athletic Association,10,exact
2009-10,52345,UNI,MVC,2460,Northern Iowa Panthers,Northern Iowa,Panthers,UNI,Missouri Valley Conference,18,exact
2009-10,52324,UNLV,Mountain West,2439,UNLV Rebels,UNLV,Rebels,UNLV,Mountain West Conference,44,exact
2009-10,52485,USC Upstate,ASUN,2908,South Carolina Upstate Spartans,South Carolina Upstate,Spartans,UPST,Big South Conference,6,dict
2009-10,52430,UT Arlington,Southland,250,UT Arlington Mavericks,UT Arlington,Mavericks,UTA,United Athletic Conference,30,exact
2009-10,52425,UT Martin,OVC,2630,UT Martin Skyhawks,UT Martin,Skyhawks,UTM,Ohio Valley Conference,20,exact
2009-10,52432,UTEP,C-USA,2638,UTEP Miners,UTEP,Miners,UTEP,Conference USA,11,exact
2009-10,52359,UTRGV,GWC,292,UT Rio Grande Valley Vaqueros,UT Rio Grande Valley,Vaqueros,RGV,Southland Conference,25,dict
2009-10,52433,UTSA,Southland,2636,UTSA Roadrunners,UTSA,Roadrunners,UTSA,American Conference,62,exact
2009-10,52443,Utah,Mountain West,254,Utah Utes,Utah,Utes,UTAH,Big 12 Conference,8,exact
2009-10,52442,Utah St.,WAC,328,Utah State Aggies,Utah State,Aggies,USU,Mountain West Conference,44,exact
2009-10,52491,Utah Valley,GWC,3084,Utah Valley Wolverines,Utah Valley,Wolverines,UVU,United Athletic Conference,30,exact
2009-10,52448,VCU,CAA,2670,VCU Rams,VCU,Rams,VCU,Atlantic 10 Conference,3,exact
2009-10,52444,Valparaiso,Horizon,2674,Valparaiso Beacons,Valparaiso,Beacons,VAL,Missouri Valley Conference,18,exact
2009-10,52445,Vanderbilt,SEC,238,Vanderbilt Commodores,Vanderbilt,Commodores,VAN,Southeastern Conference,23,exact
2009-10,52446,Vermont,America East,261,Vermont Catamounts,Vermont,Catamounts,UVM,America East Conference,1,exact
2009-10,52447,Villanova,Big East,222,Villanova Wildcats,Villanova,Wildcats,VILL,Big East Conference,4,exact
2009-10,52450,Virginia,ACC,258,Virginia Cavaliers,Virginia,Cavaliers,UVA,Atlantic Coast Conference,2,exact
2009-10,52449,Virginia Tech,ACC,259,Virginia Tech Hokies,Virginia Tech,Hokies,VT,Atlantic Coast Conference,2,exact
2009-10,52451,Wagner,NEC,2681,Wagner Seahawks,Wagner,Seahawks,WAG,Northeast Conference,19,exact
2009-10,52452,Wake Forest,ACC,154,Wake Forest Demon Deacons,Wake Forest,Demon Deacons,WAKE,Atlantic Coast Conference,2,exact
2009-10,52454,Washington,Pac-12,264,Washington Huskies,Washington,Huskies,WASH,Big Ten Conference,7,exact
2009-10,52453,Washington St.,Pac-12,265,Washington State Cougars,Washington State,Cougars,WSU,West Coast Conference,29,exact
2009-10,52455,Weber St.,Big Sky,2692,Weber State Wildcats,Weber State,Wildcats,WEB,Big Sky Conference,5,exact
2009-10,52456,West Virginia,Big East,277,West Virginia Mountaineers,West Virginia,Mountaineers,WVU,Big 12 Conference,8,exact
2009-10,52457,Western Caro.,SoCon,2717,Western Carolina Catamounts,Western Carolina,Catamounts,WCU,Southern Conference,24,exact
2009-10,52458,Western Ill.,Summit League,2710,Western Illinois Leathernecks,Western Illinois,Leathernecks,WIU,Ohio Valley Conference,20,exact
2009-10,52459,Western Ky.,Sun Belt,98,Western Kentucky Hilltoppers,Western Kentucky,Hilltoppers,WKU,Conference USA,11,exact
2009-10,52460,Western Mich.,MAC,2711,Western Michigan Broncos,Western Michigan,Broncos,WMU,Mid-American Conference,14,exact
2009-10,52461,Wichita St.,MVC,2724,Wichita State Shockers,Wichita State,Shockers,WICH,American Conference,62,exact
2009-10,52462,William & Mary,CAA,2729,William & Mary Tribe,William & Mary,Tribe,W&M,Coastal Athletic Association,10,exact
2009-10,52463,Winston-Salem,-,2736,Winston-Salem State Rams,Winston-Salem State,Rams,WSSU,,,alias
2009-10,52464,Winthrop,Big South,2737,Winthrop Eagles,Winthrop,Eagles,WIN,Big South Conference,6,exact
2009-10,52466,Wisconsin,Big Ten,275,Wisconsin Badgers,Wisconsin,Badgers,WIS,Big Ten Conference,7,exact
2009-10,52484,Wofford,SoCon,2747,Wofford Terriers,Wofford,Terriers,WOF,Southern Conference,24,exact
2009-10,52468,Wright St.,Horizon,2750,Wright State Raiders,Wright State,Raiders,WRST,Horizon League,45,exact
2009-10,52469,Wyoming,Mountain West,2751,Wyoming Cowboys,Wyoming,Cowboys,WYO,Mountain West Conference,44,exact
2009-10,52470,Xavier,Atlantic 10,2752,Xavier Musketeers,Xavier,Musketeers,XAV,Big East Conference,4,exact
2009-10,52471,Yale,Ivy League,43,Yale Bulldogs,Yale,Bulldogs,YALE,Ivy League,12,exact
2009-10,52472,Youngstown St.,Horizon,2754,Youngstown State Penguins,Youngstown State,Penguins,YSU,Horizon League,45,exact
2010-11,55871,A&M-Corpus Christi,Southland,357,Texas A&M-Corpus Christi Islanders,Texas A&M-Corpus Christi,Islanders,AMCC,Southland Conference,25,dict
2010-11,55824,Air Force,Mountain West,2005,Air Force Falcons,Air Force,Falcons,AF,Mountain West Conference,44,exact
2010-11,55532,Akron,MAC,2006,Akron Zips,Akron,Zips,AKR,Mid-American Conference,14,exact
2010-11,55535,Alabama,SEC,333,Alabama Crimson Tide,Alabama,Crimson Tide,ALA,Southeastern Conference,23,exact
2010-11,55533,Alabama A&M,SWAC,2010,Alabama A&M Bulldogs,Alabama A&M,Bulldogs,AAMU,Southwestern Athletic Conference,26,exact
2010-11,55534,Alabama St.,SWAC,2011,Alabama State Hornets,Alabama State,Hornets,ALST,Southwestern Athletic Conference,26,exact
2010-11,55537,Albany (NY),America East,399,UAlbany Great Danes,UAlbany,Great Danes,UALB,America East Conference,1,alias
2010-11,55538,Alcorn,SWAC,2016,Alcorn State Braves,Alcorn State,Braves,ALCN,Southwestern Athletic Conference,26,dict
2010-11,55539,American,Patriot,44,American University Eagles,American University,Eagles,AMER,Patriot League,22,exact
2010-11,55540,App State,SoCon,2026,App State Mountaineers,App State,Mountaineers,APP,Sun Belt Conference,27,exact
2010-11,55542,Arizona,Pac-12,12,Arizona Wildcats,Arizona,Wildcats,ARIZ,Big 12 Conference,8,exact
2010-11,55541,Arizona St.,Pac-12,9,Arizona State Sun Devils,Arizona State,Sun Devils,ASU,Big 12 Conference,8,exact
2010-11,55863,Ark.-Pine Bluff,SWAC,2029,Arkansas-Pine Bluff Golden Lions,Arkansas-Pine Bluff,Golden Lions,UAPB,Southwestern Athletic Conference,26,dict
2010-11,55544,Arkansas,SEC,8,Arkansas Razorbacks,Arkansas,Razorbacks,ARK,Southeastern Conference,23,exact
2010-11,55543,Arkansas St.,Sun Belt,2032,Arkansas State Red Wolves,Arkansas State,Red Wolves,ARST,Sun Belt Conference,27,exact
2010-11,55825,Army West Point,Patriot,349,Army Black Knights,Army,Black Knights,ARMY,Patriot League,22,dict
2010-11,55546,Auburn,SEC,2,Auburn Tigers,Auburn,Tigers,AUB,Southeastern Conference,23,exact
2010-11,55547,Austin Peay,OVC,2046,Austin Peay Governors,Austin Peay,Governors,APSU,Atlantic Sun Conference,46,exact
2010-11,55558,BYU,Mountain West,252,BYU Cougars,BYU,Cougars,BYU,Big 12 Conference,8,exact
2010-11,55548,Ball St.,MAC,2050,Ball State Cardinals,Ball State,Cardinals,BALL,Mid-American Conference,14,exact
2010-11,55550,Baylor,Big 12,239,Baylor Bears,Baylor,Bears,BAY,Big 12 Conference,8,exact
2010-11,55869,Belmont,ASUN,2057,Belmont Bruins,Belmont,Bruins,BEL,Missouri Valley Conference,18,exact
2010-11,55551,Bethune-Cookman,MEAC,2065,Bethune-Cookman Wildcats,Bethune-Cookman,Wildcats,BCU,Southwestern Athletic Conference,26,exact
2010-11,55552,Binghamton,America East,2066,Binghamton Bearcats,Binghamton,Bearcats,BING,America East Conference,1,exact
2010-11,55553,Boise St.,WAC,68,Boise State Broncos,Boise State,Broncos,BOIS,Mountain West Conference,44,exact
2010-11,55554,Boston College,ACC,103,Boston College Eagles,Boston College,Eagles,BC,Atlantic Coast Conference,2,exact
2010-11,55555,Boston U.,America East,104,Boston University Terriers,Boston University,Terriers,BU,Patriot League,22,exact
2010-11,55556,Bowling Green,MAC,189,Bowling Green Falcons,Bowling Green,Falcons,BGSU,Mid-American Conference,14,exact
2010-11,55557,Bradley,MVC,71,Bradley Braves,Bradley,Braves,BRAD,Missouri Valley Conference,18,exact
2010-11,55559,Brown,Ivy League,225,Brown Bears,Brown,Bears,BRWN,Ivy League,12,exact
2010-11,55560,Bryant,NEC,2803,Bryant Bulldogs,Bryant,Bulldogs,BRY,America East Conference,1,exact
2010-11,55561,Bucknell,Patriot,2083,Bucknell Bison,Bucknell,Bison,BUCK,Patriot League,22,exact
2010-11,55562,Buffalo,MAC,2084,Buffalo Bulls,Buffalo,Bulls,BUF,Mid-American Conference,14,exact
2010-11,55563,Butler,Horizon,2086,Butler Bulldogs,Butler,Bulldogs,BTLR,Big East Conference,4,exact
2010-11,55565,CSU Bakersfield,-,2934,Cal State Bakersfield Roadrunners,Cal State Bakersfield,Roadrunners,CSUB,Big West Conference,9,alias
2010-11,55569,CSUN,Big West,2463,Cal State Northridge Matadors,Cal State Northridge,Matadors,CSUN,Big West Conference,9,exact
2010-11,55564,Cal Poly,Big West,13,Cal Poly Mustangs,Cal Poly,Mustangs,CP,Big West Conference,9,exact
2010-11,55567,Cal St. Fullerton,Big West,2239,Cal State Fullerton Titans,Cal State Fullerton,Titans,CSUF,Big West Conference,9,exact
2010-11,55572,California,Pac-12,25,California Golden Bears,California,Golden Bears,CAL,Atlantic Coast Conference,2,exact
2010-11,55577,Campbell,ASUN,2097,Campbell Fighting Camels,Campbell,Fighting Camels,CAM,Coastal Athletic Association,10,exact
2010-11,55578,Canisius,MAAC,2099,Canisius Golden Griffins,Canisius,Golden Griffins,CAN,Metro Conference,13,exact
2010-11,55579,Centenary (LA),Summit League,2113,Centenary (LA) Gentlemen,Centenary (LA),Gentlemen,CTLA,,,alias
2010-11,55857,Central Ark.,Southland,2110,Central Arkansas Bears,Central Arkansas,Bears,CARK,Atlantic Sun Conference,46,exact
2010-11,55580,Central Conn. St.,NEC,2115,Central Connecticut Blue Devils,Central Connecticut,Blue Devils,CCSU,Northeast Conference,19,dict
2010-11,55582,Central Mich.,MAC,2117,Central Michigan Chippewas,Central Michigan,Chippewas,CMU,Mid-American Conference,14,exact
2010-11,55549,Charleston So.,Big South,2127,Charleston Southern Buccaneers,Charleston Southern,Buccaneers,CHSO,Big South Conference,6,exact
2010-11,55705,Charlotte,Atlantic 10,2429,Charlotte 49ers,Charlotte,49ers,CLT,American Conference,62,exact
2010-11,55808,Chattanooga,SoCon,236,Chattanooga Mocs,Chattanooga,Mocs,UTC,Southern Conference,24,exact
2010-11,55583,Chicago St.,GWC,2130,Chicago State Cougars,Chicago State,Cougars,CHST,Northeast Conference,19,exact
2010-11,55584,Cincinnati,Big East,2132,Cincinnati Bearcats,Cincinnati,Bearcats,CIN,Big 12 Conference,8,exact
2010-11,55585,Clemson,ACC,228,Clemson Tigers,Clemson,Tigers,CLEM,Atlantic Coast Conference,2,exact
2010-11,55586,Cleveland St.,Horizon,325,Cleveland State Vikings,Cleveland State,Vikings,CLE,Horizon League,45,exact
2010-11,55587,Coastal Carolina,Big South,324,Coastal Carolina Chanticleers,Coastal Carolina,Chanticleers,CCU,Sun Belt Conference,27,exact
2010-11,55858,Col. of Charleston,SoCon,232,Charleston Cougars,Charleston,Cougars,COFC,Coastal Athletic Association,10,dict
2010-11,55588,Colgate,Patriot,2142,Colgate Raiders,Colgate,Raiders,COLG,Patriot League,22,exact
2010-11,55590,Colorado,Big 12,38,Colorado Buffaloes,Colorado,Buffaloes,COLO,Big 12 Conference,8,exact
2010-11,55589,Colorado St.,Mountain West,36,Colorado State Rams,Colorado State,Rams,CSU,Mountain West Conference,44,exact
2010-11,55591,Columbia,Ivy League,171,Columbia Lions,Columbia,Lions,COLU,Ivy League,12,exact
2010-11,55593,Coppin St.,MEAC,2154,Coppin State Eagles,Coppin State,Eagles,COPP,Mid-Eastern Athletic Conference,16,exact
2010-11,55594,Cornell,Ivy League,172,Cornell Big Red,Cornell,Big Red,COR,Ivy League,12,exact
2010-11,55595,Creighton,MVC,156,Creighton Bluejays,Creighton,Bluejays,CREI,Big East Conference,4,exact
2010-11,55596,Dartmouth,Ivy League,159,Dartmouth Big Green,Dartmouth,Big Green,DART,Ivy League,12,exact
2010-11,55597,Davidson,SoCon,2166,Davidson Wildcats,Davidson,Wildcats,DAV,Atlantic 10 Conference,3,exact
2010-11,55598,Dayton,Atlantic 10,2168,Dayton Flyers,Dayton,Flyers,DAY,Atlantic 10 Conference,3,exact
2010-11,55599,DePaul,Big East,305,DePaul Blue Demons,DePaul,Blue Demons,DEP,Big East Conference,4,exact
2010-11,55601,Delaware,CAA,48,Delaware Blue Hens,Delaware,Blue Hens,DEL,Coastal Athletic Association,10,exact
2010-11,55600,Delaware St.,MEAC,2169,Delaware State Hornets,Delaware State,Hornets,DSU,Mid-Eastern Athletic Conference,16,exact
2010-11,55602,Denver,Sun Belt,2172,Denver Pioneers,Denver,Pioneers,DEN,Summit League,47,exact
2010-11,55603,Detroit Mercy,Horizon,2174,Detroit Mercy Titans,Detroit Mercy,Titans,DETM,Horizon League,45,exact
2010-11,55604,Drake,MVC,2181,Drake Bulldogs,Drake,Bulldogs,DRKE,Missouri Valley Conference,18,exact
2010-11,55605,Drexel,CAA,2182,Drexel Dragons,Drexel,Dragons,DREX,Coastal Athletic Association,10,exact
2010-11,55606,Duke,ACC,150,Duke Blue Devils,Duke,Blue Devils,DUKE,Atlantic Coast Conference,2,exact
2010-11,55607,Duquesne,Atlantic 10,2184,Duquesne Dukes,Duquesne,Dukes,DUQ,Atlantic 10 Conference,3,exact
2010-11,55609,ETSU,ASUN,2193,East Tennessee State Buccaneers,East Tennessee State,Buccaneers,ETSU,Southern Conference,24,exact
2010-11,55608,East Carolina,C-USA,151,East Carolina Pirates,East Carolina,Pirates,ECU,American Conference,62,exact
2010-11,55610,Eastern Ill.,OVC,2197,Eastern Illinois Panthers,Eastern Illinois,Panthers,EIU,Ohio Valley Conference,20,exact
2010-11,55611,Eastern Ky.,OVC,2198,Eastern Kentucky Colonels,Eastern Kentucky,Colonels,EKU,Atlantic Sun Conference,46,exact
2010-11,55612,Eastern Mich.,MAC,2199,Eastern Michigan Eagles,Eastern Michigan,Eagles,EMU,Mid-American Conference,14,exact
2010-11,55613,Eastern Wash.,Big Sky,331,Eastern Washington Eagles,Eastern Washington,Eagles,EWU,Big Sky Conference,5,exact
2010-11,55859,Elon,SoCon,2210,Elon Phoenix,Elon,Phoenix,ELON,Coastal Athletic Association,10,exact
2010-11,55614,Evansville,MVC,339,Evansville Purple Aces,Evansville,Purple Aces,EVAN,Missouri Valley Conference,18,exact
2010-11,55873,FGCU,ASUN,526,Florida Gulf Coast Eagles,Florida Gulf Coast,Eagles,FGCU,Atlantic Sun Conference,46,exact
2010-11,55619,FIU,Sun Belt,2229,Florida International Panthers,Florida International,Panthers,FIU,Conference USA,11,exact
2010-11,55615,Fairfield,MAAC,2217,Fairfield Stags,Fairfield,Stags,FAIR,Metro Conference,13,exact
2010-11,55616,Fairleigh Dickinson,NEC,161,Fairleigh Dickinson Knights,Fairleigh Dickinson,Knights,FDU,Northeast Conference,19,exact
2010-11,55618,Fla. Atlantic,Sun Belt,2226,Florida Atlantic Owls,Florida Atlantic,Owls,FAU,American Conference,62,exact
2010-11,55621,Florida,SEC,57,Florida Gators,Florida,Gators,FLA,Southeastern Conference,23,exact
2010-11,55617,Florida A&M,MEAC,50,Florida A&M Rattlers,Florida A&M,Rattlers,FAMU,Southwestern Athletic Conference,26,exact
2010-11,55620,Florida St.,ACC,52,Florida State Seminoles,Florida State,Seminoles,FSU,Atlantic Coast Conference,2,exact
2010-11,55622,Fordham,Atlantic 10,2230,Fordham Rams,Fordham,Rams,FOR,Atlantic 10 Conference,3,exact
2010-11,55566,Fresno St.,WAC,278,Fresno State Bulldogs,Fresno State,Bulldogs,FRES,Mountain West Conference,44,exact
2010-11,55623,Furman,SoCon,231,Furman Paladins,Furman,Paladins,FUR,Southern Conference,24,exact
2010-11,55627,Ga. Southern,SoCon,290,Georgia Southern Eagles,Georgia Southern,Eagles,GASO,Sun Belt Conference,27,exact
2010-11,55860,Gardner-Webb,Big South,2241,Gardner-Webb Runnin' Bulldogs,Gardner-Webb,Runnin' Bulldogs,GWEB,Big South Conference,6,exact
2010-11,55624,George Mason,CAA,2244,George Mason Patriots,George Mason,Patriots,GMU,Atlantic 10 Conference,3,exact
2010-11,55625,George Washington,Atlantic 10,45,George Washington Revolutionaries,George Washington,Revolutionaries,GW,Atlantic 10 Conference,3,exact
2010-11,55626,Georgetown,Big East,46,Georgetown Hoyas,Georgetown,Hoyas,GTWN,Big East Conference,4,exact
2010-11,55630,Georgia,SEC,61,Georgia Bulldogs,Georgia,Bulldogs,UGA,Southeastern Conference,23,exact
2010-11,55628,Georgia St.,CAA,2247,Georgia State Panthers,Georgia State,Panthers,GAST,Sun Belt Conference,27,exact
2010-11,55629,Georgia Tech,ACC,59,Georgia Tech Yellow Jackets,Georgia Tech,Yellow Jackets,GT,Atlantic Coast Conference,2,exact
2010-11,55631,Gonzaga,WCC,2250,Gonzaga Bulldogs,Gonzaga,Bulldogs,GONZ,West Coast Conference,29,exact
2010-11,55632,Grambling,SWAC,2755,Grambling Tigers,Grambling,Tigers,GRAM,Southwestern Athletic Conference,26,exact
2010-11,55849,Green Bay,Horizon,2739,Green Bay Phoenix,Green Bay,Phoenix,GB,Horizon League,45,exact
2010-11,55633,Hampton,MEAC,2261,Hampton Pirates,Hampton,Pirates,HAMP,Coastal Athletic Association,10,exact
2010-11,55634,Hartford,America East,42,Hartford Hawks,Hartford,Hawks,HART,,,exact
2010-11,55635,Harvard,Ivy League,108,Harvard Crimson,Harvard,Crimson,HARV,Ivy League,12,exact
2010-11,55636,Hawaii,WAC,62,Hawai'i Rainbow Warriors,Hawai'i,Rainbow Warriors,HAW,Big West Conference,9,dict
2010-11,55870,High Point,Big South,2272,High Point Panthers,High Point,Panthers,HPU,Big South Conference,6,exact
2010-11,55637,Hofstra,CAA,2275,Hofstra Pride,Hofstra,Pride,HOF,Coastal Athletic Association,10,exact
2010-11,55638,Holy Cross,Patriot,107,Holy Cross Crusaders,Holy Cross,Crusaders,HC,Patriot League,22,exact
2010-11,55640,Houston,C-USA,248,Houston Cougars,Houston,Cougars,HOU,Big 12 Conference,8,exact
2010-11,55639,Houston Baptist,GWC,2277,Houston Christian Huskies,Houston Christian,Huskies,HCU,Southland Conference,25,alias
2010-11,55641,Howard,MEAC,47,Howard Bison,Howard,Bison,HOW,Mid-Eastern Athletic Conference,16,exact
2010-11,55864,IUPUI,Summit League,85,IU Indianapolis Jaguars,IU Indianapolis,Jaguars,IUIN,Horizon League,45,alias
2010-11,55643,Idaho,WAC,70,Idaho Vandals,Idaho,Vandals,IDHO,Big Sky Conference,5,exact
2010-11,55642,Idaho St.,Big Sky,304,Idaho State Bengals,Idaho State,Bengals,IDST,Big Sky Conference,5,exact
2010-11,55645,Illinois,Big Ten,356,Illinois Fighting Illini,Illinois,Fighting Illini,ILL,Big Ten Conference,7,exact
2010-11,55644,Illinois St.,MVC,2287,Illinois State Redbirds,Illinois State,Redbirds,ILST,Missouri Valley Conference,18,exact
2010-11,55648,Indiana,Big Ten,84,Indiana Hoosiers,Indiana,Hoosiers,IU,Big Ten Conference,7,exact
2010-11,55647,Indiana St.,MVC,282,Indiana State Sycamores,Indiana State,Sycamores,INST,Missouri Valley Conference,18,exact
2010-11,55650,Iona,MAAC,314,Iona Gaels,Iona,Gaels,IONA,Metro Conference,13,exact
2010-11,55652,Iowa,Big Ten,2294,Iowa Hawkeyes,Iowa,Hawkeyes,IOWA,Big Ten Conference,7,exact
2010-11,55651,Iowa St.,Big 12,66,Iowa State Cyclones,Iowa State,Cyclones,ISU,Big 12 Conference,8,exact
2010-11,55653,Jackson St.,SWAC,2296,Jackson State Tigers,Jackson State,Tigers,JKST,Southwestern Athletic Conference,26,exact
2010-11,55655,Jacksonville,ASUN,294,Jacksonville Dolphins,Jacksonville,Dolphins,JAX,Atlantic Sun Conference,46,exact
2010-11,55654,Jacksonville St.,OVC,55,Jacksonville State Gamecocks,Jacksonville State,Gamecocks,JXST,Conference USA,11,exact
2010-11,55656,James Madison,CAA,256,James Madison Dukes,James Madison,Dukes,JMU,Sun Belt Conference,27,exact
2010-11,55658,Kansas,Big 12,2305,Kansas Jayhawks,Kansas,Jayhawks,KU,Big 12 Conference,8,exact
2010-11,55865,Kansas City,Summit League,140,Kansas City Roos,Kansas City,Roos,KC,Summit League,47,exact
2010-11,55657,Kansas St.,Big 12,2306,Kansas State Wildcats,Kansas State,Wildcats,KSU,Big 12 Conference,8,exact
2010-11,55861,Kennesaw St.,ASUN,338,Kennesaw State Owls,Kennesaw State,Owls,KENN,Conference USA,11,exact
2010-11,55659,Kent St.,MAC,2309,Kent State Golden Flashes,Kent State,Golden Flashes,KENT,Mid-American Conference,14,exact
2010-11,55660,Kentucky,SEC,96,Kentucky Wildcats,Kentucky,Wildcats,UK,Southeastern Conference,23,exact
2010-11,55666,LIU,NEC,112358,Long Island University Sharks,Long Island University,Sharks,LIU,Northeast Conference,19,exact
2010-11,55672,LMU (CA),WCC,2351,Loyola Marymount Lions,Loyola Marymount,Lions,LMU,West Coast Conference,29,dict
2010-11,55668,LSU,SEC,99,LSU Tigers,LSU,Tigers,LSU,Southeastern Conference,23,exact
2010-11,55661,La Salle,Atlantic 10,2325,La Salle Explorers,La Salle,Explorers,LAS,Atlantic 10 Conference,3,exact
2010-11,55662,Lafayette,Patriot,322,Lafayette Leopards,Lafayette,Leopards,LAF,Patriot League,22,exact
2010-11,55663,Lamar University,Southland,2320,Lamar Cardinals,Lamar,Cardinals,LAM,Southland Conference,25,dict
2010-11,55664,Lehigh,Patriot,2329,Lehigh Mountain Hawks,Lehigh,Mountain Hawks,LEH,Patriot League,22,exact
2010-11,55665,Liberty,Big South,2335,Liberty Flames,Liberty,Flames,LIB,Conference USA,11,exact
2010-11,55872,Lipscomb,ASUN,288,Lipscomb Bisons,Lipscomb,Bisons,LIP,Atlantic Sun Conference,46,exact
2010-11,55545,Little Rock,Sun Belt,2031,Little Rock Trojans,Little Rock,Trojans,LR,Ohio Valley Conference,20,exact
2010-11,55568,Long Beach St.,Big West,299,Long Beach State Beach,Long Beach State,Beach,LBSU,Big West Conference,9,exact
2010-11,55667,Longwood,-,2344,Longwood Lancers,Longwood,Lancers,LONG,Big South Conference,6,exact
2010-11,55799,Louisiana,Sun Belt,309,Louisiana Ragin' Cajuns,Louisiana,Ragin' Cajuns,UL,Sun Belt Conference,27,exact
2010-11,55669,Louisiana Tech,WAC,2348,Louisiana Tech Bulldogs,Louisiana Tech,Bulldogs,LT,Conference USA,11,exact
2010-11,55670,Louisville,Big East,97,Louisville Cardinals,Louisville,Cardinals,LOU,Atlantic Coast Conference,2,exact
2010-11,55673,Loyola Chicago,Horizon,2350,Loyola Chicago Ramblers,Loyola Chicago,Ramblers,LUC,Atlantic 10 Conference,3,exact
2010-11,55671,Loyola Maryland,MAAC,2352,Loyola Maryland Greyhounds,Loyola Maryland,Greyhounds,L-MD,Patriot League,22,exact
2010-11,55674,Maine,America East,311,Maine Black Bears,Maine,Black Bears,ME,America East Conference,1,exact
2010-11,55675,Manhattan,MAAC,2363,Manhattan Jaspers,Manhattan,Jaspers,MAN,Metro Conference,13,exact
2010-11,55676,Marist,MAAC,2368,Marist Red Foxes,Marist,Red Foxes,MRST,Metro Conference,13,exact
2010-11,55677,Marquette,Big East,269,Marquette Golden Eagles,Marquette,Golden Eagles,MARQ,Big East Conference,4,exact
2010-11,55678,Marshall,C-USA,276,Marshall Thundering Herd,Marshall,Thundering Herd,MRSH,Sun Belt Conference,27,exact
2010-11,55680,Maryland,ACC,120,Maryland Terrapins,Maryland,Terrapins,MD,Big Ten Conference,7,exact
2010-11,55682,Massachusetts,Atlantic 10,113,Massachusetts Minutemen,Massachusetts,Minutemen,MASS,Atlantic 10 Conference,3,exact
2010-11,55683,McNeese,Southland,2377,McNeese Cowboys,McNeese,Cowboys,MCN,Southland Conference,25,exact
2010-11,55684,Memphis,C-USA,235,Memphis Tigers,Memphis,Tigers,MEM,American Conference,62,exact
2010-11,55685,Mercer,ASUN,2382,Mercer Bears,Mercer,Bears,MER,Southern Conference,24,exact
2010-11,55687,Miami (FL),ACC,2390,Miami Hurricanes,Miami,Hurricanes,MIA,Atlantic Coast Conference,2,dict
2010-11,55686,Miami (OH),MAC,193,Miami (OH) RedHawks,Miami (OH),RedHawks,M-OH,Mid-American Conference,14,exact
2010-11,55689,Michigan,Big Ten,130,Michigan Wolverines,Michigan,Wolverines,MICH,Big Ten Conference,7,exact
2010-11,55688,Michigan St.,Big Ten,127,Michigan State Spartans,Michigan State,Spartans,MSU,Big Ten Conference,7,exact
2010-11,55690,Middle Tenn.,Sun Belt,2393,Middle Tennessee Blue Raiders,Middle Tennessee,Blue Raiders,MTSU,Conference USA,11,exact
2010-11,55851,Milwaukee,Horizon,270,Milwaukee Panthers,Milwaukee,Panthers,MILW,Horizon League,45,exact
2010-11,55691,Minnesota,Big Ten,135,Minnesota Golden Gophers,Minnesota,Golden Gophers,MINN,Big Ten Conference,7,exact
2010-11,55692,Mississippi St.,SEC,344,Mississippi State Bulldogs,Mississippi State,Bulldogs,MSST,Southeastern Conference,23,exact
2010-11,55693,Mississippi Val.,SWAC,2400,Mississippi Valley State Delta Devils,Mississippi Valley State,Delta Devils,MVSU,Southwestern Athletic Conference,26,dict
2010-11,55695,Missouri,Big 12,142,Missouri Tigers,Missouri,Tigers,MIZ,Southeastern Conference,23,exact
2010-11,55797,Missouri St.,MVC,2623,Missouri State Bears,Missouri State,Bears,MOST,Missouri Valley Conference,18,exact
2010-11,55696,Monmouth,NEC,2405,Monmouth Hawks,Monmouth,Hawks,MONM,Coastal Athletic Association,10,exact
2010-11,55698,Montana,Big Sky,149,Montana Grizzlies,Montana,Grizzlies,MONT,Big Sky Conference,5,exact
2010-11,55697,Montana St.,Big Sky,147,Montana State Bobcats,Montana State,Bobcats,MTST,Big Sky Conference,5,exact
2010-11,55699,Morehead St.,OVC,2413,Morehead State Eagles,Morehead State,Eagles,MORE,Ohio Valley Conference,20,exact
2010-11,55700,Morgan St.,MEAC,2415,Morgan State Bears,Morgan State,Bears,MORG,Mid-Eastern Athletic Conference,16,exact
2010-11,55701,Mount St. Mary's,NEC,116,Mount St. Mary's Mountaineers,Mount St. Mary's,Mountaineers,MSM,Metro Conference,13,exact
2010-11,55702,Murray St.,OVC,93,Murray State Racers,Murray State,Racers,MUR,Missouri Valley Conference,18,exact
2010-11,55719,N.C. A&T,MEAC,2448,North Carolina A&T Aggies,North Carolina A&T,Aggies,NCAT,Coastal Athletic Association,10,exact
2010-11,55720,N.C. Central,-,2428,North Carolina Central Eagles,North Carolina Central,Eagles,NCCU,Mid-Eastern Athletic Conference,16,exact
2010-11,55721,NC State,ACC,152,NC State Wolfpack,NC State,Wolfpack,NCSU,Atlantic Coast Conference,2,exact
2010-11,55712,NJIT,GWC,2885,NJIT Highlanders,NJIT,Highlanders,NJIT,America East Conference,1,exact
2010-11,55826,Navy,Patriot,2426,Navy Midshipmen,Navy,Midshipmen,NAVY,Patriot League,22,exact
2010-11,55708,Nebraska,Big 12,158,Nebraska Cornhuskers,Nebraska,Cornhuskers,NEB,Big Ten Conference,7,exact
2010-11,55710,Nevada,WAC,2440,Nevada Wolf Pack,Nevada,Wolf Pack,NEV,Mountain West Conference,44,exact
2010-11,55711,New Hampshire,America East,160,New Hampshire Wildcats,New Hampshire,Wildcats,UNH,America East Conference,1,exact
2010-11,55714,New Mexico,Mountain West,167,New Mexico Lobos,New Mexico,Lobos,UNM,Mountain West Conference,44,exact
2010-11,55713,New Mexico St.,WAC,166,New Mexico State Aggies,New Mexico State,Aggies,NMSU,Conference USA,11,exact
2010-11,55715,New Orleans,-,2443,LSU New Orleans Privateers,LSU New Orleans,Privateers,NOLA,Southland Conference,25,exact
2010-11,55716,Niagara,MAAC,315,Niagara Purple Eagles,Niagara,Purple Eagles,NIA,Metro Conference,13,exact
2010-11,55717,Nicholls,Southland,2447,Nicholls Colonels,Nicholls,Colonels,NICH,Southland Conference,25,exact
2010-11,55718,Norfolk St.,MEAC,2450,Norfolk State Spartans,Norfolk State,Spartans,NORF,Mid-Eastern Athletic Conference,16,exact
2010-11,55704,North Carolina,ACC,153,North Carolina Tar Heels,North Carolina,Tar Heels,UNC,Atlantic Coast Conference,2,exact
2010-11,55723,North Dakota,GWC,155,North Dakota Fighting Hawks,North Dakota,Fighting Hawks,UND,Summit League,47,exact
2010-11,55722,North Dakota St.,Summit League,2449,North Dakota State Bison,North Dakota State,Bison,NDSU,Summit League,47,exact
2010-11,55866,North Florida,ASUN,2454,North Florida Ospreys,North Florida,Ospreys,UNF,Atlantic Sun Conference,46,exact
2010-11,55724,North Texas,Sun Belt,249,North Texas Mean Green,North Texas,Mean Green,UNT,American Conference,62,exact
2010-11,55726,Northeastern,CAA,111,Northeastern Huskies,Northeastern,Huskies,NE,Coastal Athletic Association,10,exact
2010-11,55727,Northern Ariz.,Big Sky,2464,Northern Arizona Lumberjacks,Northern Arizona,Lumberjacks,NAU,Big Sky Conference,5,exact
2010-11,55728,Northern Colo.,Big Sky,2458,Northern Colorado Bears,Northern Colorado,Bears,UNCO,Big Sky Conference,5,exact
2010-11,55729,Northern Ill.,MAC,2459,Northern Illinois Huskies,Northern Illinois,Huskies,NIU,Mid-American Conference,14,exact
2010-11,55732,Northwestern,Big Ten,77,Northwestern Wildcats,Northwestern,Wildcats,NU,Big Ten Conference,7,exact
2010-11,55731,Northwestern St.,Southland,2466,Northwestern State Demons,Northwestern State,Demons,NWST,Southland Conference,25,exact
2010-11,55733,Notre Dame,Big East,87,Notre Dame Fighting Irish,Notre Dame,Fighting Irish,ND,Atlantic Coast Conference,2,exact
2010-11,55734,Oakland,Summit League,2473,Oakland Golden Grizzlies,Oakland,Golden Grizzlies,OAK,Horizon League,45,exact
2010-11,55736,Ohio,MAC,195,Ohio Bobcats,Ohio,Bobcats,OHIO,Mid-American Conference,14,exact
2010-11,55735,Ohio St.,Big Ten,194,Ohio State Buckeyes,Ohio State,Buckeyes,OSU,Big Ten Conference,7,exact
2010-11,55738,Oklahoma,Big 12,201,Oklahoma Sooners,Oklahoma,Sooners,OU,Southeastern Conference,23,exact
2010-11,55737,Oklahoma St.,Big 12,197,Oklahoma State Cowboys,Oklahoma State,Cowboys,OKST,Big 12 Conference,8,exact
2010-11,55739,Old Dominion,CAA,295,Old Dominion Monarchs,Old Dominion,Monarchs,ODU,Sun Belt Conference,27,exact
2010-11,55694,Ole Miss,SEC,145,Ole Miss Rebels,Ole Miss,Rebels,MISS,Southeastern Conference,23,exact
2010-11,55740,Oral Roberts,Summit League,198,Oral Roberts Golden Eagles,Oral Roberts,Golden Eagles,ORU,Summit League,47,exact
2010-11,55742,Oregon,Pac-12,2483,Oregon Ducks,Oregon,Ducks,ORE,Big Ten Conference,7,exact
2010-11,55741,Oregon St.,Pac-12,204,Oregon State Beavers,Oregon State,Beavers,ORST,West Coast Conference,29,exact
2010-11,55743,Pacific,Big West,279,Pacific Tigers,Pacific,Tigers,PAC,West Coast Conference,29,exact
2010-11,55746,Penn,Ivy League,219,Pennsylvania Quakers,Pennsylvania,Quakers,PENN,Ivy League,12,exact
2010-11,55745,Penn St.,Big Ten,213,Penn State Nittany Lions,Penn State,Nittany Lions,PSU,Big Ten Conference,7,exact
2010-11,55747,Pepperdine,WCC,2492,Pepperdine Waves,Pepperdine,Waves,PEPP,West Coast Conference,29,exact
2010-11,55748,Pittsburgh,Big East,221,Pittsburgh Panthers,Pittsburgh,Panthers,PITT,Atlantic Coast Conference,2,exact
2010-11,55750,Portland,WCC,2501,Portland Pilots,Portland,Pilots,PORT,West Coast Conference,29,exact
2010-11,55749,Portland St.,Big Sky,2502,Portland State Vikings,Portland State,Vikings,PRST,Big Sky Conference,5,exact
2010-11,55751,Prairie View,SWAC,2504,Prairie View A&M Panthers,Prairie View A&M,Panthers,PV,Southwestern Athletic Conference,26,exact
2010-11,223989,Presbyterian,Big South,2506,Presbyterian Blue Hose,Presbyterian,Blue Hose,PRES,Big South Conference,6,exact
2010-11,55752,Princeton,Ivy League,163,Princeton Tigers,Princeton,Tigers,PRIN,Ivy League,12,exact
2010-11,55753,Providence,Big East,2507,Providence Friars,Providence,Friars,PROV,Big East Conference,4,exact
2010-11,55754,Purdue,Big Ten,2509,Purdue Boilermakers,Purdue,Boilermakers,PUR,Big Ten Conference,7,exact
2010-11,55649,Purdue Fort Wayne,Summit League,2870,Purdue Fort Wayne Mastodons,Purdue Fort Wayne,Mastodons,PFW,Horizon League,45,exact
2010-11,55755,Quinnipiac,NEC,2514,Quinnipiac Bobcats,Quinnipiac,Bobcats,QUIN,Metro Conference,13,exact
2010-11,55756,Radford,Big South,2515,Radford Highlanders,Radford,Highlanders,RAD,Big South Conference,6,exact
2010-11,55757,Rhode Island,Atlantic 10,227,Rhode Island Rams,Rhode Island,Rams,URI,Atlantic 10 Conference,3,exact
2010-11,55758,Rice,C-USA,242,Rice Owls,Rice,Owls,RICE,American Conference,62,exact
2010-11,55759,Richmond,Atlantic 10,257,Richmond Spiders,Richmond,Spiders,RICH,Atlantic 10 Conference,3,exact
2010-11,55760,Rider,MAAC,2520,Rider Broncs,Rider,Broncs,RID,Metro Conference,13,exact
2010-11,55761,Robert Morris,NEC,2523,Robert Morris Colonials,Robert Morris,Colonials,RMU,Horizon League,45,exact
2010-11,55762,Rutgers,Big East,164,Rutgers Scarlet Knights,Rutgers,Scarlet Knights,RUTG,Big Ten Conference,7,exact
2010-11,55801,SFA,Southland,2617,Stephen F. Austin Lumberjacks,Stephen F. Austin,Lumberjacks,SFA,Southland Conference,25,exact
2010-11,55792,SIUE,-,2565,SIU Edwardsville Cougars,SIU Edwardsville,Cougars,SIUE,Ohio Valley Conference,20,exact
2010-11,55793,SMU,C-USA,2567,SMU Mustangs,SMU,Mustangs,SMU,Atlantic Coast Conference,2,exact
2010-11,55570,Sacramento St.,Big Sky,16,Sacramento State Hornets,Sacramento State,Hornets,SAC,Big Sky Conference,5,exact
2010-11,55763,Sacred Heart,NEC,2529,Sacred Heart Pioneers,Sacred Heart,Pioneers,SHU,Metro Conference,13,exact
2010-11,55766,Saint Francis (PA),NEC,2598,St. Francis (PA) Red Flash,St. Francis (PA),Red Flash,SFPA,Northeast Conference,19,exact
2010-11,55768,Saint Joseph's,Atlantic 10,2603,Saint Joseph's Hawks,Saint Joseph's,Hawks,JOES,Atlantic 10 Conference,3,exact
2010-11,55769,Saint Louis,Atlantic 10,139,Saint Louis Billikens,Saint Louis,Billikens,SLU,Atlantic 10 Conference,3,exact
2010-11,55770,Saint Mary's (CA),WCC,2608,Saint Mary's Gaels,Saint Mary's,Gaels,SMC,West Coast Conference,29,dict
2010-11,55771,Saint Peter's,MAAC,2612,Saint Peter's Peacocks,Saint Peter's,Peacocks,SPU,Metro Conference,13,exact
2010-11,55772,Sam Houston,Southland,2534,Sam Houston Bearkats,Sam Houston,Bearkats,SHSU,Conference USA,11,exact
2010-11,55773,Samford,SoCon,2535,Samford Bulldogs,Samford,Bulldogs,SAM,Southern Conference,24,exact
2010-11,55775,San Diego,WCC,301,San Diego Toreros,San Diego,Toreros,USD,West Coast Conference,29,exact
2010-11,55774,San Diego St.,Mountain West,21,San Diego State Aztecs,San Diego State,Aztecs,SDSU,Mountain West Conference,44,exact
2010-11,55776,San Francisco,WCC,2539,San Francisco Dons,San Francisco,Dons,SF,West Coast Conference,29,exact
2010-11,55777,San Jose St.,WAC,23,San José State Spartans,San José State,Spartans,SJSU,Mountain West Conference,44,dict
2010-11,55778,Santa Clara,WCC,2541,Santa Clara Broncos,Santa Clara,Broncos,SCU,West Coast Conference,29,exact
2010-11,55779,Savannah St.,-,2542,Savannah State Tigers,Savannah State,Tigers,SAV,,,alias
2010-11,55862,Seattle U,-,2547,Seattle U Redhawks,Seattle U,Redhawks,SEA,United Athletic Conference,30,exact
2010-11,55780,Seton Hall,Big East,2550,Seton Hall Pirates,Seton Hall,Pirates,HALL,Big East Conference,4,exact
2010-11,55781,Siena,MAAC,2561,Siena Saints,Siena,Saints,SIE,Metro Conference,13,exact
2010-11,55782,South Alabama,Sun Belt,6,South Alabama Jaguars,South Alabama,Jaguars,USA,Sun Belt Conference,27,exact
2010-11,55784,South Carolina,SEC,2579,South Carolina Gamecocks,South Carolina,Gamecocks,SC,Southeastern Conference,23,exact
2010-11,55783,South Carolina St.,MEAC,2569,South Carolina State Bulldogs,South Carolina State,Bulldogs,SCST,Mid-Eastern Athletic Conference,16,exact
2010-11,55786,South Dakota,GWC,233,South Dakota Coyotes,South Dakota,Coyotes,SDAK,Summit League,47,exact
2010-11,55785,South Dakota St.,Summit League,2571,South Dakota State Jackrabbits,South Dakota State,Jackrabbits,SDST,Summit League,47,exact
2010-11,55787,South Fla.,Big East,58,South Florida Bulls,South Florida,Bulls,USF,American Conference,62,exact
2010-11,55788,Southeast Mo. St.,OVC,2546,Southeast Missouri State Redhawks,Southeast Missouri State,Redhawks,SEMO,Ohio Valley Conference,20,exact
2010-11,55789,Southeastern La.,Southland,2545,SE Louisiana Lions,SE Louisiana,Lions,SELA,Southland Conference,25,dict
2010-11,55790,Southern California,Pac-12,30,USC Trojans,USC,Trojans,USC,Big Ten Conference,7,dict
2010-11,55791,Southern Ill.,MVC,79,Southern Illinois Salukis,Southern Illinois,Salukis,SIU,Missouri Valley Conference,18,exact
2010-11,55794,Southern Miss.,C-USA,2572,Southern Miss Golden Eagles,Southern Miss,Golden Eagles,USM,Sun Belt Conference,27,dict
2010-11,55795,Southern U.,SWAC,2582,Southern Jaguars,Southern,Jaguars,SOU,Southwestern Athletic Conference,26,dict
2010-11,55796,Southern Utah,Summit League,253,Southern Utah Thunderbirds,Southern Utah,Thunderbirds,SUU,United Athletic Conference,30,exact
2010-11,55764,St. Bonaventure,Atlantic 10,179,St. Bonaventure Bonnies,St. Bonaventure,Bonnies,SBU,Atlantic 10 Conference,3,exact
2010-11,55765,St. Francis Brooklyn,NEC,2597,St. Francis Brooklyn Terriers,St. Francis Brooklyn,Terriers,SFNY,,,exact
2010-11,55767,St. John's (NY),Big East,2599,St. John's Red Storm,St. John's,Red Storm,SJU,Big East Conference,4,dict
2010-11,55800,Stanford,Pac-12,24,Stanford Cardinal,Stanford,Cardinal,STAN,Atlantic Coast Conference,2,exact
2010-11,55802,Stetson,ASUN,56,Stetson Hatters,Stetson,Hatters,STET,Atlantic Sun Conference,46,exact
2010-11,55803,Stony Brook,America East,2619,Stony Brook Seawolves,Stony Brook,Seawolves,STBK,Coastal Athletic Association,10,exact
2010-11,55804,Syracuse,Big East,183,Syracuse Orange,Syracuse,Orange,SYR,Atlantic Coast Conference,2,exact
2010-11,55812,TCU,Mountain West,2628,TCU Horned Frogs,TCU,Horned Frogs,TCU,Big 12 Conference,8,exact
2010-11,55805,Temple,Atlantic 10,218,Temple Owls,Temple,Owls,TEM,American Conference,62,exact
2010-11,55809,Tennessee,SEC,2633,Tennessee Volunteers,Tennessee,Volunteers,TENN,Southeastern Conference,23,exact
2010-11,55806,Tennessee St.,OVC,2634,Tennessee State Tigers,Tennessee State,Tigers,TNST,Ohio Valley Conference,20,exact
2010-11,55807,Tennessee Tech,OVC,2635,Tennessee Tech Golden Eagles,Tennessee Tech,Golden Eagles,TNTC,Ohio Valley Conference,20,exact
2010-11,55816,Texas,Big 12,251,Texas Longhorns,Texas,Longhorns,TEX,Southeastern Conference,23,exact
2010-11,55811,Texas A&M,Big 12,245,Texas A&M Aggies,Texas A&M,Aggies,TA&M,Southeastern Conference,23,exact
2010-11,55813,Texas Southern,SWAC,2640,Texas Southern Tigers,Texas Southern,Tigers,TXSO,Southwestern Athletic Conference,26,exact
2010-11,55798,Texas St.,Southland,326,Texas State Bobcats,Texas State,Bobcats,TXST,Sun Belt Conference,27,exact
2010-11,55814,Texas Tech,Big 12,2641,Texas Tech Red Raiders,Texas Tech,Red Raiders,TTU,Big 12 Conference,8,exact
2010-11,55819,Toledo,MAC,2649,Toledo Rockets,Toledo,Rockets,TOL,Mid-American Conference,14,exact
2010-11,55820,Towson,CAA,119,Towson Tigers,Towson,Tigers,TOW,Coastal Athletic Association,10,exact
2010-11,55821,Troy,Sun Belt,2653,Troy Trojans,Troy,Trojans,TROY,Sun Belt Conference,27,exact
2010-11,55822,Tulane,C-USA,2655,Tulane Green Wave,Tulane,Green Wave,TULN,American Conference,62,exact
2010-11,55823,Tulsa,C-USA,202,Tulsa Golden Hurricane,Tulsa,Golden Hurricane,TLSA,American Conference,62,exact
2010-11,55536,UAB,C-USA,5,UAB Blazers,UAB,Blazers,UAB,American Conference,62,exact
2010-11,55573,UC Davis,Big West,302,UC Davis Aggies,UC Davis,Aggies,UCD,Big West Conference,9,exact
2010-11,55574,UC Irvine,Big West,300,UC Irvine Anteaters,UC Irvine,Anteaters,UCI,Big West Conference,9,exact
2010-11,55576,UC Riverside,Big West,27,UC Riverside Highlanders,UC Riverside,Highlanders,UCR,Big West Conference,9,exact
2010-11,55571,UC Santa Barbara,Big West,2540,UC Santa Barbara Gauchos,UC Santa Barbara,Gauchos,UCSB,Big West Conference,9,exact
2010-11,55581,UCF,C-USA,2116,UCF Knights,UCF,Knights,UCF,Big 12 Conference,8,exact
2010-11,55575,UCLA,Pac-12,26,UCLA Bruins,UCLA,Bruins,UCLA,Big Ten Conference,7,exact
2010-11,55592,UConn,Big East,41,UConn Huskies,UConn,Huskies,CONN,Big East Conference,4,exact
2010-11,55646,UIC,Horizon,82,UIC Flames,UIC,Flames,UIC,Missouri Valley Conference,18,exact
2010-11,55725,ULM,Sun Belt,2433,UL Monroe Warhawks,UL Monroe,Warhawks,ULM,Sun Belt Conference,27,exact
2010-11,55679,UMBC,America East,2378,UMBC Retrievers,UMBC,Retrievers,UMBC,America East Conference,1,exact
2010-11,55681,UMES,MEAC,2379,Maryland Eastern Shore Hawks,Maryland Eastern Shore,Hawks,UMES,Mid-Eastern Athletic Conference,16,exact
2010-11,55703,UNC Asheville,Big South,2427,UNC Asheville Bulldogs,UNC Asheville,Bulldogs,UNCA,Big South Conference,6,exact
2010-11,55706,UNC Greensboro,SoCon,2430,UNC Greensboro Spartans,UNC Greensboro,Spartans,UNCG,Southern Conference,24,exact
2010-11,55707,UNCW,CAA,350,UNC Wilmington Seahawks,UNC Wilmington,Seahawks,UNCW,Coastal Athletic Association,10,exact
2010-11,55730,UNI,MVC,2460,Northern Iowa Panthers,Northern Iowa,Panthers,UNI,Missouri Valley Conference,18,exact
2010-11,55709,UNLV,Mountain West,2439,UNLV Rebels,UNLV,Rebels,UNLV,Mountain West Conference,44,exact
2010-11,55868,USC Upstate,ASUN,2908,South Carolina Upstate Spartans,South Carolina Upstate,Spartans,UPST,Big South Conference,6,dict
2010-11,55815,UT Arlington,Southland,250,UT Arlington Mavericks,UT Arlington,Mavericks,UTA,United Athletic Conference,30,exact
2010-11,55810,UT Martin,OVC,2630,UT Martin Skyhawks,UT Martin,Skyhawks,UTM,Ohio Valley Conference,20,exact
2010-11,55817,UTEP,C-USA,2638,UTEP Miners,UTEP,Miners,UTEP,Conference USA,11,exact
2010-11,55744,UTRGV,GWC,292,UT Rio Grande Valley Vaqueros,UT Rio Grande Valley,Vaqueros,RGV,Southland Conference,25,dict
2010-11,55818,UTSA,Southland,2636,UTSA Roadrunners,UTSA,Roadrunners,UTSA,American Conference,62,exact
2010-11,55828,Utah,Mountain West,254,Utah Utes,Utah,Utes,UTAH,Big 12 Conference,8,exact
2010-11,55827,Utah St.,WAC,328,Utah State Aggies,Utah State,Aggies,USU,Mountain West Conference,44,exact
2010-11,55874,Utah Valley,GWC,3084,Utah Valley Wolverines,Utah Valley,Wolverines,UVU,United Athletic Conference,30,exact
2010-11,55833,VCU,CAA,2670,VCU Rams,VCU,Rams,VCU,Atlantic 10 Conference,3,exact
2010-11,55829,Valparaiso,Horizon,2674,Valparaiso Beacons,Valparaiso,Beacons,VAL,Missouri Valley Conference,18,exact
2010-11,55830,Vanderbilt,SEC,238,Vanderbilt Commodores,Vanderbilt,Commodores,VAN,Southeastern Conference,23,exact
2010-11,55831,Vermont,America East,261,Vermont Catamounts,Vermont,Catamounts,UVM,America East Conference,1,exact
2010-11,55832,Villanova,Big East,222,Villanova Wildcats,Villanova,Wildcats,VILL,Big East Conference,4,exact
2010-11,55835,Virginia,ACC,258,Virginia Cavaliers,Virginia,Cavaliers,UVA,Atlantic Coast Conference,2,exact
2010-11,55834,Virginia Tech,ACC,259,Virginia Tech Hokies,Virginia Tech,Hokies,VT,Atlantic Coast Conference,2,exact
2010-11,55836,Wagner,NEC,2681,Wagner Seahawks,Wagner,Seahawks,WAG,Northeast Conference,19,exact
2010-11,55837,Wake Forest,ACC,154,Wake Forest Demon Deacons,Wake Forest,Demon Deacons,WAKE,Atlantic Coast Conference,2,exact
2010-11,55839,Washington,Pac-12,264,Washington Huskies,Washington,Huskies,WASH,Big Ten Conference,7,exact
2010-11,55838,Washington St.,Pac-12,265,Washington State Cougars,Washington State,Cougars,WSU,West Coast Conference,29,exact
2010-11,55840,Weber St.,Big Sky,2692,Weber State Wildcats,Weber State,Wildcats,WEB,Big Sky Conference,5,exact
2010-11,55841,West Virginia,Big East,277,West Virginia Mountaineers,West Virginia,Mountaineers,WVU,Big 12 Conference,8,exact
2010-11,55842,Western Caro.,SoCon,2717,Western Carolina Catamounts,Western Carolina,Catamounts,WCU,Southern Conference,24,exact
2010-11,55843,Western Ill.,Summit League,2710,Western Illinois Leathernecks,Western Illinois,Leathernecks,WIU,Ohio Valley Conference,20,exact
2010-11,55844,Western Ky.,Sun Belt,98,Western Kentucky Hilltoppers,Western Kentucky,Hilltoppers,WKU,Conference USA,11,exact
2010-11,55845,Western Mich.,MAC,2711,Western Michigan Broncos,Western Michigan,Broncos,WMU,Mid-American Conference,14,exact
2010-11,55846,Wichita St.,MVC,2724,Wichita State Shockers,Wichita State,Shockers,WICH,American Conference,62,exact
2010-11,55847,William & Mary,CAA,2729,William & Mary Tribe,William & Mary,Tribe,W&M,Coastal Athletic Association,10,exact
2010-11,55848,Winthrop,Big South,2737,Winthrop Eagles,Winthrop,Eagles,WIN,Big South Conference,6,exact
2010-11,55850,Wisconsin,Big Ten,275,Wisconsin Badgers,Wisconsin,Badgers,WIS,Big Ten Conference,7,exact
2010-11,55867,Wofford,SoCon,2747,Wofford Terriers,Wofford,Terriers,WOF,Southern Conference,24,exact
2010-11,55852,Wright St.,Horizon,2750,Wright State Raiders,Wright State,Raiders,WRST,Horizon League,45,exact
2010-11,55853,Wyoming,Mountain West,2751,Wyoming Cowboys,Wyoming,Cowboys,WYO,Mountain West Conference,44,exact
2010-11,55854,Xavier,Atlantic 10,2752,Xavier Musketeers,Xavier,Musketeers,XAV,Big East Conference,4,exact
2010-11,55855,Yale,Ivy League,43,Yale Bulldogs,Yale,Bulldogs,YALE,Ivy League,12,exact
2010-11,55856,Youngstown St.,Horizon,2754,Youngstown State Penguins,Youngstown State,Penguins,YSU,Horizon League,45,exact
2011-12,30600,A&M-Corpus Christi,Southland,357,Texas A&M-Corpus Christi Islanders,Texas A&M-Corpus Christi,Islanders,AMCC,Southland Conference,25,dict
2011-12,30552,Air Force,Mountain West,2005,Air Force Falcons,Air Force,Falcons,AF,Mountain West Conference,44,exact
2011-12,30261,Akron,MAC,2006,Akron Zips,Akron,Zips,AKR,Mid-American Conference,14,exact
2011-12,30264,Alabama,SEC,333,Alabama Crimson Tide,Alabama,Crimson Tide,ALA,Southeastern Conference,23,exact
2011-12,30262,Alabama A&M,SWAC,2010,Alabama A&M Bulldogs,Alabama A&M,Bulldogs,AAMU,Southwestern Athletic Conference,26,exact
2011-12,30263,Alabama St.,SWAC,2011,Alabama State Hornets,Alabama State,Hornets,ALST,Southwestern Athletic Conference,26,exact
2011-12,30266,Albany (NY),America East,399,UAlbany Great Danes,UAlbany,Great Danes,UALB,America East Conference,1,alias
2011-12,30267,Alcorn,SWAC,2016,Alcorn State Braves,Alcorn State,Braves,ALCN,Southwestern Athletic Conference,26,dict
2011-12,30268,American,Patriot,44,American University Eagles,American University,Eagles,AMER,Patriot League,22,exact
2011-12,30269,App State,SoCon,2026,App State Mountaineers,App State,Mountaineers,APP,Sun Belt Conference,27,exact
2011-12,30271,Arizona,Pac-12,12,Arizona Wildcats,Arizona,Wildcats,ARIZ,Big 12 Conference,8,exact
2011-12,30270,Arizona St.,Pac-12,9,Arizona State Sun Devils,Arizona State,Sun Devils,ASU,Big 12 Conference,8,exact
2011-12,30592,Ark.-Pine Bluff,SWAC,2029,Arkansas-Pine Bluff Golden Lions,Arkansas-Pine Bluff,Golden Lions,UAPB,Southwestern Athletic Conference,26,dict
2011-12,30273,Arkansas,SEC,8,Arkansas Razorbacks,Arkansas,Razorbacks,ARK,Southeastern Conference,23,exact
2011-12,30272,Arkansas St.,Sun Belt,2032,Arkansas State Red Wolves,Arkansas State,Red Wolves,ARST,Sun Belt Conference,27,exact
2011-12,30553,Army West Point,Patriot,349,Army Black Knights,Army,Black Knights,ARMY,Patriot League,22,dict
2011-12,30275,Auburn,SEC,2,Auburn Tigers,Auburn,Tigers,AUB,Southeastern Conference,23,exact
2011-12,30276,Austin Peay,OVC,2046,Austin Peay Governors,Austin Peay,Governors,APSU,Atlantic Sun Conference,46,exact
2011-12,30287,BYU,WCC,252,BYU Cougars,BYU,Cougars,BYU,Big 12 Conference,8,exact
2011-12,30277,Ball St.,MAC,2050,Ball State Cardinals,Ball State,Cardinals,BALL,Mid-American Conference,14,exact
2011-12,30279,Baylor,Big 12,239,Baylor Bears,Baylor,Bears,BAY,Big 12 Conference,8,exact
2011-12,30598,Belmont,ASUN,2057,Belmont Bruins,Belmont,Bruins,BEL,Missouri Valley Conference,18,exact
2011-12,30280,Bethune-Cookman,MEAC,2065,Bethune-Cookman Wildcats,Bethune-Cookman,Wildcats,BCU,Southwestern Athletic Conference,26,exact
2011-12,30281,Binghamton,America East,2066,Binghamton Bearcats,Binghamton,Bearcats,BING,America East Conference,1,exact
2011-12,30282,Boise St.,Mountain West,68,Boise State Broncos,Boise State,Broncos,BOIS,Mountain West Conference,44,exact
2011-12,30283,Boston College,ACC,103,Boston College Eagles,Boston College,Eagles,BC,Atlantic Coast Conference,2,exact
2011-12,30284,Boston U.,America East,104,Boston University Terriers,Boston University,Terriers,BU,Patriot League,22,exact
2011-12,30285,Bowling Green,MAC,189,Bowling Green Falcons,Bowling Green,Falcons,BGSU,Mid-American Conference,14,exact
2011-12,30286,Bradley,MVC,71,Bradley Braves,Bradley,Braves,BRAD,Missouri Valley Conference,18,exact
2011-12,30288,Brown,Ivy League,225,Brown Bears,Brown,Bears,BRWN,Ivy League,12,exact
2011-12,30289,Bryant,NEC,2803,Bryant Bulldogs,Bryant,Bulldogs,BRY,America East Conference,1,exact
2011-12,30290,Bucknell,Patriot,2083,Bucknell Bison,Bucknell,Bison,BUCK,Patriot League,22,exact
2011-12,30291,Buffalo,MAC,2084,Buffalo Bulls,Buffalo,Bulls,BUF,Mid-American Conference,14,exact
2011-12,30292,Butler,Horizon,2086,Butler Bulldogs,Butler,Bulldogs,BTLR,Big East Conference,4,exact
2011-12,30294,CSU Bakersfield,-,2934,Cal State Bakersfield Roadrunners,Cal State Bakersfield,Roadrunners,CSUB,Big West Conference,9,alias
2011-12,30298,CSUN,Big West,2463,Cal State Northridge Matadors,Cal State Northridge,Matadors,CSUN,Big West Conference,9,exact
2011-12,30293,Cal Poly,Big West,13,Cal Poly Mustangs,Cal Poly,Mustangs,CP,Big West Conference,9,exact
2011-12,30296,Cal St. Fullerton,Big West,2239,Cal State Fullerton Titans,Cal State Fullerton,Titans,CSUF,Big West Conference,9,exact
2011-12,30301,California,Pac-12,25,California Golden Bears,California,Golden Bears,CAL,Atlantic Coast Conference,2,exact
2011-12,30306,Campbell,Big South,2097,Campbell Fighting Camels,Campbell,Fighting Camels,CAM,Coastal Athletic Association,10,exact
2011-12,30307,Canisius,MAAC,2099,Canisius Golden Griffins,Canisius,Golden Griffins,CAN,Metro Conference,13,exact
2011-12,30585,Central Ark.,Southland,2110,Central Arkansas Bears,Central Arkansas,Bears,CARK,Atlantic Sun Conference,46,exact
2011-12,30308,Central Conn. St.,NEC,2115,Central Connecticut Blue Devils,Central Connecticut,Blue Devils,CCSU,Northeast Conference,19,dict
2011-12,30310,Central Mich.,MAC,2117,Central Michigan Chippewas,Central Michigan,Chippewas,CMU,Mid-American Conference,14,exact
2011-12,30278,Charleston So.,Big South,2127,Charleston Southern Buccaneers,Charleston Southern,Buccaneers,CHSO,Big South Conference,6,exact
2011-12,30433,Charlotte,Atlantic 10,2429,Charlotte 49ers,Charlotte,49ers,CLT,American Conference,62,exact
2011-12,30536,Chattanooga,SoCon,236,Chattanooga Mocs,Chattanooga,Mocs,UTC,Southern Conference,24,exact
2011-12,30311,Chicago St.,GWC,2130,Chicago State Cougars,Chicago State,Cougars,CHST,Northeast Conference,19,exact
2011-12,30312,Cincinnati,Big East,2132,Cincinnati Bearcats,Cincinnati,Bearcats,CIN,Big 12 Conference,8,exact
2011-12,30313,Clemson,ACC,228,Clemson Tigers,Clemson,Tigers,CLEM,Atlantic Coast Conference,2,exact
2011-12,30314,Cleveland St.,Horizon,325,Cleveland State Vikings,Cleveland State,Vikings,CLE,Horizon League,45,exact
2011-12,30315,Coastal Carolina,Big South,324,Coastal Carolina Chanticleers,Coastal Carolina,Chanticleers,CCU,Sun Belt Conference,27,exact
2011-12,30586,Col. of Charleston,SoCon,232,Charleston Cougars,Charleston,Cougars,COFC,Coastal Athletic Association,10,dict
2011-12,30316,Colgate,Patriot,2142,Colgate Raiders,Colgate,Raiders,COLG,Patriot League,22,exact
2011-12,30318,Colorado,Pac-12,38,Colorado Buffaloes,Colorado,Buffaloes,COLO,Big 12 Conference,8,exact
2011-12,30317,Colorado St.,Mountain West,36,Colorado State Rams,Colorado State,Rams,CSU,Mountain West Conference,44,exact
2011-12,30319,Columbia,Ivy League,171,Columbia Lions,Columbia,Lions,COLU,Ivy League,12,exact
2011-12,30321,Coppin St.,MEAC,2154,Coppin State Eagles,Coppin State,Eagles,COPP,Mid-Eastern Athletic Conference,16,exact
2011-12,30322,Cornell,Ivy League,172,Cornell Big Red,Cornell,Big Red,COR,Ivy League,12,exact
2011-12,30323,Creighton,MVC,156,Creighton Bluejays,Creighton,Bluejays,CREI,Big East Conference,4,exact
2011-12,30324,Dartmouth,Ivy League,159,Dartmouth Big Green,Dartmouth,Big Green,DART,Ivy League,12,exact
2011-12,30325,Davidson,SoCon,2166,Davidson Wildcats,Davidson,Wildcats,DAV,Atlantic 10 Conference,3,exact
2011-12,30326,Dayton,Atlantic 10,2168,Dayton Flyers,Dayton,Flyers,DAY,Atlantic 10 Conference,3,exact
2011-12,30327,DePaul,Big East,305,DePaul Blue Demons,DePaul,Blue Demons,DEP,Big East Conference,4,exact
2011-12,30329,Delaware,CAA,48,Delaware Blue Hens,Delaware,Blue Hens,DEL,Coastal Athletic Association,10,exact
2011-12,30328,Delaware St.,MEAC,2169,Delaware State Hornets,Delaware State,Hornets,DSU,Mid-Eastern Athletic Conference,16,exact
2011-12,30330,Denver,Sun Belt,2172,Denver Pioneers,Denver,Pioneers,DEN,Summit League,47,exact
2011-12,30331,Detroit Mercy,Horizon,2174,Detroit Mercy Titans,Detroit Mercy,Titans,DETM,Horizon League,45,exact
2011-12,30332,Drake,MVC,2181,Drake Bulldogs,Drake,Bulldogs,DRKE,Missouri Valley Conference,18,exact
2011-12,30333,Drexel,CAA,2182,Drexel Dragons,Drexel,Dragons,DREX,Coastal Athletic Association,10,exact
2011-12,30334,Duke,ACC,150,Duke Blue Devils,Duke,Blue Devils,DUKE,Atlantic Coast Conference,2,exact
2011-12,30335,Duquesne,Atlantic 10,2184,Duquesne Dukes,Duquesne,Dukes,DUQ,Atlantic 10 Conference,3,exact
2011-12,30337,ETSU,ASUN,2193,East Tennessee State Buccaneers,East Tennessee State,Buccaneers,ETSU,Southern Conference,24,exact
2011-12,30336,East Carolina,C-USA,151,East Carolina Pirates,East Carolina,Pirates,ECU,American Conference,62,exact
2011-12,30338,Eastern Ill.,OVC,2197,Eastern Illinois Panthers,Eastern Illinois,Panthers,EIU,Ohio Valley Conference,20,exact
2011-12,30339,Eastern Ky.,OVC,2198,Eastern Kentucky Colonels,Eastern Kentucky,Colonels,EKU,Atlantic Sun Conference,46,exact
2011-12,30340,Eastern Mich.,MAC,2199,Eastern Michigan Eagles,Eastern Michigan,Eagles,EMU,Mid-American Conference,14,exact
2011-12,30341,Eastern Wash.,Big Sky,331,Eastern Washington Eagles,Eastern Washington,Eagles,EWU,Big Sky Conference,5,exact
2011-12,30587,Elon,SoCon,2210,Elon Phoenix,Elon,Phoenix,ELON,Coastal Athletic Association,10,exact
2011-12,30342,Evansville,MVC,339,Evansville Purple Aces,Evansville,Purple Aces,EVAN,Missouri Valley Conference,18,exact
2011-12,30602,FGCU,ASUN,526,Florida Gulf Coast Eagles,Florida Gulf Coast,Eagles,FGCU,Atlantic Sun Conference,46,exact
2011-12,30347,FIU,Sun Belt,2229,Florida International Panthers,Florida International,Panthers,FIU,Conference USA,11,exact
2011-12,30343,Fairfield,MAAC,2217,Fairfield Stags,Fairfield,Stags,FAIR,Metro Conference,13,exact
2011-12,30344,Fairleigh Dickinson,NEC,161,Fairleigh Dickinson Knights,Fairleigh Dickinson,Knights,FDU,Northeast Conference,19,exact
2011-12,30346,Fla. Atlantic,Sun Belt,2226,Florida Atlantic Owls,Florida Atlantic,Owls,FAU,American Conference,62,exact
2011-12,30349,Florida,SEC,57,Florida Gators,Florida,Gators,FLA,Southeastern Conference,23,exact
2011-12,30345,Florida A&M,MEAC,50,Florida A&M Rattlers,Florida A&M,Rattlers,FAMU,Southwestern Athletic Conference,26,exact
2011-12,30348,Florida St.,ACC,52,Florida State Seminoles,Florida State,Seminoles,FSU,Atlantic Coast Conference,2,exact
2011-12,30350,Fordham,Atlantic 10,2230,Fordham Rams,Fordham,Rams,FOR,Atlantic 10 Conference,3,exact
2011-12,30295,Fresno St.,WAC,278,Fresno State Bulldogs,Fresno State,Bulldogs,FRES,Mountain West Conference,44,exact
2011-12,30351,Furman,SoCon,231,Furman Paladins,Furman,Paladins,FUR,Southern Conference,24,exact
2011-12,30355,Ga. Southern,SoCon,290,Georgia Southern Eagles,Georgia Southern,Eagles,GASO,Sun Belt Conference,27,exact
2011-12,30588,Gardner-Webb,Big South,2241,Gardner-Webb Runnin' Bulldogs,Gardner-Webb,Runnin' Bulldogs,GWEB,Big South Conference,6,exact
2011-12,30352,George Mason,CAA,2244,George Mason Patriots,George Mason,Patriots,GMU,Atlantic 10 Conference,3,exact
2011-12,30353,George Washington,Atlantic 10,45,George Washington Revolutionaries,George Washington,Revolutionaries,GW,Atlantic 10 Conference,3,exact
2011-12,30354,Georgetown,Big East,46,Georgetown Hoyas,Georgetown,Hoyas,GTWN,Big East Conference,4,exact
2011-12,30358,Georgia,SEC,61,Georgia Bulldogs,Georgia,Bulldogs,UGA,Southeastern Conference,23,exact
2011-12,30356,Georgia St.,CAA,2247,Georgia State Panthers,Georgia State,Panthers,GAST,Sun Belt Conference,27,exact
2011-12,30357,Georgia Tech,ACC,59,Georgia Tech Yellow Jackets,Georgia Tech,Yellow Jackets,GT,Atlantic Coast Conference,2,exact
2011-12,30359,Gonzaga,WCC,2250,Gonzaga Bulldogs,Gonzaga,Bulldogs,GONZ,West Coast Conference,29,exact
2011-12,30360,Grambling,SWAC,2755,Grambling Tigers,Grambling,Tigers,GRAM,Southwestern Athletic Conference,26,exact
2011-12,30577,Green Bay,Horizon,2739,Green Bay Phoenix,Green Bay,Phoenix,GB,Horizon League,45,exact
2011-12,30361,Hampton,MEAC,2261,Hampton Pirates,Hampton,Pirates,HAMP,Coastal Athletic Association,10,exact
2011-12,30362,Hartford,America East,42,Hartford Hawks,Hartford,Hawks,HART,,,exact
2011-12,30363,Harvard,Ivy League,108,Harvard Crimson,Harvard,Crimson,HARV,Ivy League,12,exact
2011-12,30364,Hawaii,WAC,62,Hawai'i Rainbow Warriors,Hawai'i,Rainbow Warriors,HAW,Big West Conference,9,dict
2011-12,30599,High Point,Big South,2272,High Point Panthers,High Point,Panthers,HPU,Big South Conference,6,exact
2011-12,30365,Hofstra,CAA,2275,Hofstra Pride,Hofstra,Pride,HOF,Coastal Athletic Association,10,exact
2011-12,30366,Holy Cross,Patriot,107,Holy Cross Crusaders,Holy Cross,Crusaders,HC,Patriot League,22,exact
2011-12,30368,Houston,C-USA,248,Houston Cougars,Houston,Cougars,HOU,Big 12 Conference,8,exact
2011-12,30367,Houston Baptist,GWC,2277,Houston Christian Huskies,Houston Christian,Huskies,HCU,Southland Conference,25,alias
2011-12,30369,Howard,MEAC,47,Howard Bison,Howard,Bison,HOW,Mid-Eastern Athletic Conference,16,exact
2011-12,30593,IUPUI,Summit League,85,IU Indianapolis Jaguars,IU Indianapolis,Jaguars,IUIN,Horizon League,45,alias
2011-12,30371,Idaho,WAC,70,Idaho Vandals,Idaho,Vandals,IDHO,Big Sky Conference,5,exact
2011-12,30370,Idaho St.,Big Sky,304,Idaho State Bengals,Idaho State,Bengals,IDST,Big Sky Conference,5,exact
2011-12,30373,Illinois,Big Ten,356,Illinois Fighting Illini,Illinois,Fighting Illini,ILL,Big Ten Conference,7,exact
2011-12,30372,Illinois St.,MVC,2287,Illinois State Redbirds,Illinois State,Redbirds,ILST,Missouri Valley Conference,18,exact
2011-12,30376,Indiana,Big Ten,84,Indiana Hoosiers,Indiana,Hoosiers,IU,Big Ten Conference,7,exact
2011-12,30375,Indiana St.,MVC,282,Indiana State Sycamores,Indiana State,Sycamores,INST,Missouri Valley Conference,18,exact
2011-12,30378,Iona,MAAC,314,Iona Gaels,Iona,Gaels,IONA,Metro Conference,13,exact
2011-12,30380,Iowa,Big Ten,2294,Iowa Hawkeyes,Iowa,Hawkeyes,IOWA,Big Ten Conference,7,exact
2011-12,30379,Iowa St.,Big 12,66,Iowa State Cyclones,Iowa State,Cyclones,ISU,Big 12 Conference,8,exact
2011-12,30381,Jackson St.,SWAC,2296,Jackson State Tigers,Jackson State,Tigers,JKST,Southwestern Athletic Conference,26,exact
2011-12,30383,Jacksonville,ASUN,294,Jacksonville Dolphins,Jacksonville,Dolphins,JAX,Atlantic Sun Conference,46,exact
2011-12,30382,Jacksonville St.,OVC,55,Jacksonville State Gamecocks,Jacksonville State,Gamecocks,JXST,Conference USA,11,exact
2011-12,30384,James Madison,CAA,256,James Madison Dukes,James Madison,Dukes,JMU,Sun Belt Conference,27,exact
2011-12,30386,Kansas,Big 12,2305,Kansas Jayhawks,Kansas,Jayhawks,KU,Big 12 Conference,8,exact
2011-12,30594,Kansas City,Summit League,140,Kansas City Roos,Kansas City,Roos,KC,Summit League,47,exact
2011-12,30385,Kansas St.,Big 12,2306,Kansas State Wildcats,Kansas State,Wildcats,KSU,Big 12 Conference,8,exact
2011-12,30589,Kennesaw St.,ASUN,338,Kennesaw State Owls,Kennesaw State,Owls,KENN,Conference USA,11,exact
2011-12,30387,Kent St.,MAC,2309,Kent State Golden Flashes,Kent State,Golden Flashes,KENT,Mid-American Conference,14,exact
2011-12,30388,Kentucky,SEC,96,Kentucky Wildcats,Kentucky,Wildcats,UK,Southeastern Conference,23,exact
2011-12,30394,LIU,NEC,112358,Long Island University Sharks,Long Island University,Sharks,LIU,Northeast Conference,19,exact
2011-12,30400,LMU (CA),WCC,2351,Loyola Marymount Lions,Loyola Marymount,Lions,LMU,West Coast Conference,29,dict
2011-12,30396,LSU,SEC,99,LSU Tigers,LSU,Tigers,LSU,Southeastern Conference,23,exact
2011-12,30389,La Salle,Atlantic 10,2325,La Salle Explorers,La Salle,Explorers,LAS,Atlantic 10 Conference,3,exact
2011-12,30390,Lafayette,Patriot,322,Lafayette Leopards,Lafayette,Leopards,LAF,Patriot League,22,exact
2011-12,30391,Lamar University,Southland,2320,Lamar Cardinals,Lamar,Cardinals,LAM,Southland Conference,25,dict
2011-12,30392,Lehigh,Patriot,2329,Lehigh Mountain Hawks,Lehigh,Mountain Hawks,LEH,Patriot League,22,exact
2011-12,30393,Liberty,Big South,2335,Liberty Flames,Liberty,Flames,LIB,Conference USA,11,exact
2011-12,30601,Lipscomb,ASUN,288,Lipscomb Bisons,Lipscomb,Bisons,LIP,Atlantic Sun Conference,46,exact
2011-12,30274,Little Rock,Sun Belt,2031,Little Rock Trojans,Little Rock,Trojans,LR,Ohio Valley Conference,20,exact
2011-12,30297,Long Beach St.,Big West,299,Long Beach State Beach,Long Beach State,Beach,LBSU,Big West Conference,9,exact
2011-12,30395,Longwood,-,2344,Longwood Lancers,Longwood,Lancers,LONG,Big South Conference,6,exact
2011-12,30527,Louisiana,Sun Belt,309,Louisiana Ragin' Cajuns,Louisiana,Ragin' Cajuns,UL,Sun Belt Conference,27,exact
2011-12,30397,Louisiana Tech,WAC,2348,Louisiana Tech Bulldogs,Louisiana Tech,Bulldogs,LT,Conference USA,11,exact
2011-12,30398,Louisville,Big East,97,Louisville Cardinals,Louisville,Cardinals,LOU,Atlantic Coast Conference,2,exact
2011-12,30401,Loyola Chicago,Horizon,2350,Loyola Chicago Ramblers,Loyola Chicago,Ramblers,LUC,Atlantic 10 Conference,3,exact
2011-12,30399,Loyola Maryland,MAAC,2352,Loyola Maryland Greyhounds,Loyola Maryland,Greyhounds,L-MD,Patriot League,22,exact
2011-12,30402,Maine,America East,311,Maine Black Bears,Maine,Black Bears,ME,America East Conference,1,exact
2011-12,30403,Manhattan,MAAC,2363,Manhattan Jaspers,Manhattan,Jaspers,MAN,Metro Conference,13,exact
2011-12,30404,Marist,MAAC,2368,Marist Red Foxes,Marist,Red Foxes,MRST,Metro Conference,13,exact
2011-12,30405,Marquette,Big East,269,Marquette Golden Eagles,Marquette,Golden Eagles,MARQ,Big East Conference,4,exact
2011-12,30406,Marshall,C-USA,276,Marshall Thundering Herd,Marshall,Thundering Herd,MRSH,Sun Belt Conference,27,exact
2011-12,30408,Maryland,ACC,120,Maryland Terrapins,Maryland,Terrapins,MD,Big Ten Conference,7,exact
2011-12,30410,Massachusetts,Atlantic 10,113,Massachusetts Minutemen,Massachusetts,Minutemen,MASS,Atlantic 10 Conference,3,exact
2011-12,30411,McNeese,Southland,2377,McNeese Cowboys,McNeese,Cowboys,MCN,Southland Conference,25,exact
2011-12,30412,Memphis,C-USA,235,Memphis Tigers,Memphis,Tigers,MEM,American Conference,62,exact
2011-12,30413,Mercer,ASUN,2382,Mercer Bears,Mercer,Bears,MER,Southern Conference,24,exact
2011-12,30415,Miami (FL),ACC,2390,Miami Hurricanes,Miami,Hurricanes,MIA,Atlantic Coast Conference,2,dict
2011-12,30414,Miami (OH),MAC,193,Miami (OH) RedHawks,Miami (OH),RedHawks,M-OH,Mid-American Conference,14,exact
2011-12,30417,Michigan,Big Ten,130,Michigan Wolverines,Michigan,Wolverines,MICH,Big Ten Conference,7,exact
2011-12,30416,Michigan St.,Big Ten,127,Michigan State Spartans,Michigan State,Spartans,MSU,Big Ten Conference,7,exact
2011-12,30418,Middle Tenn.,Sun Belt,2393,Middle Tennessee Blue Raiders,Middle Tennessee,Blue Raiders,MTSU,Conference USA,11,exact
2011-12,30579,Milwaukee,Horizon,270,Milwaukee Panthers,Milwaukee,Panthers,MILW,Horizon League,45,exact
2011-12,30419,Minnesota,Big Ten,135,Minnesota Golden Gophers,Minnesota,Golden Gophers,MINN,Big Ten Conference,7,exact
2011-12,30420,Mississippi St.,SEC,344,Mississippi State Bulldogs,Mississippi State,Bulldogs,MSST,Southeastern Conference,23,exact
2011-12,30421,Mississippi Val.,SWAC,2400,Mississippi Valley State Delta Devils,Mississippi Valley State,Delta Devils,MVSU,Southwestern Athletic Conference,26,dict
2011-12,30423,Missouri,Big 12,142,Missouri Tigers,Missouri,Tigers,MIZ,Southeastern Conference,23,exact
2011-12,30525,Missouri St.,MVC,2623,Missouri State Bears,Missouri State,Bears,MOST,Missouri Valley Conference,18,exact
2011-12,30424,Monmouth,NEC,2405,Monmouth Hawks,Monmouth,Hawks,MONM,Coastal Athletic Association,10,exact
2011-12,30426,Montana,Big Sky,149,Montana Grizzlies,Montana,Grizzlies,MONT,Big Sky Conference,5,exact
2011-12,30425,Montana St.,Big Sky,147,Montana State Bobcats,Montana State,Bobcats,MTST,Big Sky Conference,5,exact
2011-12,30427,Morehead St.,OVC,2413,Morehead State Eagles,Morehead State,Eagles,MORE,Ohio Valley Conference,20,exact
2011-12,30428,Morgan St.,MEAC,2415,Morgan State Bears,Morgan State,Bears,MORG,Mid-Eastern Athletic Conference,16,exact
2011-12,30429,Mount St. Mary's,NEC,116,Mount St. Mary's Mountaineers,Mount St. Mary's,Mountaineers,MSM,Metro Conference,13,exact
2011-12,30430,Murray St.,OVC,93,Murray State Racers,Murray State,Racers,MUR,Missouri Valley Conference,18,exact
2011-12,30447,N.C. A&T,MEAC,2448,North Carolina A&T Aggies,North Carolina A&T,Aggies,NCAT,Coastal Athletic Association,10,exact
2011-12,30448,N.C. Central,MEAC,2428,North Carolina Central Eagles,North Carolina Central,Eagles,NCCU,Mid-Eastern Athletic Conference,16,exact
2011-12,30449,NC State,ACC,152,NC State Wolfpack,NC State,Wolfpack,NCSU,Atlantic Coast Conference,2,exact
2011-12,30441,NJIT,GWC,2885,NJIT Highlanders,NJIT,Highlanders,NJIT,America East Conference,1,exact
2011-12,30554,Navy,Patriot,2426,Navy Midshipmen,Navy,Midshipmen,NAVY,Patriot League,22,exact
2011-12,30436,Nebraska,Big Ten,158,Nebraska Cornhuskers,Nebraska,Cornhuskers,NEB,Big Ten Conference,7,exact
2011-12,30439,Nevada,WAC,2440,Nevada Wolf Pack,Nevada,Wolf Pack,NEV,Mountain West Conference,44,exact
2011-12,30440,New Hampshire,America East,160,New Hampshire Wildcats,New Hampshire,Wildcats,UNH,America East Conference,1,exact
2011-12,30443,New Mexico,Mountain West,167,New Mexico Lobos,New Mexico,Lobos,UNM,Mountain West Conference,44,exact
2011-12,30442,New Mexico St.,WAC,166,New Mexico State Aggies,New Mexico State,Aggies,NMSU,Conference USA,11,exact
2011-12,30444,Niagara,MAAC,315,Niagara Purple Eagles,Niagara,Purple Eagles,NIA,Metro Conference,13,exact
2011-12,30445,Nicholls,Southland,2447,Nicholls Colonels,Nicholls,Colonels,NICH,Southland Conference,25,exact
2011-12,30446,Norfolk St.,MEAC,2450,Norfolk State Spartans,Norfolk State,Spartans,NORF,Mid-Eastern Athletic Conference,16,exact
2011-12,30432,North Carolina,ACC,153,North Carolina Tar Heels,North Carolina,Tar Heels,UNC,Atlantic Coast Conference,2,exact
2011-12,30451,North Dakota,GWC,155,North Dakota Fighting Hawks,North Dakota,Fighting Hawks,UND,Summit League,47,exact
2011-12,30450,North Dakota St.,Summit League,2449,North Dakota State Bison,North Dakota State,Bison,NDSU,Summit League,47,exact
2011-12,30595,North Florida,ASUN,2454,North Florida Ospreys,North Florida,Ospreys,UNF,Atlantic Sun Conference,46,exact
2011-12,30452,North Texas,Sun Belt,249,North Texas Mean Green,North Texas,Mean Green,UNT,American Conference,62,exact
2011-12,30454,Northeastern,CAA,111,Northeastern Huskies,Northeastern,Huskies,NE,Coastal Athletic Association,10,exact
2011-12,30455,Northern Ariz.,Big Sky,2464,Northern Arizona Lumberjacks,Northern Arizona,Lumberjacks,NAU,Big Sky Conference,5,exact
2011-12,30456,Northern Colo.,Big Sky,2458,Northern Colorado Bears,Northern Colorado,Bears,UNCO,Big Sky Conference,5,exact
2011-12,30457,Northern Ill.,MAC,2459,Northern Illinois Huskies,Northern Illinois,Huskies,NIU,Mid-American Conference,14,exact
2011-12,30460,Northwestern,Big Ten,77,Northwestern Wildcats,Northwestern,Wildcats,NU,Big Ten Conference,7,exact
2011-12,30459,Northwestern St.,Southland,2466,Northwestern State Demons,Northwestern State,Demons,NWST,Southland Conference,25,exact
2011-12,30461,Notre Dame,Big East,87,Notre Dame Fighting Irish,Notre Dame,Fighting Irish,ND,Atlantic Coast Conference,2,exact
2011-12,30462,Oakland,Summit League,2473,Oakland Golden Grizzlies,Oakland,Golden Grizzlies,OAK,Horizon League,45,exact
2011-12,30464,Ohio,MAC,195,Ohio Bobcats,Ohio,Bobcats,OHIO,Mid-American Conference,14,exact
2011-12,30463,Ohio St.,Big Ten,194,Ohio State Buckeyes,Ohio State,Buckeyes,OSU,Big Ten Conference,7,exact
2011-12,30466,Oklahoma,Big 12,201,Oklahoma Sooners,Oklahoma,Sooners,OU,Southeastern Conference,23,exact
2011-12,30465,Oklahoma St.,Big 12,197,Oklahoma State Cowboys,Oklahoma State,Cowboys,OKST,Big 12 Conference,8,exact
2011-12,30467,Old Dominion,CAA,295,Old Dominion Monarchs,Old Dominion,Monarchs,ODU,Sun Belt Conference,27,exact
2011-12,30422,Ole Miss,SEC,145,Ole Miss Rebels,Ole Miss,Rebels,MISS,Southeastern Conference,23,exact
2011-12,30437,Omaha,-,2437,Omaha Mavericks,Omaha,Mavericks,OMA,Summit League,47,exact
2011-12,30468,Oral Roberts,Summit League,198,Oral Roberts Golden Eagles,Oral Roberts,Golden Eagles,ORU,Summit League,47,exact
2011-12,30470,Oregon,Pac-12,2483,Oregon Ducks,Oregon,Ducks,ORE,Big Ten Conference,7,exact
2011-12,30469,Oregon St.,Pac-12,204,Oregon State Beavers,Oregon State,Beavers,ORST,West Coast Conference,29,exact
2011-12,30471,Pacific,Big West,279,Pacific Tigers,Pacific,Tigers,PAC,West Coast Conference,29,exact
2011-12,30474,Penn,Ivy League,219,Pennsylvania Quakers,Pennsylvania,Quakers,PENN,Ivy League,12,exact
2011-12,30473,Penn St.,Big Ten,213,Penn State Nittany Lions,Penn State,Nittany Lions,PSU,Big Ten Conference,7,exact
2011-12,30475,Pepperdine,WCC,2492,Pepperdine Waves,Pepperdine,Waves,PEPP,West Coast Conference,29,exact
2011-12,30476,Pittsburgh,Big East,221,Pittsburgh Panthers,Pittsburgh,Panthers,PITT,Atlantic Coast Conference,2,exact
2011-12,30478,Portland,WCC,2501,Portland Pilots,Portland,Pilots,PORT,West Coast Conference,29,exact
2011-12,30477,Portland St.,Big Sky,2502,Portland State Vikings,Portland State,Vikings,PRST,Big Sky Conference,5,exact
2011-12,30479,Prairie View,SWAC,2504,Prairie View A&M Panthers,Prairie View A&M,Panthers,PV,Southwestern Athletic Conference,26,exact
2011-12,30590,Presbyterian,Big South,2506,Presbyterian Blue Hose,Presbyterian,Blue Hose,PRES,Big South Conference,6,exact
2011-12,30480,Princeton,Ivy League,163,Princeton Tigers,Princeton,Tigers,PRIN,Ivy League,12,exact
2011-12,30481,Providence,Big East,2507,Providence Friars,Providence,Friars,PROV,Big East Conference,4,exact
2011-12,30482,Purdue,Big Ten,2509,Purdue Boilermakers,Purdue,Boilermakers,PUR,Big Ten Conference,7,exact
2011-12,30377,Purdue Fort Wayne,Summit League,2870,Purdue Fort Wayne Mastodons,Purdue Fort Wayne,Mastodons,PFW,Horizon League,45,exact
2011-12,30483,Quinnipiac,NEC,2514,Quinnipiac Bobcats,Quinnipiac,Bobcats,QUIN,Metro Conference,13,exact
2011-12,30484,Radford,Big South,2515,Radford Highlanders,Radford,Highlanders,RAD,Big South Conference,6,exact
2011-12,30485,Rhode Island,Atlantic 10,227,Rhode Island Rams,Rhode Island,Rams,URI,Atlantic 10 Conference,3,exact
2011-12,30486,Rice,C-USA,242,Rice Owls,Rice,Owls,RICE,American Conference,62,exact
2011-12,30487,Richmond,Atlantic 10,257,Richmond Spiders,Richmond,Spiders,RICH,Atlantic 10 Conference,3,exact
2011-12,30488,Rider,MAAC,2520,Rider Broncs,Rider,Broncs,RID,Metro Conference,13,exact
2011-12,30489,Robert Morris,NEC,2523,Robert Morris Colonials,Robert Morris,Colonials,RMU,Horizon League,45,exact
2011-12,30490,Rutgers,Big East,164,Rutgers Scarlet Knights,Rutgers,Scarlet Knights,RUTG,Big Ten Conference,7,exact
2011-12,30529,SFA,Southland,2617,Stephen F. Austin Lumberjacks,Stephen F. Austin,Lumberjacks,SFA,Southland Conference,25,exact
2011-12,30520,SIUE,OVC,2565,SIU Edwardsville Cougars,SIU Edwardsville,Cougars,SIUE,Ohio Valley Conference,20,exact
2011-12,30521,SMU,C-USA,2567,SMU Mustangs,SMU,Mustangs,SMU,Atlantic Coast Conference,2,exact
2011-12,30299,Sacramento St.,Big Sky,16,Sacramento State Hornets,Sacramento State,Hornets,SAC,Big Sky Conference,5,exact
2011-12,30491,Sacred Heart,NEC,2529,Sacred Heart Pioneers,Sacred Heart,Pioneers,SHU,Metro Conference,13,exact
2011-12,30494,Saint Francis (PA),NEC,2598,St. Francis (PA) Red Flash,St. Francis (PA),Red Flash,SFPA,Northeast Conference,19,exact
2011-12,30496,Saint Joseph's,Atlantic 10,2603,Saint Joseph's Hawks,Saint Joseph's,Hawks,JOES,Atlantic 10 Conference,3,exact
2011-12,30497,Saint Louis,Atlantic 10,139,Saint Louis Billikens,Saint Louis,Billikens,SLU,Atlantic 10 Conference,3,exact
2011-12,30498,Saint Mary's (CA),WCC,2608,Saint Mary's Gaels,Saint Mary's,Gaels,SMC,West Coast Conference,29,dict
2011-12,30499,Saint Peter's,MAAC,2612,Saint Peter's Peacocks,Saint Peter's,Peacocks,SPU,Metro Conference,13,exact
2011-12,30500,Sam Houston,Southland,2534,Sam Houston Bearkats,Sam Houston,Bearkats,SHSU,Conference USA,11,exact
2011-12,30501,Samford,SoCon,2535,Samford Bulldogs,Samford,Bulldogs,SAM,Southern Conference,24,exact
2011-12,30503,San Diego,WCC,301,San Diego Toreros,San Diego,Toreros,USD,West Coast Conference,29,exact
2011-12,30502,San Diego St.,Mountain West,21,San Diego State Aztecs,San Diego State,Aztecs,SDSU,Mountain West Conference,44,exact
2011-12,30504,San Francisco,WCC,2539,San Francisco Dons,San Francisco,Dons,SF,West Coast Conference,29,exact
2011-12,30505,San Jose St.,WAC,23,San José State Spartans,San José State,Spartans,SJSU,Mountain West Conference,44,dict
2011-12,30506,Santa Clara,WCC,2541,Santa Clara Broncos,Santa Clara,Broncos,SCU,West Coast Conference,29,exact
2011-12,30507,Savannah St.,MEAC,2542,Savannah State Tigers,Savannah State,Tigers,SAV,,,alias
2011-12,30591,Seattle U,-,2547,Seattle U Redhawks,Seattle U,Redhawks,SEA,United Athletic Conference,30,exact
2011-12,30508,Seton Hall,Big East,2550,Seton Hall Pirates,Seton Hall,Pirates,HALL,Big East Conference,4,exact
2011-12,30509,Siena,MAAC,2561,Siena Saints,Siena,Saints,SIE,Metro Conference,13,exact
2011-12,30510,South Alabama,Sun Belt,6,South Alabama Jaguars,South Alabama,Jaguars,USA,Sun Belt Conference,27,exact
2011-12,30512,South Carolina,SEC,2579,South Carolina Gamecocks,South Carolina,Gamecocks,SC,Southeastern Conference,23,exact
2011-12,30511,South Carolina St.,MEAC,2569,South Carolina State Bulldogs,South Carolina State,Bulldogs,SCST,Mid-Eastern Athletic Conference,16,exact
2011-12,30514,South Dakota,Summit League,233,South Dakota Coyotes,South Dakota,Coyotes,SDAK,Summit League,47,exact
2011-12,30513,South Dakota St.,Summit League,2571,South Dakota State Jackrabbits,South Dakota State,Jackrabbits,SDST,Summit League,47,exact
2011-12,30515,South Fla.,Big East,58,South Florida Bulls,South Florida,Bulls,USF,American Conference,62,exact
2011-12,30516,Southeast Mo. St.,OVC,2546,Southeast Missouri State Redhawks,Southeast Missouri State,Redhawks,SEMO,Ohio Valley Conference,20,exact
2011-12,30517,Southeastern La.,Southland,2545,SE Louisiana Lions,SE Louisiana,Lions,SELA,Southland Conference,25,dict
2011-12,30518,Southern California,Pac-12,30,USC Trojans,USC,Trojans,USC,Big Ten Conference,7,dict
2011-12,30519,Southern Ill.,MVC,79,Southern Illinois Salukis,Southern Illinois,Salukis,SIU,Missouri Valley Conference,18,exact
2011-12,30522,Southern Miss.,C-USA,2572,Southern Miss Golden Eagles,Southern Miss,Golden Eagles,USM,Sun Belt Conference,27,dict
2011-12,30523,Southern U.,SWAC,2582,Southern Jaguars,Southern,Jaguars,SOU,Southwestern Athletic Conference,26,dict
2011-12,30524,Southern Utah,Summit League,253,Southern Utah Thunderbirds,Southern Utah,Thunderbirds,SUU,United Athletic Conference,30,exact
2011-12,30492,St. Bonaventure,Atlantic 10,179,St. Bonaventure Bonnies,St. Bonaventure,Bonnies,SBU,Atlantic 10 Conference,3,exact
2011-12,30493,St. Francis Brooklyn,NEC,2597,St. Francis Brooklyn Terriers,St. Francis Brooklyn,Terriers,SFNY,,,exact
2011-12,30495,St. John's (NY),Big East,2599,St. John's Red Storm,St. John's,Red Storm,SJU,Big East Conference,4,dict
2011-12,30528,Stanford,Pac-12,24,Stanford Cardinal,Stanford,Cardinal,STAN,Atlantic Coast Conference,2,exact
2011-12,30530,Stetson,ASUN,56,Stetson Hatters,Stetson,Hatters,STET,Atlantic Sun Conference,46,exact
2011-12,30531,Stony Brook,America East,2619,Stony Brook Seawolves,Stony Brook,Seawolves,STBK,Coastal Athletic Association,10,exact
2011-12,30532,Syracuse,Big East,183,Syracuse Orange,Syracuse,Orange,SYR,Atlantic Coast Conference,2,exact
2011-12,30540,TCU,Mountain West,2628,TCU Horned Frogs,TCU,Horned Frogs,TCU,Big 12 Conference,8,exact
2011-12,30533,Temple,Atlantic 10,218,Temple Owls,Temple,Owls,TEM,American Conference,62,exact
2011-12,30537,Tennessee,SEC,2633,Tennessee Volunteers,Tennessee,Volunteers,TENN,Southeastern Conference,23,exact
2011-12,30534,Tennessee St.,OVC,2634,Tennessee State Tigers,Tennessee State,Tigers,TNST,Ohio Valley Conference,20,exact
2011-12,30535,Tennessee Tech,OVC,2635,Tennessee Tech Golden Eagles,Tennessee Tech,Golden Eagles,TNTC,Ohio Valley Conference,20,exact
2011-12,30544,Texas,Big 12,251,Texas Longhorns,Texas,Longhorns,TEX,Southeastern Conference,23,exact
2011-12,30539,Texas A&M,Big 12,245,Texas A&M Aggies,Texas A&M,Aggies,TA&M,Southeastern Conference,23,exact
2011-12,30541,Texas Southern,SWAC,2640,Texas Southern Tigers,Texas Southern,Tigers,TXSO,Southwestern Athletic Conference,26,exact
2011-12,30526,Texas St.,Southland,326,Texas State Bobcats,Texas State,Bobcats,TXST,Sun Belt Conference,27,exact
2011-12,30542,Texas Tech,Big 12,2641,Texas Tech Red Raiders,Texas Tech,Red Raiders,TTU,Big 12 Conference,8,exact
2011-12,30547,Toledo,MAC,2649,Toledo Rockets,Toledo,Rockets,TOL,Mid-American Conference,14,exact
2011-12,30548,Towson,CAA,119,Towson Tigers,Towson,Tigers,TOW,Coastal Athletic Association,10,exact
2011-12,30549,Troy,Sun Belt,2653,Troy Trojans,Troy,Trojans,TROY,Sun Belt Conference,27,exact
2011-12,30550,Tulane,C-USA,2655,Tulane Green Wave,Tulane,Green Wave,TULN,American Conference,62,exact
2011-12,30551,Tulsa,C-USA,202,Tulsa Golden Hurricane,Tulsa,Golden Hurricane,TLSA,American Conference,62,exact
2011-12,30265,UAB,C-USA,5,UAB Blazers,UAB,Blazers,UAB,American Conference,62,exact
2011-12,30302,UC Davis,Big West,302,UC Davis Aggies,UC Davis,Aggies,UCD,Big West Conference,9,exact
2011-12,30303,UC Irvine,Big West,300,UC Irvine Anteaters,UC Irvine,Anteaters,UCI,Big West Conference,9,exact
2011-12,30305,UC Riverside,Big West,27,UC Riverside Highlanders,UC Riverside,Highlanders,UCR,Big West Conference,9,exact
2011-12,30300,UC Santa Barbara,Big West,2540,UC Santa Barbara Gauchos,UC Santa Barbara,Gauchos,UCSB,Big West Conference,9,exact
2011-12,30309,UCF,C-USA,2116,UCF Knights,UCF,Knights,UCF,Big 12 Conference,8,exact
2011-12,30304,UCLA,Pac-12,26,UCLA Bruins,UCLA,Bruins,UCLA,Big Ten Conference,7,exact
2011-12,30320,UConn,Big East,41,UConn Huskies,UConn,Huskies,CONN,Big East Conference,4,exact
2011-12,30374,UIC,Horizon,82,UIC Flames,UIC,Flames,UIC,Missouri Valley Conference,18,exact
2011-12,30453,ULM,Sun Belt,2433,UL Monroe Warhawks,UL Monroe,Warhawks,ULM,Sun Belt Conference,27,exact
2011-12,30407,UMBC,America East,2378,UMBC Retrievers,UMBC,Retrievers,UMBC,America East Conference,1,exact
2011-12,30409,UMES,MEAC,2379,Maryland Eastern Shore Hawks,Maryland Eastern Shore,Hawks,UMES,Mid-Eastern Athletic Conference,16,exact
2011-12,30431,UNC Asheville,Big South,2427,UNC Asheville Bulldogs,UNC Asheville,Bulldogs,UNCA,Big South Conference,6,exact
2011-12,30434,UNC Greensboro,SoCon,2430,UNC Greensboro Spartans,UNC Greensboro,Spartans,UNCG,Southern Conference,24,exact
2011-12,30435,UNCW,CAA,350,UNC Wilmington Seahawks,UNC Wilmington,Seahawks,UNCW,Coastal Athletic Association,10,exact
2011-12,30458,UNI,MVC,2460,Northern Iowa Panthers,Northern Iowa,Panthers,UNI,Missouri Valley Conference,18,exact
2011-12,30438,UNLV,Mountain West,2439,UNLV Rebels,UNLV,Rebels,UNLV,Mountain West Conference,44,exact
2011-12,30597,USC Upstate,ASUN,2908,South Carolina Upstate Spartans,South Carolina Upstate,Spartans,UPST,Big South Conference,6,dict
2011-12,30543,UT Arlington,Southland,250,UT Arlington Mavericks,UT Arlington,Mavericks,UTA,United Athletic Conference,30,exact
2011-12,30538,UT Martin,OVC,2630,UT Martin Skyhawks,UT Martin,Skyhawks,UTM,Ohio Valley Conference,20,exact
2011-12,30545,UTEP,C-USA,2638,UTEP Miners,UTEP,Miners,UTEP,Conference USA,11,exact
2011-12,30472,UTRGV,GWC,292,UT Rio Grande Valley Vaqueros,UT Rio Grande Valley,Vaqueros,RGV,Southland Conference,25,dict
2011-12,30546,UTSA,Southland,2636,UTSA Roadrunners,UTSA,Roadrunners,UTSA,American Conference,62,exact
2011-12,30556,Utah,Pac-12,254,Utah Utes,Utah,Utes,UTAH,Big 12 Conference,8,exact
2011-12,30555,Utah St.,WAC,328,Utah State Aggies,Utah State,Aggies,USU,Mountain West Conference,44,exact
2011-12,30603,Utah Valley,GWC,3084,Utah Valley Wolverines,Utah Valley,Wolverines,UVU,United Athletic Conference,30,exact
2011-12,30561,VCU,CAA,2670,VCU Rams,VCU,Rams,VCU,Atlantic 10 Conference,3,exact
2011-12,30557,Valparaiso,Horizon,2674,Valparaiso Beacons,Valparaiso,Beacons,VAL,Missouri Valley Conference,18,exact
2011-12,30558,Vanderbilt,SEC,238,Vanderbilt Commodores,Vanderbilt,Commodores,VAN,Southeastern Conference,23,exact
2011-12,30559,Vermont,America East,261,Vermont Catamounts,Vermont,Catamounts,UVM,America East Conference,1,exact
2011-12,30560,Villanova,Big East,222,Villanova Wildcats,Villanova,Wildcats,VILL,Big East Conference,4,exact
2011-12,30563,Virginia,ACC,258,Virginia Cavaliers,Virginia,Cavaliers,UVA,Atlantic Coast Conference,2,exact
2011-12,30562,Virginia Tech,ACC,259,Virginia Tech Hokies,Virginia Tech,Hokies,VT,Atlantic Coast Conference,2,exact
2011-12,30564,Wagner,NEC,2681,Wagner Seahawks,Wagner,Seahawks,WAG,Northeast Conference,19,exact
2011-12,30565,Wake Forest,ACC,154,Wake Forest Demon Deacons,Wake Forest,Demon Deacons,WAKE,Atlantic Coast Conference,2,exact
2011-12,30567,Washington,Pac-12,264,Washington Huskies,Washington,Huskies,WASH,Big Ten Conference,7,exact
2011-12,30566,Washington St.,Pac-12,265,Washington State Cougars,Washington State,Cougars,WSU,West Coast Conference,29,exact
2011-12,30568,Weber St.,Big Sky,2692,Weber State Wildcats,Weber State,Wildcats,WEB,Big Sky Conference,5,exact
2011-12,30569,West Virginia,Big East,277,West Virginia Mountaineers,West Virginia,Mountaineers,WVU,Big 12 Conference,8,exact
2011-12,30570,Western Caro.,SoCon,2717,Western Carolina Catamounts,Western Carolina,Catamounts,WCU,Southern Conference,24,exact
2011-12,30571,Western Ill.,Summit League,2710,Western Illinois Leathernecks,Western Illinois,Leathernecks,WIU,Ohio Valley Conference,20,exact
2011-12,30572,Western Ky.,Sun Belt,98,Western Kentucky Hilltoppers,Western Kentucky,Hilltoppers,WKU,Conference USA,11,exact
2011-12,30573,Western Mich.,MAC,2711,Western Michigan Broncos,Western Michigan,Broncos,WMU,Mid-American Conference,14,exact
2011-12,30574,Wichita St.,MVC,2724,Wichita State Shockers,Wichita State,Shockers,WICH,American Conference,62,exact
2011-12,30575,William & Mary,CAA,2729,William & Mary Tribe,William & Mary,Tribe,W&M,Coastal Athletic Association,10,exact
2011-12,30576,Winthrop,Big South,2737,Winthrop Eagles,Winthrop,Eagles,WIN,Big South Conference,6,exact
2011-12,30578,Wisconsin,Big Ten,275,Wisconsin Badgers,Wisconsin,Badgers,WIS,Big Ten Conference,7,exact
2011-12,30596,Wofford,SoCon,2747,Wofford Terriers,Wofford,Terriers,WOF,Southern Conference,24,exact
2011-12,30580,Wright St.,Horizon,2750,Wright State Raiders,Wright State,Raiders,WRST,Horizon League,45,exact
2011-12,30581,Wyoming,Mountain West,2751,Wyoming Cowboys,Wyoming,Cowboys,WYO,Mountain West Conference,44,exact
2011-12,30582,Xavier,Atlantic 10,2752,Xavier Musketeers,Xavier,Musketeers,XAV,Big East Conference,4,exact
2011-12,30583,Yale,Ivy League,43,Yale Bulldogs,Yale,Bulldogs,YALE,Ivy League,12,exact
2011-12,30584,Youngstown St.,Horizon,2754,Youngstown State Penguins,Youngstown State,Penguins,YSU,Horizon League,45,exact
2012-13,77617,A&M-Corpus Christi,Southland,357,Texas A&M-Corpus Christi Islanders,Texas A&M-Corpus Christi,Islanders,AMCC,Southland Conference,25,dict
2012-13,77569,Air Force,Mountain West,2005,Air Force Falcons,Air Force,Falcons,AF,Mountain West Conference,44,exact
2012-13,77276,Akron,MAC,2006,Akron Zips,Akron,Zips,AKR,Mid-American Conference,14,exact
2012-13,77279,Alabama,SEC,333,Alabama Crimson Tide,Alabama,Crimson Tide,ALA,Southeastern Conference,23,exact
2012-13,77277,Alabama A&M,SWAC,2010,Alabama A&M Bulldogs,Alabama A&M,Bulldogs,AAMU,Southwestern Athletic Conference,26,exact
2012-13,77278,Alabama St.,SWAC,2011,Alabama State Hornets,Alabama State,Hornets,ALST,Southwestern Athletic Conference,26,exact
2012-13,77281,Albany (NY),America East,399,UAlbany Great Danes,UAlbany,Great Danes,UALB,America East Conference,1,alias
2012-13,77282,Alcorn,SWAC,2016,Alcorn State Braves,Alcorn State,Braves,ALCN,Southwestern Athletic Conference,26,dict
2012-13,77283,American,Patriot,44,American University Eagles,American University,Eagles,AMER,Patriot League,22,exact
2012-13,77284,App State,SoCon,2026,App State Mountaineers,App State,Mountaineers,APP,Sun Belt Conference,27,exact
2012-13,77286,Arizona,Pac-12,12,Arizona Wildcats,Arizona,Wildcats,ARIZ,Big 12 Conference,8,exact
2012-13,77285,Arizona St.,Pac-12,9,Arizona State Sun Devils,Arizona State,Sun Devils,ASU,Big 12 Conference,8,exact
2012-13,77609,Ark.-Pine Bluff,SWAC,2029,Arkansas-Pine Bluff Golden Lions,Arkansas-Pine Bluff,Golden Lions,UAPB,Southwestern Athletic Conference,26,dict
2012-13,77288,Arkansas,SEC,8,Arkansas Razorbacks,Arkansas,Razorbacks,ARK,Southeastern Conference,23,exact
2012-13,77287,Arkansas St.,Sun Belt,2032,Arkansas State Red Wolves,Arkansas State,Red Wolves,ARST,Sun Belt Conference,27,exact
2012-13,77570,Army West Point,Patriot,349,Army Black Knights,Army,Black Knights,ARMY,Patriot League,22,dict
2012-13,77290,Auburn,SEC,2,Auburn Tigers,Auburn,Tigers,AUB,Southeastern Conference,23,exact
2012-13,77291,Austin Peay,OVC,2046,Austin Peay Governors,Austin Peay,Governors,APSU,Atlantic Sun Conference,46,exact
2012-13,77302,BYU,WCC,252,BYU Cougars,BYU,Cougars,BYU,Big 12 Conference,8,exact
2012-13,77292,Ball St.,MAC,2050,Ball State Cardinals,Ball State,Cardinals,BALL,Mid-American Conference,14,exact
2012-13,77294,Baylor,Big 12,239,Baylor Bears,Baylor,Bears,BAY,Big 12 Conference,8,exact
2012-13,77615,Belmont,OVC,2057,Belmont Bruins,Belmont,Bruins,BEL,Missouri Valley Conference,18,exact
2012-13,77295,Bethune-Cookman,MEAC,2065,Bethune-Cookman Wildcats,Bethune-Cookman,Wildcats,BCU,Southwestern Athletic Conference,26,exact
2012-13,77296,Binghamton,America East,2066,Binghamton Bearcats,Binghamton,Bearcats,BING,America East Conference,1,exact
2012-13,77297,Boise St.,Mountain West,68,Boise State Broncos,Boise State,Broncos,BOIS,Mountain West Conference,44,exact
2012-13,77298,Boston College,ACC,103,Boston College Eagles,Boston College,Eagles,BC,Atlantic Coast Conference,2,exact
2012-13,77299,Boston U.,America East,104,Boston University Terriers,Boston University,Terriers,BU,Patriot League,22,exact
2012-13,77300,Bowling Green,MAC,189,Bowling Green Falcons,Bowling Green,Falcons,BGSU,Mid-American Conference,14,exact
2012-13,77301,Bradley,MVC,71,Bradley Braves,Bradley,Braves,BRAD,Missouri Valley Conference,18,exact
2012-13,77303,Brown,Ivy League,225,Brown Bears,Brown,Bears,BRWN,Ivy League,12,exact
2012-13,77304,Bryant,NEC,2803,Bryant Bulldogs,Bryant,Bulldogs,BRY,America East Conference,1,exact
2012-13,77305,Bucknell,Patriot,2083,Bucknell Bison,Bucknell,Bison,BUCK,Patriot League,22,exact
2012-13,77306,Buffalo,MAC,2084,Buffalo Bulls,Buffalo,Bulls,BUF,Mid-American Conference,14,exact
2012-13,77307,Butler,Atlantic 10,2086,Butler Bulldogs,Butler,Bulldogs,BTLR,Big East Conference,4,exact
2012-13,77309,CSU Bakersfield,-,2934,Cal State Bakersfield Roadrunners,Cal State Bakersfield,Roadrunners,CSUB,Big West Conference,9,alias
2012-13,77313,CSUN,Big West,2463,Cal State Northridge Matadors,Cal State Northridge,Matadors,CSUN,Big West Conference,9,exact
2012-13,77308,Cal Poly,Big West,13,Cal Poly Mustangs,Cal Poly,Mustangs,CP,Big West Conference,9,exact
2012-13,77311,Cal St. Fullerton,Big West,2239,Cal State Fullerton Titans,Cal State Fullerton,Titans,CSUF,Big West Conference,9,exact
2012-13,77316,California,Pac-12,25,California Golden Bears,California,Golden Bears,CAL,Atlantic Coast Conference,2,exact
2012-13,77321,Campbell,Big South,2097,Campbell Fighting Camels,Campbell,Fighting Camels,CAM,Coastal Athletic Association,10,exact
2012-13,77322,Canisius,MAAC,2099,Canisius Golden Griffins,Canisius,Golden Griffins,CAN,Metro Conference,13,exact
2012-13,77602,Central Ark.,Southland,2110,Central Arkansas Bears,Central Arkansas,Bears,CARK,Atlantic Sun Conference,46,exact
2012-13,77323,Central Conn. St.,NEC,2115,Central Connecticut Blue Devils,Central Connecticut,Blue Devils,CCSU,Northeast Conference,19,dict
2012-13,77325,Central Mich.,MAC,2117,Central Michigan Chippewas,Central Michigan,Chippewas,CMU,Mid-American Conference,14,exact
2012-13,77293,Charleston So.,Big South,2127,Charleston Southern Buccaneers,Charleston Southern,Buccaneers,CHSO,Big South Conference,6,exact
2012-13,77448,Charlotte,Atlantic 10,2429,Charlotte 49ers,Charlotte,49ers,CLT,American Conference,62,exact
2012-13,77553,Chattanooga,SoCon,236,Chattanooga Mocs,Chattanooga,Mocs,UTC,Southern Conference,24,exact
2012-13,77326,Chicago St.,GWC,2130,Chicago State Cougars,Chicago State,Cougars,CHST,Northeast Conference,19,exact
2012-13,77327,Cincinnati,Big East,2132,Cincinnati Bearcats,Cincinnati,Bearcats,CIN,Big 12 Conference,8,exact
2012-13,77328,Clemson,ACC,228,Clemson Tigers,Clemson,Tigers,CLEM,Atlantic Coast Conference,2,exact
2012-13,77329,Cleveland St.,Horizon,325,Cleveland State Vikings,Cleveland State,Vikings,CLE,Horizon League,45,exact
2012-13,77330,Coastal Carolina,Big South,324,Coastal Carolina Chanticleers,Coastal Carolina,Chanticleers,CCU,Sun Belt Conference,27,exact
2012-13,77603,Col. of Charleston,SoCon,232,Charleston Cougars,Charleston,Cougars,COFC,Coastal Athletic Association,10,dict
2012-13,77331,Colgate,Patriot,2142,Colgate Raiders,Colgate,Raiders,COLG,Patriot League,22,exact
2012-13,77333,Colorado,Pac-12,38,Colorado Buffaloes,Colorado,Buffaloes,COLO,Big 12 Conference,8,exact
2012-13,77332,Colorado St.,Mountain West,36,Colorado State Rams,Colorado State,Rams,CSU,Mountain West Conference,44,exact
2012-13,77334,Columbia,Ivy League,171,Columbia Lions,Columbia,Lions,COLU,Ivy League,12,exact
2012-13,77336,Coppin St.,MEAC,2154,Coppin State Eagles,Coppin State,Eagles,COPP,Mid-Eastern Athletic Conference,16,exact
2012-13,77337,Cornell,Ivy League,172,Cornell Big Red,Cornell,Big Red,COR,Ivy League,12,exact
2012-13,77338,Creighton,MVC,156,Creighton Bluejays,Creighton,Bluejays,CREI,Big East Conference,4,exact
2012-13,77339,Dartmouth,Ivy League,159,Dartmouth Big Green,Dartmouth,Big Green,DART,Ivy League,12,exact
2012-13,77340,Davidson,SoCon,2166,Davidson Wildcats,Davidson,Wildcats,DAV,Atlantic 10 Conference,3,exact
2012-13,77341,Dayton,Atlantic 10,2168,Dayton Flyers,Dayton,Flyers,DAY,Atlantic 10 Conference,3,exact
2012-13,77342,DePaul,Big East,305,DePaul Blue Demons,DePaul,Blue Demons,DEP,Big East Conference,4,exact
2012-13,77344,Delaware,CAA,48,Delaware Blue Hens,Delaware,Blue Hens,DEL,Coastal Athletic Association,10,exact
2012-13,77343,Delaware St.,MEAC,2169,Delaware State Hornets,Delaware State,Hornets,DSU,Mid-Eastern Athletic Conference,16,exact
2012-13,77345,Denver,WAC,2172,Denver Pioneers,Denver,Pioneers,DEN,Summit League,47,exact
2012-13,77346,Detroit Mercy,Horizon,2174,Detroit Mercy Titans,Detroit Mercy,Titans,DETM,Horizon League,45,exact
2012-13,77347,Drake,MVC,2181,Drake Bulldogs,Drake,Bulldogs,DRKE,Missouri Valley Conference,18,exact
2012-13,77348,Drexel,CAA,2182,Drexel Dragons,Drexel,Dragons,DREX,Coastal Athletic Association,10,exact
2012-13,77349,Duke,ACC,150,Duke Blue Devils,Duke,Blue Devils,DUKE,Atlantic Coast Conference,2,exact
2012-13,77350,Duquesne,Atlantic 10,2184,Duquesne Dukes,Duquesne,Dukes,DUQ,Atlantic 10 Conference,3,exact
2012-13,77352,ETSU,ASUN,2193,East Tennessee State Buccaneers,East Tennessee State,Buccaneers,ETSU,Southern Conference,24,exact
2012-13,77351,East Carolina,C-USA,151,East Carolina Pirates,East Carolina,Pirates,ECU,American Conference,62,exact
2012-13,77353,Eastern Ill.,OVC,2197,Eastern Illinois Panthers,Eastern Illinois,Panthers,EIU,Ohio Valley Conference,20,exact
2012-13,77354,Eastern Ky.,OVC,2198,Eastern Kentucky Colonels,Eastern Kentucky,Colonels,EKU,Atlantic Sun Conference,46,exact
2012-13,77355,Eastern Mich.,MAC,2199,Eastern Michigan Eagles,Eastern Michigan,Eagles,EMU,Mid-American Conference,14,exact
2012-13,77356,Eastern Wash.,Big Sky,331,Eastern Washington Eagles,Eastern Washington,Eagles,EWU,Big Sky Conference,5,exact
2012-13,77604,Elon,SoCon,2210,Elon Phoenix,Elon,Phoenix,ELON,Coastal Athletic Association,10,exact
2012-13,77357,Evansville,MVC,339,Evansville Purple Aces,Evansville,Purple Aces,EVAN,Missouri Valley Conference,18,exact
2012-13,77619,FGCU,ASUN,526,Florida Gulf Coast Eagles,Florida Gulf Coast,Eagles,FGCU,Atlantic Sun Conference,46,exact
2012-13,77362,FIU,Sun Belt,2229,Florida International Panthers,Florida International,Panthers,FIU,Conference USA,11,exact
2012-13,77358,Fairfield,MAAC,2217,Fairfield Stags,Fairfield,Stags,FAIR,Metro Conference,13,exact
2012-13,77359,Fairleigh Dickinson,NEC,161,Fairleigh Dickinson Knights,Fairleigh Dickinson,Knights,FDU,Northeast Conference,19,exact
2012-13,77361,Fla. Atlantic,Sun Belt,2226,Florida Atlantic Owls,Florida Atlantic,Owls,FAU,American Conference,62,exact
2012-13,77364,Florida,SEC,57,Florida Gators,Florida,Gators,FLA,Southeastern Conference,23,exact
2012-13,77360,Florida A&M,MEAC,50,Florida A&M Rattlers,Florida A&M,Rattlers,FAMU,Southwestern Athletic Conference,26,exact
2012-13,77363,Florida St.,ACC,52,Florida State Seminoles,Florida State,Seminoles,FSU,Atlantic Coast Conference,2,exact
2012-13,77365,Fordham,Atlantic 10,2230,Fordham Rams,Fordham,Rams,FOR,Atlantic 10 Conference,3,exact
2012-13,77310,Fresno St.,Mountain West,278,Fresno State Bulldogs,Fresno State,Bulldogs,FRES,Mountain West Conference,44,exact
2012-13,77366,Furman,SoCon,231,Furman Paladins,Furman,Paladins,FUR,Southern Conference,24,exact
2012-13,77370,Ga. Southern,SoCon,290,Georgia Southern Eagles,Georgia Southern,Eagles,GASO,Sun Belt Conference,27,exact
2012-13,77605,Gardner-Webb,Big South,2241,Gardner-Webb Runnin' Bulldogs,Gardner-Webb,Runnin' Bulldogs,GWEB,Big South Conference,6,exact
2012-13,77367,George Mason,CAA,2244,George Mason Patriots,George Mason,Patriots,GMU,Atlantic 10 Conference,3,exact
2012-13,77368,George Washington,Atlantic 10,45,George Washington Revolutionaries,George Washington,Revolutionaries,GW,Atlantic 10 Conference,3,exact
2012-13,77369,Georgetown,Big East,46,Georgetown Hoyas,Georgetown,Hoyas,GTWN,Big East Conference,4,exact
2012-13,77373,Georgia,SEC,61,Georgia Bulldogs,Georgia,Bulldogs,UGA,Southeastern Conference,23,exact
2012-13,77371,Georgia St.,CAA,2247,Georgia State Panthers,Georgia State,Panthers,GAST,Sun Belt Conference,27,exact
2012-13,77372,Georgia Tech,ACC,59,Georgia Tech Yellow Jackets,Georgia Tech,Yellow Jackets,GT,Atlantic Coast Conference,2,exact
2012-13,77374,Gonzaga,WCC,2250,Gonzaga Bulldogs,Gonzaga,Bulldogs,GONZ,West Coast Conference,29,exact
2012-13,77375,Grambling,SWAC,2755,Grambling Tigers,Grambling,Tigers,GRAM,Southwestern Athletic Conference,26,exact
2012-13,77594,Green Bay,Horizon,2739,Green Bay Phoenix,Green Bay,Phoenix,GB,Horizon League,45,exact
2012-13,77376,Hampton,MEAC,2261,Hampton Pirates,Hampton,Pirates,HAMP,Coastal Athletic Association,10,exact
2012-13,77377,Hartford,America East,42,Hartford Hawks,Hartford,Hawks,HART,,,exact
2012-13,77378,Harvard,Ivy League,108,Harvard Crimson,Harvard,Crimson,HARV,Ivy League,12,exact
2012-13,77379,Hawaii,Big West,62,Hawai'i Rainbow Warriors,Hawai'i,Rainbow Warriors,HAW,Big West Conference,9,dict
2012-13,77616,High Point,Big South,2272,High Point Panthers,High Point,Panthers,HPU,Big South Conference,6,exact
2012-13,77380,Hofstra,CAA,2275,Hofstra Pride,Hofstra,Pride,HOF,Coastal Athletic Association,10,exact
2012-13,77381,Holy Cross,Patriot,107,Holy Cross Crusaders,Holy Cross,Crusaders,HC,Patriot League,22,exact
2012-13,77383,Houston,C-USA,248,Houston Cougars,Houston,Cougars,HOU,Big 12 Conference,8,exact
2012-13,77382,Houston Baptist,GWC,2277,Houston Christian Huskies,Houston Christian,Huskies,HCU,Southland Conference,25,alias
2012-13,77384,Howard,MEAC,47,Howard Bison,Howard,Bison,HOW,Mid-Eastern Athletic Conference,16,exact
2012-13,77610,IUPUI,Summit League,85,IU Indianapolis Jaguars,IU Indianapolis,Jaguars,IUIN,Horizon League,45,alias
2012-13,77386,Idaho,WAC,70,Idaho Vandals,Idaho,Vandals,IDHO,Big Sky Conference,5,exact
2012-13,77385,Idaho St.,Big Sky,304,Idaho State Bengals,Idaho State,Bengals,IDST,Big Sky Conference,5,exact
2012-13,77388,Illinois,Big Ten,356,Illinois Fighting Illini,Illinois,Fighting Illini,ILL,Big Ten Conference,7,exact
2012-13,77387,Illinois St.,MVC,2287,Illinois State Redbirds,Illinois State,Redbirds,ILST,Missouri Valley Conference,18,exact
2012-13,77391,Indiana,Big Ten,84,Indiana Hoosiers,Indiana,Hoosiers,IU,Big Ten Conference,7,exact
2012-13,77390,Indiana St.,MVC,282,Indiana State Sycamores,Indiana State,Sycamores,INST,Missouri Valley Conference,18,exact
2012-13,77393,Iona,MAAC,314,Iona Gaels,Iona,Gaels,IONA,Metro Conference,13,exact
2012-13,77395,Iowa,Big Ten,2294,Iowa Hawkeyes,Iowa,Hawkeyes,IOWA,Big Ten Conference,7,exact
2012-13,77394,Iowa St.,Big 12,66,Iowa State Cyclones,Iowa State,Cyclones,ISU,Big 12 Conference,8,exact
2012-13,77396,Jackson St.,SWAC,2296,Jackson State Tigers,Jackson State,Tigers,JKST,Southwestern Athletic Conference,26,exact
2012-13,77398,Jacksonville,ASUN,294,Jacksonville Dolphins,Jacksonville,Dolphins,JAX,Atlantic Sun Conference,46,exact
2012-13,77397,Jacksonville St.,OVC,55,Jacksonville State Gamecocks,Jacksonville State,Gamecocks,JXST,Conference USA,11,exact
2012-13,77399,James Madison,CAA,256,James Madison Dukes,James Madison,Dukes,JMU,Sun Belt Conference,27,exact
2012-13,77401,Kansas,Big 12,2305,Kansas Jayhawks,Kansas,Jayhawks,KU,Big 12 Conference,8,exact
2012-13,77611,Kansas City,Summit League,140,Kansas City Roos,Kansas City,Roos,KC,Summit League,47,exact
2012-13,77400,Kansas St.,Big 12,2306,Kansas State Wildcats,Kansas State,Wildcats,KSU,Big 12 Conference,8,exact
2012-13,77606,Kennesaw St.,ASUN,338,Kennesaw State Owls,Kennesaw State,Owls,KENN,Conference USA,11,exact
2012-13,77402,Kent St.,MAC,2309,Kent State Golden Flashes,Kent State,Golden Flashes,KENT,Mid-American Conference,14,exact
2012-13,77403,Kentucky,SEC,96,Kentucky Wildcats,Kentucky,Wildcats,UK,Southeastern Conference,23,exact
2012-13,77409,LIU,NEC,112358,Long Island University Sharks,Long Island University,Sharks,LIU,Northeast Conference,19,exact
2012-13,77415,LMU (CA),WCC,2351,Loyola Marymount Lions,Loyola Marymount,Lions,LMU,West Coast Conference,29,dict
2012-13,77411,LSU,SEC,99,LSU Tigers,LSU,Tigers,LSU,Southeastern Conference,23,exact
2012-13,77404,La Salle,Atlantic 10,2325,La Salle Explorers,La Salle,Explorers,LAS,Atlantic 10 Conference,3,exact
2012-13,77405,Lafayette,Patriot,322,Lafayette Leopards,Lafayette,Leopards,LAF,Patriot League,22,exact
2012-13,77406,Lamar University,Southland,2320,Lamar Cardinals,Lamar,Cardinals,LAM,Southland Conference,25,dict
2012-13,77407,Lehigh,Patriot,2329,Lehigh Mountain Hawks,Lehigh,Mountain Hawks,LEH,Patriot League,22,exact
2012-13,77408,Liberty,Big South,2335,Liberty Flames,Liberty,Flames,LIB,Conference USA,11,exact
2012-13,77618,Lipscomb,ASUN,288,Lipscomb Bisons,Lipscomb,Bisons,LIP,Atlantic Sun Conference,46,exact
2012-13,77289,Little Rock,Sun Belt,2031,Little Rock Trojans,Little Rock,Trojans,LR,Ohio Valley Conference,20,exact
2012-13,77312,Long Beach St.,Big West,299,Long Beach State Beach,Long Beach State,Beach,LBSU,Big West Conference,9,exact
2012-13,77410,Longwood,Big South,2344,Longwood Lancers,Longwood,Lancers,LONG,Big South Conference,6,exact
2012-13,77544,Louisiana,Sun Belt,309,Louisiana Ragin' Cajuns,Louisiana,Ragin' Cajuns,UL,Sun Belt Conference,27,exact
2012-13,77412,Louisiana Tech,WAC,2348,Louisiana Tech Bulldogs,Louisiana Tech,Bulldogs,LT,Conference USA,11,exact
2012-13,77413,Louisville,Big East,97,Louisville Cardinals,Louisville,Cardinals,LOU,Atlantic Coast Conference,2,exact
2012-13,77416,Loyola Chicago,Horizon,2350,Loyola Chicago Ramblers,Loyola Chicago,Ramblers,LUC,Atlantic 10 Conference,3,exact
2012-13,77414,Loyola Maryland,MAAC,2352,Loyola Maryland Greyhounds,Loyola Maryland,Greyhounds,L-MD,Patriot League,22,exact
2012-13,77417,Maine,America East,311,Maine Black Bears,Maine,Black Bears,ME,America East Conference,1,exact
2012-13,77418,Manhattan,MAAC,2363,Manhattan Jaspers,Manhattan,Jaspers,MAN,Metro Conference,13,exact
2012-13,77419,Marist,MAAC,2368,Marist Red Foxes,Marist,Red Foxes,MRST,Metro Conference,13,exact
2012-13,77420,Marquette,Big East,269,Marquette Golden Eagles,Marquette,Golden Eagles,MARQ,Big East Conference,4,exact
2012-13,77421,Marshall,C-USA,276,Marshall Thundering Herd,Marshall,Thundering Herd,MRSH,Sun Belt Conference,27,exact
2012-13,77423,Maryland,ACC,120,Maryland Terrapins,Maryland,Terrapins,MD,Big Ten Conference,7,exact
2012-13,77425,Massachusetts,Atlantic 10,113,Massachusetts Minutemen,Massachusetts,Minutemen,MASS,Atlantic 10 Conference,3,exact
2012-13,77426,McNeese,Southland,2377,McNeese Cowboys,McNeese,Cowboys,MCN,Southland Conference,25,exact
2012-13,77427,Memphis,C-USA,235,Memphis Tigers,Memphis,Tigers,MEM,American Conference,62,exact
2012-13,77428,Mercer,ASUN,2382,Mercer Bears,Mercer,Bears,MER,Southern Conference,24,exact
2012-13,77430,Miami (FL),ACC,2390,Miami Hurricanes,Miami,Hurricanes,MIA,Atlantic Coast Conference,2,dict
2012-13,77429,Miami (OH),MAC,193,Miami (OH) RedHawks,Miami (OH),RedHawks,M-OH,Mid-American Conference,14,exact
2012-13,77432,Michigan,Big Ten,130,Michigan Wolverines,Michigan,Wolverines,MICH,Big Ten Conference,7,exact
2012-13,77431,Michigan St.,Big Ten,127,Michigan State Spartans,Michigan State,Spartans,MSU,Big Ten Conference,7,exact
2012-13,77433,Middle Tenn.,Sun Belt,2393,Middle Tennessee Blue Raiders,Middle Tennessee,Blue Raiders,MTSU,Conference USA,11,exact
2012-13,77596,Milwaukee,Horizon,270,Milwaukee Panthers,Milwaukee,Panthers,MILW,Horizon League,45,exact
2012-13,77434,Minnesota,Big Ten,135,Minnesota Golden Gophers,Minnesota,Golden Gophers,MINN,Big Ten Conference,7,exact
2012-13,77435,Mississippi St.,SEC,344,Mississippi State Bulldogs,Mississippi State,Bulldogs,MSST,Southeastern Conference,23,exact
2012-13,77436,Mississippi Val.,SWAC,2400,Mississippi Valley State Delta Devils,Mississippi Valley State,Delta Devils,MVSU,Southwestern Athletic Conference,26,dict
2012-13,77438,Missouri,SEC,142,Missouri Tigers,Missouri,Tigers,MIZ,Southeastern Conference,23,exact
2012-13,77542,Missouri St.,MVC,2623,Missouri State Bears,Missouri State,Bears,MOST,Missouri Valley Conference,18,exact
2012-13,77439,Monmouth,NEC,2405,Monmouth Hawks,Monmouth,Hawks,MONM,Coastal Athletic Association,10,exact
2012-13,77441,Montana,Big Sky,149,Montana Grizzlies,Montana,Grizzlies,MONT,Big Sky Conference,5,exact
2012-13,77440,Montana St.,Big Sky,147,Montana State Bobcats,Montana State,Bobcats,MTST,Big Sky Conference,5,exact
2012-13,77442,Morehead St.,OVC,2413,Morehead State Eagles,Morehead State,Eagles,MORE,Ohio Valley Conference,20,exact
2012-13,77443,Morgan St.,MEAC,2415,Morgan State Bears,Morgan State,Bears,MORG,Mid-Eastern Athletic Conference,16,exact
2012-13,77444,Mount St. Mary's,NEC,116,Mount St. Mary's Mountaineers,Mount St. Mary's,Mountaineers,MSM,Metro Conference,13,exact
2012-13,77445,Murray St.,OVC,93,Murray State Racers,Murray State,Racers,MUR,Missouri Valley Conference,18,exact
2012-13,77463,N.C. A&T,MEAC,2448,North Carolina A&T Aggies,North Carolina A&T,Aggies,NCAT,Coastal Athletic Association,10,exact
2012-13,77464,N.C. Central,MEAC,2428,North Carolina Central Eagles,North Carolina Central,Eagles,NCCU,Mid-Eastern Athletic Conference,16,exact
2012-13,77465,NC State,ACC,152,NC State Wolfpack,NC State,Wolfpack,NCSU,Atlantic Coast Conference,2,exact
2012-13,77456,NJIT,GWC,2885,NJIT Highlanders,NJIT,Highlanders,NJIT,America East Conference,1,exact
2012-13,77571,Navy,Patriot,2426,Navy Midshipmen,Navy,Midshipmen,NAVY,Patriot League,22,exact
2012-13,77451,Nebraska,Big Ten,158,Nebraska Cornhuskers,Nebraska,Cornhuskers,NEB,Big Ten Conference,7,exact
2012-13,77454,Nevada,Mountain West,2440,Nevada Wolf Pack,Nevada,Wolf Pack,NEV,Mountain West Conference,44,exact
2012-13,77455,New Hampshire,America East,160,New Hampshire Wildcats,New Hampshire,Wildcats,UNH,America East Conference,1,exact
2012-13,77458,New Mexico,Mountain West,167,New Mexico Lobos,New Mexico,Lobos,UNM,Mountain West Conference,44,exact
2012-13,77457,New Mexico St.,WAC,166,New Mexico State Aggies,New Mexico State,Aggies,NMSU,Conference USA,11,exact
2012-13,77459,New Orleans,-,2443,LSU New Orleans Privateers,LSU New Orleans,Privateers,NOLA,Southland Conference,25,exact
2012-13,77460,Niagara,MAAC,315,Niagara Purple Eagles,Niagara,Purple Eagles,NIA,Metro Conference,13,exact
2012-13,77461,Nicholls,Southland,2447,Nicholls Colonels,Nicholls,Colonels,NICH,Southland Conference,25,exact
2012-13,77462,Norfolk St.,MEAC,2450,Norfolk State Spartans,Norfolk State,Spartans,NORF,Mid-Eastern Athletic Conference,16,exact
2012-13,77447,North Carolina,ACC,153,North Carolina Tar Heels,North Carolina,Tar Heels,UNC,Atlantic Coast Conference,2,exact
2012-13,77467,North Dakota,Big Sky,155,North Dakota Fighting Hawks,North Dakota,Fighting Hawks,UND,Summit League,47,exact
2012-13,77466,North Dakota St.,Summit League,2449,North Dakota State Bison,North Dakota State,Bison,NDSU,Summit League,47,exact
2012-13,77612,North Florida,ASUN,2454,North Florida Ospreys,North Florida,Ospreys,UNF,Atlantic Sun Conference,46,exact
2012-13,77468,North Texas,Sun Belt,249,North Texas Mean Green,North Texas,Mean Green,UNT,American Conference,62,exact
2012-13,77470,Northeastern,CAA,111,Northeastern Huskies,Northeastern,Huskies,NE,Coastal Athletic Association,10,exact
2012-13,77471,Northern Ariz.,Big Sky,2464,Northern Arizona Lumberjacks,Northern Arizona,Lumberjacks,NAU,Big Sky Conference,5,exact
2012-13,77472,Northern Colo.,Big Sky,2458,Northern Colorado Bears,Northern Colorado,Bears,UNCO,Big Sky Conference,5,exact
2012-13,77473,Northern Ill.,MAC,2459,Northern Illinois Huskies,Northern Illinois,Huskies,NIU,Mid-American Conference,14,exact
2012-13,77475,Northern Ky.,ASUN,94,Northern Kentucky Norse,Northern Kentucky,Norse,NKU,Horizon League,45,exact
2012-13,77477,Northwestern,Big Ten,77,Northwestern Wildcats,Northwestern,Wildcats,NU,Big Ten Conference,7,exact
2012-13,77476,Northwestern St.,Southland,2466,Northwestern State Demons,Northwestern State,Demons,NWST,Southland Conference,25,exact
2012-13,77478,Notre Dame,Big East,87,Notre Dame Fighting Irish,Notre Dame,Fighting Irish,ND,Atlantic Coast Conference,2,exact
2012-13,77479,Oakland,Summit League,2473,Oakland Golden Grizzlies,Oakland,Golden Grizzlies,OAK,Horizon League,45,exact
2012-13,77481,Ohio,MAC,195,Ohio Bobcats,Ohio,Bobcats,OHIO,Mid-American Conference,14,exact
2012-13,77480,Ohio St.,Big Ten,194,Ohio State Buckeyes,Ohio State,Buckeyes,OSU,Big Ten Conference,7,exact
2012-13,77483,Oklahoma,Big 12,201,Oklahoma Sooners,Oklahoma,Sooners,OU,Southeastern Conference,23,exact
2012-13,77482,Oklahoma St.,Big 12,197,Oklahoma State Cowboys,Oklahoma State,Cowboys,OKST,Big 12 Conference,8,exact
2012-13,77484,Old Dominion,CAA,295,Old Dominion Monarchs,Old Dominion,Monarchs,ODU,Sun Belt Conference,27,exact
2012-13,77437,Ole Miss,SEC,145,Ole Miss Rebels,Ole Miss,Rebels,MISS,Southeastern Conference,23,exact
2012-13,77452,Omaha,Summit League,2437,Omaha Mavericks,Omaha,Mavericks,OMA,Summit League,47,exact
2012-13,77485,Oral Roberts,Southland,198,Oral Roberts Golden Eagles,Oral Roberts,Golden Eagles,ORU,Summit League,47,exact
2012-13,77487,Oregon,Pac-12,2483,Oregon Ducks,Oregon,Ducks,ORE,Big Ten Conference,7,exact
2012-13,77486,Oregon St.,Pac-12,204,Oregon State Beavers,Oregon State,Beavers,ORST,West Coast Conference,29,exact
2012-13,77488,Pacific,Big West,279,Pacific Tigers,Pacific,Tigers,PAC,West Coast Conference,29,exact
2012-13,77491,Penn,Ivy League,219,Pennsylvania Quakers,Pennsylvania,Quakers,PENN,Ivy League,12,exact
2012-13,77490,Penn St.,Big Ten,213,Penn State Nittany Lions,Penn State,Nittany Lions,PSU,Big Ten Conference,7,exact
2012-13,77492,Pepperdine,WCC,2492,Pepperdine Waves,Pepperdine,Waves,PEPP,West Coast Conference,29,exact
2012-13,77493,Pittsburgh,Big East,221,Pittsburgh Panthers,Pittsburgh,Panthers,PITT,Atlantic Coast Conference,2,exact
2012-13,77495,Portland,WCC,2501,Portland Pilots,Portland,Pilots,PORT,West Coast Conference,29,exact
2012-13,77494,Portland St.,Big Sky,2502,Portland State Vikings,Portland State,Vikings,PRST,Big Sky Conference,5,exact
2012-13,77496,Prairie View,SWAC,2504,Prairie View A&M Panthers,Prairie View A&M,Panthers,PV,Southwestern Athletic Conference,26,exact
2012-13,77607,Presbyterian,Big South,2506,Presbyterian Blue Hose,Presbyterian,Blue Hose,PRES,Big South Conference,6,exact
2012-13,77497,Princeton,Ivy League,163,Princeton Tigers,Princeton,Tigers,PRIN,Ivy League,12,exact
2012-13,77498,Providence,Big East,2507,Providence Friars,Providence,Friars,PROV,Big East Conference,4,exact
2012-13,77499,Purdue,Big Ten,2509,Purdue Boilermakers,Purdue,Boilermakers,PUR,Big Ten Conference,7,exact
2012-13,77392,Purdue Fort Wayne,Summit League,2870,Purdue Fort Wayne Mastodons,Purdue Fort Wayne,Mastodons,PFW,Horizon League,45,exact
2012-13,77500,Quinnipiac,NEC,2514,Quinnipiac Bobcats,Quinnipiac,Bobcats,QUIN,Metro Conference,13,exact
2012-13,77501,Radford,Big South,2515,Radford Highlanders,Radford,Highlanders,RAD,Big South Conference,6,exact
2012-13,77502,Rhode Island,Atlantic 10,227,Rhode Island Rams,Rhode Island,Rams,URI,Atlantic 10 Conference,3,exact
2012-13,77503,Rice,C-USA,242,Rice Owls,Rice,Owls,RICE,American Conference,62,exact
2012-13,77504,Richmond,Atlantic 10,257,Richmond Spiders,Richmond,Spiders,RICH,Atlantic 10 Conference,3,exact
2012-13,77505,Rider,MAAC,2520,Rider Broncs,Rider,Broncs,RID,Metro Conference,13,exact
2012-13,77506,Robert Morris,NEC,2523,Robert Morris Colonials,Robert Morris,Colonials,RMU,Horizon League,45,exact
2012-13,77507,Rutgers,Big East,164,Rutgers Scarlet Knights,Rutgers,Scarlet Knights,RUTG,Big Ten Conference,7,exact
2012-13,77546,SFA,Southland,2617,Stephen F. Austin Lumberjacks,Stephen F. Austin,Lumberjacks,SFA,Southland Conference,25,exact
2012-13,77537,SIUE,OVC,2565,SIU Edwardsville Cougars,SIU Edwardsville,Cougars,SIUE,Ohio Valley Conference,20,exact
2012-13,77538,SMU,C-USA,2567,SMU Mustangs,SMU,Mustangs,SMU,Atlantic Coast Conference,2,exact
2012-13,77314,Sacramento St.,Big Sky,16,Sacramento State Hornets,Sacramento State,Hornets,SAC,Big Sky Conference,5,exact
2012-13,77508,Sacred Heart,NEC,2529,Sacred Heart Pioneers,Sacred Heart,Pioneers,SHU,Metro Conference,13,exact
2012-13,77511,Saint Francis (PA),NEC,2598,St. Francis (PA) Red Flash,St. Francis (PA),Red Flash,SFPA,Northeast Conference,19,exact
2012-13,77513,Saint Joseph's,Atlantic 10,2603,Saint Joseph's Hawks,Saint Joseph's,Hawks,JOES,Atlantic 10 Conference,3,exact
2012-13,77514,Saint Louis,Atlantic 10,139,Saint Louis Billikens,Saint Louis,Billikens,SLU,Atlantic 10 Conference,3,exact
2012-13,77515,Saint Mary's (CA),WCC,2608,Saint Mary's Gaels,Saint Mary's,Gaels,SMC,West Coast Conference,29,dict
2012-13,77516,Saint Peter's,MAAC,2612,Saint Peter's Peacocks,Saint Peter's,Peacocks,SPU,Metro Conference,13,exact
2012-13,77517,Sam Houston,Southland,2534,Sam Houston Bearkats,Sam Houston,Bearkats,SHSU,Conference USA,11,exact
2012-13,77518,Samford,SoCon,2535,Samford Bulldogs,Samford,Bulldogs,SAM,Southern Conference,24,exact
2012-13,77520,San Diego,WCC,301,San Diego Toreros,San Diego,Toreros,USD,West Coast Conference,29,exact
2012-13,77519,San Diego St.,Mountain West,21,San Diego State Aztecs,San Diego State,Aztecs,SDSU,Mountain West Conference,44,exact
2012-13,77521,San Francisco,WCC,2539,San Francisco Dons,San Francisco,Dons,SF,West Coast Conference,29,exact
2012-13,77522,San Jose St.,WAC,23,San José State Spartans,San José State,Spartans,SJSU,Mountain West Conference,44,dict
2012-13,77523,Santa Clara,WCC,2541,Santa Clara Broncos,Santa Clara,Broncos,SCU,West Coast Conference,29,exact
2012-13,77524,Savannah St.,MEAC,2542,Savannah State Tigers,Savannah State,Tigers,SAV,,,alias
2012-13,77608,Seattle U,WAC,2547,Seattle U Redhawks,Seattle U,Redhawks,SEA,United Athletic Conference,30,exact
2012-13,77525,Seton Hall,Big East,2550,Seton Hall Pirates,Seton Hall,Pirates,HALL,Big East Conference,4,exact
2012-13,77526,Siena,MAAC,2561,Siena Saints,Siena,Saints,SIE,Metro Conference,13,exact
2012-13,77527,South Alabama,Sun Belt,6,South Alabama Jaguars,South Alabama,Jaguars,USA,Sun Belt Conference,27,exact
2012-13,77529,South Carolina,SEC,2579,South Carolina Gamecocks,South Carolina,Gamecocks,SC,Southeastern Conference,23,exact
2012-13,77528,South Carolina St.,MEAC,2569,South Carolina State Bulldogs,South Carolina State,Bulldogs,SCST,Mid-Eastern Athletic Conference,16,exact
2012-13,77531,South Dakota,Summit League,233,South Dakota Coyotes,South Dakota,Coyotes,SDAK,Summit League,47,exact
2012-13,77530,South Dakota St.,Summit League,2571,South Dakota State Jackrabbits,South Dakota State,Jackrabbits,SDST,Summit League,47,exact
2012-13,77532,South Fla.,Big East,58,South Florida Bulls,South Florida,Bulls,USF,American Conference,62,exact
2012-13,77533,Southeast Mo. St.,OVC,2546,Southeast Missouri State Redhawks,Southeast Missouri State,Redhawks,SEMO,Ohio Valley Conference,20,exact
2012-13,77534,Southeastern La.,Southland,2545,SE Louisiana Lions,SE Louisiana,Lions,SELA,Southland Conference,25,dict
2012-13,77535,Southern California,Pac-12,30,USC Trojans,USC,Trojans,USC,Big Ten Conference,7,dict
2012-13,77536,Southern Ill.,MVC,79,Southern Illinois Salukis,Southern Illinois,Salukis,SIU,Missouri Valley Conference,18,exact
2012-13,77539,Southern Miss.,C-USA,2572,Southern Miss Golden Eagles,Southern Miss,Golden Eagles,USM,Sun Belt Conference,27,dict
2012-13,77540,Southern U.,SWAC,2582,Southern Jaguars,Southern,Jaguars,SOU,Southwestern Athletic Conference,26,dict
2012-13,77541,Southern Utah,Big Sky,253,Southern Utah Thunderbirds,Southern Utah,Thunderbirds,SUU,United Athletic Conference,30,exact
2012-13,77509,St. Bonaventure,Atlantic 10,179,St. Bonaventure Bonnies,St. Bonaventure,Bonnies,SBU,Atlantic 10 Conference,3,exact
2012-13,77510,St. Francis Brooklyn,NEC,2597,St. Francis Brooklyn Terriers,St. Francis Brooklyn,Terriers,SFNY,,,exact
2012-13,77512,St. John's (NY),Big East,2599,St. John's Red Storm,St. John's,Red Storm,SJU,Big East Conference,4,dict
2012-13,77545,Stanford,Pac-12,24,Stanford Cardinal,Stanford,Cardinal,STAN,Atlantic Coast Conference,2,exact
2012-13,77547,Stetson,ASUN,56,Stetson Hatters,Stetson,Hatters,STET,Atlantic Sun Conference,46,exact
2012-13,77548,Stony Brook,America East,2619,Stony Brook Seawolves,Stony Brook,Seawolves,STBK,Coastal Athletic Association,10,exact
2012-13,77549,Syracuse,Big East,183,Syracuse Orange,Syracuse,Orange,SYR,Atlantic Coast Conference,2,exact
2012-13,77557,TCU,Big 12,2628,TCU Horned Frogs,TCU,Horned Frogs,TCU,Big 12 Conference,8,exact
2012-13,77550,Temple,Atlantic 10,218,Temple Owls,Temple,Owls,TEM,American Conference,62,exact
2012-13,77554,Tennessee,SEC,2633,Tennessee Volunteers,Tennessee,Volunteers,TENN,Southeastern Conference,23,exact
2012-13,77551,Tennessee St.,OVC,2634,Tennessee State Tigers,Tennessee State,Tigers,TNST,Ohio Valley Conference,20,exact
2012-13,77552,Tennessee Tech,OVC,2635,Tennessee Tech Golden Eagles,Tennessee Tech,Golden Eagles,TNTC,Ohio Valley Conference,20,exact
2012-13,77561,Texas,Big 12,251,Texas Longhorns,Texas,Longhorns,TEX,Southeastern Conference,23,exact
2012-13,77556,Texas A&M,SEC,245,Texas A&M Aggies,Texas A&M,Aggies,TA&M,Southeastern Conference,23,exact
2012-13,77558,Texas Southern,SWAC,2640,Texas Southern Tigers,Texas Southern,Tigers,TXSO,Southwestern Athletic Conference,26,exact
2012-13,77543,Texas St.,WAC,326,Texas State Bobcats,Texas State,Bobcats,TXST,Sun Belt Conference,27,exact
2012-13,77559,Texas Tech,Big 12,2641,Texas Tech Red Raiders,Texas Tech,Red Raiders,TTU,Big 12 Conference,8,exact
2012-13,77564,Toledo,MAC,2649,Toledo Rockets,Toledo,Rockets,TOL,Mid-American Conference,14,exact
2012-13,77565,Towson,CAA,119,Towson Tigers,Towson,Tigers,TOW,Coastal Athletic Association,10,exact
2012-13,77566,Troy,Sun Belt,2653,Troy Trojans,Troy,Trojans,TROY,Sun Belt Conference,27,exact
2012-13,77567,Tulane,C-USA,2655,Tulane Green Wave,Tulane,Green Wave,TULN,American Conference,62,exact
2012-13,77568,Tulsa,C-USA,202,Tulsa Golden Hurricane,Tulsa,Golden Hurricane,TLSA,American Conference,62,exact
2012-13,77280,UAB,C-USA,5,UAB Blazers,UAB,Blazers,UAB,American Conference,62,exact
2012-13,77317,UC Davis,Big West,302,UC Davis Aggies,UC Davis,Aggies,UCD,Big West Conference,9,exact
2012-13,77318,UC Irvine,Big West,300,UC Irvine Anteaters,UC Irvine,Anteaters,UCI,Big West Conference,9,exact
2012-13,77320,UC Riverside,Big West,27,UC Riverside Highlanders,UC Riverside,Highlanders,UCR,Big West Conference,9,exact
2012-13,77315,UC Santa Barbara,Big West,2540,UC Santa Barbara Gauchos,UC Santa Barbara,Gauchos,UCSB,Big West Conference,9,exact
2012-13,77324,UCF,C-USA,2116,UCF Knights,UCF,Knights,UCF,Big 12 Conference,8,exact
2012-13,77319,UCLA,Pac-12,26,UCLA Bruins,UCLA,Bruins,UCLA,Big Ten Conference,7,exact
2012-13,77335,UConn,Big East,41,UConn Huskies,UConn,Huskies,CONN,Big East Conference,4,exact
2012-13,77389,UIC,Horizon,82,UIC Flames,UIC,Flames,UIC,Missouri Valley Conference,18,exact
2012-13,77469,ULM,Sun Belt,2433,UL Monroe Warhawks,UL Monroe,Warhawks,ULM,Sun Belt Conference,27,exact
2012-13,77422,UMBC,America East,2378,UMBC Retrievers,UMBC,Retrievers,UMBC,America East Conference,1,exact
2012-13,77424,UMES,MEAC,2379,Maryland Eastern Shore Hawks,Maryland Eastern Shore,Hawks,UMES,Mid-Eastern Athletic Conference,16,exact
2012-13,77446,UNC Asheville,Big South,2427,UNC Asheville Bulldogs,UNC Asheville,Bulldogs,UNCA,Big South Conference,6,exact
2012-13,77449,UNC Greensboro,SoCon,2430,UNC Greensboro Spartans,UNC Greensboro,Spartans,UNCG,Southern Conference,24,exact
2012-13,77450,UNCW,CAA,350,UNC Wilmington Seahawks,UNC Wilmington,Seahawks,UNCW,Coastal Athletic Association,10,exact
2012-13,77474,UNI,MVC,2460,Northern Iowa Panthers,Northern Iowa,Panthers,UNI,Missouri Valley Conference,18,exact
2012-13,77453,UNLV,Mountain West,2439,UNLV Rebels,UNLV,Rebels,UNLV,Mountain West Conference,44,exact
2012-13,77614,USC Upstate,ASUN,2908,South Carolina Upstate Spartans,South Carolina Upstate,Spartans,UPST,Big South Conference,6,dict
2012-13,77560,UT Arlington,WAC,250,UT Arlington Mavericks,UT Arlington,Mavericks,UTA,United Athletic Conference,30,exact
2012-13,77555,UT Martin,OVC,2630,UT Martin Skyhawks,UT Martin,Skyhawks,UTM,Ohio Valley Conference,20,exact
2012-13,77562,UTEP,C-USA,2638,UTEP Miners,UTEP,Miners,UTEP,Conference USA,11,exact
2012-13,77489,UTRGV,GWC,292,UT Rio Grande Valley Vaqueros,UT Rio Grande Valley,Vaqueros,RGV,Southland Conference,25,dict
2012-13,77563,UTSA,WAC,2636,UTSA Roadrunners,UTSA,Roadrunners,UTSA,American Conference,62,exact
2012-13,77573,Utah,Pac-12,254,Utah Utes,Utah,Utes,UTAH,Big 12 Conference,8,exact
2012-13,77572,Utah St.,WAC,328,Utah State Aggies,Utah State,Aggies,USU,Mountain West Conference,44,exact
2012-13,77620,Utah Valley,GWC,3084,Utah Valley Wolverines,Utah Valley,Wolverines,UVU,United Athletic Conference,30,exact
2012-13,77578,VCU,Atlantic 10,2670,VCU Rams,VCU,Rams,VCU,Atlantic 10 Conference,3,exact
2012-13,77574,Valparaiso,Horizon,2674,Valparaiso Beacons,Valparaiso,Beacons,VAL,Missouri Valley Conference,18,exact
2012-13,77575,Vanderbilt,SEC,238,Vanderbilt Commodores,Vanderbilt,Commodores,VAN,Southeastern Conference,23,exact
2012-13,77576,Vermont,America East,261,Vermont Catamounts,Vermont,Catamounts,UVM,America East Conference,1,exact
2012-13,77577,Villanova,Big East,222,Villanova Wildcats,Villanova,Wildcats,VILL,Big East Conference,4,exact
2012-13,77580,Virginia,ACC,258,Virginia Cavaliers,Virginia,Cavaliers,UVA,Atlantic Coast Conference,2,exact
2012-13,77579,Virginia Tech,ACC,259,Virginia Tech Hokies,Virginia Tech,Hokies,VT,Atlantic Coast Conference,2,exact
2012-13,77581,Wagner,NEC,2681,Wagner Seahawks,Wagner,Seahawks,WAG,Northeast Conference,19,exact
2012-13,77582,Wake Forest,ACC,154,Wake Forest Demon Deacons,Wake Forest,Demon Deacons,WAKE,Atlantic Coast Conference,2,exact
2012-13,77584,Washington,Pac-12,264,Washington Huskies,Washington,Huskies,WASH,Big Ten Conference,7,exact
2012-13,77583,Washington St.,Pac-12,265,Washington State Cougars,Washington State,Cougars,WSU,West Coast Conference,29,exact
2012-13,77585,Weber St.,Big Sky,2692,Weber State Wildcats,Weber State,Wildcats,WEB,Big Sky Conference,5,exact
2012-13,77586,West Virginia,Big 12,277,West Virginia Mountaineers,West Virginia,Mountaineers,WVU,Big 12 Conference,8,exact
2012-13,77587,Western Caro.,SoCon,2717,Western Carolina Catamounts,Western Carolina,Catamounts,WCU,Southern Conference,24,exact
2012-13,77588,Western Ill.,Summit League,2710,Western Illinois Leathernecks,Western Illinois,Leathernecks,WIU,Ohio Valley Conference,20,exact
2012-13,77589,Western Ky.,Sun Belt,98,Western Kentucky Hilltoppers,Western Kentucky,Hilltoppers,WKU,Conference USA,11,exact
2012-13,77590,Western Mich.,MAC,2711,Western Michigan Broncos,Western Michigan,Broncos,WMU,Mid-American Conference,14,exact
2012-13,77591,Wichita St.,MVC,2724,Wichita State Shockers,Wichita State,Shockers,WICH,American Conference,62,exact
2012-13,77592,William & Mary,CAA,2729,William & Mary Tribe,William & Mary,Tribe,W&M,Coastal Athletic Association,10,exact
2012-13,77593,Winthrop,Big South,2737,Winthrop Eagles,Winthrop,Eagles,WIN,Big South Conference,6,exact
2012-13,77595,Wisconsin,Big Ten,275,Wisconsin Badgers,Wisconsin,Badgers,WIS,Big Ten Conference,7,exact
2012-13,77613,Wofford,SoCon,2747,Wofford Terriers,Wofford,Terriers,WOF,Southern Conference,24,exact
2012-13,77597,Wright St.,Horizon,2750,Wright State Raiders,Wright State,Raiders,WRST,Horizon League,45,exact
2012-13,77598,Wyoming,Mountain West,2751,Wyoming Cowboys,Wyoming,Cowboys,WYO,Mountain West Conference,44,exact
2012-13,77599,Xavier,Atlantic 10,2752,Xavier Musketeers,Xavier,Musketeers,XAV,Big East Conference,4,exact
2012-13,77600,Yale,Ivy League,43,Yale Bulldogs,Yale,Bulldogs,YALE,Ivy League,12,exact
2012-13,77601,Youngstown St.,Horizon,2754,Youngstown State Penguins,Youngstown State,Penguins,YSU,Horizon League,45,exact
2013-14,38007,A&M-Corpus Christi,Southland,357,Texas A&M-Corpus Christi Islanders,Texas A&M-Corpus Christi,Islanders,AMCC,Southland Conference,25,dict
2013-14,37662,Abilene Christian,Southland,2000,Abilene Christian Wildcats,Abilene Christian,Wildcats,ACU,United Athletic Conference,30,exact
2013-14,37957,Air Force,Mountain West,2005,Air Force Falcons,Air Force,Falcons,AF,Mountain West Conference,44,exact
2013-14,37663,Akron,MAC,2006,Akron Zips,Akron,Zips,AKR,Mid-American Conference,14,exact
2013-14,37666,Alabama,SEC,333,Alabama Crimson Tide,Alabama,Crimson Tide,ALA,Southeastern Conference,23,exact
2013-14,37664,Alabama A&M,SWAC,2010,Alabama A&M Bulldogs,Alabama A&M,Bulldogs,AAMU,Southwestern Athletic Conference,26,exact
2013-14,37665,Alabama St.,SWAC,2011,Alabama State Hornets,Alabama State,Hornets,ALST,Southwestern Athletic Conference,26,exact
2013-14,37668,Albany (NY),America East,399,UAlbany Great Danes,UAlbany,Great Danes,UALB,America East Conference,1,alias
2013-14,37669,Alcorn,SWAC,2016,Alcorn State Braves,Alcorn State,Braves,ALCN,Southwestern Athletic Conference,26,dict
2013-14,37670,American,Patriot,44,American University Eagles,American University,Eagles,AMER,Patriot League,22,exact
2013-14,37671,App State,SoCon,2026,App State Mountaineers,App State,Mountaineers,APP,Sun Belt Conference,27,exact
2013-14,37673,Arizona,Pac-12,12,Arizona Wildcats,Arizona,Wildcats,ARIZ,Big 12 Conference,8,exact
2013-14,37672,Arizona St.,Pac-12,9,Arizona State Sun Devils,Arizona State,Sun Devils,ASU,Big 12 Conference,8,exact
2013-14,37998,Ark.-Pine Bluff,SWAC,2029,Arkansas-Pine Bluff Golden Lions,Arkansas-Pine Bluff,Golden Lions,UAPB,Southwestern Athletic Conference,26,dict
2013-14,37675,Arkansas,SEC,8,Arkansas Razorbacks,Arkansas,Razorbacks,ARK,Southeastern Conference,23,exact
2013-14,37674,Arkansas St.,Sun Belt,2032,Arkansas State Red Wolves,Arkansas State,Red Wolves,ARST,Sun Belt Conference,27,exact
2013-14,37958,Army West Point,Patriot,349,Army Black Knights,Army,Black Knights,ARMY,Patriot League,22,dict
2013-14,37677,Auburn,SEC,2,Auburn Tigers,Auburn,Tigers,AUB,Southeastern Conference,23,exact
2013-14,37678,Austin Peay,OVC,2046,Austin Peay Governors,Austin Peay,Governors,APSU,Atlantic Sun Conference,46,exact
2013-14,37689,BYU,WCC,252,BYU Cougars,BYU,Cougars,BYU,Big 12 Conference,8,exact
2013-14,37679,Ball St.,MAC,2050,Ball State Cardinals,Ball State,Cardinals,BALL,Mid-American Conference,14,exact
2013-14,37681,Baylor,Big 12,239,Baylor Bears,Baylor,Bears,BAY,Big 12 Conference,8,exact
2013-14,38005,Belmont,OVC,2057,Belmont Bruins,Belmont,Bruins,BEL,Missouri Valley Conference,18,exact
2013-14,37682,Bethune-Cookman,MEAC,2065,Bethune-Cookman Wildcats,Bethune-Cookman,Wildcats,BCU,Southwestern Athletic Conference,26,exact
2013-14,37683,Binghamton,America East,2066,Binghamton Bearcats,Binghamton,Bearcats,BING,America East Conference,1,exact
2013-14,37684,Boise St.,Mountain West,68,Boise State Broncos,Boise State,Broncos,BOIS,Mountain West Conference,44,exact
2013-14,37685,Boston College,ACC,103,Boston College Eagles,Boston College,Eagles,BC,Atlantic Coast Conference,2,exact
2013-14,37686,Boston U.,Patriot,104,Boston University Terriers,Boston University,Terriers,BU,Patriot League,22,exact
2013-14,37687,Bowling Green,MAC,189,Bowling Green Falcons,Bowling Green,Falcons,BGSU,Mid-American Conference,14,exact
2013-14,37688,Bradley,MVC,71,Bradley Braves,Bradley,Braves,BRAD,Missouri Valley Conference,18,exact
2013-14,37690,Brown,Ivy League,225,Brown Bears,Brown,Bears,BRWN,Ivy League,12,exact
2013-14,37691,Bryant,NEC,2803,Bryant Bulldogs,Bryant,Bulldogs,BRY,America East Conference,1,exact
2013-14,37692,Bucknell,Patriot,2083,Bucknell Bison,Bucknell,Bison,BUCK,Patriot League,22,exact
2013-14,37693,Buffalo,MAC,2084,Buffalo Bulls,Buffalo,Bulls,BUF,Mid-American Conference,14,exact
2013-14,37694,Butler,Big East,2086,Butler Bulldogs,Butler,Bulldogs,BTLR,Big East Conference,4,exact
2013-14,37696,CSU Bakersfield,WAC,2934,Cal State Bakersfield Roadrunners,Cal State Bakersfield,Roadrunners,CSUB,Big West Conference,9,alias
2013-14,37700,CSUN,Big West,2463,Cal State Northridge Matadors,Cal State Northridge,Matadors,CSUN,Big West Conference,9,exact
2013-14,37695,Cal Poly,Big West,13,Cal Poly Mustangs,Cal Poly,Mustangs,CP,Big West Conference,9,exact
2013-14,37698,Cal St. Fullerton,Big West,2239,Cal State Fullerton Titans,Cal State Fullerton,Titans,CSUF,Big West Conference,9,exact
2013-14,37703,California,Pac-12,25,California Golden Bears,California,Golden Bears,CAL,Atlantic Coast Conference,2,exact
2013-14,37708,Campbell,Big South,2097,Campbell Fighting Camels,Campbell,Fighting Camels,CAM,Coastal Athletic Association,10,exact
2013-14,37709,Canisius,MAAC,2099,Canisius Golden Griffins,Canisius,Golden Griffins,CAN,Metro Conference,13,exact
2013-14,37990,Central Ark.,Southland,2110,Central Arkansas Bears,Central Arkansas,Bears,CARK,Atlantic Sun Conference,46,exact
2013-14,37710,Central Conn. St.,NEC,2115,Central Connecticut Blue Devils,Central Connecticut,Blue Devils,CCSU,Northeast Conference,19,dict
2013-14,37712,Central Mich.,MAC,2117,Central Michigan Chippewas,Central Michigan,Chippewas,CMU,Mid-American Conference,14,exact
2013-14,37680,Charleston So.,Big South,2127,Charleston Southern Buccaneers,Charleston Southern,Buccaneers,CHSO,Big South Conference,6,exact
2013-14,37836,Charlotte,C-USA,2429,Charlotte 49ers,Charlotte,49ers,CLT,American Conference,62,exact
2013-14,37941,Chattanooga,SoCon,236,Chattanooga Mocs,Chattanooga,Mocs,UTC,Southern Conference,24,exact
2013-14,37713,Chicago St.,WAC,2130,Chicago State Cougars,Chicago State,Cougars,CHST,Northeast Conference,19,exact
2013-14,37714,Cincinnati,AAC,2132,Cincinnati Bearcats,Cincinnati,Bearcats,CIN,Big 12 Conference,8,exact
2013-14,37715,Clemson,ACC,228,Clemson Tigers,Clemson,Tigers,CLEM,Atlantic Coast Conference,2,exact
2013-14,37716,Cleveland St.,Horizon,325,Cleveland State Vikings,Cleveland State,Vikings,CLE,Horizon League,45,exact
2013-14,37717,Coastal Carolina,Big South,324,Coastal Carolina Chanticleers,Coastal Carolina,Chanticleers,CCU,Sun Belt Conference,27,exact
2013-14,37991,Col. of Charleston,CAA,232,Charleston Cougars,Charleston,Cougars,COFC,Coastal Athletic Association,10,dict
2013-14,37718,Colgate,Patriot,2142,Colgate Raiders,Colgate,Raiders,COLG,Patriot League,22,exact
2013-14,37720,Colorado,Pac-12,38,Colorado Buffaloes,Colorado,Buffaloes,COLO,Big 12 Conference,8,exact
2013-14,37719,Colorado St.,Mountain West,36,Colorado State Rams,Colorado State,Rams,CSU,Mountain West Conference,44,exact
2013-14,37721,Columbia,Ivy League,171,Columbia Lions,Columbia,Lions,COLU,Ivy League,12,exact
2013-14,37723,Coppin St.,MEAC,2154,Coppin State Eagles,Coppin State,Eagles,COPP,Mid-Eastern Athletic Conference,16,exact
2013-14,37724,Cornell,Ivy League,172,Cornell Big Red,Cornell,Big Red,COR,Ivy League,12,exact
2013-14,37725,Creighton,Big East,156,Creighton Bluejays,Creighton,Bluejays,CREI,Big East Conference,4,exact
2013-14,37726,Dartmouth,Ivy League,159,Dartmouth Big Green,Dartmouth,Big Green,DART,Ivy League,12,exact
2013-14,37727,Davidson,SoCon,2166,Davidson Wildcats,Davidson,Wildcats,DAV,Atlantic 10 Conference,3,exact
2013-14,37728,Dayton,Atlantic 10,2168,Dayton Flyers,Dayton,Flyers,DAY,Atlantic 10 Conference,3,exact
2013-14,37729,DePaul,Big East,305,DePaul Blue Demons,DePaul,Blue Demons,DEP,Big East Conference,4,exact
2013-14,37731,Delaware,CAA,48,Delaware Blue Hens,Delaware,Blue Hens,DEL,Coastal Athletic Association,10,exact
2013-14,37730,Delaware St.,MEAC,2169,Delaware State Hornets,Delaware State,Hornets,DSU,Mid-Eastern Athletic Conference,16,exact
2013-14,37732,Denver,Summit League,2172,Denver Pioneers,Denver,Pioneers,DEN,Summit League,47,exact
2013-14,37733,Detroit Mercy,Horizon,2174,Detroit Mercy Titans,Detroit Mercy,Titans,DETM,Horizon League,45,exact
2013-14,37734,Drake,MVC,2181,Drake Bulldogs,Drake,Bulldogs,DRKE,Missouri Valley Conference,18,exact
2013-14,37735,Drexel,CAA,2182,Drexel Dragons,Drexel,Dragons,DREX,Coastal Athletic Association,10,exact
2013-14,37736,Duke,ACC,150,Duke Blue Devils,Duke,Blue Devils,DUKE,Atlantic Coast Conference,2,exact
2013-14,37737,Duquesne,Atlantic 10,2184,Duquesne Dukes,Duquesne,Dukes,DUQ,Atlantic 10 Conference,3,exact
2013-14,37739,ETSU,ASUN,2193,East Tennessee State Buccaneers,East Tennessee State,Buccaneers,ETSU,Southern Conference,24,exact
2013-14,37738,East Carolina,C-USA,151,East Carolina Pirates,East Carolina,Pirates,ECU,American Conference,62,exact
2013-14,37740,Eastern Ill.,OVC,2197,Eastern Illinois Panthers,Eastern Illinois,Panthers,EIU,Ohio Valley Conference,20,exact
2013-14,37741,Eastern Ky.,OVC,2198,Eastern Kentucky Colonels,Eastern Kentucky,Colonels,EKU,Atlantic Sun Conference,46,exact
2013-14,37742,Eastern Mich.,MAC,2199,Eastern Michigan Eagles,Eastern Michigan,Eagles,EMU,Mid-American Conference,14,exact
2013-14,37743,Eastern Wash.,Big Sky,331,Eastern Washington Eagles,Eastern Washington,Eagles,EWU,Big Sky Conference,5,exact
2013-14,37992,Elon,SoCon,2210,Elon Phoenix,Elon,Phoenix,ELON,Coastal Athletic Association,10,exact
2013-14,37744,Evansville,MVC,339,Evansville Purple Aces,Evansville,Purple Aces,EVAN,Missouri Valley Conference,18,exact
2013-14,38009,FGCU,ASUN,526,Florida Gulf Coast Eagles,Florida Gulf Coast,Eagles,FGCU,Atlantic Sun Conference,46,exact
2013-14,37749,FIU,C-USA,2229,Florida International Panthers,Florida International,Panthers,FIU,Conference USA,11,exact
2013-14,37745,Fairfield,MAAC,2217,Fairfield Stags,Fairfield,Stags,FAIR,Metro Conference,13,exact
2013-14,37746,Fairleigh Dickinson,NEC,161,Fairleigh Dickinson Knights,Fairleigh Dickinson,Knights,FDU,Northeast Conference,19,exact
2013-14,37748,Fla. Atlantic,C-USA,2226,Florida Atlantic Owls,Florida Atlantic,Owls,FAU,American Conference,62,exact
2013-14,37751,Florida,SEC,57,Florida Gators,Florida,Gators,FLA,Southeastern Conference,23,exact
2013-14,37747,Florida A&M,MEAC,50,Florida A&M Rattlers,Florida A&M,Rattlers,FAMU,Southwestern Athletic Conference,26,exact
2013-14,37750,Florida St.,ACC,52,Florida State Seminoles,Florida State,Seminoles,FSU,Atlantic Coast Conference,2,exact
2013-14,37752,Fordham,Atlantic 10,2230,Fordham Rams,Fordham,Rams,FOR,Atlantic 10 Conference,3,exact
2013-14,37697,Fresno St.,Mountain West,278,Fresno State Bulldogs,Fresno State,Bulldogs,FRES,Mountain West Conference,44,exact
2013-14,37753,Furman,SoCon,231,Furman Paladins,Furman,Paladins,FUR,Southern Conference,24,exact
2013-14,37757,Ga. Southern,SoCon,290,Georgia Southern Eagles,Georgia Southern,Eagles,GASO,Sun Belt Conference,27,exact
2013-14,37993,Gardner-Webb,Big South,2241,Gardner-Webb Runnin' Bulldogs,Gardner-Webb,Runnin' Bulldogs,GWEB,Big South Conference,6,exact
2013-14,37754,George Mason,Atlantic 10,2244,George Mason Patriots,George Mason,Patriots,GMU,Atlantic 10 Conference,3,exact
2013-14,37755,George Washington,Atlantic 10,45,George Washington Revolutionaries,George Washington,Revolutionaries,GW,Atlantic 10 Conference,3,exact
2013-14,37756,Georgetown,Big East,46,Georgetown Hoyas,Georgetown,Hoyas,GTWN,Big East Conference,4,exact
2013-14,37760,Georgia,SEC,61,Georgia Bulldogs,Georgia,Bulldogs,UGA,Southeastern Conference,23,exact
2013-14,37758,Georgia St.,Sun Belt,2247,Georgia State Panthers,Georgia State,Panthers,GAST,Sun Belt Conference,27,exact
2013-14,37759,Georgia Tech,ACC,59,Georgia Tech Yellow Jackets,Georgia Tech,Yellow Jackets,GT,Atlantic Coast Conference,2,exact
2013-14,37761,Gonzaga,WCC,2250,Gonzaga Bulldogs,Gonzaga,Bulldogs,GONZ,West Coast Conference,29,exact
2013-14,37762,Grambling,SWAC,2755,Grambling Tigers,Grambling,Tigers,GRAM,Southwestern Athletic Conference,26,exact
2013-14,37994,Grand Canyon,WAC,2253,Grand Canyon Lopes,Grand Canyon,Lopes,GCU,United Athletic Conference,30,exact
2013-14,37982,Green Bay,Horizon,2739,Green Bay Phoenix,Green Bay,Phoenix,GB,Horizon League,45,exact
2013-14,37763,Hampton,MEAC,2261,Hampton Pirates,Hampton,Pirates,HAMP,Coastal Athletic Association,10,exact
2013-14,37764,Hartford,America East,42,Hartford Hawks,Hartford,Hawks,HART,,,exact
2013-14,37765,Harvard,Ivy League,108,Harvard Crimson,Harvard,Crimson,HARV,Ivy League,12,exact
2013-14,37766,Hawaii,Big West,62,Hawai'i Rainbow Warriors,Hawai'i,Rainbow Warriors,HAW,Big West Conference,9,dict
2013-14,38006,High Point,Big South,2272,High Point Panthers,High Point,Panthers,HPU,Big South Conference,6,exact
2013-14,37767,Hofstra,CAA,2275,Hofstra Pride,Hofstra,Pride,HOF,Coastal Athletic Association,10,exact
2013-14,37768,Holy Cross,Patriot,107,Holy Cross Crusaders,Holy Cross,Crusaders,HC,Patriot League,22,exact
2013-14,37770,Houston,AAC,248,Houston Cougars,Houston,Cougars,HOU,Big 12 Conference,8,exact
2013-14,37769,Houston Baptist,Southland,2277,Houston Christian Huskies,Houston Christian,Huskies,HCU,Southland Conference,25,alias
2013-14,37771,Howard,MEAC,47,Howard Bison,Howard,Bison,HOW,Mid-Eastern Athletic Conference,16,exact
2013-14,37999,IUPUI,Summit League,85,IU Indianapolis Jaguars,IU Indianapolis,Jaguars,IUIN,Horizon League,45,alias
2013-14,37773,Idaho,WAC,70,Idaho Vandals,Idaho,Vandals,IDHO,Big Sky Conference,5,exact
2013-14,37772,Idaho St.,Big Sky,304,Idaho State Bengals,Idaho State,Bengals,IDST,Big Sky Conference,5,exact
2013-14,37775,Illinois,Big Ten,356,Illinois Fighting Illini,Illinois,Fighting Illini,ILL,Big Ten Conference,7,exact
2013-14,37774,Illinois St.,MVC,2287,Illinois State Redbirds,Illinois State,Redbirds,ILST,Missouri Valley Conference,18,exact
2013-14,37778,Indiana,Big Ten,84,Indiana Hoosiers,Indiana,Hoosiers,IU,Big Ten Conference,7,exact
2013-14,37777,Indiana St.,MVC,282,Indiana State Sycamores,Indiana State,Sycamores,INST,Missouri Valley Conference,18,exact
2013-14,37780,Iona,MAAC,314,Iona Gaels,Iona,Gaels,IONA,Metro Conference,13,exact
2013-14,37782,Iowa,Big Ten,2294,Iowa Hawkeyes,Iowa,Hawkeyes,IOWA,Big Ten Conference,7,exact
2013-14,37781,Iowa St.,Big 12,66,Iowa State Cyclones,Iowa State,Cyclones,ISU,Big 12 Conference,8,exact
2013-14,37783,Jackson St.,SWAC,2296,Jackson State Tigers,Jackson State,Tigers,JKST,Southwestern Athletic Conference,26,exact
2013-14,37785,Jacksonville,ASUN,294,Jacksonville Dolphins,Jacksonville,Dolphins,JAX,Atlantic Sun Conference,46,exact
2013-14,37784,Jacksonville St.,OVC,55,Jacksonville State Gamecocks,Jacksonville State,Gamecocks,JXST,Conference USA,11,exact
2013-14,37786,James Madison,CAA,256,James Madison Dukes,James Madison,Dukes,JMU,Sun Belt Conference,27,exact
2013-14,37788,Kansas,Big 12,2305,Kansas Jayhawks,Kansas,Jayhawks,KU,Big 12 Conference,8,exact
2013-14,38000,Kansas City,WAC,140,Kansas City Roos,Kansas City,Roos,KC,Summit League,47,exact
2013-14,37787,Kansas St.,Big 12,2306,Kansas State Wildcats,Kansas State,Wildcats,KSU,Big 12 Conference,8,exact
2013-14,37995,Kennesaw St.,ASUN,338,Kennesaw State Owls,Kennesaw State,Owls,KENN,Conference USA,11,exact
2013-14,37789,Kent St.,MAC,2309,Kent State Golden Flashes,Kent State,Golden Flashes,KENT,Mid-American Conference,14,exact
2013-14,37790,Kentucky,SEC,96,Kentucky Wildcats,Kentucky,Wildcats,UK,Southeastern Conference,23,exact
2013-14,37796,LIU,NEC,112358,Long Island University Sharks,Long Island University,Sharks,LIU,Northeast Conference,19,exact
2013-14,37803,LMU (CA),WCC,2351,Loyola Marymount Lions,Loyola Marymount,Lions,LMU,West Coast Conference,29,dict
2013-14,37798,LSU,SEC,99,LSU Tigers,LSU,Tigers,LSU,Southeastern Conference,23,exact
2013-14,37791,La Salle,Atlantic 10,2325,La Salle Explorers,La Salle,Explorers,LAS,Atlantic 10 Conference,3,exact
2013-14,37792,Lafayette,Patriot,322,Lafayette Leopards,Lafayette,Leopards,LAF,Patriot League,22,exact
2013-14,37793,Lamar University,Southland,2320,Lamar Cardinals,Lamar,Cardinals,LAM,Southland Conference,25,dict
2013-14,37794,Lehigh,Patriot,2329,Lehigh Mountain Hawks,Lehigh,Mountain Hawks,LEH,Patriot League,22,exact
2013-14,37795,Liberty,Big South,2335,Liberty Flames,Liberty,Flames,LIB,Conference USA,11,exact
2013-14,38008,Lipscomb,ASUN,288,Lipscomb Bisons,Lipscomb,Bisons,LIP,Atlantic Sun Conference,46,exact
2013-14,37676,Little Rock,Sun Belt,2031,Little Rock Trojans,Little Rock,Trojans,LR,Ohio Valley Conference,20,exact
2013-14,37699,Long Beach St.,Big West,299,Long Beach State Beach,Long Beach State,Beach,LBSU,Big West Conference,9,exact
2013-14,37797,Longwood,Big South,2344,Longwood Lancers,Longwood,Lancers,LONG,Big South Conference,6,exact
2013-14,37932,Louisiana,Sun Belt,309,Louisiana Ragin' Cajuns,Louisiana,Ragin' Cajuns,UL,Sun Belt Conference,27,exact
2013-14,37799,Louisiana Tech,C-USA,2348,Louisiana Tech Bulldogs,Louisiana Tech,Bulldogs,LT,Conference USA,11,exact
2013-14,37800,Louisville,AAC,97,Louisville Cardinals,Louisville,Cardinals,LOU,Atlantic Coast Conference,2,exact
2013-14,37804,Loyola Chicago,MVC,2350,Loyola Chicago Ramblers,Loyola Chicago,Ramblers,LUC,Atlantic 10 Conference,3,exact
2013-14,37802,Loyola Maryland,Patriot,2352,Loyola Maryland Greyhounds,Loyola Maryland,Greyhounds,L-MD,Patriot League,22,exact
2013-14,37805,Maine,America East,311,Maine Black Bears,Maine,Black Bears,ME,America East Conference,1,exact
2013-14,37806,Manhattan,MAAC,2363,Manhattan Jaspers,Manhattan,Jaspers,MAN,Metro Conference,13,exact
2013-14,37807,Marist,MAAC,2368,Marist Red Foxes,Marist,Red Foxes,MRST,Metro Conference,13,exact
2013-14,37808,Marquette,Big East,269,Marquette Golden Eagles,Marquette,Golden Eagles,MARQ,Big East Conference,4,exact
2013-14,37809,Marshall,C-USA,276,Marshall Thundering Herd,Marshall,Thundering Herd,MRSH,Sun Belt Conference,27,exact
2013-14,37811,Maryland,ACC,120,Maryland Terrapins,Maryland,Terrapins,MD,Big Ten Conference,7,exact
2013-14,37813,Massachusetts,Atlantic 10,113,Massachusetts Minutemen,Massachusetts,Minutemen,MASS,Atlantic 10 Conference,3,exact
2013-14,37814,McNeese,Southland,2377,McNeese Cowboys,McNeese,Cowboys,MCN,Southland Conference,25,exact
2013-14,37815,Memphis,AAC,235,Memphis Tigers,Memphis,Tigers,MEM,American Conference,62,exact
2013-14,37816,Mercer,ASUN,2382,Mercer Bears,Mercer,Bears,MER,Southern Conference,24,exact
2013-14,37818,Miami (FL),ACC,2390,Miami Hurricanes,Miami,Hurricanes,MIA,Atlantic Coast Conference,2,dict
2013-14,37817,Miami (OH),MAC,193,Miami (OH) RedHawks,Miami (OH),RedHawks,M-OH,Mid-American Conference,14,exact
2013-14,37820,Michigan,Big Ten,130,Michigan Wolverines,Michigan,Wolverines,MICH,Big Ten Conference,7,exact
2013-14,37819,Michigan St.,Big Ten,127,Michigan State Spartans,Michigan State,Spartans,MSU,Big Ten Conference,7,exact
2013-14,37821,Middle Tenn.,C-USA,2393,Middle Tennessee Blue Raiders,Middle Tennessee,Blue Raiders,MTSU,Conference USA,11,exact
2013-14,37984,Milwaukee,Horizon,270,Milwaukee Panthers,Milwaukee,Panthers,MILW,Horizon League,45,exact
2013-14,37822,Minnesota,Big Ten,135,Minnesota Golden Gophers,Minnesota,Golden Gophers,MINN,Big Ten Conference,7,exact
2013-14,37823,Mississippi St.,SEC,344,Mississippi State Bulldogs,Mississippi State,Bulldogs,MSST,Southeastern Conference,23,exact
2013-14,37824,Mississippi Val.,SWAC,2400,Mississippi Valley State Delta Devils,Mississippi Valley State,Delta Devils,MVSU,Southwestern Athletic Conference,26,dict
2013-14,37826,Missouri,SEC,142,Missouri Tigers,Missouri,Tigers,MIZ,Southeastern Conference,23,exact
2013-14,37930,Missouri St.,MVC,2623,Missouri State Bears,Missouri State,Bears,MOST,Missouri Valley Conference,18,exact
2013-14,37827,Monmouth,MAAC,2405,Monmouth Hawks,Monmouth,Hawks,MONM,Coastal Athletic Association,10,exact
2013-14,37829,Montana,Big Sky,149,Montana Grizzlies,Montana,Grizzlies,MONT,Big Sky Conference,5,exact
2013-14,37828,Montana St.,Big Sky,147,Montana State Bobcats,Montana State,Bobcats,MTST,Big Sky Conference,5,exact
2013-14,37830,Morehead St.,OVC,2413,Morehead State Eagles,Morehead State,Eagles,MORE,Ohio Valley Conference,20,exact
2013-14,37831,Morgan St.,MEAC,2415,Morgan State Bears,Morgan State,Bears,MORG,Mid-Eastern Athletic Conference,16,exact
2013-14,37832,Mount St. Mary's,NEC,116,Mount St. Mary's Mountaineers,Mount St. Mary's,Mountaineers,MSM,Metro Conference,13,exact
2013-14,37833,Murray St.,OVC,93,Murray State Racers,Murray State,Racers,MUR,Missouri Valley Conference,18,exact
2013-14,37851,N.C. A&T,MEAC,2448,North Carolina A&T Aggies,North Carolina A&T,Aggies,NCAT,Coastal Athletic Association,10,exact
2013-14,37852,N.C. Central,MEAC,2428,North Carolina Central Eagles,North Carolina Central,Eagles,NCCU,Mid-Eastern Athletic Conference,16,exact
2013-14,37853,NC State,ACC,152,NC State Wolfpack,NC State,Wolfpack,NCSU,Atlantic Coast Conference,2,exact
2013-14,37844,NJIT,-,2885,NJIT Highlanders,NJIT,Highlanders,NJIT,America East Conference,1,exact
2013-14,37959,Navy,Patriot,2426,Navy Midshipmen,Navy,Midshipmen,NAVY,Patriot League,22,exact
2013-14,37839,Nebraska,Big Ten,158,Nebraska Cornhuskers,Nebraska,Cornhuskers,NEB,Big Ten Conference,7,exact
2013-14,37842,Nevada,Mountain West,2440,Nevada Wolf Pack,Nevada,Wolf Pack,NEV,Mountain West Conference,44,exact
2013-14,37843,New Hampshire,America East,160,New Hampshire Wildcats,New Hampshire,Wildcats,UNH,America East Conference,1,exact
2013-14,37846,New Mexico,Mountain West,167,New Mexico Lobos,New Mexico,Lobos,UNM,Mountain West Conference,44,exact
2013-14,37845,New Mexico St.,WAC,166,New Mexico State Aggies,New Mexico State,Aggies,NMSU,Conference USA,11,exact
2013-14,37847,New Orleans,Southland,2443,LSU New Orleans Privateers,LSU New Orleans,Privateers,NOLA,Southland Conference,25,exact
2013-14,37848,Niagara,MAAC,315,Niagara Purple Eagles,Niagara,Purple Eagles,NIA,Metro Conference,13,exact
2013-14,37849,Nicholls,Southland,2447,Nicholls Colonels,Nicholls,Colonels,NICH,Southland Conference,25,exact
2013-14,37850,Norfolk St.,MEAC,2450,Norfolk State Spartans,Norfolk State,Spartans,NORF,Mid-Eastern Athletic Conference,16,exact
2013-14,37835,North Carolina,ACC,153,North Carolina Tar Heels,North Carolina,Tar Heels,UNC,Atlantic Coast Conference,2,exact
2013-14,37855,North Dakota,Big Sky,155,North Dakota Fighting Hawks,North Dakota,Fighting Hawks,UND,Summit League,47,exact
2013-14,37854,North Dakota St.,Summit League,2449,North Dakota State Bison,North Dakota State,Bison,NDSU,Summit League,47,exact
2013-14,38001,North Florida,ASUN,2454,North Florida Ospreys,North Florida,Ospreys,UNF,Atlantic Sun Conference,46,exact
2013-14,37856,North Texas,C-USA,249,North Texas Mean Green,North Texas,Mean Green,UNT,American Conference,62,exact
2013-14,37858,Northeastern,CAA,111,Northeastern Huskies,Northeastern,Huskies,NE,Coastal Athletic Association,10,exact
2013-14,37859,Northern Ariz.,Big Sky,2464,Northern Arizona Lumberjacks,Northern Arizona,Lumberjacks,NAU,Big Sky Conference,5,exact
2013-14,37860,Northern Colo.,Big Sky,2458,Northern Colorado Bears,Northern Colorado,Bears,UNCO,Big Sky Conference,5,exact
2013-14,37861,Northern Ill.,MAC,2459,Northern Illinois Huskies,Northern Illinois,Huskies,NIU,Mid-American Conference,14,exact
2013-14,37863,Northern Ky.,ASUN,94,Northern Kentucky Norse,Northern Kentucky,Norse,NKU,Horizon League,45,exact
2013-14,37865,Northwestern,Big Ten,77,Northwestern Wildcats,Northwestern,Wildcats,NU,Big Ten Conference,7,exact
2013-14,37864,Northwestern St.,Southland,2466,Northwestern State Demons,Northwestern State,Demons,NWST,Southland Conference,25,exact
2013-14,37866,Notre Dame,ACC,87,Notre Dame Fighting Irish,Notre Dame,Fighting Irish,ND,Atlantic Coast Conference,2,exact
2013-14,37867,Oakland,Horizon,2473,Oakland Golden Grizzlies,Oakland,Golden Grizzlies,OAK,Horizon League,45,exact
2013-14,37869,Ohio,MAC,195,Ohio Bobcats,Ohio,Bobcats,OHIO,Mid-American Conference,14,exact
2013-14,37868,Ohio St.,Big Ten,194,Ohio State Buckeyes,Ohio State,Buckeyes,OSU,Big Ten Conference,7,exact
2013-14,37871,Oklahoma,Big 12,201,Oklahoma Sooners,Oklahoma,Sooners,OU,Southeastern Conference,23,exact
2013-14,37870,Oklahoma St.,Big 12,197,Oklahoma State Cowboys,Oklahoma State,Cowboys,OKST,Big 12 Conference,8,exact
2013-14,37872,Old Dominion,C-USA,295,Old Dominion Monarchs,Old Dominion,Monarchs,ODU,Sun Belt Conference,27,exact
2013-14,37825,Ole Miss,SEC,145,Ole Miss Rebels,Ole Miss,Rebels,MISS,Southeastern Conference,23,exact
2013-14,37840,Omaha,Summit League,2437,Omaha Mavericks,Omaha,Mavericks,OMA,Summit League,47,exact
2013-14,37873,Oral Roberts,Southland,198,Oral Roberts Golden Eagles,Oral Roberts,Golden Eagles,ORU,Summit League,47,exact
2013-14,37875,Oregon,Pac-12,2483,Oregon Ducks,Oregon,Ducks,ORE,Big Ten Conference,7,exact
2013-14,37874,Oregon St.,Pac-12,204,Oregon State Beavers,Oregon State,Beavers,ORST,West Coast Conference,29,exact
2013-14,37876,Pacific,WCC,279,Pacific Tigers,Pacific,Tigers,PAC,West Coast Conference,29,exact
2013-14,37879,Penn,Ivy League,219,Pennsylvania Quakers,Pennsylvania,Quakers,PENN,Ivy League,12,exact
2013-14,37878,Penn St.,Big Ten,213,Penn State Nittany Lions,Penn State,Nittany Lions,PSU,Big Ten Conference,7,exact
2013-14,37880,Pepperdine,WCC,2492,Pepperdine Waves,Pepperdine,Waves,PEPP,West Coast Conference,29,exact
2013-14,37881,Pittsburgh,ACC,221,Pittsburgh Panthers,Pittsburgh,Panthers,PITT,Atlantic Coast Conference,2,exact
2013-14,37883,Portland,WCC,2501,Portland Pilots,Portland,Pilots,PORT,West Coast Conference,29,exact
2013-14,37882,Portland St.,Big Sky,2502,Portland State Vikings,Portland State,Vikings,PRST,Big Sky Conference,5,exact
2013-14,37884,Prairie View,SWAC,2504,Prairie View A&M Panthers,Prairie View A&M,Panthers,PV,Southwestern Athletic Conference,26,exact
2013-14,37996,Presbyterian,Big South,2506,Presbyterian Blue Hose,Presbyterian,Blue Hose,PRES,Big South Conference,6,exact
2013-14,37885,Princeton,Ivy League,163,Princeton Tigers,Princeton,Tigers,PRIN,Ivy League,12,exact
2013-14,37886,Providence,Big East,2507,Providence Friars,Providence,Friars,PROV,Big East Conference,4,exact
2013-14,37887,Purdue,Big Ten,2509,Purdue Boilermakers,Purdue,Boilermakers,PUR,Big Ten Conference,7,exact
2013-14,37779,Purdue Fort Wayne,Summit League,2870,Purdue Fort Wayne Mastodons,Purdue Fort Wayne,Mastodons,PFW,Horizon League,45,exact
2013-14,37888,Quinnipiac,MAAC,2514,Quinnipiac Bobcats,Quinnipiac,Bobcats,QUIN,Metro Conference,13,exact
2013-14,37889,Radford,Big South,2515,Radford Highlanders,Radford,Highlanders,RAD,Big South Conference,6,exact
2013-14,37890,Rhode Island,Atlantic 10,227,Rhode Island Rams,Rhode Island,Rams,URI,Atlantic 10 Conference,3,exact
2013-14,37891,Rice,C-USA,242,Rice Owls,Rice,Owls,RICE,American Conference,62,exact
2013-14,37892,Richmond,Atlantic 10,257,Richmond Spiders,Richmond,Spiders,RICH,Atlantic 10 Conference,3,exact
2013-14,37893,Rider,MAAC,2520,Rider Broncs,Rider,Broncs,RID,Metro Conference,13,exact
2013-14,37894,Robert Morris,NEC,2523,Robert Morris Colonials,Robert Morris,Colonials,RMU,Horizon League,45,exact
2013-14,37895,Rutgers,AAC,164,Rutgers Scarlet Knights,Rutgers,Scarlet Knights,RUTG,Big Ten Conference,7,exact
2013-14,37934,SFA,Southland,2617,Stephen F. Austin Lumberjacks,Stephen F. Austin,Lumberjacks,SFA,Southland Conference,25,exact
2013-14,37925,SIUE,OVC,2565,SIU Edwardsville Cougars,SIU Edwardsville,Cougars,SIUE,Ohio Valley Conference,20,exact
2013-14,37926,SMU,AAC,2567,SMU Mustangs,SMU,Mustangs,SMU,Atlantic Coast Conference,2,exact
2013-14,37701,Sacramento St.,Big Sky,16,Sacramento State Hornets,Sacramento State,Hornets,SAC,Big Sky Conference,5,exact
2013-14,37896,Sacred Heart,NEC,2529,Sacred Heart Pioneers,Sacred Heart,Pioneers,SHU,Metro Conference,13,exact
2013-14,37899,Saint Francis (PA),NEC,2598,St. Francis (PA) Red Flash,St. Francis (PA),Red Flash,SFPA,Northeast Conference,19,exact
2013-14,37901,Saint Joseph's,Atlantic 10,2603,Saint Joseph's Hawks,Saint Joseph's,Hawks,JOES,Atlantic 10 Conference,3,exact
2013-14,37902,Saint Louis,Atlantic 10,139,Saint Louis Billikens,Saint Louis,Billikens,SLU,Atlantic 10 Conference,3,exact
2013-14,37903,Saint Mary's (CA),WCC,2608,Saint Mary's Gaels,Saint Mary's,Gaels,SMC,West Coast Conference,29,dict
2013-14,37904,Saint Peter's,MAAC,2612,Saint Peter's Peacocks,Saint Peter's,Peacocks,SPU,Metro Conference,13,exact
2013-14,37905,Sam Houston,Southland,2534,Sam Houston Bearkats,Sam Houston,Bearkats,SHSU,Conference USA,11,exact
2013-14,37906,Samford,SoCon,2535,Samford Bulldogs,Samford,Bulldogs,SAM,Southern Conference,24,exact
2013-14,37908,San Diego,WCC,301,San Diego Toreros,San Diego,Toreros,USD,West Coast Conference,29,exact
2013-14,37907,San Diego St.,Mountain West,21,San Diego State Aztecs,San Diego State,Aztecs,SDSU,Mountain West Conference,44,exact
2013-14,37909,San Francisco,WCC,2539,San Francisco Dons,San Francisco,Dons,SF,West Coast Conference,29,exact
2013-14,37910,San Jose St.,Mountain West,23,San José State Spartans,San José State,Spartans,SJSU,Mountain West Conference,44,dict
2013-14,37911,Santa Clara,WCC,2541,Santa Clara Broncos,Santa Clara,Broncos,SCU,West Coast Conference,29,exact
2013-14,37912,Savannah St.,MEAC,2542,Savannah State Tigers,Savannah State,Tigers,SAV,,,alias
2013-14,37997,Seattle U,WAC,2547,Seattle U Redhawks,Seattle U,Redhawks,SEA,United Athletic Conference,30,exact
2013-14,37913,Seton Hall,Big East,2550,Seton Hall Pirates,Seton Hall,Pirates,HALL,Big East Conference,4,exact
2013-14,37914,Siena,MAAC,2561,Siena Saints,Siena,Saints,SIE,Metro Conference,13,exact
2013-14,37915,South Alabama,Sun Belt,6,South Alabama Jaguars,South Alabama,Jaguars,USA,Sun Belt Conference,27,exact
2013-14,37917,South Carolina,SEC,2579,South Carolina Gamecocks,South Carolina,Gamecocks,SC,Southeastern Conference,23,exact
2013-14,37916,South Carolina St.,MEAC,2569,South Carolina State Bulldogs,South Carolina State,Bulldogs,SCST,Mid-Eastern Athletic Conference,16,exact
2013-14,37919,South Dakota,Summit League,233,South Dakota Coyotes,South Dakota,Coyotes,SDAK,Summit League,47,exact
2013-14,37918,South Dakota St.,Summit League,2571,South Dakota State Jackrabbits,South Dakota State,Jackrabbits,SDST,Summit League,47,exact
2013-14,37920,South Fla.,AAC,58,South Florida Bulls,South Florida,Bulls,USF,American Conference,62,exact
2013-14,37921,Southeast Mo. St.,OVC,2546,Southeast Missouri State Redhawks,Southeast Missouri State,Redhawks,SEMO,Ohio Valley Conference,20,exact
2013-14,37922,Southeastern La.,Southland,2545,SE Louisiana Lions,SE Louisiana,Lions,SELA,Southland Conference,25,dict
2013-14,37923,Southern California,Pac-12,30,USC Trojans,USC,Trojans,USC,Big Ten Conference,7,dict
2013-14,37924,Southern Ill.,MVC,79,Southern Illinois Salukis,Southern Illinois,Salukis,SIU,Missouri Valley Conference,18,exact
2013-14,37927,Southern Miss.,C-USA,2572,Southern Miss Golden Eagles,Southern Miss,Golden Eagles,USM,Sun Belt Conference,27,dict
2013-14,37928,Southern U.,SWAC,2582,Southern Jaguars,Southern,Jaguars,SOU,Southwestern Athletic Conference,26,dict
2013-14,37929,Southern Utah,Big Sky,253,Southern Utah Thunderbirds,Southern Utah,Thunderbirds,SUU,United Athletic Conference,30,exact
2013-14,37897,St. Bonaventure,Atlantic 10,179,St. Bonaventure Bonnies,St. Bonaventure,Bonnies,SBU,Atlantic 10 Conference,3,exact
2013-14,37898,St. Francis Brooklyn,NEC,2597,St. Francis Brooklyn Terriers,St. Francis Brooklyn,Terriers,SFNY,,,exact
2013-14,37900,St. John's (NY),Big East,2599,St. John's Red Storm,St. John's,Red Storm,SJU,Big East Conference,4,dict
2013-14,37933,Stanford,Pac-12,24,Stanford Cardinal,Stanford,Cardinal,STAN,Atlantic Coast Conference,2,exact
2013-14,37935,Stetson,ASUN,56,Stetson Hatters,Stetson,Hatters,STET,Atlantic Sun Conference,46,exact
2013-14,37936,Stony Brook,America East,2619,Stony Brook Seawolves,Stony Brook,Seawolves,STBK,Coastal Athletic Association,10,exact
2013-14,37937,Syracuse,ACC,183,Syracuse Orange,Syracuse,Orange,SYR,Atlantic Coast Conference,2,exact
2013-14,37945,TCU,Big 12,2628,TCU Horned Frogs,TCU,Horned Frogs,TCU,Big 12 Conference,8,exact
2013-14,37938,Temple,AAC,218,Temple Owls,Temple,Owls,TEM,American Conference,62,exact
2013-14,37942,Tennessee,SEC,2633,Tennessee Volunteers,Tennessee,Volunteers,TENN,Southeastern Conference,23,exact
2013-14,37939,Tennessee St.,OVC,2634,Tennessee State Tigers,Tennessee State,Tigers,TNST,Ohio Valley Conference,20,exact
2013-14,37940,Tennessee Tech,OVC,2635,Tennessee Tech Golden Eagles,Tennessee Tech,Golden Eagles,TNTC,Ohio Valley Conference,20,exact
2013-14,37949,Texas,Big 12,251,Texas Longhorns,Texas,Longhorns,TEX,Southeastern Conference,23,exact
2013-14,37944,Texas A&M,SEC,245,Texas A&M Aggies,Texas A&M,Aggies,TA&M,Southeastern Conference,23,exact
2013-14,37946,Texas Southern,SWAC,2640,Texas Southern Tigers,Texas Southern,Tigers,TXSO,Southwestern Athletic Conference,26,exact
2013-14,37931,Texas St.,Sun Belt,326,Texas State Bobcats,Texas State,Bobcats,TXST,Sun Belt Conference,27,exact
2013-14,37947,Texas Tech,Big 12,2641,Texas Tech Red Raiders,Texas Tech,Red Raiders,TTU,Big 12 Conference,8,exact
2013-14,37952,Toledo,MAC,2649,Toledo Rockets,Toledo,Rockets,TOL,Mid-American Conference,14,exact
2013-14,37953,Towson,CAA,119,Towson Tigers,Towson,Tigers,TOW,Coastal Athletic Association,10,exact
2013-14,37954,Troy,Sun Belt,2653,Troy Trojans,Troy,Trojans,TROY,Sun Belt Conference,27,exact
2013-14,37955,Tulane,C-USA,2655,Tulane Green Wave,Tulane,Green Wave,TULN,American Conference,62,exact
2013-14,37956,Tulsa,C-USA,202,Tulsa Golden Hurricane,Tulsa,Golden Hurricane,TLSA,American Conference,62,exact
2013-14,37667,UAB,C-USA,5,UAB Blazers,UAB,Blazers,UAB,American Conference,62,exact
2013-14,37704,UC Davis,Big West,302,UC Davis Aggies,UC Davis,Aggies,UCD,Big West Conference,9,exact
2013-14,37705,UC Irvine,Big West,300,UC Irvine Anteaters,UC Irvine,Anteaters,UCI,Big West Conference,9,exact
2013-14,37707,UC Riverside,Big West,27,UC Riverside Highlanders,UC Riverside,Highlanders,UCR,Big West Conference,9,exact
2013-14,37702,UC Santa Barbara,Big West,2540,UC Santa Barbara Gauchos,UC Santa Barbara,Gauchos,UCSB,Big West Conference,9,exact
2013-14,37711,UCF,AAC,2116,UCF Knights,UCF,Knights,UCF,Big 12 Conference,8,exact
2013-14,37706,UCLA,Pac-12,26,UCLA Bruins,UCLA,Bruins,UCLA,Big Ten Conference,7,exact
2013-14,37722,UConn,AAC,41,UConn Huskies,UConn,Huskies,CONN,Big East Conference,4,exact
2013-14,37776,UIC,Horizon,82,UIC Flames,UIC,Flames,UIC,Missouri Valley Conference,18,exact
2013-14,38002,UIW,Southland,2916,Incarnate Word Cardinals,Incarnate Word,Cardinals,UIW,Southland Conference,25,exact
2013-14,37857,ULM,Sun Belt,2433,UL Monroe Warhawks,UL Monroe,Warhawks,ULM,Sun Belt Conference,27,exact
2013-14,37810,UMBC,America East,2378,UMBC Retrievers,UMBC,Retrievers,UMBC,America East Conference,1,exact
2013-14,37812,UMES,MEAC,2379,Maryland Eastern Shore Hawks,Maryland Eastern Shore,Hawks,UMES,Mid-Eastern Athletic Conference,16,exact
2013-14,37801,UMass Lowell,America East,2349,UMass Lowell River Hawks,UMass Lowell,River Hawks,UML,America East Conference,1,exact
2013-14,37834,UNC Asheville,Big South,2427,UNC Asheville Bulldogs,UNC Asheville,Bulldogs,UNCA,Big South Conference,6,exact
2013-14,37837,UNC Greensboro,SoCon,2430,UNC Greensboro Spartans,UNC Greensboro,Spartans,UNCG,Southern Conference,24,exact
2013-14,37838,UNCW,CAA,350,UNC Wilmington Seahawks,UNC Wilmington,Seahawks,UNCW,Coastal Athletic Association,10,exact
2013-14,37862,UNI,MVC,2460,Northern Iowa Panthers,Northern Iowa,Panthers,UNI,Missouri Valley Conference,18,exact
2013-14,37841,UNLV,Mountain West,2439,UNLV Rebels,UNLV,Rebels,UNLV,Mountain West Conference,44,exact
2013-14,38004,USC Upstate,ASUN,2908,South Carolina Upstate Spartans,South Carolina Upstate,Spartans,UPST,Big South Conference,6,dict
2013-14,37948,UT Arlington,Sun Belt,250,UT Arlington Mavericks,UT Arlington,Mavericks,UTA,United Athletic Conference,30,exact
2013-14,37943,UT Martin,OVC,2630,UT Martin Skyhawks,UT Martin,Skyhawks,UTM,Ohio Valley Conference,20,exact
2013-14,37950,UTEP,C-USA,2638,UTEP Miners,UTEP,Miners,UTEP,Conference USA,11,exact
2013-14,37877,UTRGV,WAC,292,UT Rio Grande Valley Vaqueros,UT Rio Grande Valley,Vaqueros,RGV,Southland Conference,25,dict
2013-14,37951,UTSA,C-USA,2636,UTSA Roadrunners,UTSA,Roadrunners,UTSA,American Conference,62,exact
2013-14,37961,Utah,Pac-12,254,Utah Utes,Utah,Utes,UTAH,Big 12 Conference,8,exact
2013-14,37960,Utah St.,Mountain West,328,Utah State Aggies,Utah State,Aggies,USU,Mountain West Conference,44,exact
2013-14,38010,Utah Valley,WAC,3084,Utah Valley Wolverines,Utah Valley,Wolverines,UVU,United Athletic Conference,30,exact
2013-14,37966,VCU,Atlantic 10,2670,VCU Rams,VCU,Rams,VCU,Atlantic 10 Conference,3,exact
2013-14,37962,Valparaiso,Horizon,2674,Valparaiso Beacons,Valparaiso,Beacons,VAL,Missouri Valley Conference,18,exact
2013-14,37963,Vanderbilt,SEC,238,Vanderbilt Commodores,Vanderbilt,Commodores,VAN,Southeastern Conference,23,exact
2013-14,37964,Vermont,America East,261,Vermont Catamounts,Vermont,Catamounts,UVM,America East Conference,1,exact
2013-14,37965,Villanova,Big East,222,Villanova Wildcats,Villanova,Wildcats,VILL,Big East Conference,4,exact
2013-14,37968,Virginia,ACC,258,Virginia Cavaliers,Virginia,Cavaliers,UVA,Atlantic Coast Conference,2,exact
2013-14,37967,Virginia Tech,ACC,259,Virginia Tech Hokies,Virginia Tech,Hokies,VT,Atlantic Coast Conference,2,exact
2013-14,37969,Wagner,NEC,2681,Wagner Seahawks,Wagner,Seahawks,WAG,Northeast Conference,19,exact
2013-14,37970,Wake Forest,ACC,154,Wake Forest Demon Deacons,Wake Forest,Demon Deacons,WAKE,Atlantic Coast Conference,2,exact
2013-14,37972,Washington,Pac-12,264,Washington Huskies,Washington,Huskies,WASH,Big Ten Conference,7,exact
2013-14,37971,Washington St.,Pac-12,265,Washington State Cougars,Washington State,Cougars,WSU,West Coast Conference,29,exact
2013-14,37973,Weber St.,Big Sky,2692,Weber State Wildcats,Weber State,Wildcats,WEB,Big Sky Conference,5,exact
2013-14,37974,West Virginia,Big 12,277,West Virginia Mountaineers,West Virginia,Mountaineers,WVU,Big 12 Conference,8,exact
2013-14,37975,Western Caro.,SoCon,2717,Western Carolina Catamounts,Western Carolina,Catamounts,WCU,Southern Conference,24,exact
2013-14,37976,Western Ill.,Summit League,2710,Western Illinois Leathernecks,Western Illinois,Leathernecks,WIU,Ohio Valley Conference,20,exact
2013-14,37977,Western Ky.,Sun Belt,98,Western Kentucky Hilltoppers,Western Kentucky,Hilltoppers,WKU,Conference USA,11,exact
2013-14,37978,Western Mich.,MAC,2711,Western Michigan Broncos,Western Michigan,Broncos,WMU,Mid-American Conference,14,exact
2013-14,37979,Wichita St.,MVC,2724,Wichita State Shockers,Wichita State,Shockers,WICH,American Conference,62,exact
2013-14,37980,William & Mary,CAA,2729,William & Mary Tribe,William & Mary,Tribe,W&M,Coastal Athletic Association,10,exact
2013-14,37981,Winthrop,Big South,2737,Winthrop Eagles,Winthrop,Eagles,WIN,Big South Conference,6,exact
2013-14,37983,Wisconsin,Big Ten,275,Wisconsin Badgers,Wisconsin,Badgers,WIS,Big Ten Conference,7,exact
2013-14,38003,Wofford,SoCon,2747,Wofford Terriers,Wofford,Terriers,WOF,Southern Conference,24,exact
2013-14,37985,Wright St.,Horizon,2750,Wright State Raiders,Wright State,Raiders,WRST,Horizon League,45,exact
2013-14,37986,Wyoming,Mountain West,2751,Wyoming Cowboys,Wyoming,Cowboys,WYO,Mountain West Conference,44,exact
2013-14,37987,Xavier,Big East,2752,Xavier Musketeers,Xavier,Musketeers,XAV,Big East Conference,4,exact
2013-14,37988,Yale,Ivy League,43,Yale Bulldogs,Yale,Bulldogs,YALE,Ivy League,12,exact
2013-14,37989,Youngstown St.,Horizon,2754,Youngstown State Penguins,Youngstown State,Penguins,YSU,Horizon League,45,exact
2014-15,16938,A&M-Corpus Christi,Southland,357,Texas A&M-Corpus Christi Islanders,Texas A&M-Corpus Christi,Islanders,AMCC,Southland Conference,25,dict
2014-15,16593,Abilene Christian,Southland,2000,Abilene Christian Wildcats,Abilene Christian,Wildcats,ACU,United Athletic Conference,30,exact
2014-15,16888,Air Force,Mountain West,2005,Air Force Falcons,Air Force,Falcons,AF,Mountain West Conference,44,exact
2014-15,16594,Akron,MAC,2006,Akron Zips,Akron,Zips,AKR,Mid-American Conference,14,exact
2014-15,16597,Alabama,SEC,333,Alabama Crimson Tide,Alabama,Crimson Tide,ALA,Southeastern Conference,23,exact
2014-15,16595,Alabama A&M,SWAC,2010,Alabama A&M Bulldogs,Alabama A&M,Bulldogs,AAMU,Southwestern Athletic Conference,26,exact
2014-15,16596,Alabama St.,SWAC,2011,Alabama State Hornets,Alabama State,Hornets,ALST,Southwestern Athletic Conference,26,exact
2014-15,16599,Albany (NY),America East,399,UAlbany Great Danes,UAlbany,Great Danes,UALB,America East Conference,1,alias
2014-15,16600,Alcorn,SWAC,2016,Alcorn State Braves,Alcorn State,Braves,ALCN,Southwestern Athletic Conference,26,dict
2014-15,16601,American,Patriot,44,American University Eagles,American University,Eagles,AMER,Patriot League,22,exact
2014-15,16602,App State,Sun Belt,2026,App State Mountaineers,App State,Mountaineers,APP,Sun Belt Conference,27,exact
2014-15,16604,Arizona,Pac-12,12,Arizona Wildcats,Arizona,Wildcats,ARIZ,Big 12 Conference,8,exact
2014-15,16603,Arizona St.,Pac-12,9,Arizona State Sun Devils,Arizona State,Sun Devils,ASU,Big 12 Conference,8,exact
2014-15,16929,Ark.-Pine Bluff,SWAC,2029,Arkansas-Pine Bluff Golden Lions,Arkansas-Pine Bluff,Golden Lions,UAPB,Southwestern Athletic Conference,26,dict
2014-15,16606,Arkansas,SEC,8,Arkansas Razorbacks,Arkansas,Razorbacks,ARK,Southeastern Conference,23,exact
2014-15,16605,Arkansas St.,Sun Belt,2032,Arkansas State Red Wolves,Arkansas State,Red Wolves,ARST,Sun Belt Conference,27,exact
2014-15,16889,Army West Point,Patriot,349,Army Black Knights,Army,Black Knights,ARMY,Patriot League,22,dict
2014-15,16608,Auburn,SEC,2,Auburn Tigers,Auburn,Tigers,AUB,Southeastern Conference,23,exact
2014-15,16609,Austin Peay,OVC,2046,Austin Peay Governors,Austin Peay,Governors,APSU,Atlantic Sun Conference,46,exact
2014-15,16620,BYU,WCC,252,BYU Cougars,BYU,Cougars,BYU,Big 12 Conference,8,exact
2014-15,16610,Ball St.,MAC,2050,Ball State Cardinals,Ball State,Cardinals,BALL,Mid-American Conference,14,exact
2014-15,16612,Baylor,Big 12,239,Baylor Bears,Baylor,Bears,BAY,Big 12 Conference,8,exact
2014-15,16936,Belmont,OVC,2057,Belmont Bruins,Belmont,Bruins,BEL,Missouri Valley Conference,18,exact
2014-15,16613,Bethune-Cookman,MEAC,2065,Bethune-Cookman Wildcats,Bethune-Cookman,Wildcats,BCU,Southwestern Athletic Conference,26,exact
2014-15,16614,Binghamton,America East,2066,Binghamton Bearcats,Binghamton,Bearcats,BING,America East Conference,1,exact
2014-15,16615,Boise St.,Mountain West,68,Boise State Broncos,Boise State,Broncos,BOIS,Mountain West Conference,44,exact
2014-15,16616,Boston College,ACC,103,Boston College Eagles,Boston College,Eagles,BC,Atlantic Coast Conference,2,exact
2014-15,16617,Boston U.,Patriot,104,Boston University Terriers,Boston University,Terriers,BU,Patriot League,22,exact
2014-15,16618,Bowling Green,MAC,189,Bowling Green Falcons,Bowling Green,Falcons,BGSU,Mid-American Conference,14,exact
2014-15,16619,Bradley,MVC,71,Bradley Braves,Bradley,Braves,BRAD,Missouri Valley Conference,18,exact
2014-15,16621,Brown,Ivy League,225,Brown Bears,Brown,Bears,BRWN,Ivy League,12,exact
2014-15,16622,Bryant,NEC,2803,Bryant Bulldogs,Bryant,Bulldogs,BRY,America East Conference,1,exact
2014-15,16623,Bucknell,Patriot,2083,Bucknell Bison,Bucknell,Bison,BUCK,Patriot League,22,exact
2014-15,16624,Buffalo,MAC,2084,Buffalo Bulls,Buffalo,Bulls,BUF,Mid-American Conference,14,exact
2014-15,16625,Butler,Big East,2086,Butler Bulldogs,Butler,Bulldogs,BTLR,Big East Conference,4,exact
2014-15,16627,CSU Bakersfield,WAC,2934,Cal State Bakersfield Roadrunners,Cal State Bakersfield,Roadrunners,CSUB,Big West Conference,9,alias
2014-15,16631,CSUN,Big West,2463,Cal State Northridge Matadors,Cal State Northridge,Matadors,CSUN,Big West Conference,9,exact
2014-15,16626,Cal Poly,Big West,13,Cal Poly Mustangs,Cal Poly,Mustangs,CP,Big West Conference,9,exact
2014-15,16629,Cal St. Fullerton,Big West,2239,Cal State Fullerton Titans,Cal State Fullerton,Titans,CSUF,Big West Conference,9,exact
2014-15,16634,California,Pac-12,25,California Golden Bears,California,Golden Bears,CAL,Atlantic Coast Conference,2,exact
2014-15,16639,Campbell,Big South,2097,Campbell Fighting Camels,Campbell,Fighting Camels,CAM,Coastal Athletic Association,10,exact
2014-15,16640,Canisius,MAAC,2099,Canisius Golden Griffins,Canisius,Golden Griffins,CAN,Metro Conference,13,exact
2014-15,16921,Central Ark.,Southland,2110,Central Arkansas Bears,Central Arkansas,Bears,CARK,Atlantic Sun Conference,46,exact
2014-15,16641,Central Conn. St.,NEC,2115,Central Connecticut Blue Devils,Central Connecticut,Blue Devils,CCSU,Northeast Conference,19,dict
2014-15,16643,Central Mich.,MAC,2117,Central Michigan Chippewas,Central Michigan,Chippewas,CMU,Mid-American Conference,14,exact
2014-15,16611,Charleston So.,Big South,2127,Charleston Southern Buccaneers,Charleston Southern,Buccaneers,CHSO,Big South Conference,6,exact
2014-15,16767,Charlotte,C-USA,2429,Charlotte 49ers,Charlotte,49ers,CLT,American Conference,62,exact
2014-15,16872,Chattanooga,SoCon,236,Chattanooga Mocs,Chattanooga,Mocs,UTC,Southern Conference,24,exact
2014-15,16644,Chicago St.,WAC,2130,Chicago State Cougars,Chicago State,Cougars,CHST,Northeast Conference,19,exact
2014-15,16645,Cincinnati,AAC,2132,Cincinnati Bearcats,Cincinnati,Bearcats,CIN,Big 12 Conference,8,exact
2014-15,16646,Clemson,ACC,228,Clemson Tigers,Clemson,Tigers,CLEM,Atlantic Coast Conference,2,exact
2014-15,16647,Cleveland St.,Horizon,325,Cleveland State Vikings,Cleveland State,Vikings,CLE,Horizon League,45,exact
2014-15,16648,Coastal Carolina,Big South,324,Coastal Carolina Chanticleers,Coastal Carolina,Chanticleers,CCU,Sun Belt Conference,27,exact
2014-15,16922,Col. of Charleston,CAA,232,Charleston Cougars,Charleston,Cougars,COFC,Coastal Athletic Association,10,dict
2014-15,16649,Colgate,Patriot,2142,Colgate Raiders,Colgate,Raiders,COLG,Patriot League,22,exact
2014-15,16651,Colorado,Pac-12,38,Colorado Buffaloes,Colorado,Buffaloes,COLO,Big 12 Conference,8,exact
2014-15,16650,Colorado St.,Mountain West,36,Colorado State Rams,Colorado State,Rams,CSU,Mountain West Conference,44,exact
2014-15,16652,Columbia,Ivy League,171,Columbia Lions,Columbia,Lions,COLU,Ivy League,12,exact
2014-15,16654,Coppin St.,MEAC,2154,Coppin State Eagles,Coppin State,Eagles,COPP,Mid-Eastern Athletic Conference,16,exact
2014-15,16655,Cornell,Ivy League,172,Cornell Big Red,Cornell,Big Red,COR,Ivy League,12,exact
2014-15,16656,Creighton,Big East,156,Creighton Bluejays,Creighton,Bluejays,CREI,Big East Conference,4,exact
2014-15,16657,Dartmouth,Ivy League,159,Dartmouth Big Green,Dartmouth,Big Green,DART,Ivy League,12,exact
2014-15,16658,Davidson,Atlantic 10,2166,Davidson Wildcats,Davidson,Wildcats,DAV,Atlantic 10 Conference,3,exact
2014-15,16659,Dayton,Atlantic 10,2168,Dayton Flyers,Dayton,Flyers,DAY,Atlantic 10 Conference,3,exact
2014-15,16660,DePaul,Big East,305,DePaul Blue Demons,DePaul,Blue Demons,DEP,Big East Conference,4,exact
2014-15,16662,Delaware,CAA,48,Delaware Blue Hens,Delaware,Blue Hens,DEL,Coastal Athletic Association,10,exact
2014-15,16661,Delaware St.,MEAC,2169,Delaware State Hornets,Delaware State,Hornets,DSU,Mid-Eastern Athletic Conference,16,exact
2014-15,16663,Denver,Summit League,2172,Denver Pioneers,Denver,Pioneers,DEN,Summit League,47,exact
2014-15,16664,Detroit Mercy,Horizon,2174,Detroit Mercy Titans,Detroit Mercy,Titans,DETM,Horizon League,45,exact
2014-15,16665,Drake,MVC,2181,Drake Bulldogs,Drake,Bulldogs,DRKE,Missouri Valley Conference,18,exact
2014-15,16666,Drexel,CAA,2182,Drexel Dragons,Drexel,Dragons,DREX,Coastal Athletic Association,10,exact
2014-15,16667,Duke,ACC,150,Duke Blue Devils,Duke,Blue Devils,DUKE,Atlantic Coast Conference,2,exact
2014-15,16668,Duquesne,Atlantic 10,2184,Duquesne Dukes,Duquesne,Dukes,DUQ,Atlantic 10 Conference,3,exact
2014-15,16670,ETSU,SoCon,2193,East Tennessee State Buccaneers,East Tennessee State,Buccaneers,ETSU,Southern Conference,24,exact
2014-15,16669,East Carolina,AAC,151,East Carolina Pirates,East Carolina,Pirates,ECU,American Conference,62,exact
2014-15,16671,Eastern Ill.,OVC,2197,Eastern Illinois Panthers,Eastern Illinois,Panthers,EIU,Ohio Valley Conference,20,exact
2014-15,16672,Eastern Ky.,OVC,2198,Eastern Kentucky Colonels,Eastern Kentucky,Colonels,EKU,Atlantic Sun Conference,46,exact
2014-15,16673,Eastern Mich.,MAC,2199,Eastern Michigan Eagles,Eastern Michigan,Eagles,EMU,Mid-American Conference,14,exact
2014-15,16674,Eastern Wash.,Big Sky,331,Eastern Washington Eagles,Eastern Washington,Eagles,EWU,Big Sky Conference,5,exact
2014-15,16923,Elon,CAA,2210,Elon Phoenix,Elon,Phoenix,ELON,Coastal Athletic Association,10,exact
2014-15,16675,Evansville,MVC,339,Evansville Purple Aces,Evansville,Purple Aces,EVAN,Missouri Valley Conference,18,exact
2014-15,16940,FGCU,ASUN,526,Florida Gulf Coast Eagles,Florida Gulf Coast,Eagles,FGCU,Atlantic Sun Conference,46,exact
2014-15,16680,FIU,C-USA,2229,Florida International Panthers,Florida International,Panthers,FIU,Conference USA,11,exact
2014-15,16676,Fairfield,MAAC,2217,Fairfield Stags,Fairfield,Stags,FAIR,Metro Conference,13,exact
2014-15,16677,Fairleigh Dickinson,NEC,161,Fairleigh Dickinson Knights,Fairleigh Dickinson,Knights,FDU,Northeast Conference,19,exact
2014-15,16679,Fla. Atlantic,C-USA,2226,Florida Atlantic Owls,Florida Atlantic,Owls,FAU,American Conference,62,exact
2014-15,16682,Florida,SEC,57,Florida Gators,Florida,Gators,FLA,Southeastern Conference,23,exact
2014-15,16678,Florida A&M,MEAC,50,Florida A&M Rattlers,Florida A&M,Rattlers,FAMU,Southwestern Athletic Conference,26,exact
2014-15,16681,Florida St.,ACC,52,Florida State Seminoles,Florida State,Seminoles,FSU,Atlantic Coast Conference,2,exact
2014-15,16683,Fordham,Atlantic 10,2230,Fordham Rams,Fordham,Rams,FOR,Atlantic 10 Conference,3,exact
2014-15,16628,Fresno St.,Mountain West,278,Fresno State Bulldogs,Fresno State,Bulldogs,FRES,Mountain West Conference,44,exact
2014-15,16684,Furman,SoCon,231,Furman Paladins,Furman,Paladins,FUR,Southern Conference,24,exact
2014-15,16688,Ga. Southern,Sun Belt,290,Georgia Southern Eagles,Georgia Southern,Eagles,GASO,Sun Belt Conference,27,exact
2014-15,16924,Gardner-Webb,Big South,2241,Gardner-Webb Runnin' Bulldogs,Gardner-Webb,Runnin' Bulldogs,GWEB,Big South Conference,6,exact
2014-15,16685,George Mason,Atlantic 10,2244,George Mason Patriots,George Mason,Patriots,GMU,Atlantic 10 Conference,3,exact
2014-15,16686,George Washington,Atlantic 10,45,George Washington Revolutionaries,George Washington,Revolutionaries,GW,Atlantic 10 Conference,3,exact
2014-15,16687,Georgetown,Big East,46,Georgetown Hoyas,Georgetown,Hoyas,GTWN,Big East Conference,4,exact
2014-15,16691,Georgia,SEC,61,Georgia Bulldogs,Georgia,Bulldogs,UGA,Southeastern Conference,23,exact
2014-15,16689,Georgia St.,Sun Belt,2247,Georgia State Panthers,Georgia State,Panthers,GAST,Sun Belt Conference,27,exact
2014-15,16690,Georgia Tech,ACC,59,Georgia Tech Yellow Jackets,Georgia Tech,Yellow Jackets,GT,Atlantic Coast Conference,2,exact
2014-15,16692,Gonzaga,WCC,2250,Gonzaga Bulldogs,Gonzaga,Bulldogs,GONZ,West Coast Conference,29,exact
2014-15,16693,Grambling,SWAC,2755,Grambling Tigers,Grambling,Tigers,GRAM,Southwestern Athletic Conference,26,exact
2014-15,16925,Grand Canyon,WAC,2253,Grand Canyon Lopes,Grand Canyon,Lopes,GCU,United Athletic Conference,30,exact
2014-15,16913,Green Bay,Horizon,2739,Green Bay Phoenix,Green Bay,Phoenix,GB,Horizon League,45,exact
2014-15,16694,Hampton,MEAC,2261,Hampton Pirates,Hampton,Pirates,HAMP,Coastal Athletic Association,10,exact
2014-15,16695,Hartford,America East,42,Hartford Hawks,Hartford,Hawks,HART,,,exact
2014-15,16696,Harvard,Ivy League,108,Harvard Crimson,Harvard,Crimson,HARV,Ivy League,12,exact
2014-15,16697,Hawaii,Big West,62,Hawai'i Rainbow Warriors,Hawai'i,Rainbow Warriors,HAW,Big West Conference,9,dict
2014-15,16937,High Point,Big South,2272,High Point Panthers,High Point,Panthers,HPU,Big South Conference,6,exact
2014-15,16698,Hofstra,CAA,2275,Hofstra Pride,Hofstra,Pride,HOF,Coastal Athletic Association,10,exact
2014-15,16699,Holy Cross,Patriot,107,Holy Cross Crusaders,Holy Cross,Crusaders,HC,Patriot League,22,exact
2014-15,16701,Houston,AAC,248,Houston Cougars,Houston,Cougars,HOU,Big 12 Conference,8,exact
2014-15,16700,Houston Baptist,Southland,2277,Houston Christian Huskies,Houston Christian,Huskies,HCU,Southland Conference,25,alias
2014-15,16702,Howard,MEAC,47,Howard Bison,Howard,Bison,HOW,Mid-Eastern Athletic Conference,16,exact
2014-15,16930,IUPUI,Summit League,85,IU Indianapolis Jaguars,IU Indianapolis,Jaguars,IUIN,Horizon League,45,alias
2014-15,16704,Idaho,Big Sky,70,Idaho Vandals,Idaho,Vandals,IDHO,Big Sky Conference,5,exact
2014-15,16703,Idaho St.,Big Sky,304,Idaho State Bengals,Idaho State,Bengals,IDST,Big Sky Conference,5,exact
2014-15,16706,Illinois,Big Ten,356,Illinois Fighting Illini,Illinois,Fighting Illini,ILL,Big Ten Conference,7,exact
2014-15,16705,Illinois St.,MVC,2287,Illinois State Redbirds,Illinois State,Redbirds,ILST,Missouri Valley Conference,18,exact
2014-15,16709,Indiana,Big Ten,84,Indiana Hoosiers,Indiana,Hoosiers,IU,Big Ten Conference,7,exact
2014-15,16708,Indiana St.,MVC,282,Indiana State Sycamores,Indiana State,Sycamores,INST,Missouri Valley Conference,18,exact
2014-15,16711,Iona,MAAC,314,Iona Gaels,Iona,Gaels,IONA,Metro Conference,13,exact
2014-15,16713,Iowa,Big Ten,2294,Iowa Hawkeyes,Iowa,Hawkeyes,IOWA,Big Ten Conference,7,exact
2014-15,16712,Iowa St.,Big 12,66,Iowa State Cyclones,Iowa State,Cyclones,ISU,Big 12 Conference,8,exact
2014-15,16714,Jackson St.,SWAC,2296,Jackson State Tigers,Jackson State,Tigers,JKST,Southwestern Athletic Conference,26,exact
2014-15,16716,Jacksonville,ASUN,294,Jacksonville Dolphins,Jacksonville,Dolphins,JAX,Atlantic Sun Conference,46,exact
2014-15,16715,Jacksonville St.,OVC,55,Jacksonville State Gamecocks,Jacksonville State,Gamecocks,JXST,Conference USA,11,exact
2014-15,16717,James Madison,CAA,256,James Madison Dukes,James Madison,Dukes,JMU,Sun Belt Conference,27,exact
2014-15,16719,Kansas,Big 12,2305,Kansas Jayhawks,Kansas,Jayhawks,KU,Big 12 Conference,8,exact
2014-15,16931,Kansas City,WAC,140,Kansas City Roos,Kansas City,Roos,KC,Summit League,47,exact
2014-15,16718,Kansas St.,Big 12,2306,Kansas State Wildcats,Kansas State,Wildcats,KSU,Big 12 Conference,8,exact
2014-15,16926,Kennesaw St.,ASUN,338,Kennesaw State Owls,Kennesaw State,Owls,KENN,Conference USA,11,exact
2014-15,16720,Kent St.,MAC,2309,Kent State Golden Flashes,Kent State,Golden Flashes,KENT,Mid-American Conference,14,exact
2014-15,16721,Kentucky,SEC,96,Kentucky Wildcats,Kentucky,Wildcats,UK,Southeastern Conference,23,exact
2014-15,16727,LIU,NEC,112358,Long Island University Sharks,Long Island University,Sharks,LIU,Northeast Conference,19,exact
2014-15,16734,LMU (CA),WCC,2351,Loyola Marymount Lions,Loyola Marymount,Lions,LMU,West Coast Conference,29,dict
2014-15,16729,LSU,SEC,99,LSU Tigers,LSU,Tigers,LSU,Southeastern Conference,23,exact
2014-15,16722,La Salle,Atlantic 10,2325,La Salle Explorers,La Salle,Explorers,LAS,Atlantic 10 Conference,3,exact
2014-15,16723,Lafayette,Patriot,322,Lafayette Leopards,Lafayette,Leopards,LAF,Patriot League,22,exact
2014-15,16724,Lamar University,Southland,2320,Lamar Cardinals,Lamar,Cardinals,LAM,Southland Conference,25,dict
2014-15,16725,Lehigh,Patriot,2329,Lehigh Mountain Hawks,Lehigh,Mountain Hawks,LEH,Patriot League,22,exact
2014-15,16726,Liberty,Big South,2335,Liberty Flames,Liberty,Flames,LIB,Conference USA,11,exact
2014-15,16939,Lipscomb,ASUN,288,Lipscomb Bisons,Lipscomb,Bisons,LIP,Atlantic Sun Conference,46,exact
2014-15,16607,Little Rock,Sun Belt,2031,Little Rock Trojans,Little Rock,Trojans,LR,Ohio Valley Conference,20,exact
2014-15,16630,Long Beach St.,Big West,299,Long Beach State Beach,Long Beach State,Beach,LBSU,Big West Conference,9,exact
2014-15,16728,Longwood,Big South,2344,Longwood Lancers,Longwood,Lancers,LONG,Big South Conference,6,exact
2014-15,16863,Louisiana,Sun Belt,309,Louisiana Ragin' Cajuns,Louisiana,Ragin' Cajuns,UL,Sun Belt Conference,27,exact
2014-15,16730,Louisiana Tech,C-USA,2348,Louisiana Tech Bulldogs,Louisiana Tech,Bulldogs,LT,Conference USA,11,exact
2014-15,16731,Louisville,ACC,97,Louisville Cardinals,Louisville,Cardinals,LOU,Atlantic Coast Conference,2,exact
2014-15,16735,Loyola Chicago,MVC,2350,Loyola Chicago Ramblers,Loyola Chicago,Ramblers,LUC,Atlantic 10 Conference,3,exact
2014-15,16733,Loyola Maryland,Patriot,2352,Loyola Maryland Greyhounds,Loyola Maryland,Greyhounds,L-MD,Patriot League,22,exact
2014-15,16736,Maine,America East,311,Maine Black Bears,Maine,Black Bears,ME,America East Conference,1,exact
2014-15,16737,Manhattan,MAAC,2363,Manhattan Jaspers,Manhattan,Jaspers,MAN,Metro Conference,13,exact
2014-15,16738,Marist,MAAC,2368,Marist Red Foxes,Marist,Red Foxes,MRST,Metro Conference,13,exact
2014-15,16739,Marquette,Big East,269,Marquette Golden Eagles,Marquette,Golden Eagles,MARQ,Big East Conference,4,exact
2014-15,16740,Marshall,C-USA,276,Marshall Thundering Herd,Marshall,Thundering Herd,MRSH,Sun Belt Conference,27,exact
2014-15,16742,Maryland,Big Ten,120,Maryland Terrapins,Maryland,Terrapins,MD,Big Ten Conference,7,exact
2014-15,16744,Massachusetts,Atlantic 10,113,Massachusetts Minutemen,Massachusetts,Minutemen,MASS,Atlantic 10 Conference,3,exact
2014-15,16745,McNeese,Southland,2377,McNeese Cowboys,McNeese,Cowboys,MCN,Southland Conference,25,exact
2014-15,16746,Memphis,AAC,235,Memphis Tigers,Memphis,Tigers,MEM,American Conference,62,exact
2014-15,16747,Mercer,SoCon,2382,Mercer Bears,Mercer,Bears,MER,Southern Conference,24,exact
2014-15,16749,Miami (FL),ACC,2390,Miami Hurricanes,Miami,Hurricanes,MIA,Atlantic Coast Conference,2,dict
2014-15,16748,Miami (OH),MAC,193,Miami (OH) RedHawks,Miami (OH),RedHawks,M-OH,Mid-American Conference,14,exact
2014-15,16751,Michigan,Big Ten,130,Michigan Wolverines,Michigan,Wolverines,MICH,Big Ten Conference,7,exact
2014-15,16750,Michigan St.,Big Ten,127,Michigan State Spartans,Michigan State,Spartans,MSU,Big Ten Conference,7,exact
2014-15,16752,Middle Tenn.,C-USA,2393,Middle Tennessee Blue Raiders,Middle Tennessee,Blue Raiders,MTSU,Conference USA,11,exact
2014-15,16915,Milwaukee,Horizon,270,Milwaukee Panthers,Milwaukee,Panthers,MILW,Horizon League,45,exact
2014-15,16753,Minnesota,Big Ten,135,Minnesota Golden Gophers,Minnesota,Golden Gophers,MINN,Big Ten Conference,7,exact
2014-15,16754,Mississippi St.,SEC,344,Mississippi State Bulldogs,Mississippi State,Bulldogs,MSST,Southeastern Conference,23,exact
2014-15,16755,Mississippi Val.,SWAC,2400,Mississippi Valley State Delta Devils,Mississippi Valley State,Delta Devils,MVSU,Southwestern Athletic Conference,26,dict
2014-15,16757,Missouri,SEC,142,Missouri Tigers,Missouri,Tigers,MIZ,Southeastern Conference,23,exact
2014-15,16861,Missouri St.,MVC,2623,Missouri State Bears,Missouri State,Bears,MOST,Missouri Valley Conference,18,exact
2014-15,16758,Monmouth,MAAC,2405,Monmouth Hawks,Monmouth,Hawks,MONM,Coastal Athletic Association,10,exact
2014-15,16760,Montana,Big Sky,149,Montana Grizzlies,Montana,Grizzlies,MONT,Big Sky Conference,5,exact
2014-15,16759,Montana St.,Big Sky,147,Montana State Bobcats,Montana State,Bobcats,MTST,Big Sky Conference,5,exact
2014-15,16761,Morehead St.,OVC,2413,Morehead State Eagles,Morehead State,Eagles,MORE,Ohio Valley Conference,20,exact
2014-15,16762,Morgan St.,MEAC,2415,Morgan State Bears,Morgan State,Bears,MORG,Mid-Eastern Athletic Conference,16,exact
2014-15,16763,Mount St. Mary's,NEC,116,Mount St. Mary's Mountaineers,Mount St. Mary's,Mountaineers,MSM,Metro Conference,13,exact
2014-15,16764,Murray St.,OVC,93,Murray State Racers,Murray State,Racers,MUR,Missouri Valley Conference,18,exact
2014-15,16782,N.C. A&T,MEAC,2448,North Carolina A&T Aggies,North Carolina A&T,Aggies,NCAT,Coastal Athletic Association,10,exact
2014-15,16783,N.C. Central,MEAC,2428,North Carolina Central Eagles,North Carolina Central,Eagles,NCCU,Mid-Eastern Athletic Conference,16,exact
2014-15,16784,NC State,ACC,152,NC State Wolfpack,NC State,Wolfpack,NCSU,Atlantic Coast Conference,2,exact
2014-15,16775,NJIT,-,2885,NJIT Highlanders,NJIT,Highlanders,NJIT,America East Conference,1,exact
2014-15,16890,Navy,Patriot,2426,Navy Midshipmen,Navy,Midshipmen,NAVY,Patriot League,22,exact
2014-15,16770,Nebraska,Big Ten,158,Nebraska Cornhuskers,Nebraska,Cornhuskers,NEB,Big Ten Conference,7,exact
2014-15,16773,Nevada,Mountain West,2440,Nevada Wolf Pack,Nevada,Wolf Pack,NEV,Mountain West Conference,44,exact
2014-15,16774,New Hampshire,America East,160,New Hampshire Wildcats,New Hampshire,Wildcats,UNH,America East Conference,1,exact
2014-15,16777,New Mexico,Mountain West,167,New Mexico Lobos,New Mexico,Lobos,UNM,Mountain West Conference,44,exact
2014-15,16776,New Mexico St.,WAC,166,New Mexico State Aggies,New Mexico State,Aggies,NMSU,Conference USA,11,exact
2014-15,16778,New Orleans,Southland,2443,LSU New Orleans Privateers,LSU New Orleans,Privateers,NOLA,Southland Conference,25,exact
2014-15,16779,Niagara,MAAC,315,Niagara Purple Eagles,Niagara,Purple Eagles,NIA,Metro Conference,13,exact
2014-15,16780,Nicholls,Southland,2447,Nicholls Colonels,Nicholls,Colonels,NICH,Southland Conference,25,exact
2014-15,16781,Norfolk St.,MEAC,2450,Norfolk State Spartans,Norfolk State,Spartans,NORF,Mid-Eastern Athletic Conference,16,exact
2014-15,16766,North Carolina,ACC,153,North Carolina Tar Heels,North Carolina,Tar Heels,UNC,Atlantic Coast Conference,2,exact
2014-15,16786,North Dakota,Big Sky,155,North Dakota Fighting Hawks,North Dakota,Fighting Hawks,UND,Summit League,47,exact
2014-15,16785,North Dakota St.,Summit League,2449,North Dakota State Bison,North Dakota State,Bison,NDSU,Summit League,47,exact
2014-15,16932,North Florida,ASUN,2454,North Florida Ospreys,North Florida,Ospreys,UNF,Atlantic Sun Conference,46,exact
2014-15,16787,North Texas,C-USA,249,North Texas Mean Green,North Texas,Mean Green,UNT,American Conference,62,exact
2014-15,16789,Northeastern,CAA,111,Northeastern Huskies,Northeastern,Huskies,NE,Coastal Athletic Association,10,exact
2014-15,16790,Northern Ariz.,Big Sky,2464,Northern Arizona Lumberjacks,Northern Arizona,Lumberjacks,NAU,Big Sky Conference,5,exact
2014-15,16791,Northern Colo.,Big Sky,2458,Northern Colorado Bears,Northern Colorado,Bears,UNCO,Big Sky Conference,5,exact
2014-15,16792,Northern Ill.,MAC,2459,Northern Illinois Huskies,Northern Illinois,Huskies,NIU,Mid-American Conference,14,exact
2014-15,16794,Northern Ky.,ASUN,94,Northern Kentucky Norse,Northern Kentucky,Norse,NKU,Horizon League,45,exact
2014-15,16796,Northwestern,Big Ten,77,Northwestern Wildcats,Northwestern,Wildcats,NU,Big Ten Conference,7,exact
2014-15,16795,Northwestern St.,Southland,2466,Northwestern State Demons,Northwestern State,Demons,NWST,Southland Conference,25,exact
2014-15,16797,Notre Dame,ACC,87,Notre Dame Fighting Irish,Notre Dame,Fighting Irish,ND,Atlantic Coast Conference,2,exact
2014-15,16798,Oakland,Horizon,2473,Oakland Golden Grizzlies,Oakland,Golden Grizzlies,OAK,Horizon League,45,exact
2014-15,16800,Ohio,MAC,195,Ohio Bobcats,Ohio,Bobcats,OHIO,Mid-American Conference,14,exact
2014-15,16799,Ohio St.,Big Ten,194,Ohio State Buckeyes,Ohio State,Buckeyes,OSU,Big Ten Conference,7,exact
2014-15,16802,Oklahoma,Big 12,201,Oklahoma Sooners,Oklahoma,Sooners,OU,Southeastern Conference,23,exact
2014-15,16801,Oklahoma St.,Big 12,197,Oklahoma State Cowboys,Oklahoma State,Cowboys,OKST,Big 12 Conference,8,exact
2014-15,16803,Old Dominion,C-USA,295,Old Dominion Monarchs,Old Dominion,Monarchs,ODU,Sun Belt Conference,27,exact
2014-15,16756,Ole Miss,SEC,145,Ole Miss Rebels,Ole Miss,Rebels,MISS,Southeastern Conference,23,exact
2014-15,16771,Omaha,Summit League,2437,Omaha Mavericks,Omaha,Mavericks,OMA,Summit League,47,exact
2014-15,16804,Oral Roberts,Summit League,198,Oral Roberts Golden Eagles,Oral Roberts,Golden Eagles,ORU,Summit League,47,exact
2014-15,16806,Oregon,Pac-12,2483,Oregon Ducks,Oregon,Ducks,ORE,Big Ten Conference,7,exact
2014-15,16805,Oregon St.,Pac-12,204,Oregon State Beavers,Oregon State,Beavers,ORST,West Coast Conference,29,exact
2014-15,16807,Pacific,WCC,279,Pacific Tigers,Pacific,Tigers,PAC,West Coast Conference,29,exact
2014-15,16810,Penn,Ivy League,219,Pennsylvania Quakers,Pennsylvania,Quakers,PENN,Ivy League,12,exact
2014-15,16809,Penn St.,Big Ten,213,Penn State Nittany Lions,Penn State,Nittany Lions,PSU,Big Ten Conference,7,exact
2014-15,16811,Pepperdine,WCC,2492,Pepperdine Waves,Pepperdine,Waves,PEPP,West Coast Conference,29,exact
2014-15,16812,Pittsburgh,ACC,221,Pittsburgh Panthers,Pittsburgh,Panthers,PITT,Atlantic Coast Conference,2,exact
2014-15,16814,Portland,WCC,2501,Portland Pilots,Portland,Pilots,PORT,West Coast Conference,29,exact
2014-15,16813,Portland St.,Big Sky,2502,Portland State Vikings,Portland State,Vikings,PRST,Big Sky Conference,5,exact
2014-15,16815,Prairie View,SWAC,2504,Prairie View A&M Panthers,Prairie View A&M,Panthers,PV,Southwestern Athletic Conference,26,exact
2014-15,16927,Presbyterian,Big South,2506,Presbyterian Blue Hose,Presbyterian,Blue Hose,PRES,Big South Conference,6,exact
2014-15,16816,Princeton,Ivy League,163,Princeton Tigers,Princeton,Tigers,PRIN,Ivy League,12,exact
2014-15,16817,Providence,Big East,2507,Providence Friars,Providence,Friars,PROV,Big East Conference,4,exact
2014-15,16818,Purdue,Big Ten,2509,Purdue Boilermakers,Purdue,Boilermakers,PUR,Big Ten Conference,7,exact
2014-15,16710,Purdue Fort Wayne,Summit League,2870,Purdue Fort Wayne Mastodons,Purdue Fort Wayne,Mastodons,PFW,Horizon League,45,exact
2014-15,16819,Quinnipiac,MAAC,2514,Quinnipiac Bobcats,Quinnipiac,Bobcats,QUIN,Metro Conference,13,exact
2014-15,16820,Radford,Big South,2515,Radford Highlanders,Radford,Highlanders,RAD,Big South Conference,6,exact
2014-15,16821,Rhode Island,Atlantic 10,227,Rhode Island Rams,Rhode Island,Rams,URI,Atlantic 10 Conference,3,exact
2014-15,16822,Rice,C-USA,242,Rice Owls,Rice,Owls,RICE,American Conference,62,exact
2014-15,16823,Richmond,Atlantic 10,257,Richmond Spiders,Richmond,Spiders,RICH,Atlantic 10 Conference,3,exact
2014-15,16824,Rider,MAAC,2520,Rider Broncs,Rider,Broncs,RID,Metro Conference,13,exact
2014-15,16825,Robert Morris,NEC,2523,Robert Morris Colonials,Robert Morris,Colonials,RMU,Horizon League,45,exact
2014-15,16826,Rutgers,Big Ten,164,Rutgers Scarlet Knights,Rutgers,Scarlet Knights,RUTG,Big Ten Conference,7,exact
2014-15,16865,SFA,Southland,2617,Stephen F. Austin Lumberjacks,Stephen F. Austin,Lumberjacks,SFA,Southland Conference,25,exact
2014-15,16856,SIUE,OVC,2565,SIU Edwardsville Cougars,SIU Edwardsville,Cougars,SIUE,Ohio Valley Conference,20,exact
2014-15,16857,SMU,AAC,2567,SMU Mustangs,SMU,Mustangs,SMU,Atlantic Coast Conference,2,exact
2014-15,16632,Sacramento St.,Big Sky,16,Sacramento State Hornets,Sacramento State,Hornets,SAC,Big Sky Conference,5,exact
2014-15,16827,Sacred Heart,NEC,2529,Sacred Heart Pioneers,Sacred Heart,Pioneers,SHU,Metro Conference,13,exact
2014-15,16830,Saint Francis (PA),NEC,2598,St. Francis (PA) Red Flash,St. Francis (PA),Red Flash,SFPA,Northeast Conference,19,exact
2014-15,16832,Saint Joseph's,Atlantic 10,2603,Saint Joseph's Hawks,Saint Joseph's,Hawks,JOES,Atlantic 10 Conference,3,exact
2014-15,16833,Saint Louis,Atlantic 10,139,Saint Louis Billikens,Saint Louis,Billikens,SLU,Atlantic 10 Conference,3,exact
2014-15,16834,Saint Mary's (CA),WCC,2608,Saint Mary's Gaels,Saint Mary's,Gaels,SMC,West Coast Conference,29,dict
2014-15,16835,Saint Peter's,MAAC,2612,Saint Peter's Peacocks,Saint Peter's,Peacocks,SPU,Metro Conference,13,exact
2014-15,16836,Sam Houston,Southland,2534,Sam Houston Bearkats,Sam Houston,Bearkats,SHSU,Conference USA,11,exact
2014-15,16837,Samford,SoCon,2535,Samford Bulldogs,Samford,Bulldogs,SAM,Southern Conference,24,exact
2014-15,16839,San Diego,WCC,301,San Diego Toreros,San Diego,Toreros,USD,West Coast Conference,29,exact
2014-15,16838,San Diego St.,Mountain West,21,San Diego State Aztecs,San Diego State,Aztecs,SDSU,Mountain West Conference,44,exact
2014-15,16840,San Francisco,WCC,2539,San Francisco Dons,San Francisco,Dons,SF,West Coast Conference,29,exact
2014-15,16841,San Jose St.,Mountain West,23,San José State Spartans,San José State,Spartans,SJSU,Mountain West Conference,44,dict
2014-15,16842,Santa Clara,WCC,2541,Santa Clara Broncos,Santa Clara,Broncos,SCU,West Coast Conference,29,exact
2014-15,16843,Savannah St.,MEAC,2542,Savannah State Tigers,Savannah State,Tigers,SAV,,,alias
2014-15,16928,Seattle U,WAC,2547,Seattle U Redhawks,Seattle U,Redhawks,SEA,United Athletic Conference,30,exact
2014-15,16844,Seton Hall,Big East,2550,Seton Hall Pirates,Seton Hall,Pirates,HALL,Big East Conference,4,exact
2014-15,16845,Siena,MAAC,2561,Siena Saints,Siena,Saints,SIE,Metro Conference,13,exact
2014-15,16846,South Alabama,Sun Belt,6,South Alabama Jaguars,South Alabama,Jaguars,USA,Sun Belt Conference,27,exact
2014-15,16848,South Carolina,SEC,2579,South Carolina Gamecocks,South Carolina,Gamecocks,SC,Southeastern Conference,23,exact
2014-15,16847,South Carolina St.,MEAC,2569,South Carolina State Bulldogs,South Carolina State,Bulldogs,SCST,Mid-Eastern Athletic Conference,16,exact
2014-15,16850,South Dakota,Summit League,233,South Dakota Coyotes,South Dakota,Coyotes,SDAK,Summit League,47,exact
2014-15,16849,South Dakota St.,Summit League,2571,South Dakota State Jackrabbits,South Dakota State,Jackrabbits,SDST,Summit League,47,exact
2014-15,16851,South Fla.,AAC,58,South Florida Bulls,South Florida,Bulls,USF,American Conference,62,exact
2014-15,16852,Southeast Mo. St.,OVC,2546,Southeast Missouri State Redhawks,Southeast Missouri State,Redhawks,SEMO,Ohio Valley Conference,20,exact
2014-15,16853,Southeastern La.,Southland,2545,SE Louisiana Lions,SE Louisiana,Lions,SELA,Southland Conference,25,dict
2014-15,16854,Southern California,Pac-12,30,USC Trojans,USC,Trojans,USC,Big Ten Conference,7,dict
2014-15,16855,Southern Ill.,MVC,79,Southern Illinois Salukis,Southern Illinois,Salukis,SIU,Missouri Valley Conference,18,exact
2014-15,16858,Southern Miss.,C-USA,2572,Southern Miss Golden Eagles,Southern Miss,Golden Eagles,USM,Sun Belt Conference,27,dict
2014-15,16859,Southern U.,SWAC,2582,Southern Jaguars,Southern,Jaguars,SOU,Southwestern Athletic Conference,26,dict
2014-15,16860,Southern Utah,Big Sky,253,Southern Utah Thunderbirds,Southern Utah,Thunderbirds,SUU,United Athletic Conference,30,exact
2014-15,16828,St. Bonaventure,Atlantic 10,179,St. Bonaventure Bonnies,St. Bonaventure,Bonnies,SBU,Atlantic 10 Conference,3,exact
2014-15,16829,St. Francis Brooklyn,NEC,2597,St. Francis Brooklyn Terriers,St. Francis Brooklyn,Terriers,SFNY,,,exact
2014-15,16831,St. John's (NY),Big East,2599,St. John's Red Storm,St. John's,Red Storm,SJU,Big East Conference,4,dict
2014-15,16864,Stanford,Pac-12,24,Stanford Cardinal,Stanford,Cardinal,STAN,Atlantic Coast Conference,2,exact
2014-15,16866,Stetson,ASUN,56,Stetson Hatters,Stetson,Hatters,STET,Atlantic Sun Conference,46,exact
2014-15,16867,Stony Brook,America East,2619,Stony Brook Seawolves,Stony Brook,Seawolves,STBK,Coastal Athletic Association,10,exact
2014-15,16868,Syracuse,ACC,183,Syracuse Orange,Syracuse,Orange,SYR,Atlantic Coast Conference,2,exact
2014-15,16876,TCU,Big 12,2628,TCU Horned Frogs,TCU,Horned Frogs,TCU,Big 12 Conference,8,exact
2014-15,16869,Temple,AAC,218,Temple Owls,Temple,Owls,TEM,American Conference,62,exact
2014-15,16873,Tennessee,SEC,2633,Tennessee Volunteers,Tennessee,Volunteers,TENN,Southeastern Conference,23,exact
2014-15,16870,Tennessee St.,OVC,2634,Tennessee State Tigers,Tennessee State,Tigers,TNST,Ohio Valley Conference,20,exact
2014-15,16871,Tennessee Tech,OVC,2635,Tennessee Tech Golden Eagles,Tennessee Tech,Golden Eagles,TNTC,Ohio Valley Conference,20,exact
2014-15,16880,Texas,Big 12,251,Texas Longhorns,Texas,Longhorns,TEX,Southeastern Conference,23,exact
2014-15,16875,Texas A&M,SEC,245,Texas A&M Aggies,Texas A&M,Aggies,TA&M,Southeastern Conference,23,exact
2014-15,16877,Texas Southern,SWAC,2640,Texas Southern Tigers,Texas Southern,Tigers,TXSO,Southwestern Athletic Conference,26,exact
2014-15,16862,Texas St.,Sun Belt,326,Texas State Bobcats,Texas State,Bobcats,TXST,Sun Belt Conference,27,exact
2014-15,16878,Texas Tech,Big 12,2641,Texas Tech Red Raiders,Texas Tech,Red Raiders,TTU,Big 12 Conference,8,exact
2014-15,16883,Toledo,MAC,2649,Toledo Rockets,Toledo,Rockets,TOL,Mid-American Conference,14,exact
2014-15,16884,Towson,CAA,119,Towson Tigers,Towson,Tigers,TOW,Coastal Athletic Association,10,exact
2014-15,16885,Troy,Sun Belt,2653,Troy Trojans,Troy,Trojans,TROY,Sun Belt Conference,27,exact
2014-15,16886,Tulane,AAC,2655,Tulane Green Wave,Tulane,Green Wave,TULN,American Conference,62,exact
2014-15,16887,Tulsa,AAC,202,Tulsa Golden Hurricane,Tulsa,Golden Hurricane,TLSA,American Conference,62,exact
2014-15,16598,UAB,C-USA,5,UAB Blazers,UAB,Blazers,UAB,American Conference,62,exact
2014-15,16635,UC Davis,Big West,302,UC Davis Aggies,UC Davis,Aggies,UCD,Big West Conference,9,exact
2014-15,16636,UC Irvine,Big West,300,UC Irvine Anteaters,UC Irvine,Anteaters,UCI,Big West Conference,9,exact
2014-15,16638,UC Riverside,Big West,27,UC Riverside Highlanders,UC Riverside,Highlanders,UCR,Big West Conference,9,exact
2014-15,16633,UC Santa Barbara,Big West,2540,UC Santa Barbara Gauchos,UC Santa Barbara,Gauchos,UCSB,Big West Conference,9,exact
2014-15,16642,UCF,AAC,2116,UCF Knights,UCF,Knights,UCF,Big 12 Conference,8,exact
2014-15,16637,UCLA,Pac-12,26,UCLA Bruins,UCLA,Bruins,UCLA,Big Ten Conference,7,exact
2014-15,16653,UConn,AAC,41,UConn Huskies,UConn,Huskies,CONN,Big East Conference,4,exact
2014-15,16707,UIC,Horizon,82,UIC Flames,UIC,Flames,UIC,Missouri Valley Conference,18,exact
2014-15,16933,UIW,Southland,2916,Incarnate Word Cardinals,Incarnate Word,Cardinals,UIW,Southland Conference,25,exact
2014-15,16788,ULM,Sun Belt,2433,UL Monroe Warhawks,UL Monroe,Warhawks,ULM,Sun Belt Conference,27,exact
2014-15,16741,UMBC,America East,2378,UMBC Retrievers,UMBC,Retrievers,UMBC,America East Conference,1,exact
2014-15,16743,UMES,MEAC,2379,Maryland Eastern Shore Hawks,Maryland Eastern Shore,Hawks,UMES,Mid-Eastern Athletic Conference,16,exact
2014-15,16732,UMass Lowell,America East,2349,UMass Lowell River Hawks,UMass Lowell,River Hawks,UML,America East Conference,1,exact
2014-15,16765,UNC Asheville,Big South,2427,UNC Asheville Bulldogs,UNC Asheville,Bulldogs,UNCA,Big South Conference,6,exact
2014-15,16768,UNC Greensboro,SoCon,2430,UNC Greensboro Spartans,UNC Greensboro,Spartans,UNCG,Southern Conference,24,exact
2014-15,16769,UNCW,CAA,350,UNC Wilmington Seahawks,UNC Wilmington,Seahawks,UNCW,Coastal Athletic Association,10,exact
2014-15,16793,UNI,MVC,2460,Northern Iowa Panthers,Northern Iowa,Panthers,UNI,Missouri Valley Conference,18,exact
2014-15,16772,UNLV,Mountain West,2439,UNLV Rebels,UNLV,Rebels,UNLV,Mountain West Conference,44,exact
2014-15,16935,USC Upstate,ASUN,2908,South Carolina Upstate Spartans,South Carolina Upstate,Spartans,UPST,Big South Conference,6,dict
2014-15,16879,UT Arlington,Sun Belt,250,UT Arlington Mavericks,UT Arlington,Mavericks,UTA,United Athletic Conference,30,exact
2014-15,16874,UT Martin,OVC,2630,UT Martin Skyhawks,UT Martin,Skyhawks,UTM,Ohio Valley Conference,20,exact
2014-15,16881,UTEP,C-USA,2638,UTEP Miners,UTEP,Miners,UTEP,Conference USA,11,exact
2014-15,16808,UTRGV,WAC,292,UT Rio Grande Valley Vaqueros,UT Rio Grande Valley,Vaqueros,RGV,Southland Conference,25,dict
2014-15,16882,UTSA,C-USA,2636,UTSA Roadrunners,UTSA,Roadrunners,UTSA,American Conference,62,exact
2014-15,16892,Utah,Pac-12,254,Utah Utes,Utah,Utes,UTAH,Big 12 Conference,8,exact
2014-15,16891,Utah St.,Mountain West,328,Utah State Aggies,Utah State,Aggies,USU,Mountain West Conference,44,exact
2014-15,16941,Utah Valley,WAC,3084,Utah Valley Wolverines,Utah Valley,Wolverines,UVU,United Athletic Conference,30,exact
2014-15,16897,VCU,Atlantic 10,2670,VCU Rams,VCU,Rams,VCU,Atlantic 10 Conference,3,exact
2014-15,16893,Valparaiso,Horizon,2674,Valparaiso Beacons,Valparaiso,Beacons,VAL,Missouri Valley Conference,18,exact
2014-15,16894,Vanderbilt,SEC,238,Vanderbilt Commodores,Vanderbilt,Commodores,VAN,Southeastern Conference,23,exact
2014-15,16895,Vermont,America East,261,Vermont Catamounts,Vermont,Catamounts,UVM,America East Conference,1,exact
2014-15,16896,Villanova,Big East,222,Villanova Wildcats,Villanova,Wildcats,VILL,Big East Conference,4,exact
2014-15,16899,Virginia,ACC,258,Virginia Cavaliers,Virginia,Cavaliers,UVA,Atlantic Coast Conference,2,exact
2014-15,16898,Virginia Tech,ACC,259,Virginia Tech Hokies,Virginia Tech,Hokies,VT,Atlantic Coast Conference,2,exact
2014-15,16900,Wagner,NEC,2681,Wagner Seahawks,Wagner,Seahawks,WAG,Northeast Conference,19,exact
2014-15,16901,Wake Forest,ACC,154,Wake Forest Demon Deacons,Wake Forest,Demon Deacons,WAKE,Atlantic Coast Conference,2,exact
2014-15,16903,Washington,Pac-12,264,Washington Huskies,Washington,Huskies,WASH,Big Ten Conference,7,exact
2014-15,16902,Washington St.,Pac-12,265,Washington State Cougars,Washington State,Cougars,WSU,West Coast Conference,29,exact
2014-15,16904,Weber St.,Big Sky,2692,Weber State Wildcats,Weber State,Wildcats,WEB,Big Sky Conference,5,exact
2014-15,16905,West Virginia,Big 12,277,West Virginia Mountaineers,West Virginia,Mountaineers,WVU,Big 12 Conference,8,exact
2014-15,16906,Western Caro.,SoCon,2717,Western Carolina Catamounts,Western Carolina,Catamounts,WCU,Southern Conference,24,exact
2014-15,16907,Western Ill.,Summit League,2710,Western Illinois Leathernecks,Western Illinois,Leathernecks,WIU,Ohio Valley Conference,20,exact
2014-15,16908,Western Ky.,C-USA,98,Western Kentucky Hilltoppers,Western Kentucky,Hilltoppers,WKU,Conference USA,11,exact
2014-15,16909,Western Mich.,MAC,2711,Western Michigan Broncos,Western Michigan,Broncos,WMU,Mid-American Conference,14,exact
2014-15,16910,Wichita St.,MVC,2724,Wichita State Shockers,Wichita State,Shockers,WICH,American Conference,62,exact
2014-15,16911,William & Mary,CAA,2729,William & Mary Tribe,William & Mary,Tribe,W&M,Coastal Athletic Association,10,exact
2014-15,16912,Winthrop,Big South,2737,Winthrop Eagles,Winthrop,Eagles,WIN,Big South Conference,6,exact
2014-15,16914,Wisconsin,Big Ten,275,Wisconsin Badgers,Wisconsin,Badgers,WIS,Big Ten Conference,7,exact
2014-15,16934,Wofford,SoCon,2747,Wofford Terriers,Wofford,Terriers,WOF,Southern Conference,24,exact
2014-15,16916,Wright St.,Horizon,2750,Wright State Raiders,Wright State,Raiders,WRST,Horizon League,45,exact
2014-15,16917,Wyoming,Mountain West,2751,Wyoming Cowboys,Wyoming,Cowboys,WYO,Mountain West Conference,44,exact
2014-15,16918,Xavier,Big East,2752,Xavier Musketeers,Xavier,Musketeers,XAV,Big East Conference,4,exact
2014-15,16919,Yale,Ivy League,43,Yale Bulldogs,Yale,Bulldogs,YALE,Ivy League,12,exact
2014-15,16920,Youngstown St.,Horizon,2754,Youngstown State Penguins,Youngstown State,Penguins,YSU,Horizon League,45,exact
2015-16,23167,A&M-Corpus Christi,Southland,357,Texas A&M-Corpus Christi Islanders,Texas A&M-Corpus Christi,Islanders,AMCC,Southland Conference,25,dict
2015-16,22822,Abilene Christian,Southland,2000,Abilene Christian Wildcats,Abilene Christian,Wildcats,ACU,United Athletic Conference,30,exact
2015-16,23117,Air Force,Mountain West,2005,Air Force Falcons,Air Force,Falcons,AF,Mountain West Conference,44,exact
2015-16,22823,Akron,MAC,2006,Akron Zips,Akron,Zips,AKR,Mid-American Conference,14,exact
2015-16,22826,Alabama,SEC,333,Alabama Crimson Tide,Alabama,Crimson Tide,ALA,Southeastern Conference,23,exact
2015-16,22824,Alabama A&M,SWAC,2010,Alabama A&M Bulldogs,Alabama A&M,Bulldogs,AAMU,Southwestern Athletic Conference,26,exact
2015-16,22825,Alabama St.,SWAC,2011,Alabama State Hornets,Alabama State,Hornets,ALST,Southwestern Athletic Conference,26,exact
2015-16,22828,Albany (NY),America East,399,UAlbany Great Danes,UAlbany,Great Danes,UALB,America East Conference,1,alias
2015-16,22829,Alcorn,SWAC,2016,Alcorn State Braves,Alcorn State,Braves,ALCN,Southwestern Athletic Conference,26,dict
2015-16,22830,American,Patriot,44,American University Eagles,American University,Eagles,AMER,Patriot League,22,exact
2015-16,22831,App State,Sun Belt,2026,App State Mountaineers,App State,Mountaineers,APP,Sun Belt Conference,27,exact
2015-16,22833,Arizona,Pac-12,12,Arizona Wildcats,Arizona,Wildcats,ARIZ,Big 12 Conference,8,exact
2015-16,22832,Arizona St.,Pac-12,9,Arizona State Sun Devils,Arizona State,Sun Devils,ASU,Big 12 Conference,8,exact
2015-16,23158,Ark.-Pine Bluff,SWAC,2029,Arkansas-Pine Bluff Golden Lions,Arkansas-Pine Bluff,Golden Lions,UAPB,Southwestern Athletic Conference,26,dict
2015-16,22835,Arkansas,SEC,8,Arkansas Razorbacks,Arkansas,Razorbacks,ARK,Southeastern Conference,23,exact
2015-16,22834,Arkansas St.,Sun Belt,2032,Arkansas State Red Wolves,Arkansas State,Red Wolves,ARST,Sun Belt Conference,27,exact
2015-16,23118,Army West Point,Patriot,349,Army Black Knights,Army,Black Knights,ARMY,Patriot League,22,dict
2015-16,22837,Auburn,SEC,2,Auburn Tigers,Auburn,Tigers,AUB,Southeastern Conference,23,exact
2015-16,22838,Austin Peay,OVC,2046,Austin Peay Governors,Austin Peay,Governors,APSU,Atlantic Sun Conference,46,exact
2015-16,22849,BYU,WCC,252,BYU Cougars,BYU,Cougars,BYU,Big 12 Conference,8,exact
2015-16,22839,Ball St.,MAC,2050,Ball State Cardinals,Ball State,Cardinals,BALL,Mid-American Conference,14,exact
2015-16,22841,Baylor,Big 12,239,Baylor Bears,Baylor,Bears,BAY,Big 12 Conference,8,exact
2015-16,23165,Belmont,OVC,2057,Belmont Bruins,Belmont,Bruins,BEL,Missouri Valley Conference,18,exact
2015-16,22842,Bethune-Cookman,MEAC,2065,Bethune-Cookman Wildcats,Bethune-Cookman,Wildcats,BCU,Southwestern Athletic Conference,26,exact
2015-16,22843,Binghamton,America East,2066,Binghamton Bearcats,Binghamton,Bearcats,BING,America East Conference,1,exact
2015-16,22844,Boise St.,Mountain West,68,Boise State Broncos,Boise State,Broncos,BOIS,Mountain West Conference,44,exact
2015-16,22845,Boston College,ACC,103,Boston College Eagles,Boston College,Eagles,BC,Atlantic Coast Conference,2,exact
2015-16,22846,Boston U.,Patriot,104,Boston University Terriers,Boston University,Terriers,BU,Patriot League,22,exact
2015-16,22847,Bowling Green,MAC,189,Bowling Green Falcons,Bowling Green,Falcons,BGSU,Mid-American Conference,14,exact
2015-16,22848,Bradley,MVC,71,Bradley Braves,Bradley,Braves,BRAD,Missouri Valley Conference,18,exact
2015-16,22850,Brown,Ivy League,225,Brown Bears,Brown,Bears,BRWN,Ivy League,12,exact
2015-16,22851,Bryant,NEC,2803,Bryant Bulldogs,Bryant,Bulldogs,BRY,America East Conference,1,exact
2015-16,22852,Bucknell,Patriot,2083,Bucknell Bison,Bucknell,Bison,BUCK,Patriot League,22,exact
2015-16,22853,Buffalo,MAC,2084,Buffalo Bulls,Buffalo,Bulls,BUF,Mid-American Conference,14,exact
2015-16,22854,Butler,Big East,2086,Butler Bulldogs,Butler,Bulldogs,BTLR,Big East Conference,4,exact
2015-16,22856,CSU Bakersfield,WAC,2934,Cal State Bakersfield Roadrunners,Cal State Bakersfield,Roadrunners,CSUB,Big West Conference,9,alias
2015-16,22860,CSUN,Big West,2463,Cal State Northridge Matadors,Cal State Northridge,Matadors,CSUN,Big West Conference,9,exact
2015-16,22855,Cal Poly,Big West,13,Cal Poly Mustangs,Cal Poly,Mustangs,CP,Big West Conference,9,exact
2015-16,22858,Cal St. Fullerton,Big West,2239,Cal State Fullerton Titans,Cal State Fullerton,Titans,CSUF,Big West Conference,9,exact
2015-16,22863,California,Pac-12,25,California Golden Bears,California,Golden Bears,CAL,Atlantic Coast Conference,2,exact
2015-16,22868,Campbell,Big South,2097,Campbell Fighting Camels,Campbell,Fighting Camels,CAM,Coastal Athletic Association,10,exact
2015-16,22869,Canisius,MAAC,2099,Canisius Golden Griffins,Canisius,Golden Griffins,CAN,Metro Conference,13,exact
2015-16,23150,Central Ark.,Southland,2110,Central Arkansas Bears,Central Arkansas,Bears,CARK,Atlantic Sun Conference,46,exact
2015-16,22870,Central Conn. St.,NEC,2115,Central Connecticut Blue Devils,Central Connecticut,Blue Devils,CCSU,Northeast Conference,19,dict
2015-16,22872,Central Mich.,MAC,2117,Central Michigan Chippewas,Central Michigan,Chippewas,CMU,Mid-American Conference,14,exact
2015-16,22840,Charleston So.,Big South,2127,Charleston Southern Buccaneers,Charleston Southern,Buccaneers,CHSO,Big South Conference,6,exact
2015-16,22996,Charlotte,C-USA,2429,Charlotte 49ers,Charlotte,49ers,CLT,American Conference,62,exact
2015-16,23101,Chattanooga,SoCon,236,Chattanooga Mocs,Chattanooga,Mocs,UTC,Southern Conference,24,exact
2015-16,22873,Chicago St.,WAC,2130,Chicago State Cougars,Chicago State,Cougars,CHST,Northeast Conference,19,exact
2015-16,22874,Cincinnati,AAC,2132,Cincinnati Bearcats,Cincinnati,Bearcats,CIN,Big 12 Conference,8,exact
2015-16,22875,Clemson,ACC,228,Clemson Tigers,Clemson,Tigers,CLEM,Atlantic Coast Conference,2,exact
2015-16,22876,Cleveland St.,Horizon,325,Cleveland State Vikings,Cleveland State,Vikings,CLE,Horizon League,45,exact
2015-16,22877,Coastal Carolina,Big South,324,Coastal Carolina Chanticleers,Coastal Carolina,Chanticleers,CCU,Sun Belt Conference,27,exact
2015-16,23151,Col. of Charleston,CAA,232,Charleston Cougars,Charleston,Cougars,COFC,Coastal Athletic Association,10,dict
2015-16,22878,Colgate,Patriot,2142,Colgate Raiders,Colgate,Raiders,COLG,Patriot League,22,exact
2015-16,22880,Colorado,Pac-12,38,Colorado Buffaloes,Colorado,Buffaloes,COLO,Big 12 Conference,8,exact
2015-16,22879,Colorado St.,Mountain West,36,Colorado State Rams,Colorado State,Rams,CSU,Mountain West Conference,44,exact
2015-16,22881,Columbia,Ivy League,171,Columbia Lions,Columbia,Lions,COLU,Ivy League,12,exact
2015-16,22883,Coppin St.,MEAC,2154,Coppin State Eagles,Coppin State,Eagles,COPP,Mid-Eastern Athletic Conference,16,exact
2015-16,22884,Cornell,Ivy League,172,Cornell Big Red,Cornell,Big Red,COR,Ivy League,12,exact
2015-16,22885,Creighton,Big East,156,Creighton Bluejays,Creighton,Bluejays,CREI,Big East Conference,4,exact
2015-16,22886,Dartmouth,Ivy League,159,Dartmouth Big Green,Dartmouth,Big Green,DART,Ivy League,12,exact
2015-16,22887,Davidson,Atlantic 10,2166,Davidson Wildcats,Davidson,Wildcats,DAV,Atlantic 10 Conference,3,exact
2015-16,22888,Dayton,Atlantic 10,2168,Dayton Flyers,Dayton,Flyers,DAY,Atlantic 10 Conference,3,exact
2015-16,22889,DePaul,Big East,305,DePaul Blue Demons,DePaul,Blue Demons,DEP,Big East Conference,4,exact
2015-16,22891,Delaware,CAA,48,Delaware Blue Hens,Delaware,Blue Hens,DEL,Coastal Athletic Association,10,exact
2015-16,22890,Delaware St.,MEAC,2169,Delaware State Hornets,Delaware State,Hornets,DSU,Mid-Eastern Athletic Conference,16,exact
2015-16,22892,Denver,Summit League,2172,Denver Pioneers,Denver,Pioneers,DEN,Summit League,47,exact
2015-16,22893,Detroit Mercy,Horizon,2174,Detroit Mercy Titans,Detroit Mercy,Titans,DETM,Horizon League,45,exact
2015-16,22894,Drake,MVC,2181,Drake Bulldogs,Drake,Bulldogs,DRKE,Missouri Valley Conference,18,exact
2015-16,22895,Drexel,CAA,2182,Drexel Dragons,Drexel,Dragons,DREX,Coastal Athletic Association,10,exact
2015-16,22896,Duke,ACC,150,Duke Blue Devils,Duke,Blue Devils,DUKE,Atlantic Coast Conference,2,exact
2015-16,22897,Duquesne,Atlantic 10,2184,Duquesne Dukes,Duquesne,Dukes,DUQ,Atlantic 10 Conference,3,exact
2015-16,22899,ETSU,SoCon,2193,East Tennessee State Buccaneers,East Tennessee State,Buccaneers,ETSU,Southern Conference,24,exact
2015-16,22898,East Carolina,AAC,151,East Carolina Pirates,East Carolina,Pirates,ECU,American Conference,62,exact
2015-16,22900,Eastern Ill.,OVC,2197,Eastern Illinois Panthers,Eastern Illinois,Panthers,EIU,Ohio Valley Conference,20,exact
2015-16,22901,Eastern Ky.,OVC,2198,Eastern Kentucky Colonels,Eastern Kentucky,Colonels,EKU,Atlantic Sun Conference,46,exact
2015-16,22902,Eastern Mich.,MAC,2199,Eastern Michigan Eagles,Eastern Michigan,Eagles,EMU,Mid-American Conference,14,exact
2015-16,22903,Eastern Wash.,Big Sky,331,Eastern Washington Eagles,Eastern Washington,Eagles,EWU,Big Sky Conference,5,exact
2015-16,23152,Elon,CAA,2210,Elon Phoenix,Elon,Phoenix,ELON,Coastal Athletic Association,10,exact
2015-16,22904,Evansville,MVC,339,Evansville Purple Aces,Evansville,Purple Aces,EVAN,Missouri Valley Conference,18,exact
2015-16,23169,FGCU,ASUN,526,Florida Gulf Coast Eagles,Florida Gulf Coast,Eagles,FGCU,Atlantic Sun Conference,46,exact
2015-16,22909,FIU,C-USA,2229,Florida International Panthers,Florida International,Panthers,FIU,Conference USA,11,exact
2015-16,22905,Fairfield,MAAC,2217,Fairfield Stags,Fairfield,Stags,FAIR,Metro Conference,13,exact
2015-16,22906,Fairleigh Dickinson,NEC,161,Fairleigh Dickinson Knights,Fairleigh Dickinson,Knights,FDU,Northeast Conference,19,exact
2015-16,22908,Fla. Atlantic,C-USA,2226,Florida Atlantic Owls,Florida Atlantic,Owls,FAU,American Conference,62,exact
2015-16,22911,Florida,SEC,57,Florida Gators,Florida,Gators,FLA,Southeastern Conference,23,exact
2015-16,22907,Florida A&M,MEAC,50,Florida A&M Rattlers,Florida A&M,Rattlers,FAMU,Southwestern Athletic Conference,26,exact
2015-16,22910,Florida St.,ACC,52,Florida State Seminoles,Florida State,Seminoles,FSU,Atlantic Coast Conference,2,exact
2015-16,22912,Fordham,Atlantic 10,2230,Fordham Rams,Fordham,Rams,FOR,Atlantic 10 Conference,3,exact
2015-16,22857,Fresno St.,Mountain West,278,Fresno State Bulldogs,Fresno State,Bulldogs,FRES,Mountain West Conference,44,exact
2015-16,22913,Furman,SoCon,231,Furman Paladins,Furman,Paladins,FUR,Southern Conference,24,exact
2015-16,22917,Ga. Southern,Sun Belt,290,Georgia Southern Eagles,Georgia Southern,Eagles,GASO,Sun Belt Conference,27,exact
2015-16,23153,Gardner-Webb,Big South,2241,Gardner-Webb Runnin' Bulldogs,Gardner-Webb,Runnin' Bulldogs,GWEB,Big South Conference,6,exact
2015-16,22914,George Mason,Atlantic 10,2244,George Mason Patriots,George Mason,Patriots,GMU,Atlantic 10 Conference,3,exact
2015-16,22915,George Washington,Atlantic 10,45,George Washington Revolutionaries,George Washington,Revolutionaries,GW,Atlantic 10 Conference,3,exact
2015-16,22916,Georgetown,Big East,46,Georgetown Hoyas,Georgetown,Hoyas,GTWN,Big East Conference,4,exact
2015-16,22920,Georgia,SEC,61,Georgia Bulldogs,Georgia,Bulldogs,UGA,Southeastern Conference,23,exact
2015-16,22918,Georgia St.,Sun Belt,2247,Georgia State Panthers,Georgia State,Panthers,GAST,Sun Belt Conference,27,exact
2015-16,22919,Georgia Tech,ACC,59,Georgia Tech Yellow Jackets,Georgia Tech,Yellow Jackets,GT,Atlantic Coast Conference,2,exact
2015-16,22921,Gonzaga,WCC,2250,Gonzaga Bulldogs,Gonzaga,Bulldogs,GONZ,West Coast Conference,29,exact
2015-16,22922,Grambling,SWAC,2755,Grambling Tigers,Grambling,Tigers,GRAM,Southwestern Athletic Conference,26,exact
2015-16,23154,Grand Canyon,WAC,2253,Grand Canyon Lopes,Grand Canyon,Lopes,GCU,United Athletic Conference,30,exact
2015-16,23142,Green Bay,Horizon,2739,Green Bay Phoenix,Green Bay,Phoenix,GB,Horizon League,45,exact
2015-16,22923,Hampton,MEAC,2261,Hampton Pirates,Hampton,Pirates,HAMP,Coastal Athletic Association,10,exact
2015-16,22924,Hartford,America East,42,Hartford Hawks,Hartford,Hawks,HART,,,exact
2015-16,22925,Harvard,Ivy League,108,Harvard Crimson,Harvard,Crimson,HARV,Ivy League,12,exact
2015-16,22926,Hawaii,Big West,62,Hawai'i Rainbow Warriors,Hawai'i,Rainbow Warriors,HAW,Big West Conference,9,dict
2015-16,23166,High Point,Big South,2272,High Point Panthers,High Point,Panthers,HPU,Big South Conference,6,exact
2015-16,22927,Hofstra,CAA,2275,Hofstra Pride,Hofstra,Pride,HOF,Coastal Athletic Association,10,exact
2015-16,22928,Holy Cross,Patriot,107,Holy Cross Crusaders,Holy Cross,Crusaders,HC,Patriot League,22,exact
2015-16,22930,Houston,AAC,248,Houston Cougars,Houston,Cougars,HOU,Big 12 Conference,8,exact
2015-16,22929,Houston Baptist,Southland,2277,Houston Christian Huskies,Houston Christian,Huskies,HCU,Southland Conference,25,alias
2015-16,22931,Howard,MEAC,47,Howard Bison,Howard,Bison,HOW,Mid-Eastern Athletic Conference,16,exact
2015-16,23159,IUPUI,Summit League,85,IU Indianapolis Jaguars,IU Indianapolis,Jaguars,IUIN,Horizon League,45,alias
2015-16,22933,Idaho,Big Sky,70,Idaho Vandals,Idaho,Vandals,IDHO,Big Sky Conference,5,exact
2015-16,22932,Idaho St.,Big Sky,304,Idaho State Bengals,Idaho State,Bengals,IDST,Big Sky Conference,5,exact
2015-16,22935,Illinois,Big Ten,356,Illinois Fighting Illini,Illinois,Fighting Illini,ILL,Big Ten Conference,7,exact
2015-16,22934,Illinois St.,MVC,2287,Illinois State Redbirds,Illinois State,Redbirds,ILST,Missouri Valley Conference,18,exact
2015-16,22938,Indiana,Big Ten,84,Indiana Hoosiers,Indiana,Hoosiers,IU,Big Ten Conference,7,exact
2015-16,22937,Indiana St.,MVC,282,Indiana State Sycamores,Indiana State,Sycamores,INST,Missouri Valley Conference,18,exact
2015-16,22940,Iona,MAAC,314,Iona Gaels,Iona,Gaels,IONA,Metro Conference,13,exact
2015-16,22942,Iowa,Big Ten,2294,Iowa Hawkeyes,Iowa,Hawkeyes,IOWA,Big Ten Conference,7,exact
2015-16,22941,Iowa St.,Big 12,66,Iowa State Cyclones,Iowa State,Cyclones,ISU,Big 12 Conference,8,exact
2015-16,22943,Jackson St.,SWAC,2296,Jackson State Tigers,Jackson State,Tigers,JKST,Southwestern Athletic Conference,26,exact
2015-16,22945,Jacksonville,ASUN,294,Jacksonville Dolphins,Jacksonville,Dolphins,JAX,Atlantic Sun Conference,46,exact
2015-16,22944,Jacksonville St.,OVC,55,Jacksonville State Gamecocks,Jacksonville State,Gamecocks,JXST,Conference USA,11,exact
2015-16,22946,James Madison,CAA,256,James Madison Dukes,James Madison,Dukes,JMU,Sun Belt Conference,27,exact
2015-16,22948,Kansas,Big 12,2305,Kansas Jayhawks,Kansas,Jayhawks,KU,Big 12 Conference,8,exact
2015-16,23160,Kansas City,WAC,140,Kansas City Roos,Kansas City,Roos,KC,Summit League,47,exact
2015-16,22947,Kansas St.,Big 12,2306,Kansas State Wildcats,Kansas State,Wildcats,KSU,Big 12 Conference,8,exact
2015-16,23155,Kennesaw St.,ASUN,338,Kennesaw State Owls,Kennesaw State,Owls,KENN,Conference USA,11,exact
2015-16,22949,Kent St.,MAC,2309,Kent State Golden Flashes,Kent State,Golden Flashes,KENT,Mid-American Conference,14,exact
2015-16,22950,Kentucky,SEC,96,Kentucky Wildcats,Kentucky,Wildcats,UK,Southeastern Conference,23,exact
2015-16,22956,LIU,NEC,112358,Long Island University Sharks,Long Island University,Sharks,LIU,Northeast Conference,19,exact
2015-16,22963,LMU (CA),WCC,2351,Loyola Marymount Lions,Loyola Marymount,Lions,LMU,West Coast Conference,29,dict
2015-16,22958,LSU,SEC,99,LSU Tigers,LSU,Tigers,LSU,Southeastern Conference,23,exact
2015-16,22951,La Salle,Atlantic 10,2325,La Salle Explorers,La Salle,Explorers,LAS,Atlantic 10 Conference,3,exact
2015-16,22952,Lafayette,Patriot,322,Lafayette Leopards,Lafayette,Leopards,LAF,Patriot League,22,exact
2015-16,22953,Lamar University,Southland,2320,Lamar Cardinals,Lamar,Cardinals,LAM,Southland Conference,25,dict
2015-16,22954,Lehigh,Patriot,2329,Lehigh Mountain Hawks,Lehigh,Mountain Hawks,LEH,Patriot League,22,exact
2015-16,22955,Liberty,Big South,2335,Liberty Flames,Liberty,Flames,LIB,Conference USA,11,exact
2015-16,23168,Lipscomb,ASUN,288,Lipscomb Bisons,Lipscomb,Bisons,LIP,Atlantic Sun Conference,46,exact
2015-16,22836,Little Rock,Sun Belt,2031,Little Rock Trojans,Little Rock,Trojans,LR,Ohio Valley Conference,20,exact
2015-16,22859,Long Beach St.,Big West,299,Long Beach State Beach,Long Beach State,Beach,LBSU,Big West Conference,9,exact
2015-16,22957,Longwood,Big South,2344,Longwood Lancers,Longwood,Lancers,LONG,Big South Conference,6,exact
2015-16,23092,Louisiana,Sun Belt,309,Louisiana Ragin' Cajuns,Louisiana,Ragin' Cajuns,UL,Sun Belt Conference,27,exact
2015-16,22959,Louisiana Tech,C-USA,2348,Louisiana Tech Bulldogs,Louisiana Tech,Bulldogs,LT,Conference USA,11,exact
2015-16,22960,Louisville,ACC,97,Louisville Cardinals,Louisville,Cardinals,LOU,Atlantic Coast Conference,2,exact
2015-16,22964,Loyola Chicago,MVC,2350,Loyola Chicago Ramblers,Loyola Chicago,Ramblers,LUC,Atlantic 10 Conference,3,exact
2015-16,22962,Loyola Maryland,Patriot,2352,Loyola Maryland Greyhounds,Loyola Maryland,Greyhounds,L-MD,Patriot League,22,exact
2015-16,22965,Maine,America East,311,Maine Black Bears,Maine,Black Bears,ME,America East Conference,1,exact
2015-16,22966,Manhattan,MAAC,2363,Manhattan Jaspers,Manhattan,Jaspers,MAN,Metro Conference,13,exact
2015-16,22967,Marist,MAAC,2368,Marist Red Foxes,Marist,Red Foxes,MRST,Metro Conference,13,exact
2015-16,22968,Marquette,Big East,269,Marquette Golden Eagles,Marquette,Golden Eagles,MARQ,Big East Conference,4,exact
2015-16,22969,Marshall,C-USA,276,Marshall Thundering Herd,Marshall,Thundering Herd,MRSH,Sun Belt Conference,27,exact
2015-16,22971,Maryland,Big Ten,120,Maryland Terrapins,Maryland,Terrapins,MD,Big Ten Conference,7,exact
2015-16,22973,Massachusetts,Atlantic 10,113,Massachusetts Minutemen,Massachusetts,Minutemen,MASS,Atlantic 10 Conference,3,exact
2015-16,22974,McNeese,Southland,2377,McNeese Cowboys,McNeese,Cowboys,MCN,Southland Conference,25,exact
2015-16,22975,Memphis,AAC,235,Memphis Tigers,Memphis,Tigers,MEM,American Conference,62,exact
2015-16,22976,Mercer,SoCon,2382,Mercer Bears,Mercer,Bears,MER,Southern Conference,24,exact
2015-16,22978,Miami (FL),ACC,2390,Miami Hurricanes,Miami,Hurricanes,MIA,Atlantic Coast Conference,2,dict
2015-16,22977,Miami (OH),MAC,193,Miami (OH) RedHawks,Miami (OH),RedHawks,M-OH,Mid-American Conference,14,exact
2015-16,22980,Michigan,Big Ten,130,Michigan Wolverines,Michigan,Wolverines,MICH,Big Ten Conference,7,exact
2015-16,22979,Michigan St.,Big Ten,127,Michigan State Spartans,Michigan State,Spartans,MSU,Big Ten Conference,7,exact
2015-16,22981,Middle Tenn.,C-USA,2393,Middle Tennessee Blue Raiders,Middle Tennessee,Blue Raiders,MTSU,Conference USA,11,exact
2015-16,23144,Milwaukee,Horizon,270,Milwaukee Panthers,Milwaukee,Panthers,MILW,Horizon League,45,exact
2015-16,22982,Minnesota,Big Ten,135,Minnesota Golden Gophers,Minnesota,Golden Gophers,MINN,Big Ten Conference,7,exact
2015-16,22983,Mississippi St.,SEC,344,Mississippi State Bulldogs,Mississippi State,Bulldogs,MSST,Southeastern Conference,23,exact
2015-16,22984,Mississippi Val.,SWAC,2400,Mississippi Valley State Delta Devils,Mississippi Valley State,Delta Devils,MVSU,Southwestern Athletic Conference,26,dict
2015-16,22986,Missouri,SEC,142,Missouri Tigers,Missouri,Tigers,MIZ,Southeastern Conference,23,exact
2015-16,23090,Missouri St.,MVC,2623,Missouri State Bears,Missouri State,Bears,MOST,Missouri Valley Conference,18,exact
2015-16,22987,Monmouth,MAAC,2405,Monmouth Hawks,Monmouth,Hawks,MONM,Coastal Athletic Association,10,exact
2015-16,22989,Montana,Big Sky,149,Montana Grizzlies,Montana,Grizzlies,MONT,Big Sky Conference,5,exact
2015-16,22988,Montana St.,Big Sky,147,Montana State Bobcats,Montana State,Bobcats,MTST,Big Sky Conference,5,exact
2015-16,22990,Morehead St.,OVC,2413,Morehead State Eagles,Morehead State,Eagles,MORE,Ohio Valley Conference,20,exact
2015-16,22991,Morgan St.,MEAC,2415,Morgan State Bears,Morgan State,Bears,MORG,Mid-Eastern Athletic Conference,16,exact
2015-16,22992,Mount St. Mary's,NEC,116,Mount St. Mary's Mountaineers,Mount St. Mary's,Mountaineers,MSM,Metro Conference,13,exact
2015-16,22993,Murray St.,OVC,93,Murray State Racers,Murray State,Racers,MUR,Missouri Valley Conference,18,exact
2015-16,23011,N.C. A&T,MEAC,2448,North Carolina A&T Aggies,North Carolina A&T,Aggies,NCAT,Coastal Athletic Association,10,exact
2015-16,23012,N.C. Central,MEAC,2428,North Carolina Central Eagles,North Carolina Central,Eagles,NCCU,Mid-Eastern Athletic Conference,16,exact
2015-16,23013,NC State,ACC,152,NC State Wolfpack,NC State,Wolfpack,NCSU,Atlantic Coast Conference,2,exact
2015-16,23004,NJIT,ASUN,2885,NJIT Highlanders,NJIT,Highlanders,NJIT,America East Conference,1,exact
2015-16,23119,Navy,Patriot,2426,Navy Midshipmen,Navy,Midshipmen,NAVY,Patriot League,22,exact
2015-16,22999,Nebraska,Big Ten,158,Nebraska Cornhuskers,Nebraska,Cornhuskers,NEB,Big Ten Conference,7,exact
2015-16,23002,Nevada,Mountain West,2440,Nevada Wolf Pack,Nevada,Wolf Pack,NEV,Mountain West Conference,44,exact
2015-16,23003,New Hampshire,America East,160,New Hampshire Wildcats,New Hampshire,Wildcats,UNH,America East Conference,1,exact
2015-16,23006,New Mexico,Mountain West,167,New Mexico Lobos,New Mexico,Lobos,UNM,Mountain West Conference,44,exact
2015-16,23005,New Mexico St.,WAC,166,New Mexico State Aggies,New Mexico State,Aggies,NMSU,Conference USA,11,exact
2015-16,23007,New Orleans,Southland,2443,LSU New Orleans Privateers,LSU New Orleans,Privateers,NOLA,Southland Conference,25,exact
2015-16,23008,Niagara,MAAC,315,Niagara Purple Eagles,Niagara,Purple Eagles,NIA,Metro Conference,13,exact
2015-16,23009,Nicholls,Southland,2447,Nicholls Colonels,Nicholls,Colonels,NICH,Southland Conference,25,exact
2015-16,23010,Norfolk St.,MEAC,2450,Norfolk State Spartans,Norfolk State,Spartans,NORF,Mid-Eastern Athletic Conference,16,exact
2015-16,22995,North Carolina,ACC,153,North Carolina Tar Heels,North Carolina,Tar Heels,UNC,Atlantic Coast Conference,2,exact
2015-16,23015,North Dakota,Big Sky,155,North Dakota Fighting Hawks,North Dakota,Fighting Hawks,UND,Summit League,47,exact
2015-16,23014,North Dakota St.,Summit League,2449,North Dakota State Bison,North Dakota State,Bison,NDSU,Summit League,47,exact
2015-16,23161,North Florida,ASUN,2454,North Florida Ospreys,North Florida,Ospreys,UNF,Atlantic Sun Conference,46,exact
2015-16,23016,North Texas,C-USA,249,North Texas Mean Green,North Texas,Mean Green,UNT,American Conference,62,exact
2015-16,23018,Northeastern,CAA,111,Northeastern Huskies,Northeastern,Huskies,NE,Coastal Athletic Association,10,exact
2015-16,23019,Northern Ariz.,Big Sky,2464,Northern Arizona Lumberjacks,Northern Arizona,Lumberjacks,NAU,Big Sky Conference,5,exact
2015-16,23020,Northern Colo.,Big Sky,2458,Northern Colorado Bears,Northern Colorado,Bears,UNCO,Big Sky Conference,5,exact
2015-16,23021,Northern Ill.,MAC,2459,Northern Illinois Huskies,Northern Illinois,Huskies,NIU,Mid-American Conference,14,exact
2015-16,23023,Northern Ky.,Horizon,94,Northern Kentucky Norse,Northern Kentucky,Norse,NKU,Horizon League,45,exact
2015-16,23025,Northwestern,Big Ten,77,Northwestern Wildcats,Northwestern,Wildcats,NU,Big Ten Conference,7,exact
2015-16,23024,Northwestern St.,Southland,2466,Northwestern State Demons,Northwestern State,Demons,NWST,Southland Conference,25,exact
2015-16,23026,Notre Dame,ACC,87,Notre Dame Fighting Irish,Notre Dame,Fighting Irish,ND,Atlantic Coast Conference,2,exact
2015-16,23027,Oakland,Horizon,2473,Oakland Golden Grizzlies,Oakland,Golden Grizzlies,OAK,Horizon League,45,exact
2015-16,23029,Ohio,MAC,195,Ohio Bobcats,Ohio,Bobcats,OHIO,Mid-American Conference,14,exact
2015-16,23028,Ohio St.,Big Ten,194,Ohio State Buckeyes,Ohio State,Buckeyes,OSU,Big Ten Conference,7,exact
2015-16,23031,Oklahoma,Big 12,201,Oklahoma Sooners,Oklahoma,Sooners,OU,Southeastern Conference,23,exact
2015-16,23030,Oklahoma St.,Big 12,197,Oklahoma State Cowboys,Oklahoma State,Cowboys,OKST,Big 12 Conference,8,exact
2015-16,23032,Old Dominion,C-USA,295,Old Dominion Monarchs,Old Dominion,Monarchs,ODU,Sun Belt Conference,27,exact
2015-16,22985,Ole Miss,SEC,145,Ole Miss Rebels,Ole Miss,Rebels,MISS,Southeastern Conference,23,exact
2015-16,23000,Omaha,Summit League,2437,Omaha Mavericks,Omaha,Mavericks,OMA,Summit League,47,exact
2015-16,23033,Oral Roberts,Summit League,198,Oral Roberts Golden Eagles,Oral Roberts,Golden Eagles,ORU,Summit League,47,exact
2015-16,23035,Oregon,Pac-12,2483,Oregon Ducks,Oregon,Ducks,ORE,Big Ten Conference,7,exact
2015-16,23034,Oregon St.,Pac-12,204,Oregon State Beavers,Oregon State,Beavers,ORST,West Coast Conference,29,exact
2015-16,23036,Pacific,WCC,279,Pacific Tigers,Pacific,Tigers,PAC,West Coast Conference,29,exact
2015-16,23039,Penn,Ivy League,219,Pennsylvania Quakers,Pennsylvania,Quakers,PENN,Ivy League,12,exact
2015-16,23038,Penn St.,Big Ten,213,Penn State Nittany Lions,Penn State,Nittany Lions,PSU,Big Ten Conference,7,exact
2015-16,23040,Pepperdine,WCC,2492,Pepperdine Waves,Pepperdine,Waves,PEPP,West Coast Conference,29,exact
2015-16,23041,Pittsburgh,ACC,221,Pittsburgh Panthers,Pittsburgh,Panthers,PITT,Atlantic Coast Conference,2,exact
2015-16,23043,Portland,WCC,2501,Portland Pilots,Portland,Pilots,PORT,West Coast Conference,29,exact
2015-16,23042,Portland St.,Big Sky,2502,Portland State Vikings,Portland State,Vikings,PRST,Big Sky Conference,5,exact
2015-16,23044,Prairie View,SWAC,2504,Prairie View A&M Panthers,Prairie View A&M,Panthers,PV,Southwestern Athletic Conference,26,exact
2015-16,23156,Presbyterian,Big South,2506,Presbyterian Blue Hose,Presbyterian,Blue Hose,PRES,Big South Conference,6,exact
2015-16,23045,Princeton,Ivy League,163,Princeton Tigers,Princeton,Tigers,PRIN,Ivy League,12,exact
2015-16,23046,Providence,Big East,2507,Providence Friars,Providence,Friars,PROV,Big East Conference,4,exact
2015-16,23047,Purdue,Big Ten,2509,Purdue Boilermakers,Purdue,Boilermakers,PUR,Big Ten Conference,7,exact
2015-16,22939,Purdue Fort Wayne,Summit League,2870,Purdue Fort Wayne Mastodons,Purdue Fort Wayne,Mastodons,PFW,Horizon League,45,exact
2015-16,23048,Quinnipiac,MAAC,2514,Quinnipiac Bobcats,Quinnipiac,Bobcats,QUIN,Metro Conference,13,exact
2015-16,23049,Radford,Big South,2515,Radford Highlanders,Radford,Highlanders,RAD,Big South Conference,6,exact
2015-16,23050,Rhode Island,Atlantic 10,227,Rhode Island Rams,Rhode Island,Rams,URI,Atlantic 10 Conference,3,exact
2015-16,23051,Rice,C-USA,242,Rice Owls,Rice,Owls,RICE,American Conference,62,exact
2015-16,23052,Richmond,Atlantic 10,257,Richmond Spiders,Richmond,Spiders,RICH,Atlantic 10 Conference,3,exact
2015-16,23053,Rider,MAAC,2520,Rider Broncs,Rider,Broncs,RID,Metro Conference,13,exact
2015-16,23054,Robert Morris,NEC,2523,Robert Morris Colonials,Robert Morris,Colonials,RMU,Horizon League,45,exact
2015-16,23055,Rutgers,Big Ten,164,Rutgers Scarlet Knights,Rutgers,Scarlet Knights,RUTG,Big Ten Conference,7,exact
2015-16,23094,SFA,Southland,2617,Stephen F. Austin Lumberjacks,Stephen F. Austin,Lumberjacks,SFA,Southland Conference,25,exact
2015-16,23085,SIUE,OVC,2565,SIU Edwardsville Cougars,SIU Edwardsville,Cougars,SIUE,Ohio Valley Conference,20,exact
2015-16,23086,SMU,AAC,2567,SMU Mustangs,SMU,Mustangs,SMU,Atlantic Coast Conference,2,exact
2015-16,22861,Sacramento St.,Big Sky,16,Sacramento State Hornets,Sacramento State,Hornets,SAC,Big Sky Conference,5,exact
2015-16,23056,Sacred Heart,NEC,2529,Sacred Heart Pioneers,Sacred Heart,Pioneers,SHU,Metro Conference,13,exact
2015-16,23059,Saint Francis (PA),NEC,2598,St. Francis (PA) Red Flash,St. Francis (PA),Red Flash,SFPA,Northeast Conference,19,exact
2015-16,23061,Saint Joseph's,Atlantic 10,2603,Saint Joseph's Hawks,Saint Joseph's,Hawks,JOES,Atlantic 10 Conference,3,exact
2015-16,23062,Saint Louis,Atlantic 10,139,Saint Louis Billikens,Saint Louis,Billikens,SLU,Atlantic 10 Conference,3,exact
2015-16,23063,Saint Mary's (CA),WCC,2608,Saint Mary's Gaels,Saint Mary's,Gaels,SMC,West Coast Conference,29,dict
2015-16,23064,Saint Peter's,MAAC,2612,Saint Peter's Peacocks,Saint Peter's,Peacocks,SPU,Metro Conference,13,exact
2015-16,23065,Sam Houston,Southland,2534,Sam Houston Bearkats,Sam Houston,Bearkats,SHSU,Conference USA,11,exact
2015-16,23066,Samford,SoCon,2535,Samford Bulldogs,Samford,Bulldogs,SAM,Southern Conference,24,exact
2015-16,23068,San Diego,WCC,301,San Diego Toreros,San Diego,Toreros,USD,West Coast Conference,29,exact
2015-16,23067,San Diego St.,Mountain West,21,San Diego State Aztecs,San Diego State,Aztecs,SDSU,Mountain West Conference,44,exact
2015-16,23069,San Francisco,WCC,2539,San Francisco Dons,San Francisco,Dons,SF,West Coast Conference,29,exact
2015-16,23070,San Jose St.,Mountain West,23,San José State Spartans,San José State,Spartans,SJSU,Mountain West Conference,44,dict
2015-16,23071,Santa Clara,WCC,2541,Santa Clara Broncos,Santa Clara,Broncos,SCU,West Coast Conference,29,exact
2015-16,23072,Savannah St.,MEAC,2542,Savannah State Tigers,Savannah State,Tigers,SAV,,,alias
2015-16,23157,Seattle U,WAC,2547,Seattle U Redhawks,Seattle U,Redhawks,SEA,United Athletic Conference,30,exact
2015-16,23073,Seton Hall,Big East,2550,Seton Hall Pirates,Seton Hall,Pirates,HALL,Big East Conference,4,exact
2015-16,23074,Siena,MAAC,2561,Siena Saints,Siena,Saints,SIE,Metro Conference,13,exact
2015-16,23075,South Alabama,Sun Belt,6,South Alabama Jaguars,South Alabama,Jaguars,USA,Sun Belt Conference,27,exact
2015-16,23077,South Carolina,SEC,2579,South Carolina Gamecocks,South Carolina,Gamecocks,SC,Southeastern Conference,23,exact
2015-16,23076,South Carolina St.,MEAC,2569,South Carolina State Bulldogs,South Carolina State,Bulldogs,SCST,Mid-Eastern Athletic Conference,16,exact
2015-16,23079,South Dakota,Summit League,233,South Dakota Coyotes,South Dakota,Coyotes,SDAK,Summit League,47,exact
2015-16,23078,South Dakota St.,Summit League,2571,South Dakota State Jackrabbits,South Dakota State,Jackrabbits,SDST,Summit League,47,exact
2015-16,23080,South Fla.,AAC,58,South Florida Bulls,South Florida,Bulls,USF,American Conference,62,exact
2015-16,23081,Southeast Mo. St.,OVC,2546,Southeast Missouri State Redhawks,Southeast Missouri State,Redhawks,SEMO,Ohio Valley Conference,20,exact
2015-16,23082,Southeastern La.,Southland,2545,SE Louisiana Lions,SE Louisiana,Lions,SELA,Southland Conference,25,dict
2015-16,23083,Southern California,Pac-12,30,USC Trojans,USC,Trojans,USC,Big Ten Conference,7,dict
2015-16,23084,Southern Ill.,MVC,79,Southern Illinois Salukis,Southern Illinois,Salukis,SIU,Missouri Valley Conference,18,exact
2015-16,23087,Southern Miss.,C-USA,2572,Southern Miss Golden Eagles,Southern Miss,Golden Eagles,USM,Sun Belt Conference,27,dict
2015-16,23088,Southern U.,SWAC,2582,Southern Jaguars,Southern,Jaguars,SOU,Southwestern Athletic Conference,26,dict
2015-16,23089,Southern Utah,Big Sky,253,Southern Utah Thunderbirds,Southern Utah,Thunderbirds,SUU,United Athletic Conference,30,exact
2015-16,23057,St. Bonaventure,Atlantic 10,179,St. Bonaventure Bonnies,St. Bonaventure,Bonnies,SBU,Atlantic 10 Conference,3,exact
2015-16,23058,St. Francis Brooklyn,NEC,2597,St. Francis Brooklyn Terriers,St. Francis Brooklyn,Terriers,SFNY,,,exact
2015-16,23060,St. John's (NY),Big East,2599,St. John's Red Storm,St. John's,Red Storm,SJU,Big East Conference,4,dict
2015-16,23093,Stanford,Pac-12,24,Stanford Cardinal,Stanford,Cardinal,STAN,Atlantic Coast Conference,2,exact
2015-16,23095,Stetson,ASUN,56,Stetson Hatters,Stetson,Hatters,STET,Atlantic Sun Conference,46,exact
2015-16,23096,Stony Brook,America East,2619,Stony Brook Seawolves,Stony Brook,Seawolves,STBK,Coastal Athletic Association,10,exact
2015-16,23097,Syracuse,ACC,183,Syracuse Orange,Syracuse,Orange,SYR,Atlantic Coast Conference,2,exact
2015-16,23105,TCU,Big 12,2628,TCU Horned Frogs,TCU,Horned Frogs,TCU,Big 12 Conference,8,exact
2015-16,23098,Temple,AAC,218,Temple Owls,Temple,Owls,TEM,American Conference,62,exact
2015-16,23102,Tennessee,SEC,2633,Tennessee Volunteers,Tennessee,Volunteers,TENN,Southeastern Conference,23,exact
2015-16,23099,Tennessee St.,OVC,2634,Tennessee State Tigers,Tennessee State,Tigers,TNST,Ohio Valley Conference,20,exact
2015-16,23100,Tennessee Tech,OVC,2635,Tennessee Tech Golden Eagles,Tennessee Tech,Golden Eagles,TNTC,Ohio Valley Conference,20,exact
2015-16,23109,Texas,Big 12,251,Texas Longhorns,Texas,Longhorns,TEX,Southeastern Conference,23,exact
2015-16,23104,Texas A&M,SEC,245,Texas A&M Aggies,Texas A&M,Aggies,TA&M,Southeastern Conference,23,exact
2015-16,23106,Texas Southern,SWAC,2640,Texas Southern Tigers,Texas Southern,Tigers,TXSO,Southwestern Athletic Conference,26,exact
2015-16,23091,Texas St.,Sun Belt,326,Texas State Bobcats,Texas State,Bobcats,TXST,Sun Belt Conference,27,exact
2015-16,23107,Texas Tech,Big 12,2641,Texas Tech Red Raiders,Texas Tech,Red Raiders,TTU,Big 12 Conference,8,exact
2015-16,23112,Toledo,MAC,2649,Toledo Rockets,Toledo,Rockets,TOL,Mid-American Conference,14,exact
2015-16,23113,Towson,CAA,119,Towson Tigers,Towson,Tigers,TOW,Coastal Athletic Association,10,exact
2015-16,23114,Troy,Sun Belt,2653,Troy Trojans,Troy,Trojans,TROY,Sun Belt Conference,27,exact
2015-16,23115,Tulane,AAC,2655,Tulane Green Wave,Tulane,Green Wave,TULN,American Conference,62,exact
2015-16,23116,Tulsa,AAC,202,Tulsa Golden Hurricane,Tulsa,Golden Hurricane,TLSA,American Conference,62,exact
2015-16,22827,UAB,C-USA,5,UAB Blazers,UAB,Blazers,UAB,American Conference,62,exact
2015-16,22864,UC Davis,Big West,302,UC Davis Aggies,UC Davis,Aggies,UCD,Big West Conference,9,exact
2015-16,22865,UC Irvine,Big West,300,UC Irvine Anteaters,UC Irvine,Anteaters,UCI,Big West Conference,9,exact
2015-16,22867,UC Riverside,Big West,27,UC Riverside Highlanders,UC Riverside,Highlanders,UCR,Big West Conference,9,exact
2015-16,22862,UC Santa Barbara,Big West,2540,UC Santa Barbara Gauchos,UC Santa Barbara,Gauchos,UCSB,Big West Conference,9,exact
2015-16,22871,UCF,AAC,2116,UCF Knights,UCF,Knights,UCF,Big 12 Conference,8,exact
2015-16,22866,UCLA,Pac-12,26,UCLA Bruins,UCLA,Bruins,UCLA,Big Ten Conference,7,exact
2015-16,22882,UConn,AAC,41,UConn Huskies,UConn,Huskies,CONN,Big East Conference,4,exact
2015-16,22936,UIC,Horizon,82,UIC Flames,UIC,Flames,UIC,Missouri Valley Conference,18,exact
2015-16,23162,UIW,Southland,2916,Incarnate Word Cardinals,Incarnate Word,Cardinals,UIW,Southland Conference,25,exact
2015-16,23017,ULM,Sun Belt,2433,UL Monroe Warhawks,UL Monroe,Warhawks,ULM,Sun Belt Conference,27,exact
2015-16,22970,UMBC,America East,2378,UMBC Retrievers,UMBC,Retrievers,UMBC,America East Conference,1,exact
2015-16,22972,UMES,MEAC,2379,Maryland Eastern Shore Hawks,Maryland Eastern Shore,Hawks,UMES,Mid-Eastern Athletic Conference,16,exact
2015-16,22961,UMass Lowell,America East,2349,UMass Lowell River Hawks,UMass Lowell,River Hawks,UML,America East Conference,1,exact
2015-16,22994,UNC Asheville,Big South,2427,UNC Asheville Bulldogs,UNC Asheville,Bulldogs,UNCA,Big South Conference,6,exact
2015-16,22997,UNC Greensboro,SoCon,2430,UNC Greensboro Spartans,UNC Greensboro,Spartans,UNCG,Southern Conference,24,exact
2015-16,22998,UNCW,CAA,350,UNC Wilmington Seahawks,UNC Wilmington,Seahawks,UNCW,Coastal Athletic Association,10,exact
2015-16,23022,UNI,MVC,2460,Northern Iowa Panthers,Northern Iowa,Panthers,UNI,Missouri Valley Conference,18,exact
2015-16,23001,UNLV,Mountain West,2439,UNLV Rebels,UNLV,Rebels,UNLV,Mountain West Conference,44,exact
2015-16,23164,USC Upstate,ASUN,2908,South Carolina Upstate Spartans,South Carolina Upstate,Spartans,UPST,Big South Conference,6,dict
2015-16,23108,UT Arlington,Sun Belt,250,UT Arlington Mavericks,UT Arlington,Mavericks,UTA,United Athletic Conference,30,exact
2015-16,23103,UT Martin,OVC,2630,UT Martin Skyhawks,UT Martin,Skyhawks,UTM,Ohio Valley Conference,20,exact
2015-16,23110,UTEP,C-USA,2638,UTEP Miners,UTEP,Miners,UTEP,Conference USA,11,exact
2015-16,23037,UTRGV,WAC,292,UT Rio Grande Valley Vaqueros,UT Rio Grande Valley,Vaqueros,RGV,Southland Conference,25,dict
2015-16,23111,UTSA,C-USA,2636,UTSA Roadrunners,UTSA,Roadrunners,UTSA,American Conference,62,exact
2015-16,23121,Utah,Pac-12,254,Utah Utes,Utah,Utes,UTAH,Big 12 Conference,8,exact
2015-16,23120,Utah St.,Mountain West,328,Utah State Aggies,Utah State,Aggies,USU,Mountain West Conference,44,exact
2015-16,23170,Utah Valley,WAC,3084,Utah Valley Wolverines,Utah Valley,Wolverines,UVU,United Athletic Conference,30,exact
2015-16,23126,VCU,Atlantic 10,2670,VCU Rams,VCU,Rams,VCU,Atlantic 10 Conference,3,exact
2015-16,23122,Valparaiso,Horizon,2674,Valparaiso Beacons,Valparaiso,Beacons,VAL,Missouri Valley Conference,18,exact
2015-16,23123,Vanderbilt,SEC,238,Vanderbilt Commodores,Vanderbilt,Commodores,VAN,Southeastern Conference,23,exact
2015-16,23124,Vermont,America East,261,Vermont Catamounts,Vermont,Catamounts,UVM,America East Conference,1,exact
2015-16,23125,Villanova,Big East,222,Villanova Wildcats,Villanova,Wildcats,VILL,Big East Conference,4,exact
2015-16,23128,Virginia,ACC,258,Virginia Cavaliers,Virginia,Cavaliers,UVA,Atlantic Coast Conference,2,exact
2015-16,23127,Virginia Tech,ACC,259,Virginia Tech Hokies,Virginia Tech,Hokies,VT,Atlantic Coast Conference,2,exact
2015-16,23129,Wagner,NEC,2681,Wagner Seahawks,Wagner,Seahawks,WAG,Northeast Conference,19,exact
2015-16,23130,Wake Forest,ACC,154,Wake Forest Demon Deacons,Wake Forest,Demon Deacons,WAKE,Atlantic Coast Conference,2,exact
2015-16,23132,Washington,Pac-12,264,Washington Huskies,Washington,Huskies,WASH,Big Ten Conference,7,exact
2015-16,23131,Washington St.,Pac-12,265,Washington State Cougars,Washington State,Cougars,WSU,West Coast Conference,29,exact
2015-16,23133,Weber St.,Big Sky,2692,Weber State Wildcats,Weber State,Wildcats,WEB,Big Sky Conference,5,exact
2015-16,23134,West Virginia,Big 12,277,West Virginia Mountaineers,West Virginia,Mountaineers,WVU,Big 12 Conference,8,exact
2015-16,23135,Western Caro.,SoCon,2717,Western Carolina Catamounts,Western Carolina,Catamounts,WCU,Southern Conference,24,exact
2015-16,23136,Western Ill.,Summit League,2710,Western Illinois Leathernecks,Western Illinois,Leathernecks,WIU,Ohio Valley Conference,20,exact
2015-16,23137,Western Ky.,C-USA,98,Western Kentucky Hilltoppers,Western Kentucky,Hilltoppers,WKU,Conference USA,11,exact
2015-16,23138,Western Mich.,MAC,2711,Western Michigan Broncos,Western Michigan,Broncos,WMU,Mid-American Conference,14,exact
2015-16,23139,Wichita St.,MVC,2724,Wichita State Shockers,Wichita State,Shockers,WICH,American Conference,62,exact
2015-16,23140,William & Mary,CAA,2729,William & Mary Tribe,William & Mary,Tribe,W&M,Coastal Athletic Association,10,exact
2015-16,23141,Winthrop,Big South,2737,Winthrop Eagles,Winthrop,Eagles,WIN,Big South Conference,6,exact
2015-16,23143,Wisconsin,Big Ten,275,Wisconsin Badgers,Wisconsin,Badgers,WIS,Big Ten Conference,7,exact
2015-16,23163,Wofford,SoCon,2747,Wofford Terriers,Wofford,Terriers,WOF,Southern Conference,24,exact
2015-16,23145,Wright St.,Horizon,2750,Wright State Raiders,Wright State,Raiders,WRST,Horizon League,45,exact
2015-16,23146,Wyoming,Mountain West,2751,Wyoming Cowboys,Wyoming,Cowboys,WYO,Mountain West Conference,44,exact
2015-16,23147,Xavier,Big East,2752,Xavier Musketeers,Xavier,Musketeers,XAV,Big East Conference,4,exact
2015-16,23148,Yale,Ivy League,43,Yale Bulldogs,Yale,Bulldogs,YALE,Ivy League,12,exact
2015-16,23149,Youngstown St.,Horizon,2754,Youngstown State Penguins,Youngstown State,Penguins,YSU,Horizon League,45,exact
2016-17,109740,A&M-Corpus Christi,Southland,357,Texas A&M-Corpus Christi Islanders,Texas A&M-Corpus Christi,Islanders,AMCC,Southland Conference,25,dict
2016-17,109395,Abilene Christian,Southland,2000,Abilene Christian Wildcats,Abilene Christian,Wildcats,ACU,United Athletic Conference,30,exact
2016-17,109690,Air Force,Mountain West,2005,Air Force Falcons,Air Force,Falcons,AF,Mountain West Conference,44,exact
2016-17,109396,Akron,MAC,2006,Akron Zips,Akron,Zips,AKR,Mid-American Conference,14,exact
2016-17,109399,Alabama,SEC,333,Alabama Crimson Tide,Alabama,Crimson Tide,ALA,Southeastern Conference,23,exact
2016-17,109397,Alabama A&M,SWAC,2010,Alabama A&M Bulldogs,Alabama A&M,Bulldogs,AAMU,Southwestern Athletic Conference,26,exact
2016-17,109398,Alabama St.,SWAC,2011,Alabama State Hornets,Alabama State,Hornets,ALST,Southwestern Athletic Conference,26,exact
2016-17,109401,Albany (NY),America East,399,UAlbany Great Danes,UAlbany,Great Danes,UALB,America East Conference,1,alias
2016-17,109402,Alcorn,SWAC,2016,Alcorn State Braves,Alcorn State,Braves,ALCN,Southwestern Athletic Conference,26,dict
2016-17,109403,American,Patriot,44,American University Eagles,American University,Eagles,AMER,Patriot League,22,exact
2016-17,109404,App State,Sun Belt,2026,App State Mountaineers,App State,Mountaineers,APP,Sun Belt Conference,27,exact
2016-17,109406,Arizona,Pac-12,12,Arizona Wildcats,Arizona,Wildcats,ARIZ,Big 12 Conference,8,exact
2016-17,109405,Arizona St.,Pac-12,9,Arizona State Sun Devils,Arizona State,Sun Devils,ASU,Big 12 Conference,8,exact
2016-17,109731,Ark.-Pine Bluff,SWAC,2029,Arkansas-Pine Bluff Golden Lions,Arkansas-Pine Bluff,Golden Lions,UAPB,Southwestern Athletic Conference,26,dict
2016-17,109408,Arkansas,SEC,8,Arkansas Razorbacks,Arkansas,Razorbacks,ARK,Southeastern Conference,23,exact
2016-17,109407,Arkansas St.,Sun Belt,2032,Arkansas State Red Wolves,Arkansas State,Red Wolves,ARST,Sun Belt Conference,27,exact
2016-17,109691,Army West Point,Patriot,349,Army Black Knights,Army,Black Knights,ARMY,Patriot League,22,dict
2016-17,109410,Auburn,SEC,2,Auburn Tigers,Auburn,Tigers,AUB,Southeastern Conference,23,exact
2016-17,109411,Austin Peay,OVC,2046,Austin Peay Governors,Austin Peay,Governors,APSU,Atlantic Sun Conference,46,exact
2016-17,109422,BYU,WCC,252,BYU Cougars,BYU,Cougars,BYU,Big 12 Conference,8,exact
2016-17,109412,Ball St.,MAC,2050,Ball State Cardinals,Ball State,Cardinals,BALL,Mid-American Conference,14,exact
2016-17,109414,Baylor,Big 12,239,Baylor Bears,Baylor,Bears,BAY,Big 12 Conference,8,exact
2016-17,109738,Belmont,OVC,2057,Belmont Bruins,Belmont,Bruins,BEL,Missouri Valley Conference,18,exact
2016-17,109415,Bethune-Cookman,MEAC,2065,Bethune-Cookman Wildcats,Bethune-Cookman,Wildcats,BCU,Southwestern Athletic Conference,26,exact
2016-17,109416,Binghamton,America East,2066,Binghamton Bearcats,Binghamton,Bearcats,BING,America East Conference,1,exact
2016-17,109417,Boise St.,Mountain West,68,Boise State Broncos,Boise State,Broncos,BOIS,Mountain West Conference,44,exact
2016-17,109418,Boston College,ACC,103,Boston College Eagles,Boston College,Eagles,BC,Atlantic Coast Conference,2,exact
2016-17,109419,Boston U.,Patriot,104,Boston University Terriers,Boston University,Terriers,BU,Patriot League,22,exact
2016-17,109420,Bowling Green,MAC,189,Bowling Green Falcons,Bowling Green,Falcons,BGSU,Mid-American Conference,14,exact
2016-17,109421,Bradley,MVC,71,Bradley Braves,Bradley,Braves,BRAD,Missouri Valley Conference,18,exact
2016-17,109423,Brown,Ivy League,225,Brown Bears,Brown,Bears,BRWN,Ivy League,12,exact
2016-17,109424,Bryant,NEC,2803,Bryant Bulldogs,Bryant,Bulldogs,BRY,America East Conference,1,exact
2016-17,109425,Bucknell,Patriot,2083,Bucknell Bison,Bucknell,Bison,BUCK,Patriot League,22,exact
2016-17,109426,Buffalo,MAC,2084,Buffalo Bulls,Buffalo,Bulls,BUF,Mid-American Conference,14,exact
2016-17,109427,Butler,Big East,2086,Butler Bulldogs,Butler,Bulldogs,BTLR,Big East Conference,4,exact
2016-17,109429,CSU Bakersfield,WAC,2934,Cal State Bakersfield Roadrunners,Cal State Bakersfield,Roadrunners,CSUB,Big West Conference,9,alias
2016-17,109433,CSUN,Big West,2463,Cal State Northridge Matadors,Cal State Northridge,Matadors,CSUN,Big West Conference,9,exact
2016-17,109428,Cal Poly,Big West,13,Cal Poly Mustangs,Cal Poly,Mustangs,CP,Big West Conference,9,exact
2016-17,109431,Cal St. Fullerton,Big West,2239,Cal State Fullerton Titans,Cal State Fullerton,Titans,CSUF,Big West Conference,9,exact
2016-17,109436,California,Pac-12,25,California Golden Bears,California,Golden Bears,CAL,Atlantic Coast Conference,2,exact
2016-17,109441,Campbell,Big South,2097,Campbell Fighting Camels,Campbell,Fighting Camels,CAM,Coastal Athletic Association,10,exact
2016-17,109442,Canisius,MAAC,2099,Canisius Golden Griffins,Canisius,Golden Griffins,CAN,Metro Conference,13,exact
2016-17,109723,Central Ark.,Southland,2110,Central Arkansas Bears,Central Arkansas,Bears,CARK,Atlantic Sun Conference,46,exact
2016-17,109443,Central Conn. St.,NEC,2115,Central Connecticut Blue Devils,Central Connecticut,Blue Devils,CCSU,Northeast Conference,19,dict
2016-17,109445,Central Mich.,MAC,2117,Central Michigan Chippewas,Central Michigan,Chippewas,CMU,Mid-American Conference,14,exact
2016-17,109413,Charleston So.,Big South,2127,Charleston Southern Buccaneers,Charleston Southern,Buccaneers,CHSO,Big South Conference,6,exact
2016-17,109569,Charlotte,C-USA,2429,Charlotte 49ers,Charlotte,49ers,CLT,American Conference,62,exact
2016-17,109674,Chattanooga,SoCon,236,Chattanooga Mocs,Chattanooga,Mocs,UTC,Southern Conference,24,exact
2016-17,109446,Chicago St.,WAC,2130,Chicago State Cougars,Chicago State,Cougars,CHST,Northeast Conference,19,exact
2016-17,109447,Cincinnati,AAC,2132,Cincinnati Bearcats,Cincinnati,Bearcats,CIN,Big 12 Conference,8,exact
2016-17,109448,Clemson,ACC,228,Clemson Tigers,Clemson,Tigers,CLEM,Atlantic Coast Conference,2,exact
2016-17,109449,Cleveland St.,Horizon,325,Cleveland State Vikings,Cleveland State,Vikings,CLE,Horizon League,45,exact
2016-17,109450,Coastal Carolina,Sun Belt,324,Coastal Carolina Chanticleers,Coastal Carolina,Chanticleers,CCU,Sun Belt Conference,27,exact
2016-17,109724,Col. of Charleston,CAA,232,Charleston Cougars,Charleston,Cougars,COFC,Coastal Athletic Association,10,dict
2016-17,109451,Colgate,Patriot,2142,Colgate Raiders,Colgate,Raiders,COLG,Patriot League,22,exact
2016-17,109453,Colorado,Pac-12,38,Colorado Buffaloes,Colorado,Buffaloes,COLO,Big 12 Conference,8,exact
2016-17,109452,Colorado St.,Mountain West,36,Colorado State Rams,Colorado State,Rams,CSU,Mountain West Conference,44,exact
2016-17,109454,Columbia,Ivy League,171,Columbia Lions,Columbia,Lions,COLU,Ivy League,12,exact
2016-17,109456,Coppin St.,MEAC,2154,Coppin State Eagles,Coppin State,Eagles,COPP,Mid-Eastern Athletic Conference,16,exact
2016-17,109457,Cornell,Ivy League,172,Cornell Big Red,Cornell,Big Red,COR,Ivy League,12,exact
2016-17,109458,Creighton,Big East,156,Creighton Bluejays,Creighton,Bluejays,CREI,Big East Conference,4,exact
2016-17,109459,Dartmouth,Ivy League,159,Dartmouth Big Green,Dartmouth,Big Green,DART,Ivy League,12,exact
2016-17,109460,Davidson,Atlantic 10,2166,Davidson Wildcats,Davidson,Wildcats,DAV,Atlantic 10 Conference,3,exact
2016-17,109461,Dayton,Atlantic 10,2168,Dayton Flyers,Dayton,Flyers,DAY,Atlantic 10 Conference,3,exact
2016-17,109462,DePaul,Big East,305,DePaul Blue Demons,DePaul,Blue Demons,DEP,Big East Conference,4,exact
2016-17,109464,Delaware,CAA,48,Delaware Blue Hens,Delaware,Blue Hens,DEL,Coastal Athletic Association,10,exact
2016-17,109463,Delaware St.,MEAC,2169,Delaware State Hornets,Delaware State,Hornets,DSU,Mid-Eastern Athletic Conference,16,exact
2016-17,109465,Denver,Summit League,2172,Denver Pioneers,Denver,Pioneers,DEN,Summit League,47,exact
2016-17,109466,Detroit Mercy,Horizon,2174,Detroit Mercy Titans,Detroit Mercy,Titans,DETM,Horizon League,45,exact
2016-17,109467,Drake,MVC,2181,Drake Bulldogs,Drake,Bulldogs,DRKE,Missouri Valley Conference,18,exact
2016-17,109468,Drexel,CAA,2182,Drexel Dragons,Drexel,Dragons,DREX,Coastal Athletic Association,10,exact
2016-17,109469,Duke,ACC,150,Duke Blue Devils,Duke,Blue Devils,DUKE,Atlantic Coast Conference,2,exact
2016-17,109470,Duquesne,Atlantic 10,2184,Duquesne Dukes,Duquesne,Dukes,DUQ,Atlantic 10 Conference,3,exact
2016-17,109472,ETSU,SoCon,2193,East Tennessee State Buccaneers,East Tennessee State,Buccaneers,ETSU,Southern Conference,24,exact
2016-17,109471,East Carolina,AAC,151,East Carolina Pirates,East Carolina,Pirates,ECU,American Conference,62,exact
2016-17,109473,Eastern Ill.,OVC,2197,Eastern Illinois Panthers,Eastern Illinois,Panthers,EIU,Ohio Valley Conference,20,exact
2016-17,109474,Eastern Ky.,OVC,2198,Eastern Kentucky Colonels,Eastern Kentucky,Colonels,EKU,Atlantic Sun Conference,46,exact
2016-17,109475,Eastern Mich.,MAC,2199,Eastern Michigan Eagles,Eastern Michigan,Eagles,EMU,Mid-American Conference,14,exact
2016-17,109476,Eastern Wash.,Big Sky,331,Eastern Washington Eagles,Eastern Washington,Eagles,EWU,Big Sky Conference,5,exact
2016-17,109725,Elon,CAA,2210,Elon Phoenix,Elon,Phoenix,ELON,Coastal Athletic Association,10,exact
2016-17,109477,Evansville,MVC,339,Evansville Purple Aces,Evansville,Purple Aces,EVAN,Missouri Valley Conference,18,exact
2016-17,109742,FGCU,ASUN,526,Florida Gulf Coast Eagles,Florida Gulf Coast,Eagles,FGCU,Atlantic Sun Conference,46,exact
2016-17,109482,FIU,C-USA,2229,Florida International Panthers,Florida International,Panthers,FIU,Conference USA,11,exact
2016-17,109478,Fairfield,MAAC,2217,Fairfield Stags,Fairfield,Stags,FAIR,Metro Conference,13,exact
2016-17,109479,Fairleigh Dickinson,NEC,161,Fairleigh Dickinson Knights,Fairleigh Dickinson,Knights,FDU,Northeast Conference,19,exact
2016-17,109481,Fla. Atlantic,C-USA,2226,Florida Atlantic Owls,Florida Atlantic,Owls,FAU,American Conference,62,exact
2016-17,109484,Florida,SEC,57,Florida Gators,Florida,Gators,FLA,Southeastern Conference,23,exact
2016-17,109480,Florida A&M,MEAC,50,Florida A&M Rattlers,Florida A&M,Rattlers,FAMU,Southwestern Athletic Conference,26,exact
2016-17,109483,Florida St.,ACC,52,Florida State Seminoles,Florida State,Seminoles,FSU,Atlantic Coast Conference,2,exact
2016-17,109485,Fordham,Atlantic 10,2230,Fordham Rams,Fordham,Rams,FOR,Atlantic 10 Conference,3,exact
2016-17,109430,Fresno St.,Mountain West,278,Fresno State Bulldogs,Fresno State,Bulldogs,FRES,Mountain West Conference,44,exact
2016-17,109486,Furman,SoCon,231,Furman Paladins,Furman,Paladins,FUR,Southern Conference,24,exact
2016-17,109490,Ga. Southern,Sun Belt,290,Georgia Southern Eagles,Georgia Southern,Eagles,GASO,Sun Belt Conference,27,exact
2016-17,109726,Gardner-Webb,Big South,2241,Gardner-Webb Runnin' Bulldogs,Gardner-Webb,Runnin' Bulldogs,GWEB,Big South Conference,6,exact
2016-17,109487,George Mason,Atlantic 10,2244,George Mason Patriots,George Mason,Patriots,GMU,Atlantic 10 Conference,3,exact
2016-17,109488,George Washington,Atlantic 10,45,George Washington Revolutionaries,George Washington,Revolutionaries,GW,Atlantic 10 Conference,3,exact
2016-17,109489,Georgetown,Big East,46,Georgetown Hoyas,Georgetown,Hoyas,GTWN,Big East Conference,4,exact
2016-17,109493,Georgia,SEC,61,Georgia Bulldogs,Georgia,Bulldogs,UGA,Southeastern Conference,23,exact
2016-17,109491,Georgia St.,Sun Belt,2247,Georgia State Panthers,Georgia State,Panthers,GAST,Sun Belt Conference,27,exact
2016-17,109492,Georgia Tech,ACC,59,Georgia Tech Yellow Jackets,Georgia Tech,Yellow Jackets,GT,Atlantic Coast Conference,2,exact
2016-17,109494,Gonzaga,WCC,2250,Gonzaga Bulldogs,Gonzaga,Bulldogs,GONZ,West Coast Conference,29,exact
2016-17,109495,Grambling,SWAC,2755,Grambling Tigers,Grambling,Tigers,GRAM,Southwestern Athletic Conference,26,exact
2016-17,109727,Grand Canyon,WAC,2253,Grand Canyon Lopes,Grand Canyon,Lopes,GCU,United Athletic Conference,30,exact
2016-17,109715,Green Bay,Horizon,2739,Green Bay Phoenix,Green Bay,Phoenix,GB,Horizon League,45,exact
2016-17,109496,Hampton,MEAC,2261,Hampton Pirates,Hampton,Pirates,HAMP,Coastal Athletic Association,10,exact
2016-17,109497,Hartford,America East,42,Hartford Hawks,Hartford,Hawks,HART,,,exact
2016-17,109498,Harvard,Ivy League,108,Harvard Crimson,Harvard,Crimson,HARV,Ivy League,12,exact
2016-17,109499,Hawaii,Big West,62,Hawai'i Rainbow Warriors,Hawai'i,Rainbow Warriors,HAW,Big West Conference,9,dict
2016-17,109739,High Point,Big South,2272,High Point Panthers,High Point,Panthers,HPU,Big South Conference,6,exact
2016-17,109500,Hofstra,CAA,2275,Hofstra Pride,Hofstra,Pride,HOF,Coastal Athletic Association,10,exact
2016-17,109501,Holy Cross,Patriot,107,Holy Cross Crusaders,Holy Cross,Crusaders,HC,Patriot League,22,exact
2016-17,109503,Houston,AAC,248,Houston Cougars,Houston,Cougars,HOU,Big 12 Conference,8,exact
2016-17,109502,Houston Baptist,Southland,2277,Houston Christian Huskies,Houston Christian,Huskies,HCU,Southland Conference,25,alias
2016-17,109504,Howard,MEAC,47,Howard Bison,Howard,Bison,HOW,Mid-Eastern Athletic Conference,16,exact
2016-17,109732,IUPUI,Summit League,85,IU Indianapolis Jaguars,IU Indianapolis,Jaguars,IUIN,Horizon League,45,alias
2016-17,109506,Idaho,Big Sky,70,Idaho Vandals,Idaho,Vandals,IDHO,Big Sky Conference,5,exact
2016-17,109505,Idaho St.,Big Sky,304,Idaho State Bengals,Idaho State,Bengals,IDST,Big Sky Conference,5,exact
2016-17,109508,Illinois,Big Ten,356,Illinois Fighting Illini,Illinois,Fighting Illini,ILL,Big Ten Conference,7,exact
2016-17,109507,Illinois St.,MVC,2287,Illinois State Redbirds,Illinois State,Redbirds,ILST,Missouri Valley Conference,18,exact
2016-17,109511,Indiana,Big Ten,84,Indiana Hoosiers,Indiana,Hoosiers,IU,Big Ten Conference,7,exact
2016-17,109510,Indiana St.,MVC,282,Indiana State Sycamores,Indiana State,Sycamores,INST,Missouri Valley Conference,18,exact
2016-17,109513,Iona,MAAC,314,Iona Gaels,Iona,Gaels,IONA,Metro Conference,13,exact
2016-17,109515,Iowa,Big Ten,2294,Iowa Hawkeyes,Iowa,Hawkeyes,IOWA,Big Ten Conference,7,exact
2016-17,109514,Iowa St.,Big 12,66,Iowa State Cyclones,Iowa State,Cyclones,ISU,Big 12 Conference,8,exact
2016-17,109516,Jackson St.,SWAC,2296,Jackson State Tigers,Jackson State,Tigers,JKST,Southwestern Athletic Conference,26,exact
2016-17,109518,Jacksonville,ASUN,294,Jacksonville Dolphins,Jacksonville,Dolphins,JAX,Atlantic Sun Conference,46,exact
2016-17,109517,Jacksonville St.,OVC,55,Jacksonville State Gamecocks,Jacksonville State,Gamecocks,JXST,Conference USA,11,exact
2016-17,109519,James Madison,CAA,256,James Madison Dukes,James Madison,Dukes,JMU,Sun Belt Conference,27,exact
2016-17,109521,Kansas,Big 12,2305,Kansas Jayhawks,Kansas,Jayhawks,KU,Big 12 Conference,8,exact
2016-17,109733,Kansas City,WAC,140,Kansas City Roos,Kansas City,Roos,KC,Summit League,47,exact
2016-17,109520,Kansas St.,Big 12,2306,Kansas State Wildcats,Kansas State,Wildcats,KSU,Big 12 Conference,8,exact
2016-17,109728,Kennesaw St.,ASUN,338,Kennesaw State Owls,Kennesaw State,Owls,KENN,Conference USA,11,exact
2016-17,109522,Kent St.,MAC,2309,Kent State Golden Flashes,Kent State,Golden Flashes,KENT,Mid-American Conference,14,exact
2016-17,109523,Kentucky,SEC,96,Kentucky Wildcats,Kentucky,Wildcats,UK,Southeastern Conference,23,exact
2016-17,109529,LIU,NEC,112358,Long Island University Sharks,Long Island University,Sharks,LIU,Northeast Conference,19,exact
2016-17,109536,LMU (CA),WCC,2351,Loyola Marymount Lions,Loyola Marymount,Lions,LMU,West Coast Conference,29,dict
2016-17,109531,LSU,SEC,99,LSU Tigers,LSU,Tigers,LSU,Southeastern Conference,23,exact
2016-17,109524,La Salle,Atlantic 10,2325,La Salle Explorers,La Salle,Explorers,LAS,Atlantic 10 Conference,3,exact
2016-17,109525,Lafayette,Patriot,322,Lafayette Leopards,Lafayette,Leopards,LAF,Patriot League,22,exact
2016-17,109526,Lamar University,Southland,2320,Lamar Cardinals,Lamar,Cardinals,LAM,Southland Conference,25,dict
2016-17,109527,Lehigh,Patriot,2329,Lehigh Mountain Hawks,Lehigh,Mountain Hawks,LEH,Patriot League,22,exact
2016-17,109528,Liberty,Big South,2335,Liberty Flames,Liberty,Flames,LIB,Conference USA,11,exact
2016-17,109741,Lipscomb,ASUN,288,Lipscomb Bisons,Lipscomb,Bisons,LIP,Atlantic Sun Conference,46,exact
2016-17,109409,Little Rock,Sun Belt,2031,Little Rock Trojans,Little Rock,Trojans,LR,Ohio Valley Conference,20,exact
2016-17,109432,Long Beach St.,Big West,299,Long Beach State Beach,Long Beach State,Beach,LBSU,Big West Conference,9,exact
2016-17,109530,Longwood,Big South,2344,Longwood Lancers,Longwood,Lancers,LONG,Big South Conference,6,exact
2016-17,109665,Louisiana,Sun Belt,309,Louisiana Ragin' Cajuns,Louisiana,Ragin' Cajuns,UL,Sun Belt Conference,27,exact
2016-17,109532,Louisiana Tech,C-USA,2348,Louisiana Tech Bulldogs,Louisiana Tech,Bulldogs,LT,Conference USA,11,exact
2016-17,109533,Louisville,ACC,97,Louisville Cardinals,Louisville,Cardinals,LOU,Atlantic Coast Conference,2,exact
2016-17,109537,Loyola Chicago,MVC,2350,Loyola Chicago Ramblers,Loyola Chicago,Ramblers,LUC,Atlantic 10 Conference,3,exact
2016-17,109535,Loyola Maryland,Patriot,2352,Loyola Maryland Greyhounds,Loyola Maryland,Greyhounds,L-MD,Patriot League,22,exact
2016-17,109538,Maine,America East,311,Maine Black Bears,Maine,Black Bears,ME,America East Conference,1,exact
2016-17,109539,Manhattan,MAAC,2363,Manhattan Jaspers,Manhattan,Jaspers,MAN,Metro Conference,13,exact
2016-17,109540,Marist,MAAC,2368,Marist Red Foxes,Marist,Red Foxes,MRST,Metro Conference,13,exact
2016-17,109541,Marquette,Big East,269,Marquette Golden Eagles,Marquette,Golden Eagles,MARQ,Big East Conference,4,exact
2016-17,109542,Marshall,C-USA,276,Marshall Thundering Herd,Marshall,Thundering Herd,MRSH,Sun Belt Conference,27,exact
2016-17,109544,Maryland,Big Ten,120,Maryland Terrapins,Maryland,Terrapins,MD,Big Ten Conference,7,exact
2016-17,109546,Massachusetts,Atlantic 10,113,Massachusetts Minutemen,Massachusetts,Minutemen,MASS,Atlantic 10 Conference,3,exact
2016-17,109547,McNeese,Southland,2377,McNeese Cowboys,McNeese,Cowboys,MCN,Southland Conference,25,exact
2016-17,109548,Memphis,AAC,235,Memphis Tigers,Memphis,Tigers,MEM,American Conference,62,exact
2016-17,109549,Mercer,SoCon,2382,Mercer Bears,Mercer,Bears,MER,Southern Conference,24,exact
2016-17,109551,Miami (FL),ACC,2390,Miami Hurricanes,Miami,Hurricanes,MIA,Atlantic Coast Conference,2,dict
2016-17,109550,Miami (OH),MAC,193,Miami (OH) RedHawks,Miami (OH),RedHawks,M-OH,Mid-American Conference,14,exact
2016-17,109553,Michigan,Big Ten,130,Michigan Wolverines,Michigan,Wolverines,MICH,Big Ten Conference,7,exact
2016-17,109552,Michigan St.,Big Ten,127,Michigan State Spartans,Michigan State,Spartans,MSU,Big Ten Conference,7,exact
2016-17,109554,Middle Tenn.,C-USA,2393,Middle Tennessee Blue Raiders,Middle Tennessee,Blue Raiders,MTSU,Conference USA,11,exact
2016-17,109717,Milwaukee,Horizon,270,Milwaukee Panthers,Milwaukee,Panthers,MILW,Horizon League,45,exact
2016-17,109555,Minnesota,Big Ten,135,Minnesota Golden Gophers,Minnesota,Golden Gophers,MINN,Big Ten Conference,7,exact
2016-17,109556,Mississippi St.,SEC,344,Mississippi State Bulldogs,Mississippi State,Bulldogs,MSST,Southeastern Conference,23,exact
2016-17,109557,Mississippi Val.,SWAC,2400,Mississippi Valley State Delta Devils,Mississippi Valley State,Delta Devils,MVSU,Southwestern Athletic Conference,26,dict
2016-17,109559,Missouri,SEC,142,Missouri Tigers,Missouri,Tigers,MIZ,Southeastern Conference,23,exact
2016-17,109663,Missouri St.,MVC,2623,Missouri State Bears,Missouri State,Bears,MOST,Missouri Valley Conference,18,exact
2016-17,109560,Monmouth,MAAC,2405,Monmouth Hawks,Monmouth,Hawks,MONM,Coastal Athletic Association,10,exact
2016-17,109562,Montana,Big Sky,149,Montana Grizzlies,Montana,Grizzlies,MONT,Big Sky Conference,5,exact
2016-17,109561,Montana St.,Big Sky,147,Montana State Bobcats,Montana State,Bobcats,MTST,Big Sky Conference,5,exact
2016-17,109563,Morehead St.,OVC,2413,Morehead State Eagles,Morehead State,Eagles,MORE,Ohio Valley Conference,20,exact
2016-17,109564,Morgan St.,MEAC,2415,Morgan State Bears,Morgan State,Bears,MORG,Mid-Eastern Athletic Conference,16,exact
2016-17,109565,Mount St. Mary's,NEC,116,Mount St. Mary's Mountaineers,Mount St. Mary's,Mountaineers,MSM,Metro Conference,13,exact
2016-17,109566,Murray St.,OVC,93,Murray State Racers,Murray State,Racers,MUR,Missouri Valley Conference,18,exact
2016-17,109584,N.C. A&T,MEAC,2448,North Carolina A&T Aggies,North Carolina A&T,Aggies,NCAT,Coastal Athletic Association,10,exact
2016-17,109585,N.C. Central,MEAC,2428,North Carolina Central Eagles,North Carolina Central,Eagles,NCCU,Mid-Eastern Athletic Conference,16,exact
2016-17,109586,NC State,ACC,152,NC State Wolfpack,NC State,Wolfpack,NCSU,Atlantic Coast Conference,2,exact
2016-17,109577,NJIT,ASUN,2885,NJIT Highlanders,NJIT,Highlanders,NJIT,America East Conference,1,exact
2016-17,109692,Navy,Patriot,2426,Navy Midshipmen,Navy,Midshipmen,NAVY,Patriot League,22,exact
2016-17,109572,Nebraska,Big Ten,158,Nebraska Cornhuskers,Nebraska,Cornhuskers,NEB,Big Ten Conference,7,exact
2016-17,109575,Nevada,Mountain West,2440,Nevada Wolf Pack,Nevada,Wolf Pack,NEV,Mountain West Conference,44,exact
2016-17,109576,New Hampshire,America East,160,New Hampshire Wildcats,New Hampshire,Wildcats,UNH,America East Conference,1,exact
2016-17,109579,New Mexico,Mountain West,167,New Mexico Lobos,New Mexico,Lobos,UNM,Mountain West Conference,44,exact
2016-17,109578,New Mexico St.,WAC,166,New Mexico State Aggies,New Mexico State,Aggies,NMSU,Conference USA,11,exact
2016-17,109580,New Orleans,Southland,2443,LSU New Orleans Privateers,LSU New Orleans,Privateers,NOLA,Southland Conference,25,exact
2016-17,109581,Niagara,MAAC,315,Niagara Purple Eagles,Niagara,Purple Eagles,NIA,Metro Conference,13,exact
2016-17,109582,Nicholls,Southland,2447,Nicholls Colonels,Nicholls,Colonels,NICH,Southland Conference,25,exact
2016-17,109583,Norfolk St.,MEAC,2450,Norfolk State Spartans,Norfolk State,Spartans,NORF,Mid-Eastern Athletic Conference,16,exact
2016-17,109568,North Carolina,ACC,153,North Carolina Tar Heels,North Carolina,Tar Heels,UNC,Atlantic Coast Conference,2,exact
2016-17,109588,North Dakota,Big Sky,155,North Dakota Fighting Hawks,North Dakota,Fighting Hawks,UND,Summit League,47,exact
2016-17,109587,North Dakota St.,Summit League,2449,North Dakota State Bison,North Dakota State,Bison,NDSU,Summit League,47,exact
2016-17,109734,North Florida,ASUN,2454,North Florida Ospreys,North Florida,Ospreys,UNF,Atlantic Sun Conference,46,exact
2016-17,109589,North Texas,C-USA,249,North Texas Mean Green,North Texas,Mean Green,UNT,American Conference,62,exact
2016-17,109591,Northeastern,CAA,111,Northeastern Huskies,Northeastern,Huskies,NE,Coastal Athletic Association,10,exact
2016-17,109592,Northern Ariz.,Big Sky,2464,Northern Arizona Lumberjacks,Northern Arizona,Lumberjacks,NAU,Big Sky Conference,5,exact
2016-17,109593,Northern Colo.,Big Sky,2458,Northern Colorado Bears,Northern Colorado,Bears,UNCO,Big Sky Conference,5,exact
2016-17,109594,Northern Ill.,MAC,2459,Northern Illinois Huskies,Northern Illinois,Huskies,NIU,Mid-American Conference,14,exact
2016-17,109596,Northern Ky.,Horizon,94,Northern Kentucky Norse,Northern Kentucky,Norse,NKU,Horizon League,45,exact
2016-17,109598,Northwestern,Big Ten,77,Northwestern Wildcats,Northwestern,Wildcats,NU,Big Ten Conference,7,exact
2016-17,109597,Northwestern St.,Southland,2466,Northwestern State Demons,Northwestern State,Demons,NWST,Southland Conference,25,exact
2016-17,109599,Notre Dame,ACC,87,Notre Dame Fighting Irish,Notre Dame,Fighting Irish,ND,Atlantic Coast Conference,2,exact
2016-17,109600,Oakland,Horizon,2473,Oakland Golden Grizzlies,Oakland,Golden Grizzlies,OAK,Horizon League,45,exact
2016-17,109602,Ohio,MAC,195,Ohio Bobcats,Ohio,Bobcats,OHIO,Mid-American Conference,14,exact
2016-17,109601,Ohio St.,Big Ten,194,Ohio State Buckeyes,Ohio State,Buckeyes,OSU,Big Ten Conference,7,exact
2016-17,109604,Oklahoma,Big 12,201,Oklahoma Sooners,Oklahoma,Sooners,OU,Southeastern Conference,23,exact
2016-17,109603,Oklahoma St.,Big 12,197,Oklahoma State Cowboys,Oklahoma State,Cowboys,OKST,Big 12 Conference,8,exact
2016-17,109605,Old Dominion,C-USA,295,Old Dominion Monarchs,Old Dominion,Monarchs,ODU,Sun Belt Conference,27,exact
2016-17,109558,Ole Miss,SEC,145,Ole Miss Rebels,Ole Miss,Rebels,MISS,Southeastern Conference,23,exact
2016-17,109573,Omaha,Summit League,2437,Omaha Mavericks,Omaha,Mavericks,OMA,Summit League,47,exact
2016-17,109606,Oral Roberts,Summit League,198,Oral Roberts Golden Eagles,Oral Roberts,Golden Eagles,ORU,Summit League,47,exact
2016-17,109608,Oregon,Pac-12,2483,Oregon Ducks,Oregon,Ducks,ORE,Big Ten Conference,7,exact
2016-17,109607,Oregon St.,Pac-12,204,Oregon State Beavers,Oregon State,Beavers,ORST,West Coast Conference,29,exact
2016-17,109609,Pacific,WCC,279,Pacific Tigers,Pacific,Tigers,PAC,West Coast Conference,29,exact
2016-17,109612,Penn,Ivy League,219,Pennsylvania Quakers,Pennsylvania,Quakers,PENN,Ivy League,12,exact
2016-17,109611,Penn St.,Big Ten,213,Penn State Nittany Lions,Penn State,Nittany Lions,PSU,Big Ten Conference,7,exact
2016-17,109613,Pepperdine,WCC,2492,Pepperdine Waves,Pepperdine,Waves,PEPP,West Coast Conference,29,exact
2016-17,109614,Pittsburgh,ACC,221,Pittsburgh Panthers,Pittsburgh,Panthers,PITT,Atlantic Coast Conference,2,exact
2016-17,109616,Portland,WCC,2501,Portland Pilots,Portland,Pilots,PORT,West Coast Conference,29,exact
2016-17,109615,Portland St.,Big Sky,2502,Portland State Vikings,Portland State,Vikings,PRST,Big Sky Conference,5,exact
2016-17,109617,Prairie View,SWAC,2504,Prairie View A&M Panthers,Prairie View A&M,Panthers,PV,Southwestern Athletic Conference,26,exact
2016-17,109729,Presbyterian,Big South,2506,Presbyterian Blue Hose,Presbyterian,Blue Hose,PRES,Big South Conference,6,exact
2016-17,109618,Princeton,Ivy League,163,Princeton Tigers,Princeton,Tigers,PRIN,Ivy League,12,exact
2016-17,109619,Providence,Big East,2507,Providence Friars,Providence,Friars,PROV,Big East Conference,4,exact
2016-17,109620,Purdue,Big Ten,2509,Purdue Boilermakers,Purdue,Boilermakers,PUR,Big Ten Conference,7,exact
2016-17,109512,Purdue Fort Wayne,Summit League,2870,Purdue Fort Wayne Mastodons,Purdue Fort Wayne,Mastodons,PFW,Horizon League,45,exact
2016-17,109621,Quinnipiac,MAAC,2514,Quinnipiac Bobcats,Quinnipiac,Bobcats,QUIN,Metro Conference,13,exact
2016-17,109622,Radford,Big South,2515,Radford Highlanders,Radford,Highlanders,RAD,Big South Conference,6,exact
2016-17,109623,Rhode Island,Atlantic 10,227,Rhode Island Rams,Rhode Island,Rams,URI,Atlantic 10 Conference,3,exact
2016-17,109624,Rice,C-USA,242,Rice Owls,Rice,Owls,RICE,American Conference,62,exact
2016-17,109625,Richmond,Atlantic 10,257,Richmond Spiders,Richmond,Spiders,RICH,Atlantic 10 Conference,3,exact
2016-17,109626,Rider,MAAC,2520,Rider Broncs,Rider,Broncs,RID,Metro Conference,13,exact
2016-17,109627,Robert Morris,NEC,2523,Robert Morris Colonials,Robert Morris,Colonials,RMU,Horizon League,45,exact
2016-17,109628,Rutgers,Big Ten,164,Rutgers Scarlet Knights,Rutgers,Scarlet Knights,RUTG,Big Ten Conference,7,exact
2016-17,109667,SFA,Southland,2617,Stephen F. Austin Lumberjacks,Stephen F. Austin,Lumberjacks,SFA,Southland Conference,25,exact
2016-17,109658,SIUE,OVC,2565,SIU Edwardsville Cougars,SIU Edwardsville,Cougars,SIUE,Ohio Valley Conference,20,exact
2016-17,109659,SMU,AAC,2567,SMU Mustangs,SMU,Mustangs,SMU,Atlantic Coast Conference,2,exact
2016-17,109434,Sacramento St.,Big Sky,16,Sacramento State Hornets,Sacramento State,Hornets,SAC,Big Sky Conference,5,exact
2016-17,109629,Sacred Heart,NEC,2529,Sacred Heart Pioneers,Sacred Heart,Pioneers,SHU,Metro Conference,13,exact
2016-17,109632,Saint Francis (PA),NEC,2598,St. Francis (PA) Red Flash,St. Francis (PA),Red Flash,SFPA,Northeast Conference,19,exact
2016-17,109634,Saint Joseph's,Atlantic 10,2603,Saint Joseph's Hawks,Saint Joseph's,Hawks,JOES,Atlantic 10 Conference,3,exact
2016-17,109635,Saint Louis,Atlantic 10,139,Saint Louis Billikens,Saint Louis,Billikens,SLU,Atlantic 10 Conference,3,exact
2016-17,109636,Saint Mary's (CA),WCC,2608,Saint Mary's Gaels,Saint Mary's,Gaels,SMC,West Coast Conference,29,dict
2016-17,109637,Saint Peter's,MAAC,2612,Saint Peter's Peacocks,Saint Peter's,Peacocks,SPU,Metro Conference,13,exact
2016-17,109638,Sam Houston,Southland,2534,Sam Houston Bearkats,Sam Houston,Bearkats,SHSU,Conference USA,11,exact
2016-17,109639,Samford,SoCon,2535,Samford Bulldogs,Samford,Bulldogs,SAM,Southern Conference,24,exact
2016-17,109641,San Diego,WCC,301,San Diego Toreros,San Diego,Toreros,USD,West Coast Conference,29,exact
2016-17,109640,San Diego St.,Mountain West,21,San Diego State Aztecs,San Diego State,Aztecs,SDSU,Mountain West Conference,44,exact
2016-17,109642,San Francisco,WCC,2539,San Francisco Dons,San Francisco,Dons,SF,West Coast Conference,29,exact
2016-17,109643,San Jose St.,Mountain West,23,San José State Spartans,San José State,Spartans,SJSU,Mountain West Conference,44,dict
2016-17,109644,Santa Clara,WCC,2541,Santa Clara Broncos,Santa Clara,Broncos,SCU,West Coast Conference,29,exact
2016-17,109645,Savannah St.,MEAC,2542,Savannah State Tigers,Savannah State,Tigers,SAV,,,alias
2016-17,109730,Seattle U,WAC,2547,Seattle U Redhawks,Seattle U,Redhawks,SEA,United Athletic Conference,30,exact
2016-17,109646,Seton Hall,Big East,2550,Seton Hall Pirates,Seton Hall,Pirates,HALL,Big East Conference,4,exact
2016-17,109647,Siena,MAAC,2561,Siena Saints,Siena,Saints,SIE,Metro Conference,13,exact
2016-17,109648,South Alabama,Sun Belt,6,South Alabama Jaguars,South Alabama,Jaguars,USA,Sun Belt Conference,27,exact
2016-17,109650,South Carolina,SEC,2579,South Carolina Gamecocks,South Carolina,Gamecocks,SC,Southeastern Conference,23,exact
2016-17,109649,South Carolina St.,MEAC,2569,South Carolina State Bulldogs,South Carolina State,Bulldogs,SCST,Mid-Eastern Athletic Conference,16,exact
2016-17,109652,South Dakota,Summit League,233,South Dakota Coyotes,South Dakota,Coyotes,SDAK,Summit League,47,exact
2016-17,109651,South Dakota St.,Summit League,2571,South Dakota State Jackrabbits,South Dakota State,Jackrabbits,SDST,Summit League,47,exact
2016-17,109653,South Fla.,AAC,58,South Florida Bulls,South Florida,Bulls,USF,American Conference,62,exact
2016-17,109654,Southeast Mo. St.,OVC,2546,Southeast Missouri State Redhawks,Southeast Missouri State,Redhawks,SEMO,Ohio Valley Conference,20,exact
2016-17,109655,Southeastern La.,Southland,2545,SE Louisiana Lions,SE Louisiana,Lions,SELA,Southland Conference,25,dict
2016-17,109656,Southern California,Pac-12,30,USC Trojans,USC,Trojans,USC,Big Ten Conference,7,dict
2016-17,109657,Southern Ill.,MVC,79,Southern Illinois Salukis,Southern Illinois,Salukis,SIU,Missouri Valley Conference,18,exact
2016-17,109660,Southern Miss.,C-USA,2572,Southern Miss Golden Eagles,Southern Miss,Golden Eagles,USM,Sun Belt Conference,27,dict
2016-17,109661,Southern U.,SWAC,2582,Southern Jaguars,Southern,Jaguars,SOU,Southwestern Athletic Conference,26,dict
2016-17,109662,Southern Utah,Big Sky,253,Southern Utah Thunderbirds,Southern Utah,Thunderbirds,SUU,United Athletic Conference,30,exact
2016-17,109630,St. Bonaventure,Atlantic 10,179,St. Bonaventure Bonnies,St. Bonaventure,Bonnies,SBU,Atlantic 10 Conference,3,exact
2016-17,109631,St. Francis Brooklyn,NEC,2597,St. Francis Brooklyn Terriers,St. Francis Brooklyn,Terriers,SFNY,,,exact
2016-17,109633,St. John's (NY),Big East,2599,St. John's Red Storm,St. John's,Red Storm,SJU,Big East Conference,4,dict
2016-17,109666,Stanford,Pac-12,24,Stanford Cardinal,Stanford,Cardinal,STAN,Atlantic Coast Conference,2,exact
2016-17,109668,Stetson,ASUN,56,Stetson Hatters,Stetson,Hatters,STET,Atlantic Sun Conference,46,exact
2016-17,109669,Stony Brook,America East,2619,Stony Brook Seawolves,Stony Brook,Seawolves,STBK,Coastal Athletic Association,10,exact
2016-17,109670,Syracuse,ACC,183,Syracuse Orange,Syracuse,Orange,SYR,Atlantic Coast Conference,2,exact
2016-17,109678,TCU,Big 12,2628,TCU Horned Frogs,TCU,Horned Frogs,TCU,Big 12 Conference,8,exact
2016-17,109671,Temple,AAC,218,Temple Owls,Temple,Owls,TEM,American Conference,62,exact
2016-17,109675,Tennessee,SEC,2633,Tennessee Volunteers,Tennessee,Volunteers,TENN,Southeastern Conference,23,exact
2016-17,109672,Tennessee St.,OVC,2634,Tennessee State Tigers,Tennessee State,Tigers,TNST,Ohio Valley Conference,20,exact
2016-17,109673,Tennessee Tech,OVC,2635,Tennessee Tech Golden Eagles,Tennessee Tech,Golden Eagles,TNTC,Ohio Valley Conference,20,exact
2016-17,109682,Texas,Big 12,251,Texas Longhorns,Texas,Longhorns,TEX,Southeastern Conference,23,exact
2016-17,109677,Texas A&M,SEC,245,Texas A&M Aggies,Texas A&M,Aggies,TA&M,Southeastern Conference,23,exact
2016-17,109679,Texas Southern,SWAC,2640,Texas Southern Tigers,Texas Southern,Tigers,TXSO,Southwestern Athletic Conference,26,exact
2016-17,109664,Texas St.,Sun Belt,326,Texas State Bobcats,Texas State,Bobcats,TXST,Sun Belt Conference,27,exact
2016-17,109680,Texas Tech,Big 12,2641,Texas Tech Red Raiders,Texas Tech,Red Raiders,TTU,Big 12 Conference,8,exact
2016-17,109685,Toledo,MAC,2649,Toledo Rockets,Toledo,Rockets,TOL,Mid-American Conference,14,exact
2016-17,109686,Towson,CAA,119,Towson Tigers,Towson,Tigers,TOW,Coastal Athletic Association,10,exact
2016-17,109687,Troy,Sun Belt,2653,Troy Trojans,Troy,Trojans,TROY,Sun Belt Conference,27,exact
2016-17,109688,Tulane,AAC,2655,Tulane Green Wave,Tulane,Green Wave,TULN,American Conference,62,exact
2016-17,109689,Tulsa,AAC,202,Tulsa Golden Hurricane,Tulsa,Golden Hurricane,TLSA,American Conference,62,exact
2016-17,109400,UAB,C-USA,5,UAB Blazers,UAB,Blazers,UAB,American Conference,62,exact
2016-17,109437,UC Davis,Big West,302,UC Davis Aggies,UC Davis,Aggies,UCD,Big West Conference,9,exact
2016-17,109438,UC Irvine,Big West,300,UC Irvine Anteaters,UC Irvine,Anteaters,UCI,Big West Conference,9,exact
2016-17,109440,UC Riverside,Big West,27,UC Riverside Highlanders,UC Riverside,Highlanders,UCR,Big West Conference,9,exact
2016-17,109435,UC Santa Barbara,Big West,2540,UC Santa Barbara Gauchos,UC Santa Barbara,Gauchos,UCSB,Big West Conference,9,exact
2016-17,109444,UCF,AAC,2116,UCF Knights,UCF,Knights,UCF,Big 12 Conference,8,exact
2016-17,109439,UCLA,Pac-12,26,UCLA Bruins,UCLA,Bruins,UCLA,Big Ten Conference,7,exact
2016-17,109455,UConn,AAC,41,UConn Huskies,UConn,Huskies,CONN,Big East Conference,4,exact
2016-17,109509,UIC,Horizon,82,UIC Flames,UIC,Flames,UIC,Missouri Valley Conference,18,exact
2016-17,109735,UIW,Southland,2916,Incarnate Word Cardinals,Incarnate Word,Cardinals,UIW,Southland Conference,25,exact
2016-17,109590,ULM,Sun Belt,2433,UL Monroe Warhawks,UL Monroe,Warhawks,ULM,Sun Belt Conference,27,exact
2016-17,109543,UMBC,America East,2378,UMBC Retrievers,UMBC,Retrievers,UMBC,America East Conference,1,exact
2016-17,109545,UMES,MEAC,2379,Maryland Eastern Shore Hawks,Maryland Eastern Shore,Hawks,UMES,Mid-Eastern Athletic Conference,16,exact
2016-17,109534,UMass Lowell,America East,2349,UMass Lowell River Hawks,UMass Lowell,River Hawks,UML,America East Conference,1,exact
2016-17,109567,UNC Asheville,Big South,2427,UNC Asheville Bulldogs,UNC Asheville,Bulldogs,UNCA,Big South Conference,6,exact
2016-17,109570,UNC Greensboro,SoCon,2430,UNC Greensboro Spartans,UNC Greensboro,Spartans,UNCG,Southern Conference,24,exact
2016-17,109571,UNCW,CAA,350,UNC Wilmington Seahawks,UNC Wilmington,Seahawks,UNCW,Coastal Athletic Association,10,exact
2016-17,109595,UNI,MVC,2460,Northern Iowa Panthers,Northern Iowa,Panthers,UNI,Missouri Valley Conference,18,exact
2016-17,109574,UNLV,Mountain West,2439,UNLV Rebels,UNLV,Rebels,UNLV,Mountain West Conference,44,exact
2016-17,109737,USC Upstate,ASUN,2908,South Carolina Upstate Spartans,South Carolina Upstate,Spartans,UPST,Big South Conference,6,dict
2016-17,109681,UT Arlington,Sun Belt,250,UT Arlington Mavericks,UT Arlington,Mavericks,UTA,United Athletic Conference,30,exact
2016-17,109676,UT Martin,OVC,2630,UT Martin Skyhawks,UT Martin,Skyhawks,UTM,Ohio Valley Conference,20,exact
2016-17,109683,UTEP,C-USA,2638,UTEP Miners,UTEP,Miners,UTEP,Conference USA,11,exact
2016-17,109610,UTRGV,WAC,292,UT Rio Grande Valley Vaqueros,UT Rio Grande Valley,Vaqueros,RGV,Southland Conference,25,dict
2016-17,109684,UTSA,C-USA,2636,UTSA Roadrunners,UTSA,Roadrunners,UTSA,American Conference,62,exact
2016-17,109694,Utah,Pac-12,254,Utah Utes,Utah,Utes,UTAH,Big 12 Conference,8,exact
2016-17,109693,Utah St.,Mountain West,328,Utah State Aggies,Utah State,Aggies,USU,Mountain West Conference,44,exact
2016-17,109743,Utah Valley,WAC,3084,Utah Valley Wolverines,Utah Valley,Wolverines,UVU,United Athletic Conference,30,exact
2016-17,109699,VCU,Atlantic 10,2670,VCU Rams,VCU,Rams,VCU,Atlantic 10 Conference,3,exact
2016-17,109695,Valparaiso,Horizon,2674,Valparaiso Beacons,Valparaiso,Beacons,VAL,Missouri Valley Conference,18,exact
2016-17,109696,Vanderbilt,SEC,238,Vanderbilt Commodores,Vanderbilt,Commodores,VAN,Southeastern Conference,23,exact
2016-17,109697,Vermont,America East,261,Vermont Catamounts,Vermont,Catamounts,UVM,America East Conference,1,exact
2016-17,109698,Villanova,Big East,222,Villanova Wildcats,Villanova,Wildcats,VILL,Big East Conference,4,exact
2016-17,109701,Virginia,ACC,258,Virginia Cavaliers,Virginia,Cavaliers,UVA,Atlantic Coast Conference,2,exact
2016-17,109700,Virginia Tech,ACC,259,Virginia Tech Hokies,Virginia Tech,Hokies,VT,Atlantic Coast Conference,2,exact
2016-17,109702,Wagner,NEC,2681,Wagner Seahawks,Wagner,Seahawks,WAG,Northeast Conference,19,exact
2016-17,109703,Wake Forest,ACC,154,Wake Forest Demon Deacons,Wake Forest,Demon Deacons,WAKE,Atlantic Coast Conference,2,exact
2016-17,109705,Washington,Pac-12,264,Washington Huskies,Washington,Huskies,WASH,Big Ten Conference,7,exact
2016-17,109704,Washington St.,Pac-12,265,Washington State Cougars,Washington State,Cougars,WSU,West Coast Conference,29,exact
2016-17,109706,Weber St.,Big Sky,2692,Weber State Wildcats,Weber State,Wildcats,WEB,Big Sky Conference,5,exact
2016-17,109707,West Virginia,Big 12,277,West Virginia Mountaineers,West Virginia,Mountaineers,WVU,Big 12 Conference,8,exact
2016-17,109708,Western Caro.,SoCon,2717,Western Carolina Catamounts,Western Carolina,Catamounts,WCU,Southern Conference,24,exact
2016-17,109709,Western Ill.,Summit League,2710,Western Illinois Leathernecks,Western Illinois,Leathernecks,WIU,Ohio Valley Conference,20,exact
2016-17,109710,Western Ky.,C-USA,98,Western Kentucky Hilltoppers,Western Kentucky,Hilltoppers,WKU,Conference USA,11,exact
2016-17,109711,Western Mich.,MAC,2711,Western Michigan Broncos,Western Michigan,Broncos,WMU,Mid-American Conference,14,exact
2016-17,109712,Wichita St.,MVC,2724,Wichita State Shockers,Wichita State,Shockers,WICH,American Conference,62,exact
2016-17,109713,William & Mary,CAA,2729,William & Mary Tribe,William & Mary,Tribe,W&M,Coastal Athletic Association,10,exact
2016-17,109714,Winthrop,Big South,2737,Winthrop Eagles,Winthrop,Eagles,WIN,Big South Conference,6,exact
2016-17,109716,Wisconsin,Big Ten,275,Wisconsin Badgers,Wisconsin,Badgers,WIS,Big Ten Conference,7,exact
2016-17,109736,Wofford,SoCon,2747,Wofford Terriers,Wofford,Terriers,WOF,Southern Conference,24,exact
2016-17,109718,Wright St.,Horizon,2750,Wright State Raiders,Wright State,Raiders,WRST,Horizon League,45,exact
2016-17,109719,Wyoming,Mountain West,2751,Wyoming Cowboys,Wyoming,Cowboys,WYO,Mountain West Conference,44,exact
2016-17,109720,Xavier,Big East,2752,Xavier Musketeers,Xavier,Musketeers,XAV,Big East Conference,4,exact
2016-17,109721,Yale,Ivy League,43,Yale Bulldogs,Yale,Bulldogs,YALE,Ivy League,12,exact
2016-17,109722,Youngstown St.,Horizon,2754,Youngstown State Penguins,Youngstown State,Penguins,YSU,Horizon League,45,exact
2017-18,185571,A&M-Corpus Christi,Southland,357,Texas A&M-Corpus Christi Islanders,Texas A&M-Corpus Christi,Islanders,AMCC,Southland Conference,25,dict
2017-18,185226,Abilene Christian,Southland,2000,Abilene Christian Wildcats,Abilene Christian,Wildcats,ACU,United Athletic Conference,30,exact
2017-18,185521,Air Force,Mountain West,2005,Air Force Falcons,Air Force,Falcons,AF,Mountain West Conference,44,exact
2017-18,185227,Akron,MAC,2006,Akron Zips,Akron,Zips,AKR,Mid-American Conference,14,exact
2017-18,185230,Alabama,SEC,333,Alabama Crimson Tide,Alabama,Crimson Tide,ALA,Southeastern Conference,23,exact
2017-18,185228,Alabama A&M,SWAC,2010,Alabama A&M Bulldogs,Alabama A&M,Bulldogs,AAMU,Southwestern Athletic Conference,26,exact
2017-18,185229,Alabama St.,SWAC,2011,Alabama State Hornets,Alabama State,Hornets,ALST,Southwestern Athletic Conference,26,exact
2017-18,185232,Albany (NY),America East,399,UAlbany Great Danes,UAlbany,Great Danes,UALB,America East Conference,1,alias
2017-18,185233,Alcorn,SWAC,2016,Alcorn State Braves,Alcorn State,Braves,ALCN,Southwestern Athletic Conference,26,dict
2017-18,185234,American,Patriot,44,American University Eagles,American University,Eagles,AMER,Patriot League,22,exact
2017-18,185235,App State,Sun Belt,2026,App State Mountaineers,App State,Mountaineers,APP,Sun Belt Conference,27,exact
2017-18,185237,Arizona,Pac-12,12,Arizona Wildcats,Arizona,Wildcats,ARIZ,Big 12 Conference,8,exact
2017-18,185236,Arizona St.,Pac-12,9,Arizona State Sun Devils,Arizona State,Sun Devils,ASU,Big 12 Conference,8,exact
2017-18,185562,Ark.-Pine Bluff,SWAC,2029,Arkansas-Pine Bluff Golden Lions,Arkansas-Pine Bluff,Golden Lions,UAPB,Southwestern Athletic Conference,26,dict
2017-18,185239,Arkansas,SEC,8,Arkansas Razorbacks,Arkansas,Razorbacks,ARK,Southeastern Conference,23,exact
2017-18,185238,Arkansas St.,Sun Belt,2032,Arkansas State Red Wolves,Arkansas State,Red Wolves,ARST,Sun Belt Conference,27,exact
2017-18,185522,Army West Point,Patriot,349,Army Black Knights,Army,Black Knights,ARMY,Patriot League,22,dict
2017-18,185241,Auburn,SEC,2,Auburn Tigers,Auburn,Tigers,AUB,Southeastern Conference,23,exact
2017-18,185242,Austin Peay,OVC,2046,Austin Peay Governors,Austin Peay,Governors,APSU,Atlantic Sun Conference,46,exact
2017-18,185253,BYU,WCC,252,BYU Cougars,BYU,Cougars,BYU,Big 12 Conference,8,exact
2017-18,185243,Ball St.,MAC,2050,Ball State Cardinals,Ball State,Cardinals,BALL,Mid-American Conference,14,exact
2017-18,185245,Baylor,Big 12,239,Baylor Bears,Baylor,Bears,BAY,Big 12 Conference,8,exact
2017-18,185569,Belmont,OVC,2057,Belmont Bruins,Belmont,Bruins,BEL,Missouri Valley Conference,18,exact
2017-18,185246,Bethune-Cookman,MEAC,2065,Bethune-Cookman Wildcats,Bethune-Cookman,Wildcats,BCU,Southwestern Athletic Conference,26,exact
2017-18,185247,Binghamton,America East,2066,Binghamton Bearcats,Binghamton,Bearcats,BING,America East Conference,1,exact
2017-18,185248,Boise St.,Mountain West,68,Boise State Broncos,Boise State,Broncos,BOIS,Mountain West Conference,44,exact
2017-18,185249,Boston College,ACC,103,Boston College Eagles,Boston College,Eagles,BC,Atlantic Coast Conference,2,exact
2017-18,185250,Boston U.,Patriot,104,Boston University Terriers,Boston University,Terriers,BU,Patriot League,22,exact
2017-18,185251,Bowling Green,MAC,189,Bowling Green Falcons,Bowling Green,Falcons,BGSU,Mid-American Conference,14,exact
2017-18,185252,Bradley,MVC,71,Bradley Braves,Bradley,Braves,BRAD,Missouri Valley Conference,18,exact
2017-18,185254,Brown,Ivy League,225,Brown Bears,Brown,Bears,BRWN,Ivy League,12,exact
2017-18,185255,Bryant,NEC,2803,Bryant Bulldogs,Bryant,Bulldogs,BRY,America East Conference,1,exact
2017-18,185256,Bucknell,Patriot,2083,Bucknell Bison,Bucknell,Bison,BUCK,Patriot League,22,exact
2017-18,185257,Buffalo,MAC,2084,Buffalo Bulls,Buffalo,Bulls,BUF,Mid-American Conference,14,exact
2017-18,185258,Butler,Big East,2086,Butler Bulldogs,Butler,Bulldogs,BTLR,Big East Conference,4,exact
2017-18,185260,CSU Bakersfield,WAC,2934,Cal State Bakersfield Roadrunners,Cal State Bakersfield,Roadrunners,CSUB,Big West Conference,9,alias
2017-18,185264,CSUN,Big West,2463,Cal State Northridge Matadors,Cal State Northridge,Matadors,CSUN,Big West Conference,9,exact
2017-18,185259,Cal Poly,Big West,13,Cal Poly Mustangs,Cal Poly,Mustangs,CP,Big West Conference,9,exact
2017-18,185262,Cal St. Fullerton,Big West,2239,Cal State Fullerton Titans,Cal State Fullerton,Titans,CSUF,Big West Conference,9,exact
2017-18,185267,California,Pac-12,25,California Golden Bears,California,Golden Bears,CAL,Atlantic Coast Conference,2,exact
2017-18,185272,Campbell,Big South,2097,Campbell Fighting Camels,Campbell,Fighting Camels,CAM,Coastal Athletic Association,10,exact
2017-18,185273,Canisius,MAAC,2099,Canisius Golden Griffins,Canisius,Golden Griffins,CAN,Metro Conference,13,exact
2017-18,185554,Central Ark.,Southland,2110,Central Arkansas Bears,Central Arkansas,Bears,CARK,Atlantic Sun Conference,46,exact
2017-18,185274,Central Conn. St.,NEC,2115,Central Connecticut Blue Devils,Central Connecticut,Blue Devils,CCSU,Northeast Conference,19,dict
2017-18,185276,Central Mich.,MAC,2117,Central Michigan Chippewas,Central Michigan,Chippewas,CMU,Mid-American Conference,14,exact
2017-18,185244,Charleston So.,Big South,2127,Charleston Southern Buccaneers,Charleston Southern,Buccaneers,CHSO,Big South Conference,6,exact
2017-18,185400,Charlotte,C-USA,2429,Charlotte 49ers,Charlotte,49ers,CLT,American Conference,62,exact
2017-18,185505,Chattanooga,SoCon,236,Chattanooga Mocs,Chattanooga,Mocs,UTC,Southern Conference,24,exact
2017-18,185277,Chicago St.,WAC,2130,Chicago State Cougars,Chicago State,Cougars,CHST,Northeast Conference,19,exact
2017-18,185278,Cincinnati,AAC,2132,Cincinnati Bearcats,Cincinnati,Bearcats,CIN,Big 12 Conference,8,exact
2017-18,185279,Clemson,ACC,228,Clemson Tigers,Clemson,Tigers,CLEM,Atlantic Coast Conference,2,exact
2017-18,185280,Cleveland St.,Horizon,325,Cleveland State Vikings,Cleveland State,Vikings,CLE,Horizon League,45,exact
2017-18,185281,Coastal Carolina,Sun Belt,324,Coastal Carolina Chanticleers,Coastal Carolina,Chanticleers,CCU,Sun Belt Conference,27,exact
2017-18,185555,Col. of Charleston,CAA,232,Charleston Cougars,Charleston,Cougars,COFC,Coastal Athletic Association,10,dict
2017-18,185282,Colgate,Patriot,2142,Colgate Raiders,Colgate,Raiders,COLG,Patriot League,22,exact
2017-18,185284,Colorado,Pac-12,38,Colorado Buffaloes,Colorado,Buffaloes,COLO,Big 12 Conference,8,exact
2017-18,185283,Colorado St.,Mountain West,36,Colorado State Rams,Colorado State,Rams,CSU,Mountain West Conference,44,exact
2017-18,185285,Columbia,Ivy League,171,Columbia Lions,Columbia,Lions,COLU,Ivy League,12,exact
2017-18,185287,Coppin St.,MEAC,2154,Coppin State Eagles,Coppin State,Eagles,COPP,Mid-Eastern Athletic Conference,16,exact
2017-18,185288,Cornell,Ivy League,172,Cornell Big Red,Cornell,Big Red,COR,Ivy League,12,exact
2017-18,185289,Creighton,Big East,156,Creighton Bluejays,Creighton,Bluejays,CREI,Big East Conference,4,exact
2017-18,185290,Dartmouth,Ivy League,159,Dartmouth Big Green,Dartmouth,Big Green,DART,Ivy League,12,exact
2017-18,185291,Davidson,Atlantic 10,2166,Davidson Wildcats,Davidson,Wildcats,DAV,Atlantic 10 Conference,3,exact
2017-18,185292,Dayton,Atlantic 10,2168,Dayton Flyers,Dayton,Flyers,DAY,Atlantic 10 Conference,3,exact
2017-18,185293,DePaul,Big East,305,DePaul Blue Demons,DePaul,Blue Demons,DEP,Big East Conference,4,exact
2017-18,185295,Delaware,CAA,48,Delaware Blue Hens,Delaware,Blue Hens,DEL,Coastal Athletic Association,10,exact
2017-18,185294,Delaware St.,MEAC,2169,Delaware State Hornets,Delaware State,Hornets,DSU,Mid-Eastern Athletic Conference,16,exact
2017-18,185296,Denver,Summit League,2172,Denver Pioneers,Denver,Pioneers,DEN,Summit League,47,exact
2017-18,185297,Detroit Mercy,Horizon,2174,Detroit Mercy Titans,Detroit Mercy,Titans,DETM,Horizon League,45,exact
2017-18,185298,Drake,MVC,2181,Drake Bulldogs,Drake,Bulldogs,DRKE,Missouri Valley Conference,18,exact
2017-18,185299,Drexel,CAA,2182,Drexel Dragons,Drexel,Dragons,DREX,Coastal Athletic Association,10,exact
2017-18,185300,Duke,ACC,150,Duke Blue Devils,Duke,Blue Devils,DUKE,Atlantic Coast Conference,2,exact
2017-18,185301,Duquesne,Atlantic 10,2184,Duquesne Dukes,Duquesne,Dukes,DUQ,Atlantic 10 Conference,3,exact
2017-18,185303,ETSU,SoCon,2193,East Tennessee State Buccaneers,East Tennessee State,Buccaneers,ETSU,Southern Conference,24,exact
2017-18,185302,East Carolina,AAC,151,East Carolina Pirates,East Carolina,Pirates,ECU,American Conference,62,exact
2017-18,185304,Eastern Ill.,OVC,2197,Eastern Illinois Panthers,Eastern Illinois,Panthers,EIU,Ohio Valley Conference,20,exact
2017-18,185305,Eastern Ky.,OVC,2198,Eastern Kentucky Colonels,Eastern Kentucky,Colonels,EKU,Atlantic Sun Conference,46,exact
2017-18,185306,Eastern Mich.,MAC,2199,Eastern Michigan Eagles,Eastern Michigan,Eagles,EMU,Mid-American Conference,14,exact
2017-18,185307,Eastern Wash.,Big Sky,331,Eastern Washington Eagles,Eastern Washington,Eagles,EWU,Big Sky Conference,5,exact
2017-18,185556,Elon,CAA,2210,Elon Phoenix,Elon,Phoenix,ELON,Coastal Athletic Association,10,exact
2017-18,185308,Evansville,MVC,339,Evansville Purple Aces,Evansville,Purple Aces,EVAN,Missouri Valley Conference,18,exact
2017-18,185573,FGCU,ASUN,526,Florida Gulf Coast Eagles,Florida Gulf Coast,Eagles,FGCU,Atlantic Sun Conference,46,exact
2017-18,185313,FIU,C-USA,2229,Florida International Panthers,Florida International,Panthers,FIU,Conference USA,11,exact
2017-18,185309,Fairfield,MAAC,2217,Fairfield Stags,Fairfield,Stags,FAIR,Metro Conference,13,exact
2017-18,185310,Fairleigh Dickinson,NEC,161,Fairleigh Dickinson Knights,Fairleigh Dickinson,Knights,FDU,Northeast Conference,19,exact
2017-18,185312,Fla. Atlantic,C-USA,2226,Florida Atlantic Owls,Florida Atlantic,Owls,FAU,American Conference,62,exact
2017-18,185315,Florida,SEC,57,Florida Gators,Florida,Gators,FLA,Southeastern Conference,23,exact
2017-18,185311,Florida A&M,MEAC,50,Florida A&M Rattlers,Florida A&M,Rattlers,FAMU,Southwestern Athletic Conference,26,exact
2017-18,185314,Florida St.,ACC,52,Florida State Seminoles,Florida State,Seminoles,FSU,Atlantic Coast Conference,2,exact
2017-18,185316,Fordham,Atlantic 10,2230,Fordham Rams,Fordham,Rams,FOR,Atlantic 10 Conference,3,exact
2017-18,185261,Fresno St.,Mountain West,278,Fresno State Bulldogs,Fresno State,Bulldogs,FRES,Mountain West Conference,44,exact
2017-18,185317,Furman,SoCon,231,Furman Paladins,Furman,Paladins,FUR,Southern Conference,24,exact
2017-18,185321,Ga. Southern,Sun Belt,290,Georgia Southern Eagles,Georgia Southern,Eagles,GASO,Sun Belt Conference,27,exact
2017-18,185557,Gardner-Webb,Big South,2241,Gardner-Webb Runnin' Bulldogs,Gardner-Webb,Runnin' Bulldogs,GWEB,Big South Conference,6,exact
2017-18,185318,George Mason,Atlantic 10,2244,George Mason Patriots,George Mason,Patriots,GMU,Atlantic 10 Conference,3,exact
2017-18,185319,George Washington,Atlantic 10,45,George Washington Revolutionaries,George Washington,Revolutionaries,GW,Atlantic 10 Conference,3,exact
2017-18,185320,Georgetown,Big East,46,Georgetown Hoyas,Georgetown,Hoyas,GTWN,Big East Conference,4,exact
2017-18,185324,Georgia,SEC,61,Georgia Bulldogs,Georgia,Bulldogs,UGA,Southeastern Conference,23,exact
2017-18,185322,Georgia St.,Sun Belt,2247,Georgia State Panthers,Georgia State,Panthers,GAST,Sun Belt Conference,27,exact
2017-18,185323,Georgia Tech,ACC,59,Georgia Tech Yellow Jackets,Georgia Tech,Yellow Jackets,GT,Atlantic Coast Conference,2,exact
2017-18,185325,Gonzaga,WCC,2250,Gonzaga Bulldogs,Gonzaga,Bulldogs,GONZ,West Coast Conference,29,exact
2017-18,185326,Grambling,SWAC,2755,Grambling Tigers,Grambling,Tigers,GRAM,Southwestern Athletic Conference,26,exact
2017-18,185558,Grand Canyon,WAC,2253,Grand Canyon Lopes,Grand Canyon,Lopes,GCU,United Athletic Conference,30,exact
2017-18,185546,Green Bay,Horizon,2739,Green Bay Phoenix,Green Bay,Phoenix,GB,Horizon League,45,exact
2017-18,185327,Hampton,MEAC,2261,Hampton Pirates,Hampton,Pirates,HAMP,Coastal Athletic Association,10,exact
2017-18,185328,Hartford,America East,42,Hartford Hawks,Hartford,Hawks,HART,,,exact
2017-18,185329,Harvard,Ivy League,108,Harvard Crimson,Harvard,Crimson,HARV,Ivy League,12,exact
2017-18,185330,Hawaii,Big West,62,Hawai'i Rainbow Warriors,Hawai'i,Rainbow Warriors,HAW,Big West Conference,9,dict
2017-18,185570,High Point,Big South,2272,High Point Panthers,High Point,Panthers,HPU,Big South Conference,6,exact
2017-18,185331,Hofstra,CAA,2275,Hofstra Pride,Hofstra,Pride,HOF,Coastal Athletic Association,10,exact
2017-18,185332,Holy Cross,Patriot,107,Holy Cross Crusaders,Holy Cross,Crusaders,HC,Patriot League,22,exact
2017-18,185334,Houston,AAC,248,Houston Cougars,Houston,Cougars,HOU,Big 12 Conference,8,exact
2017-18,185333,Houston Baptist,Southland,2277,Houston Christian Huskies,Houston Christian,Huskies,HCU,Southland Conference,25,alias
2017-18,185335,Howard,MEAC,47,Howard Bison,Howard,Bison,HOW,Mid-Eastern Athletic Conference,16,exact
2017-18,185563,IUPUI,Horizon,85,IU Indianapolis Jaguars,IU Indianapolis,Jaguars,IUIN,Horizon League,45,alias
2017-18,185337,Idaho,Big Sky,70,Idaho Vandals,Idaho,Vandals,IDHO,Big Sky Conference,5,exact
2017-18,185336,Idaho St.,Big Sky,304,Idaho State Bengals,Idaho State,Bengals,IDST,Big Sky Conference,5,exact
2017-18,185339,Illinois,Big Ten,356,Illinois Fighting Illini,Illinois,Fighting Illini,ILL,Big Ten Conference,7,exact
2017-18,185338,Illinois St.,MVC,2287,Illinois State Redbirds,Illinois State,Redbirds,ILST,Missouri Valley Conference,18,exact
2017-18,185342,Indiana,Big Ten,84,Indiana Hoosiers,Indiana,Hoosiers,IU,Big Ten Conference,7,exact
2017-18,185341,Indiana St.,MVC,282,Indiana State Sycamores,Indiana State,Sycamores,INST,Missouri Valley Conference,18,exact
2017-18,185344,Iona,MAAC,314,Iona Gaels,Iona,Gaels,IONA,Metro Conference,13,exact
2017-18,185346,Iowa,Big Ten,2294,Iowa Hawkeyes,Iowa,Hawkeyes,IOWA,Big Ten Conference,7,exact
2017-18,185345,Iowa St.,Big 12,66,Iowa State Cyclones,Iowa State,Cyclones,ISU,Big 12 Conference,8,exact
2017-18,185347,Jackson St.,SWAC,2296,Jackson State Tigers,Jackson State,Tigers,JKST,Southwestern Athletic Conference,26,exact
2017-18,185349,Jacksonville,ASUN,294,Jacksonville Dolphins,Jacksonville,Dolphins,JAX,Atlantic Sun Conference,46,exact
2017-18,185348,Jacksonville St.,OVC,55,Jacksonville State Gamecocks,Jacksonville State,Gamecocks,JXST,Conference USA,11,exact
2017-18,185350,James Madison,CAA,256,James Madison Dukes,James Madison,Dukes,JMU,Sun Belt Conference,27,exact
2017-18,185352,Kansas,Big 12,2305,Kansas Jayhawks,Kansas,Jayhawks,KU,Big 12 Conference,8,exact
2017-18,185564,Kansas City,WAC,140,Kansas City Roos,Kansas City,Roos,KC,Summit League,47,exact
2017-18,185351,Kansas St.,Big 12,2306,Kansas State Wildcats,Kansas State,Wildcats,KSU,Big 12 Conference,8,exact
2017-18,185559,Kennesaw St.,ASUN,338,Kennesaw State Owls,Kennesaw State,Owls,KENN,Conference USA,11,exact
2017-18,185353,Kent St.,MAC,2309,Kent State Golden Flashes,Kent State,Golden Flashes,KENT,Mid-American Conference,14,exact
2017-18,185354,Kentucky,SEC,96,Kentucky Wildcats,Kentucky,Wildcats,UK,Southeastern Conference,23,exact
2017-18,185360,LIU,NEC,112358,Long Island University Sharks,Long Island University,Sharks,LIU,Northeast Conference,19,exact
2017-18,185367,LMU (CA),WCC,2351,Loyola Marymount Lions,Loyola Marymount,Lions,LMU,West Coast Conference,29,dict
2017-18,185362,LSU,SEC,99,LSU Tigers,LSU,Tigers,LSU,Southeastern Conference,23,exact
2017-18,185355,La Salle,Atlantic 10,2325,La Salle Explorers,La Salle,Explorers,LAS,Atlantic 10 Conference,3,exact
2017-18,185356,Lafayette,Patriot,322,Lafayette Leopards,Lafayette,Leopards,LAF,Patriot League,22,exact
2017-18,185357,Lamar University,Southland,2320,Lamar Cardinals,Lamar,Cardinals,LAM,Southland Conference,25,dict
2017-18,185358,Lehigh,Patriot,2329,Lehigh Mountain Hawks,Lehigh,Mountain Hawks,LEH,Patriot League,22,exact
2017-18,185359,Liberty,Big South,2335,Liberty Flames,Liberty,Flames,LIB,Conference USA,11,exact
2017-18,185572,Lipscomb,ASUN,288,Lipscomb Bisons,Lipscomb,Bisons,LIP,Atlantic Sun Conference,46,exact
2017-18,185240,Little Rock,Sun Belt,2031,Little Rock Trojans,Little Rock,Trojans,LR,Ohio Valley Conference,20,exact
2017-18,185263,Long Beach St.,Big West,299,Long Beach State Beach,Long Beach State,Beach,LBSU,Big West Conference,9,exact
2017-18,185361,Longwood,Big South,2344,Longwood Lancers,Longwood,Lancers,LONG,Big South Conference,6,exact
2017-18,185496,Louisiana,Sun Belt,309,Louisiana Ragin' Cajuns,Louisiana,Ragin' Cajuns,UL,Sun Belt Conference,27,exact
2017-18,185363,Louisiana Tech,C-USA,2348,Louisiana Tech Bulldogs,Louisiana Tech,Bulldogs,LT,Conference USA,11,exact
2017-18,185364,Louisville,ACC,97,Louisville Cardinals,Louisville,Cardinals,LOU,Atlantic Coast Conference,2,exact
2017-18,185368,Loyola Chicago,MVC,2350,Loyola Chicago Ramblers,Loyola Chicago,Ramblers,LUC,Atlantic 10 Conference,3,exact
2017-18,185366,Loyola Maryland,Patriot,2352,Loyola Maryland Greyhounds,Loyola Maryland,Greyhounds,L-MD,Patriot League,22,exact
2017-18,185369,Maine,America East,311,Maine Black Bears,Maine,Black Bears,ME,America East Conference,1,exact
2017-18,185370,Manhattan,MAAC,2363,Manhattan Jaspers,Manhattan,Jaspers,MAN,Metro Conference,13,exact
2017-18,185371,Marist,MAAC,2368,Marist Red Foxes,Marist,Red Foxes,MRST,Metro Conference,13,exact
2017-18,185372,Marquette,Big East,269,Marquette Golden Eagles,Marquette,Golden Eagles,MARQ,Big East Conference,4,exact
2017-18,185373,Marshall,C-USA,276,Marshall Thundering Herd,Marshall,Thundering Herd,MRSH,Sun Belt Conference,27,exact
2017-18,185375,Maryland,Big Ten,120,Maryland Terrapins,Maryland,Terrapins,MD,Big Ten Conference,7,exact
2017-18,185377,Massachusetts,Atlantic 10,113,Massachusetts Minutemen,Massachusetts,Minutemen,MASS,Atlantic 10 Conference,3,exact
2017-18,185378,McNeese,Southland,2377,McNeese Cowboys,McNeese,Cowboys,MCN,Southland Conference,25,exact
2017-18,185379,Memphis,AAC,235,Memphis Tigers,Memphis,Tigers,MEM,American Conference,62,exact
2017-18,185380,Mercer,SoCon,2382,Mercer Bears,Mercer,Bears,MER,Southern Conference,24,exact
2017-18,185382,Miami (FL),ACC,2390,Miami Hurricanes,Miami,Hurricanes,MIA,Atlantic Coast Conference,2,dict
2017-18,185381,Miami (OH),MAC,193,Miami (OH) RedHawks,Miami (OH),RedHawks,M-OH,Mid-American Conference,14,exact
2017-18,185384,Michigan,Big Ten,130,Michigan Wolverines,Michigan,Wolverines,MICH,Big Ten Conference,7,exact
2017-18,185383,Michigan St.,Big Ten,127,Michigan State Spartans,Michigan State,Spartans,MSU,Big Ten Conference,7,exact
2017-18,185385,Middle Tenn.,C-USA,2393,Middle Tennessee Blue Raiders,Middle Tennessee,Blue Raiders,MTSU,Conference USA,11,exact
2017-18,185548,Milwaukee,Horizon,270,Milwaukee Panthers,Milwaukee,Panthers,MILW,Horizon League,45,exact
2017-18,185386,Minnesota,Big Ten,135,Minnesota Golden Gophers,Minnesota,Golden Gophers,MINN,Big Ten Conference,7,exact
2017-18,185387,Mississippi St.,SEC,344,Mississippi State Bulldogs,Mississippi State,Bulldogs,MSST,Southeastern Conference,23,exact
2017-18,185388,Mississippi Val.,SWAC,2400,Mississippi Valley State Delta Devils,Mississippi Valley State,Delta Devils,MVSU,Southwestern Athletic Conference,26,dict
2017-18,185390,Missouri,SEC,142,Missouri Tigers,Missouri,Tigers,MIZ,Southeastern Conference,23,exact
2017-18,185494,Missouri St.,MVC,2623,Missouri State Bears,Missouri State,Bears,MOST,Missouri Valley Conference,18,exact
2017-18,185391,Monmouth,MAAC,2405,Monmouth Hawks,Monmouth,Hawks,MONM,Coastal Athletic Association,10,exact
2017-18,185393,Montana,Big Sky,149,Montana Grizzlies,Montana,Grizzlies,MONT,Big Sky Conference,5,exact
2017-18,185392,Montana St.,Big Sky,147,Montana State Bobcats,Montana State,Bobcats,MTST,Big Sky Conference,5,exact
2017-18,185394,Morehead St.,OVC,2413,Morehead State Eagles,Morehead State,Eagles,MORE,Ohio Valley Conference,20,exact
2017-18,185395,Morgan St.,MEAC,2415,Morgan State Bears,Morgan State,Bears,MORG,Mid-Eastern Athletic Conference,16,exact
2017-18,185396,Mount St. Mary's,NEC,116,Mount St. Mary's Mountaineers,Mount St. Mary's,Mountaineers,MSM,Metro Conference,13,exact
2017-18,185397,Murray St.,OVC,93,Murray State Racers,Murray State,Racers,MUR,Missouri Valley Conference,18,exact
2017-18,185415,N.C. A&T,MEAC,2448,North Carolina A&T Aggies,North Carolina A&T,Aggies,NCAT,Coastal Athletic Association,10,exact
2017-18,185416,N.C. Central,MEAC,2428,North Carolina Central Eagles,North Carolina Central,Eagles,NCCU,Mid-Eastern Athletic Conference,16,exact
2017-18,185417,NC State,ACC,152,NC State Wolfpack,NC State,Wolfpack,NCSU,Atlantic Coast Conference,2,exact
2017-18,185408,NJIT,ASUN,2885,NJIT Highlanders,NJIT,Highlanders,NJIT,America East Conference,1,exact
2017-18,185523,Navy,Patriot,2426,Navy Midshipmen,Navy,Midshipmen,NAVY,Patriot League,22,exact
2017-18,185403,Nebraska,Big Ten,158,Nebraska Cornhuskers,Nebraska,Cornhuskers,NEB,Big Ten Conference,7,exact
2017-18,185406,Nevada,Mountain West,2440,Nevada Wolf Pack,Nevada,Wolf Pack,NEV,Mountain West Conference,44,exact
2017-18,185407,New Hampshire,America East,160,New Hampshire Wildcats,New Hampshire,Wildcats,UNH,America East Conference,1,exact
2017-18,185410,New Mexico,Mountain West,167,New Mexico Lobos,New Mexico,Lobos,UNM,Mountain West Conference,44,exact
2017-18,185409,New Mexico St.,WAC,166,New Mexico State Aggies,New Mexico State,Aggies,NMSU,Conference USA,11,exact
2017-18,185411,New Orleans,Southland,2443,LSU New Orleans Privateers,LSU New Orleans,Privateers,NOLA,Southland Conference,25,exact
2017-18,185412,Niagara,MAAC,315,Niagara Purple Eagles,Niagara,Purple Eagles,NIA,Metro Conference,13,exact
2017-18,185413,Nicholls,Southland,2447,Nicholls Colonels,Nicholls,Colonels,NICH,Southland Conference,25,exact
2017-18,185414,Norfolk St.,MEAC,2450,Norfolk State Spartans,Norfolk State,Spartans,NORF,Mid-Eastern Athletic Conference,16,exact
2017-18,185399,North Carolina,ACC,153,North Carolina Tar Heels,North Carolina,Tar Heels,UNC,Atlantic Coast Conference,2,exact
2017-18,185419,North Dakota,Big Sky,155,North Dakota Fighting Hawks,North Dakota,Fighting Hawks,UND,Summit League,47,exact
2017-18,185418,North Dakota St.,Summit League,2449,North Dakota State Bison,North Dakota State,Bison,NDSU,Summit League,47,exact
2017-18,185565,North Florida,ASUN,2454,North Florida Ospreys,North Florida,Ospreys,UNF,Atlantic Sun Conference,46,exact
2017-18,185420,North Texas,C-USA,249,North Texas Mean Green,North Texas,Mean Green,UNT,American Conference,62,exact
2017-18,185422,Northeastern,CAA,111,Northeastern Huskies,Northeastern,Huskies,NE,Coastal Athletic Association,10,exact
2017-18,185423,Northern Ariz.,Big Sky,2464,Northern Arizona Lumberjacks,Northern Arizona,Lumberjacks,NAU,Big Sky Conference,5,exact
2017-18,185424,Northern Colo.,Big Sky,2458,Northern Colorado Bears,Northern Colorado,Bears,UNCO,Big Sky Conference,5,exact
2017-18,185425,Northern Ill.,MAC,2459,Northern Illinois Huskies,Northern Illinois,Huskies,NIU,Mid-American Conference,14,exact
2017-18,185427,Northern Ky.,Horizon,94,Northern Kentucky Norse,Northern Kentucky,Norse,NKU,Horizon League,45,exact
2017-18,185429,Northwestern,Big Ten,77,Northwestern Wildcats,Northwestern,Wildcats,NU,Big Ten Conference,7,exact
2017-18,185428,Northwestern St.,Southland,2466,Northwestern State Demons,Northwestern State,Demons,NWST,Southland Conference,25,exact
2017-18,185430,Notre Dame,ACC,87,Notre Dame Fighting Irish,Notre Dame,Fighting Irish,ND,Atlantic Coast Conference,2,exact
2017-18,185431,Oakland,Horizon,2473,Oakland Golden Grizzlies,Oakland,Golden Grizzlies,OAK,Horizon League,45,exact
2017-18,185433,Ohio,MAC,195,Ohio Bobcats,Ohio,Bobcats,OHIO,Mid-American Conference,14,exact
2017-18,185432,Ohio St.,Big Ten,194,Ohio State Buckeyes,Ohio State,Buckeyes,OSU,Big Ten Conference,7,exact
2017-18,185435,Oklahoma,Big 12,201,Oklahoma Sooners,Oklahoma,Sooners,OU,Southeastern Conference,23,exact
2017-18,185434,Oklahoma St.,Big 12,197,Oklahoma State Cowboys,Oklahoma State,Cowboys,OKST,Big 12 Conference,8,exact
2017-18,185436,Old Dominion,C-USA,295,Old Dominion Monarchs,Old Dominion,Monarchs,ODU,Sun Belt Conference,27,exact
2017-18,185389,Ole Miss,SEC,145,Ole Miss Rebels,Ole Miss,Rebels,MISS,Southeastern Conference,23,exact
2017-18,185404,Omaha,Summit League,2437,Omaha Mavericks,Omaha,Mavericks,OMA,Summit League,47,exact
2017-18,185437,Oral Roberts,Summit League,198,Oral Roberts Golden Eagles,Oral Roberts,Golden Eagles,ORU,Summit League,47,exact
2017-18,185439,Oregon,Pac-12,2483,Oregon Ducks,Oregon,Ducks,ORE,Big Ten Conference,7,exact
2017-18,185438,Oregon St.,Pac-12,204,Oregon State Beavers,Oregon State,Beavers,ORST,West Coast Conference,29,exact
2017-18,185440,Pacific,WCC,279,Pacific Tigers,Pacific,Tigers,PAC,West Coast Conference,29,exact
2017-18,185443,Penn,Ivy League,219,Pennsylvania Quakers,Pennsylvania,Quakers,PENN,Ivy League,12,exact
2017-18,185442,Penn St.,Big Ten,213,Penn State Nittany Lions,Penn State,Nittany Lions,PSU,Big Ten Conference,7,exact
2017-18,185444,Pepperdine,WCC,2492,Pepperdine Waves,Pepperdine,Waves,PEPP,West Coast Conference,29,exact
2017-18,185445,Pittsburgh,ACC,221,Pittsburgh Panthers,Pittsburgh,Panthers,PITT,Atlantic Coast Conference,2,exact
2017-18,185447,Portland,WCC,2501,Portland Pilots,Portland,Pilots,PORT,West Coast Conference,29,exact
2017-18,185446,Portland St.,Big Sky,2502,Portland State Vikings,Portland State,Vikings,PRST,Big Sky Conference,5,exact
2017-18,185448,Prairie View,SWAC,2504,Prairie View A&M Panthers,Prairie View A&M,Panthers,PV,Southwestern Athletic Conference,26,exact
2017-18,185560,Presbyterian,Big South,2506,Presbyterian Blue Hose,Presbyterian,Blue Hose,PRES,Big South Conference,6,exact
2017-18,185449,Princeton,Ivy League,163,Princeton Tigers,Princeton,Tigers,PRIN,Ivy League,12,exact
2017-18,185450,Providence,Big East,2507,Providence Friars,Providence,Friars,PROV,Big East Conference,4,exact
2017-18,185451,Purdue,Big Ten,2509,Purdue Boilermakers,Purdue,Boilermakers,PUR,Big Ten Conference,7,exact
2017-18,185343,Purdue Fort Wayne,Summit League,2870,Purdue Fort Wayne Mastodons,Purdue Fort Wayne,Mastodons,PFW,Horizon League,45,exact
2017-18,185452,Quinnipiac,MAAC,2514,Quinnipiac Bobcats,Quinnipiac,Bobcats,QUIN,Metro Conference,13,exact
2017-18,185453,Radford,Big South,2515,Radford Highlanders,Radford,Highlanders,RAD,Big South Conference,6,exact
2017-18,185454,Rhode Island,Atlantic 10,227,Rhode Island Rams,Rhode Island,Rams,URI,Atlantic 10 Conference,3,exact
2017-18,185455,Rice,C-USA,242,Rice Owls,Rice,Owls,RICE,American Conference,62,exact
2017-18,185456,Richmond,Atlantic 10,257,Richmond Spiders,Richmond,Spiders,RICH,Atlantic 10 Conference,3,exact
2017-18,185457,Rider,MAAC,2520,Rider Broncs,Rider,Broncs,RID,Metro Conference,13,exact
2017-18,185458,Robert Morris,NEC,2523,Robert Morris Colonials,Robert Morris,Colonials,RMU,Horizon League,45,exact
2017-18,185459,Rutgers,Big Ten,164,Rutgers Scarlet Knights,Rutgers,Scarlet Knights,RUTG,Big Ten Conference,7,exact
2017-18,185498,SFA,Southland,2617,Stephen F. Austin Lumberjacks,Stephen F. Austin,Lumberjacks,SFA,Southland Conference,25,exact
2017-18,185489,SIUE,OVC,2565,SIU Edwardsville Cougars,SIU Edwardsville,Cougars,SIUE,Ohio Valley Conference,20,exact
2017-18,185490,SMU,AAC,2567,SMU Mustangs,SMU,Mustangs,SMU,Atlantic Coast Conference,2,exact
2017-18,185265,Sacramento St.,Big Sky,16,Sacramento State Hornets,Sacramento State,Hornets,SAC,Big Sky Conference,5,exact
2017-18,185460,Sacred Heart,NEC,2529,Sacred Heart Pioneers,Sacred Heart,Pioneers,SHU,Metro Conference,13,exact
2017-18,185463,Saint Francis (PA),NEC,2598,St. Francis (PA) Red Flash,St. Francis (PA),Red Flash,SFPA,Northeast Conference,19,exact
2017-18,185465,Saint Joseph's,Atlantic 10,2603,Saint Joseph's Hawks,Saint Joseph's,Hawks,JOES,Atlantic 10 Conference,3,exact
2017-18,185466,Saint Louis,Atlantic 10,139,Saint Louis Billikens,Saint Louis,Billikens,SLU,Atlantic 10 Conference,3,exact
2017-18,185467,Saint Mary's (CA),WCC,2608,Saint Mary's Gaels,Saint Mary's,Gaels,SMC,West Coast Conference,29,dict
2017-18,185468,Saint Peter's,MAAC,2612,Saint Peter's Peacocks,Saint Peter's,Peacocks,SPU,Metro Conference,13,exact
2017-18,185469,Sam Houston,Southland,2534,Sam Houston Bearkats,Sam Houston,Bearkats,SHSU,Conference USA,11,exact
2017-18,185470,Samford,SoCon,2535,Samford Bulldogs,Samford,Bulldogs,SAM,Southern Conference,24,exact
2017-18,185472,San Diego,WCC,301,San Diego Toreros,San Diego,Toreros,USD,West Coast Conference,29,exact
2017-18,185471,San Diego St.,Mountain West,21,San Diego State Aztecs,San Diego State,Aztecs,SDSU,Mountain West Conference,44,exact
2017-18,185473,San Francisco,WCC,2539,San Francisco Dons,San Francisco,Dons,SF,West Coast Conference,29,exact
2017-18,185474,San Jose St.,Mountain West,23,San José State Spartans,San José State,Spartans,SJSU,Mountain West Conference,44,dict
2017-18,185475,Santa Clara,WCC,2541,Santa Clara Broncos,Santa Clara,Broncos,SCU,West Coast Conference,29,exact
2017-18,185476,Savannah St.,MEAC,2542,Savannah State Tigers,Savannah State,Tigers,SAV,,,alias
2017-18,185561,Seattle U,WAC,2547,Seattle U Redhawks,Seattle U,Redhawks,SEA,United Athletic Conference,30,exact
2017-18,185477,Seton Hall,Big East,2550,Seton Hall Pirates,Seton Hall,Pirates,HALL,Big East Conference,4,exact
2017-18,185478,Siena,MAAC,2561,Siena Saints,Siena,Saints,SIE,Metro Conference,13,exact
2017-18,185479,South Alabama,Sun Belt,6,South Alabama Jaguars,South Alabama,Jaguars,USA,Sun Belt Conference,27,exact
2017-18,185481,South Carolina,SEC,2579,South Carolina Gamecocks,South Carolina,Gamecocks,SC,Southeastern Conference,23,exact
2017-18,185480,South Carolina St.,MEAC,2569,South Carolina State Bulldogs,South Carolina State,Bulldogs,SCST,Mid-Eastern Athletic Conference,16,exact
2017-18,185483,South Dakota,Summit League,233,South Dakota Coyotes,South Dakota,Coyotes,SDAK,Summit League,47,exact
2017-18,185482,South Dakota St.,Summit League,2571,South Dakota State Jackrabbits,South Dakota State,Jackrabbits,SDST,Summit League,47,exact
2017-18,185484,South Fla.,AAC,58,South Florida Bulls,South Florida,Bulls,USF,American Conference,62,exact
2017-18,185485,Southeast Mo. St.,OVC,2546,Southeast Missouri State Redhawks,Southeast Missouri State,Redhawks,SEMO,Ohio Valley Conference,20,exact
2017-18,185486,Southeastern La.,Southland,2545,SE Louisiana Lions,SE Louisiana,Lions,SELA,Southland Conference,25,dict
2017-18,185487,Southern California,Pac-12,30,USC Trojans,USC,Trojans,USC,Big Ten Conference,7,dict
2017-18,185488,Southern Ill.,MVC,79,Southern Illinois Salukis,Southern Illinois,Salukis,SIU,Missouri Valley Conference,18,exact
2017-18,185491,Southern Miss.,C-USA,2572,Southern Miss Golden Eagles,Southern Miss,Golden Eagles,USM,Sun Belt Conference,27,dict
2017-18,185492,Southern U.,SWAC,2582,Southern Jaguars,Southern,Jaguars,SOU,Southwestern Athletic Conference,26,dict
2017-18,185493,Southern Utah,Big Sky,253,Southern Utah Thunderbirds,Southern Utah,Thunderbirds,SUU,United Athletic Conference,30,exact
2017-18,185461,St. Bonaventure,Atlantic 10,179,St. Bonaventure Bonnies,St. Bonaventure,Bonnies,SBU,Atlantic 10 Conference,3,exact
2017-18,185462,St. Francis Brooklyn,NEC,2597,St. Francis Brooklyn Terriers,St. Francis Brooklyn,Terriers,SFNY,,,exact
2017-18,185464,St. John's (NY),Big East,2599,St. John's Red Storm,St. John's,Red Storm,SJU,Big East Conference,4,dict
2017-18,185497,Stanford,Pac-12,24,Stanford Cardinal,Stanford,Cardinal,STAN,Atlantic Coast Conference,2,exact
2017-18,185499,Stetson,ASUN,56,Stetson Hatters,Stetson,Hatters,STET,Atlantic Sun Conference,46,exact
2017-18,185500,Stony Brook,America East,2619,Stony Brook Seawolves,Stony Brook,Seawolves,STBK,Coastal Athletic Association,10,exact
2017-18,185501,Syracuse,ACC,183,Syracuse Orange,Syracuse,Orange,SYR,Atlantic Coast Conference,2,exact
2017-18,185509,TCU,Big 12,2628,TCU Horned Frogs,TCU,Horned Frogs,TCU,Big 12 Conference,8,exact
2017-18,185502,Temple,AAC,218,Temple Owls,Temple,Owls,TEM,American Conference,62,exact
2017-18,185506,Tennessee,SEC,2633,Tennessee Volunteers,Tennessee,Volunteers,TENN,Southeastern Conference,23,exact
2017-18,185503,Tennessee St.,OVC,2634,Tennessee State Tigers,Tennessee State,Tigers,TNST,Ohio Valley Conference,20,exact
2017-18,185504,Tennessee Tech,OVC,2635,Tennessee Tech Golden Eagles,Tennessee Tech,Golden Eagles,TNTC,Ohio Valley Conference,20,exact
2017-18,185513,Texas,Big 12,251,Texas Longhorns,Texas,Longhorns,TEX,Southeastern Conference,23,exact
2017-18,185508,Texas A&M,SEC,245,Texas A&M Aggies,Texas A&M,Aggies,TA&M,Southeastern Conference,23,exact
2017-18,185510,Texas Southern,SWAC,2640,Texas Southern Tigers,Texas Southern,Tigers,TXSO,Southwestern Athletic Conference,26,exact
2017-18,185495,Texas St.,Sun Belt,326,Texas State Bobcats,Texas State,Bobcats,TXST,Sun Belt Conference,27,exact
2017-18,185511,Texas Tech,Big 12,2641,Texas Tech Red Raiders,Texas Tech,Red Raiders,TTU,Big 12 Conference,8,exact
2017-18,185516,Toledo,MAC,2649,Toledo Rockets,Toledo,Rockets,TOL,Mid-American Conference,14,exact
2017-18,185517,Towson,CAA,119,Towson Tigers,Towson,Tigers,TOW,Coastal Athletic Association,10,exact
2017-18,185518,Troy,Sun Belt,2653,Troy Trojans,Troy,Trojans,TROY,Sun Belt Conference,27,exact
2017-18,185519,Tulane,AAC,2655,Tulane Green Wave,Tulane,Green Wave,TULN,American Conference,62,exact
2017-18,185520,Tulsa,AAC,202,Tulsa Golden Hurricane,Tulsa,Golden Hurricane,TLSA,American Conference,62,exact
2017-18,185231,UAB,C-USA,5,UAB Blazers,UAB,Blazers,UAB,American Conference,62,exact
2017-18,185268,UC Davis,Big West,302,UC Davis Aggies,UC Davis,Aggies,UCD,Big West Conference,9,exact
2017-18,185269,UC Irvine,Big West,300,UC Irvine Anteaters,UC Irvine,Anteaters,UCI,Big West Conference,9,exact
2017-18,185271,UC Riverside,Big West,27,UC Riverside Highlanders,UC Riverside,Highlanders,UCR,Big West Conference,9,exact
2017-18,185266,UC Santa Barbara,Big West,2540,UC Santa Barbara Gauchos,UC Santa Barbara,Gauchos,UCSB,Big West Conference,9,exact
2017-18,185275,UCF,AAC,2116,UCF Knights,UCF,Knights,UCF,Big 12 Conference,8,exact
2017-18,185270,UCLA,Pac-12,26,UCLA Bruins,UCLA,Bruins,UCLA,Big Ten Conference,7,exact
2017-18,185286,UConn,AAC,41,UConn Huskies,UConn,Huskies,CONN,Big East Conference,4,exact
2017-18,185340,UIC,Horizon,82,UIC Flames,UIC,Flames,UIC,Missouri Valley Conference,18,exact
2017-18,185566,UIW,Southland,2916,Incarnate Word Cardinals,Incarnate Word,Cardinals,UIW,Southland Conference,25,exact
2017-18,185421,ULM,Sun Belt,2433,UL Monroe Warhawks,UL Monroe,Warhawks,ULM,Sun Belt Conference,27,exact
2017-18,185374,UMBC,America East,2378,UMBC Retrievers,UMBC,Retrievers,UMBC,America East Conference,1,exact
2017-18,185376,UMES,MEAC,2379,Maryland Eastern Shore Hawks,Maryland Eastern Shore,Hawks,UMES,Mid-Eastern Athletic Conference,16,exact
2017-18,185365,UMass Lowell,America East,2349,UMass Lowell River Hawks,UMass Lowell,River Hawks,UML,America East Conference,1,exact
2017-18,185398,UNC Asheville,Big South,2427,UNC Asheville Bulldogs,UNC Asheville,Bulldogs,UNCA,Big South Conference,6,exact
2017-18,185401,UNC Greensboro,SoCon,2430,UNC Greensboro Spartans,UNC Greensboro,Spartans,UNCG,Southern Conference,24,exact
2017-18,185402,UNCW,CAA,350,UNC Wilmington Seahawks,UNC Wilmington,Seahawks,UNCW,Coastal Athletic Association,10,exact
2017-18,185426,UNI,MVC,2460,Northern Iowa Panthers,Northern Iowa,Panthers,UNI,Missouri Valley Conference,18,exact
2017-18,185405,UNLV,Mountain West,2439,UNLV Rebels,UNLV,Rebels,UNLV,Mountain West Conference,44,exact
2017-18,185568,USC Upstate,ASUN,2908,South Carolina Upstate Spartans,South Carolina Upstate,Spartans,UPST,Big South Conference,6,dict
2017-18,185512,UT Arlington,Sun Belt,250,UT Arlington Mavericks,UT Arlington,Mavericks,UTA,United Athletic Conference,30,exact
2017-18,185507,UT Martin,OVC,2630,UT Martin Skyhawks,UT Martin,Skyhawks,UTM,Ohio Valley Conference,20,exact
2017-18,185514,UTEP,C-USA,2638,UTEP Miners,UTEP,Miners,UTEP,Conference USA,11,exact
2017-18,185441,UTRGV,WAC,292,UT Rio Grande Valley Vaqueros,UT Rio Grande Valley,Vaqueros,RGV,Southland Conference,25,dict
2017-18,185515,UTSA,C-USA,2636,UTSA Roadrunners,UTSA,Roadrunners,UTSA,American Conference,62,exact
2017-18,185525,Utah,Pac-12,254,Utah Utes,Utah,Utes,UTAH,Big 12 Conference,8,exact
2017-18,185524,Utah St.,Mountain West,328,Utah State Aggies,Utah State,Aggies,USU,Mountain West Conference,44,exact
2017-18,185574,Utah Valley,WAC,3084,Utah Valley Wolverines,Utah Valley,Wolverines,UVU,United Athletic Conference,30,exact
2017-18,185530,VCU,Atlantic 10,2670,VCU Rams,VCU,Rams,VCU,Atlantic 10 Conference,3,exact
2017-18,185526,Valparaiso,MVC,2674,Valparaiso Beacons,Valparaiso,Beacons,VAL,Missouri Valley Conference,18,exact
2017-18,185527,Vanderbilt,SEC,238,Vanderbilt Commodores,Vanderbilt,Commodores,VAN,Southeastern Conference,23,exact
2017-18,185528,Vermont,America East,261,Vermont Catamounts,Vermont,Catamounts,UVM,America East Conference,1,exact
2017-18,185529,Villanova,Big East,222,Villanova Wildcats,Villanova,Wildcats,VILL,Big East Conference,4,exact
2017-18,185532,Virginia,ACC,258,Virginia Cavaliers,Virginia,Cavaliers,UVA,Atlantic Coast Conference,2,exact
2017-18,185531,Virginia Tech,ACC,259,Virginia Tech Hokies,Virginia Tech,Hokies,VT,Atlantic Coast Conference,2,exact
2017-18,185533,Wagner,NEC,2681,Wagner Seahawks,Wagner,Seahawks,WAG,Northeast Conference,19,exact
2017-18,185534,Wake Forest,ACC,154,Wake Forest Demon Deacons,Wake Forest,Demon Deacons,WAKE,Atlantic Coast Conference,2,exact
2017-18,185536,Washington,Pac-12,264,Washington Huskies,Washington,Huskies,WASH,Big Ten Conference,7,exact
2017-18,185535,Washington St.,Pac-12,265,Washington State Cougars,Washington State,Cougars,WSU,West Coast Conference,29,exact
2017-18,185537,Weber St.,Big Sky,2692,Weber State Wildcats,Weber State,Wildcats,WEB,Big Sky Conference,5,exact
2017-18,185538,West Virginia,Big 12,277,West Virginia Mountaineers,West Virginia,Mountaineers,WVU,Big 12 Conference,8,exact
2017-18,185539,Western Caro.,SoCon,2717,Western Carolina Catamounts,Western Carolina,Catamounts,WCU,Southern Conference,24,exact
2017-18,185540,Western Ill.,Summit League,2710,Western Illinois Leathernecks,Western Illinois,Leathernecks,WIU,Ohio Valley Conference,20,exact
2017-18,185541,Western Ky.,C-USA,98,Western Kentucky Hilltoppers,Western Kentucky,Hilltoppers,WKU,Conference USA,11,exact
2017-18,185542,Western Mich.,MAC,2711,Western Michigan Broncos,Western Michigan,Broncos,WMU,Mid-American Conference,14,exact
2017-18,185543,Wichita St.,AAC,2724,Wichita State Shockers,Wichita State,Shockers,WICH,American Conference,62,exact
2017-18,185544,William & Mary,CAA,2729,William & Mary Tribe,William & Mary,Tribe,W&M,Coastal Athletic Association,10,exact
2017-18,185545,Winthrop,Big South,2737,Winthrop Eagles,Winthrop,Eagles,WIN,Big South Conference,6,exact
2017-18,185547,Wisconsin,Big Ten,275,Wisconsin Badgers,Wisconsin,Badgers,WIS,Big Ten Conference,7,exact
2017-18,185567,Wofford,SoCon,2747,Wofford Terriers,Wofford,Terriers,WOF,Southern Conference,24,exact
2017-18,185549,Wright St.,Horizon,2750,Wright State Raiders,Wright State,Raiders,WRST,Horizon League,45,exact
2017-18,185550,Wyoming,Mountain West,2751,Wyoming Cowboys,Wyoming,Cowboys,WYO,Mountain West Conference,44,exact
2017-18,185551,Xavier,Big East,2752,Xavier Musketeers,Xavier,Musketeers,XAV,Big East Conference,4,exact
2017-18,185552,Yale,Ivy League,43,Yale Bulldogs,Yale,Bulldogs,YALE,Ivy League,12,exact
2017-18,185553,Youngstown St.,Horizon,2754,Youngstown State Penguins,Youngstown State,Penguins,YSU,Horizon League,45,exact
2018-19,451907,A&M-Corpus Christi,Southland,357,Texas A&M-Corpus Christi Islanders,Texas A&M-Corpus Christi,Islanders,AMCC,Southland Conference,25,dict
2018-19,451562,Abilene Christian,Southland,2000,Abilene Christian Wildcats,Abilene Christian,Wildcats,ACU,United Athletic Conference,30,exact
2018-19,451857,Air Force,Mountain West,2005,Air Force Falcons,Air Force,Falcons,AF,Mountain West Conference,44,exact
2018-19,451563,Akron,MAC,2006,Akron Zips,Akron,Zips,AKR,Mid-American Conference,14,exact
2018-19,451566,Alabama,SEC,333,Alabama Crimson Tide,Alabama,Crimson Tide,ALA,Southeastern Conference,23,exact
2018-19,451564,Alabama A&M,SWAC,2010,Alabama A&M Bulldogs,Alabama A&M,Bulldogs,AAMU,Southwestern Athletic Conference,26,exact
2018-19,451565,Alabama St.,SWAC,2011,Alabama State Hornets,Alabama State,Hornets,ALST,Southwestern Athletic Conference,26,exact
2018-19,451568,Albany (NY),America East,399,UAlbany Great Danes,UAlbany,Great Danes,UALB,America East Conference,1,alias
2018-19,451569,Alcorn,SWAC,2016,Alcorn State Braves,Alcorn State,Braves,ALCN,Southwestern Athletic Conference,26,dict
2018-19,451570,American,Patriot,44,American University Eagles,American University,Eagles,AMER,Patriot League,22,exact
2018-19,451571,App State,Sun Belt,2026,App State Mountaineers,App State,Mountaineers,APP,Sun Belt Conference,27,exact
2018-19,451573,Arizona,Pac-12,12,Arizona Wildcats,Arizona,Wildcats,ARIZ,Big 12 Conference,8,exact
2018-19,451572,Arizona St.,Pac-12,9,Arizona State Sun Devils,Arizona State,Sun Devils,ASU,Big 12 Conference,8,exact
2018-19,451898,Ark.-Pine Bluff,SWAC,2029,Arkansas-Pine Bluff Golden Lions,Arkansas-Pine Bluff,Golden Lions,UAPB,Southwestern Athletic Conference,26,dict
2018-19,451575,Arkansas,SEC,8,Arkansas Razorbacks,Arkansas,Razorbacks,ARK,Southeastern Conference,23,exact
2018-19,451574,Arkansas St.,Sun Belt,2032,Arkansas State Red Wolves,Arkansas State,Red Wolves,ARST,Sun Belt Conference,27,exact
2018-19,451858,Army West Point,Patriot,349,Army Black Knights,Army,Black Knights,ARMY,Patriot League,22,dict
2018-19,451577,Auburn,SEC,2,Auburn Tigers,Auburn,Tigers,AUB,Southeastern Conference,23,exact
2018-19,451578,Austin Peay,OVC,2046,Austin Peay Governors,Austin Peay,Governors,APSU,Atlantic Sun Conference,46,exact
2018-19,451589,BYU,WCC,252,BYU Cougars,BYU,Cougars,BYU,Big 12 Conference,8,exact
2018-19,451579,Ball St.,MAC,2050,Ball State Cardinals,Ball State,Cardinals,BALL,Mid-American Conference,14,exact
2018-19,451581,Baylor,Big 12,239,Baylor Bears,Baylor,Bears,BAY,Big 12 Conference,8,exact
2018-19,451905,Belmont,OVC,2057,Belmont Bruins,Belmont,Bruins,BEL,Missouri Valley Conference,18,exact
2018-19,451582,Bethune-Cookman,MEAC,2065,Bethune-Cookman Wildcats,Bethune-Cookman,Wildcats,BCU,Southwestern Athletic Conference,26,exact
2018-19,451583,Binghamton,America East,2066,Binghamton Bearcats,Binghamton,Bearcats,BING,America East Conference,1,exact
2018-19,451584,Boise St.,Mountain West,68,Boise State Broncos,Boise State,Broncos,BOIS,Mountain West Conference,44,exact
2018-19,451585,Boston College,ACC,103,Boston College Eagles,Boston College,Eagles,BC,Atlantic Coast Conference,2,exact
2018-19,451586,Boston U.,Patriot,104,Boston University Terriers,Boston University,Terriers,BU,Patriot League,22,exact
2018-19,451587,Bowling Green,MAC,189,Bowling Green Falcons,Bowling Green,Falcons,BGSU,Mid-American Conference,14,exact
2018-19,451588,Bradley,MVC,71,Bradley Braves,Bradley,Braves,BRAD,Missouri Valley Conference,18,exact
2018-19,451590,Brown,Ivy League,225,Brown Bears,Brown,Bears,BRWN,Ivy League,12,exact
2018-19,451591,Bryant,NEC,2803,Bryant Bulldogs,Bryant,Bulldogs,BRY,America East Conference,1,exact
2018-19,451592,Bucknell,Patriot,2083,Bucknell Bison,Bucknell,Bison,BUCK,Patriot League,22,exact
2018-19,451593,Buffalo,MAC,2084,Buffalo Bulls,Buffalo,Bulls,BUF,Mid-American Conference,14,exact
2018-19,451594,Butler,Big East,2086,Butler Bulldogs,Butler,Bulldogs,BTLR,Big East Conference,4,exact
2018-19,451596,CSU Bakersfield,WAC,2934,Cal State Bakersfield Roadrunners,Cal State Bakersfield,Roadrunners,CSUB,Big West Conference,9,alias
2018-19,451600,CSUN,Big West,2463,Cal State Northridge Matadors,Cal State Northridge,Matadors,CSUN,Big West Conference,9,exact
2018-19,451595,Cal Poly,Big West,13,Cal Poly Mustangs,Cal Poly,Mustangs,CP,Big West Conference,9,exact
2018-19,451598,Cal St. Fullerton,Big West,2239,Cal State Fullerton Titans,Cal State Fullerton,Titans,CSUF,Big West Conference,9,exact
2018-19,451603,California,Pac-12,25,California Golden Bears,California,Golden Bears,CAL,Atlantic Coast Conference,2,exact
2018-19,452194,California Baptist,WAC,2856,California Baptist Lancers,California Baptist,Lancers,CBU,United Athletic Conference,30,exact
2018-19,451608,Campbell,Big South,2097,Campbell Fighting Camels,Campbell,Fighting Camels,CAM,Coastal Athletic Association,10,exact
2018-19,451609,Canisius,MAAC,2099,Canisius Golden Griffins,Canisius,Golden Griffins,CAN,Metro Conference,13,exact
2018-19,451890,Central Ark.,Southland,2110,Central Arkansas Bears,Central Arkansas,Bears,CARK,Atlantic Sun Conference,46,exact
2018-19,451610,Central Conn. St.,NEC,2115,Central Connecticut Blue Devils,Central Connecticut,Blue Devils,CCSU,Northeast Conference,19,dict
2018-19,451612,Central Mich.,MAC,2117,Central Michigan Chippewas,Central Michigan,Chippewas,CMU,Mid-American Conference,14,exact
2018-19,451580,Charleston So.,Big South,2127,Charleston Southern Buccaneers,Charleston Southern,Buccaneers,CHSO,Big South Conference,6,exact
2018-19,451736,Charlotte,C-USA,2429,Charlotte 49ers,Charlotte,49ers,CLT,American Conference,62,exact
2018-19,451841,Chattanooga,SoCon,236,Chattanooga Mocs,Chattanooga,Mocs,UTC,Southern Conference,24,exact
2018-19,451613,Chicago St.,WAC,2130,Chicago State Cougars,Chicago State,Cougars,CHST,Northeast Conference,19,exact
2018-19,451614,Cincinnati,AAC,2132,Cincinnati Bearcats,Cincinnati,Bearcats,CIN,Big 12 Conference,8,exact
2018-19,451615,Clemson,ACC,228,Clemson Tigers,Clemson,Tigers,CLEM,Atlantic Coast Conference,2,exact
2018-19,451616,Cleveland St.,Horizon,325,Cleveland State Vikings,Cleveland State,Vikings,CLE,Horizon League,45,exact
2018-19,451617,Coastal Carolina,Sun Belt,324,Coastal Carolina Chanticleers,Coastal Carolina,Chanticleers,CCU,Sun Belt Conference,27,exact
2018-19,451891,Col. of Charleston,CAA,232,Charleston Cougars,Charleston,Cougars,COFC,Coastal Athletic Association,10,dict
2018-19,451618,Colgate,Patriot,2142,Colgate Raiders,Colgate,Raiders,COLG,Patriot League,22,exact
2018-19,451620,Colorado,Pac-12,38,Colorado Buffaloes,Colorado,Buffaloes,COLO,Big 12 Conference,8,exact
2018-19,451619,Colorado St.,Mountain West,36,Colorado State Rams,Colorado State,Rams,CSU,Mountain West Conference,44,exact
2018-19,451621,Columbia,Ivy League,171,Columbia Lions,Columbia,Lions,COLU,Ivy League,12,exact
2018-19,451623,Coppin St.,MEAC,2154,Coppin State Eagles,Coppin State,Eagles,COPP,Mid-Eastern Athletic Conference,16,exact
2018-19,451624,Cornell,Ivy League,172,Cornell Big Red,Cornell,Big Red,COR,Ivy League,12,exact
2018-19,451625,Creighton,Big East,156,Creighton Bluejays,Creighton,Bluejays,CREI,Big East Conference,4,exact
2018-19,451626,Dartmouth,Ivy League,159,Dartmouth Big Green,Dartmouth,Big Green,DART,Ivy League,12,exact
2018-19,451627,Davidson,Atlantic 10,2166,Davidson Wildcats,Davidson,Wildcats,DAV,Atlantic 10 Conference,3,exact
2018-19,451628,Dayton,Atlantic 10,2168,Dayton Flyers,Dayton,Flyers,DAY,Atlantic 10 Conference,3,exact
2018-19,451629,DePaul,Big East,305,DePaul Blue Demons,DePaul,Blue Demons,DEP,Big East Conference,4,exact
2018-19,451631,Delaware,CAA,48,Delaware Blue Hens,Delaware,Blue Hens,DEL,Coastal Athletic Association,10,exact
2018-19,451630,Delaware St.,MEAC,2169,Delaware State Hornets,Delaware State,Hornets,DSU,Mid-Eastern Athletic Conference,16,exact
2018-19,451632,Denver,Summit League,2172,Denver Pioneers,Denver,Pioneers,DEN,Summit League,47,exact
2018-19,451633,Detroit Mercy,Horizon,2174,Detroit Mercy Titans,Detroit Mercy,Titans,DETM,Horizon League,45,exact
2018-19,451634,Drake,MVC,2181,Drake Bulldogs,Drake,Bulldogs,DRKE,Missouri Valley Conference,18,exact
2018-19,451635,Drexel,CAA,2182,Drexel Dragons,Drexel,Dragons,DREX,Coastal Athletic Association,10,exact
2018-19,451636,Duke,ACC,150,Duke Blue Devils,Duke,Blue Devils,DUKE,Atlantic Coast Conference,2,exact
2018-19,451637,Duquesne,Atlantic 10,2184,Duquesne Dukes,Duquesne,Dukes,DUQ,Atlantic 10 Conference,3,exact
2018-19,451639,ETSU,SoCon,2193,East Tennessee State Buccaneers,East Tennessee State,Buccaneers,ETSU,Southern Conference,24,exact
2018-19,451638,East Carolina,AAC,151,East Carolina Pirates,East Carolina,Pirates,ECU,American Conference,62,exact
2018-19,451640,Eastern Ill.,OVC,2197,Eastern Illinois Panthers,Eastern Illinois,Panthers,EIU,Ohio Valley Conference,20,exact
2018-19,451641,Eastern Ky.,OVC,2198,Eastern Kentucky Colonels,Eastern Kentucky,Colonels,EKU,Atlantic Sun Conference,46,exact
2018-19,451642,Eastern Mich.,MAC,2199,Eastern Michigan Eagles,Eastern Michigan,Eagles,EMU,Mid-American Conference,14,exact
2018-19,451643,Eastern Wash.,Big Sky,331,Eastern Washington Eagles,Eastern Washington,Eagles,EWU,Big Sky Conference,5,exact
2018-19,451892,Elon,CAA,2210,Elon Phoenix,Elon,Phoenix,ELON,Coastal Athletic Association,10,exact
2018-19,451644,Evansville,MVC,339,Evansville Purple Aces,Evansville,Purple Aces,EVAN,Missouri Valley Conference,18,exact
2018-19,451909,FGCU,ASUN,526,Florida Gulf Coast Eagles,Florida Gulf Coast,Eagles,FGCU,Atlantic Sun Conference,46,exact
2018-19,451649,FIU,C-USA,2229,Florida International Panthers,Florida International,Panthers,FIU,Conference USA,11,exact
2018-19,451645,Fairfield,MAAC,2217,Fairfield Stags,Fairfield,Stags,FAIR,Metro Conference,13,exact
2018-19,451646,Fairleigh Dickinson,NEC,161,Fairleigh Dickinson Knights,Fairleigh Dickinson,Knights,FDU,Northeast Conference,19,exact
2018-19,451648,Fla. Atlantic,C-USA,2226,Florida Atlantic Owls,Florida Atlantic,Owls,FAU,American Conference,62,exact
2018-19,451651,Florida,SEC,57,Florida Gators,Florida,Gators,FLA,Southeastern Conference,23,exact
2018-19,451647,Florida A&M,MEAC,50,Florida A&M Rattlers,Florida A&M,Rattlers,FAMU,Southwestern Athletic Conference,26,exact
2018-19,451650,Florida St.,ACC,52,Florida State Seminoles,Florida State,Seminoles,FSU,Atlantic Coast Conference,2,exact
2018-19,451652,Fordham,Atlantic 10,2230,Fordham Rams,Fordham,Rams,FOR,Atlantic 10 Conference,3,exact
2018-19,451597,Fresno St.,Mountain West,278,Fresno State Bulldogs,Fresno State,Bulldogs,FRES,Mountain West Conference,44,exact
2018-19,451653,Furman,SoCon,231,Furman Paladins,Furman,Paladins,FUR,Southern Conference,24,exact
2018-19,451657,Ga. Southern,Sun Belt,290,Georgia Southern Eagles,Georgia Southern,Eagles,GASO,Sun Belt Conference,27,exact
2018-19,451893,Gardner-Webb,Big South,2241,Gardner-Webb Runnin' Bulldogs,Gardner-Webb,Runnin' Bulldogs,GWEB,Big South Conference,6,exact
2018-19,451654,George Mason,Atlantic 10,2244,George Mason Patriots,George Mason,Patriots,GMU,Atlantic 10 Conference,3,exact
2018-19,451655,George Washington,Atlantic 10,45,George Washington Revolutionaries,George Washington,Revolutionaries,GW,Atlantic 10 Conference,3,exact
2018-19,451656,Georgetown,Big East,46,Georgetown Hoyas,Georgetown,Hoyas,GTWN,Big East Conference,4,exact
2018-19,451660,Georgia,SEC,61,Georgia Bulldogs,Georgia,Bulldogs,UGA,Southeastern Conference,23,exact
2018-19,451658,Georgia St.,Sun Belt,2247,Georgia State Panthers,Georgia State,Panthers,GAST,Sun Belt Conference,27,exact
2018-19,451659,Georgia Tech,ACC,59,Georgia Tech Yellow Jackets,Georgia Tech,Yellow Jackets,GT,Atlantic Coast Conference,2,exact
2018-19,451661,Gonzaga,WCC,2250,Gonzaga Bulldogs,Gonzaga,Bulldogs,GONZ,West Coast Conference,29,exact
2018-19,451662,Grambling,SWAC,2755,Grambling Tigers,Grambling,Tigers,GRAM,Southwestern Athletic Conference,26,exact
2018-19,451894,Grand Canyon,WAC,2253,Grand Canyon Lopes,Grand Canyon,Lopes,GCU,United Athletic Conference,30,exact
2018-19,451882,Green Bay,Horizon,2739,Green Bay Phoenix,Green Bay,Phoenix,GB,Horizon League,45,exact
2018-19,451663,Hampton,Big South,2261,Hampton Pirates,Hampton,Pirates,HAMP,Coastal Athletic Association,10,exact
2018-19,451664,Hartford,America East,42,Hartford Hawks,Hartford,Hawks,HART,,,exact
2018-19,451665,Harvard,Ivy League,108,Harvard Crimson,Harvard,Crimson,HARV,Ivy League,12,exact
2018-19,451666,Hawaii,Big West,62,Hawai'i Rainbow Warriors,Hawai'i,Rainbow Warriors,HAW,Big West Conference,9,dict
2018-19,451906,High Point,Big South,2272,High Point Panthers,High Point,Panthers,HPU,Big South Conference,6,exact
2018-19,451667,Hofstra,CAA,2275,Hofstra Pride,Hofstra,Pride,HOF,Coastal Athletic Association,10,exact
2018-19,451668,Holy Cross,Patriot,107,Holy Cross Crusaders,Holy Cross,Crusaders,HC,Patriot League,22,exact
2018-19,451670,Houston,AAC,248,Houston Cougars,Houston,Cougars,HOU,Big 12 Conference,8,exact
2018-19,451669,Houston Baptist,Southland,2277,Houston Christian Huskies,Houston Christian,Huskies,HCU,Southland Conference,25,alias
2018-19,451671,Howard,MEAC,47,Howard Bison,Howard,Bison,HOW,Mid-Eastern Athletic Conference,16,exact
2018-19,451899,IUPUI,Horizon,85,IU Indianapolis Jaguars,IU Indianapolis,Jaguars,IUIN,Horizon League,45,alias
2018-19,451673,Idaho,Big Sky,70,Idaho Vandals,Idaho,Vandals,IDHO,Big Sky Conference,5,exact
2018-19,451672,Idaho St.,Big Sky,304,Idaho State Bengals,Idaho State,Bengals,IDST,Big Sky Conference,5,exact
2018-19,451675,Illinois,Big Ten,356,Illinois Fighting Illini,Illinois,Fighting Illini,ILL,Big Ten Conference,7,exact
2018-19,451674,Illinois St.,MVC,2287,Illinois State Redbirds,Illinois State,Redbirds,ILST,Missouri Valley Conference,18,exact
2018-19,451678,Indiana,Big Ten,84,Indiana Hoosiers,Indiana,Hoosiers,IU,Big Ten Conference,7,exact
2018-19,451677,Indiana St.,MVC,282,Indiana State Sycamores,Indiana State,Sycamores,INST,Missouri Valley Conference,18,exact
2018-19,451680,Iona,MAAC,314,Iona Gaels,Iona,Gaels,IONA,Metro Conference,13,exact
2018-19,451682,Iowa,Big Ten,2294,Iowa Hawkeyes,Iowa,Hawkeyes,IOWA,Big Ten Conference,7,exact
2018-19,451681,Iowa St.,Big 12,66,Iowa State Cyclones,Iowa State,Cyclones,ISU,Big 12 Conference,8,exact
2018-19,451683,Jackson St.,SWAC,2296,Jackson State Tigers,Jackson State,Tigers,JKST,Southwestern Athletic Conference,26,exact
2018-19,451685,Jacksonville,ASUN,294,Jacksonville Dolphins,Jacksonville,Dolphins,JAX,Atlantic Sun Conference,46,exact
2018-19,451684,Jacksonville St.,OVC,55,Jacksonville State Gamecocks,Jacksonville State,Gamecocks,JXST,Conference USA,11,exact
2018-19,451686,James Madison,CAA,256,James Madison Dukes,James Madison,Dukes,JMU,Sun Belt Conference,27,exact
2018-19,451688,Kansas,Big 12,2305,Kansas Jayhawks,Kansas,Jayhawks,KU,Big 12 Conference,8,exact
2018-19,451900,Kansas City,WAC,140,Kansas City Roos,Kansas City,Roos,KC,Summit League,47,exact
2018-19,451687,Kansas St.,Big 12,2306,Kansas State Wildcats,Kansas State,Wildcats,KSU,Big 12 Conference,8,exact
2018-19,451895,Kennesaw St.,ASUN,338,Kennesaw State Owls,Kennesaw State,Owls,KENN,Conference USA,11,exact
2018-19,451689,Kent St.,MAC,2309,Kent State Golden Flashes,Kent State,Golden Flashes,KENT,Mid-American Conference,14,exact
2018-19,451690,Kentucky,SEC,96,Kentucky Wildcats,Kentucky,Wildcats,UK,Southeastern Conference,23,exact
2018-19,451696,LIU,NEC,112358,Long Island University Sharks,Long Island University,Sharks,LIU,Northeast Conference,19,exact
2018-19,451703,LMU (CA),WCC,2351,Loyola Marymount Lions,Loyola Marymount,Lions,LMU,West Coast Conference,29,dict
2018-19,451698,LSU,SEC,99,LSU Tigers,LSU,Tigers,LSU,Southeastern Conference,23,exact
2018-19,451691,La Salle,Atlantic 10,2325,La Salle Explorers,La Salle,Explorers,LAS,Atlantic 10 Conference,3,exact
2018-19,451692,Lafayette,Patriot,322,Lafayette Leopards,Lafayette,Leopards,LAF,Patriot League,22,exact
2018-19,451693,Lamar University,Southland,2320,Lamar Cardinals,Lamar,Cardinals,LAM,Southland Conference,25,dict
2018-19,451694,Lehigh,Patriot,2329,Lehigh Mountain Hawks,Lehigh,Mountain Hawks,LEH,Patriot League,22,exact
2018-19,451695,Liberty,ASUN,2335,Liberty Flames,Liberty,Flames,LIB,Conference USA,11,exact
2018-19,451908,Lipscomb,ASUN,288,Lipscomb Bisons,Lipscomb,Bisons,LIP,Atlantic Sun Conference,46,exact
2018-19,451576,Little Rock,Sun Belt,2031,Little Rock Trojans,Little Rock,Trojans,LR,Ohio Valley Conference,20,exact
2018-19,451599,Long Beach St.,Big West,299,Long Beach State Beach,Long Beach State,Beach,LBSU,Big West Conference,9,exact
2018-19,451697,Longwood,Big South,2344,Longwood Lancers,Longwood,Lancers,LONG,Big South Conference,6,exact
2018-19,451832,Louisiana,Sun Belt,309,Louisiana Ragin' Cajuns,Louisiana,Ragin' Cajuns,UL,Sun Belt Conference,27,exact
2018-19,451699,Louisiana Tech,C-USA,2348,Louisiana Tech Bulldogs,Louisiana Tech,Bulldogs,LT,Conference USA,11,exact
2018-19,451700,Louisville,ACC,97,Louisville Cardinals,Louisville,Cardinals,LOU,Atlantic Coast Conference,2,exact
2018-19,451704,Loyola Chicago,MVC,2350,Loyola Chicago Ramblers,Loyola Chicago,Ramblers,LUC,Atlantic 10 Conference,3,exact
2018-19,451702,Loyola Maryland,Patriot,2352,Loyola Maryland Greyhounds,Loyola Maryland,Greyhounds,L-MD,Patriot League,22,exact
2018-19,451705,Maine,America East,311,Maine Black Bears,Maine,Black Bears,ME,America East Conference,1,exact
2018-19,451706,Manhattan,MAAC,2363,Manhattan Jaspers,Manhattan,Jaspers,MAN,Metro Conference,13,exact
2018-19,451707,Marist,MAAC,2368,Marist Red Foxes,Marist,Red Foxes,MRST,Metro Conference,13,exact
2018-19,451708,Marquette,Big East,269,Marquette Golden Eagles,Marquette,Golden Eagles,MARQ,Big East Conference,4,exact
2018-19,451709,Marshall,C-USA,276,Marshall Thundering Herd,Marshall,Thundering Herd,MRSH,Sun Belt Conference,27,exact
2018-19,451711,Maryland,Big Ten,120,Maryland Terrapins,Maryland,Terrapins,MD,Big Ten Conference,7,exact
2018-19,451713,Massachusetts,Atlantic 10,113,Massachusetts Minutemen,Massachusetts,Minutemen,MASS,Atlantic 10 Conference,3,exact
2018-19,451714,McNeese,Southland,2377,McNeese Cowboys,McNeese,Cowboys,MCN,Southland Conference,25,exact
2018-19,451715,Memphis,AAC,235,Memphis Tigers,Memphis,Tigers,MEM,American Conference,62,exact
2018-19,451716,Mercer,SoCon,2382,Mercer Bears,Mercer,Bears,MER,Southern Conference,24,exact
2018-19,451718,Miami (FL),ACC,2390,Miami Hurricanes,Miami,Hurricanes,MIA,Atlantic Coast Conference,2,dict
2018-19,451717,Miami (OH),MAC,193,Miami (OH) RedHawks,Miami (OH),RedHawks,M-OH,Mid-American Conference,14,exact
2018-19,451720,Michigan,Big Ten,130,Michigan Wolverines,Michigan,Wolverines,MICH,Big Ten Conference,7,exact
2018-19,451719,Michigan St.,Big Ten,127,Michigan State Spartans,Michigan State,Spartans,MSU,Big Ten Conference,7,exact
2018-19,451721,Middle Tenn.,C-USA,2393,Middle Tennessee Blue Raiders,Middle Tennessee,Blue Raiders,MTSU,Conference USA,11,exact
2018-19,451884,Milwaukee,Horizon,270,Milwaukee Panthers,Milwaukee,Panthers,MILW,Horizon League,45,exact
2018-19,451722,Minnesota,Big Ten,135,Minnesota Golden Gophers,Minnesota,Golden Gophers,MINN,Big Ten Conference,7,exact
2018-19,451723,Mississippi St.,SEC,344,Mississippi State Bulldogs,Mississippi State,Bulldogs,MSST,Southeastern Conference,23,exact
2018-19,451724,Mississippi Val.,SWAC,2400,Mississippi Valley State Delta Devils,Mississippi Valley State,Delta Devils,MVSU,Southwestern Athletic Conference,26,dict
2018-19,451726,Missouri,SEC,142,Missouri Tigers,Missouri,Tigers,MIZ,Southeastern Conference,23,exact
2018-19,451830,Missouri St.,MVC,2623,Missouri State Bears,Missouri State,Bears,MOST,Missouri Valley Conference,18,exact
2018-19,451727,Monmouth,MAAC,2405,Monmouth Hawks,Monmouth,Hawks,MONM,Coastal Athletic Association,10,exact
2018-19,451729,Montana,Big Sky,149,Montana Grizzlies,Montana,Grizzlies,MONT,Big Sky Conference,5,exact
2018-19,451728,Montana St.,Big Sky,147,Montana State Bobcats,Montana State,Bobcats,MTST,Big Sky Conference,5,exact
2018-19,451730,Morehead St.,OVC,2413,Morehead State Eagles,Morehead State,Eagles,MORE,Ohio Valley Conference,20,exact
2018-19,451731,Morgan St.,MEAC,2415,Morgan State Bears,Morgan State,Bears,MORG,Mid-Eastern Athletic Conference,16,exact
2018-19,451732,Mount St. Mary's,NEC,116,Mount St. Mary's Mountaineers,Mount St. Mary's,Mountaineers,MSM,Metro Conference,13,exact
2018-19,451733,Murray St.,OVC,93,Murray State Racers,Murray State,Racers,MUR,Missouri Valley Conference,18,exact
2018-19,451751,N.C. A&T,MEAC,2448,North Carolina A&T Aggies,North Carolina A&T,Aggies,NCAT,Coastal Athletic Association,10,exact
2018-19,451752,N.C. Central,MEAC,2428,North Carolina Central Eagles,North Carolina Central,Eagles,NCCU,Mid-Eastern Athletic Conference,16,exact
2018-19,451753,NC State,ACC,152,NC State Wolfpack,NC State,Wolfpack,NCSU,Atlantic Coast Conference,2,exact
2018-19,451744,NJIT,ASUN,2885,NJIT Highlanders,NJIT,Highlanders,NJIT,America East Conference,1,exact
2018-19,451859,Navy,Patriot,2426,Navy Midshipmen,Navy,Midshipmen,NAVY,Patriot League,22,exact
2018-19,451739,Nebraska,Big Ten,158,Nebraska Cornhuskers,Nebraska,Cornhuskers,NEB,Big Ten Conference,7,exact
2018-19,451742,Nevada,Mountain West,2440,Nevada Wolf Pack,Nevada,Wolf Pack,NEV,Mountain West Conference,44,exact
2018-19,451743,New Hampshire,America East,160,New Hampshire Wildcats,New Hampshire,Wildcats,UNH,America East Conference,1,exact
2018-19,451746,New Mexico,Mountain West,167,New Mexico Lobos,New Mexico,Lobos,UNM,Mountain West Conference,44,exact
2018-19,451745,New Mexico St.,WAC,166,New Mexico State Aggies,New Mexico State,Aggies,NMSU,Conference USA,11,exact
2018-19,451747,New Orleans,Southland,2443,LSU New Orleans Privateers,LSU New Orleans,Privateers,NOLA,Southland Conference,25,exact
2018-19,451748,Niagara,MAAC,315,Niagara Purple Eagles,Niagara,Purple Eagles,NIA,Metro Conference,13,exact
2018-19,451749,Nicholls,Southland,2447,Nicholls Colonels,Nicholls,Colonels,NICH,Southland Conference,25,exact
2018-19,451750,Norfolk St.,MEAC,2450,Norfolk State Spartans,Norfolk State,Spartans,NORF,Mid-Eastern Athletic Conference,16,exact
2018-19,452005,North Ala.,ASUN,2453,North Alabama Lions,North Alabama,Lions,UNA,Atlantic Sun Conference,46,exact
2018-19,451735,North Carolina,ACC,153,North Carolina Tar Heels,North Carolina,Tar Heels,UNC,Atlantic Coast Conference,2,exact
2018-19,451755,North Dakota,Summit League,155,North Dakota Fighting Hawks,North Dakota,Fighting Hawks,UND,Summit League,47,exact
2018-19,451754,North Dakota St.,Summit League,2449,North Dakota State Bison,North Dakota State,Bison,NDSU,Summit League,47,exact
2018-19,451901,North Florida,ASUN,2454,North Florida Ospreys,North Florida,Ospreys,UNF,Atlantic Sun Conference,46,exact
2018-19,451756,North Texas,C-USA,249,North Texas Mean Green,North Texas,Mean Green,UNT,American Conference,62,exact
2018-19,451758,Northeastern,CAA,111,Northeastern Huskies,Northeastern,Huskies,NE,Coastal Athletic Association,10,exact
2018-19,451759,Northern Ariz.,Big Sky,2464,Northern Arizona Lumberjacks,Northern Arizona,Lumberjacks,NAU,Big Sky Conference,5,exact
2018-19,451760,Northern Colo.,Big Sky,2458,Northern Colorado Bears,Northern Colorado,Bears,UNCO,Big Sky Conference,5,exact
2018-19,451761,Northern Ill.,MAC,2459,Northern Illinois Huskies,Northern Illinois,Huskies,NIU,Mid-American Conference,14,exact
2018-19,451763,Northern Ky.,Horizon,94,Northern Kentucky Norse,Northern Kentucky,Norse,NKU,Horizon League,45,exact
2018-19,451765,Northwestern,Big Ten,77,Northwestern Wildcats,Northwestern,Wildcats,NU,Big Ten Conference,7,exact
2018-19,451764,Northwestern St.,Southland,2466,Northwestern State Demons,Northwestern State,Demons,NWST,Southland Conference,25,exact
2018-19,451766,Notre Dame,ACC,87,Notre Dame Fighting Irish,Notre Dame,Fighting Irish,ND,Atlantic Coast Conference,2,exact
2018-19,451767,Oakland,Horizon,2473,Oakland Golden Grizzlies,Oakland,Golden Grizzlies,OAK,Horizon League,45,exact
2018-19,451769,Ohio,MAC,195,Ohio Bobcats,Ohio,Bobcats,OHIO,Mid-American Conference,14,exact
2018-19,451768,Ohio St.,Big Ten,194,Ohio State Buckeyes,Ohio State,Buckeyes,OSU,Big Ten Conference,7,exact
2018-19,451771,Oklahoma,Big 12,201,Oklahoma Sooners,Oklahoma,Sooners,OU,Southeastern Conference,23,exact
2018-19,451770,Oklahoma St.,Big 12,197,Oklahoma State Cowboys,Oklahoma State,Cowboys,OKST,Big 12 Conference,8,exact
2018-19,451772,Old Dominion,C-USA,295,Old Dominion Monarchs,Old Dominion,Monarchs,ODU,Sun Belt Conference,27,exact
2018-19,451725,Ole Miss,SEC,145,Ole Miss Rebels,Ole Miss,Rebels,MISS,Southeastern Conference,23,exact
2018-19,451740,Omaha,Summit League,2437,Omaha Mavericks,Omaha,Mavericks,OMA,Summit League,47,exact
2018-19,451773,Oral Roberts,Summit League,198,Oral Roberts Golden Eagles,Oral Roberts,Golden Eagles,ORU,Summit League,47,exact
2018-19,451775,Oregon,Pac-12,2483,Oregon Ducks,Oregon,Ducks,ORE,Big Ten Conference,7,exact
2018-19,451774,Oregon St.,Pac-12,204,Oregon State Beavers,Oregon State,Beavers,ORST,West Coast Conference,29,exact
2018-19,451776,Pacific,WCC,279,Pacific Tigers,Pacific,Tigers,PAC,West Coast Conference,29,exact
2018-19,451779,Penn,Ivy League,219,Pennsylvania Quakers,Pennsylvania,Quakers,PENN,Ivy League,12,exact
2018-19,451778,Penn St.,Big Ten,213,Penn State Nittany Lions,Penn State,Nittany Lions,PSU,Big Ten Conference,7,exact
2018-19,451780,Pepperdine,WCC,2492,Pepperdine Waves,Pepperdine,Waves,PEPP,West Coast Conference,29,exact
2018-19,451781,Pittsburgh,ACC,221,Pittsburgh Panthers,Pittsburgh,Panthers,PITT,Atlantic Coast Conference,2,exact
2018-19,451783,Portland,WCC,2501,Portland Pilots,Portland,Pilots,PORT,West Coast Conference,29,exact
2018-19,451782,Portland St.,Big Sky,2502,Portland State Vikings,Portland State,Vikings,PRST,Big Sky Conference,5,exact
2018-19,451784,Prairie View,SWAC,2504,Prairie View A&M Panthers,Prairie View A&M,Panthers,PV,Southwestern Athletic Conference,26,exact
2018-19,451896,Presbyterian,Big South,2506,Presbyterian Blue Hose,Presbyterian,Blue Hose,PRES,Big South Conference,6,exact
2018-19,451785,Princeton,Ivy League,163,Princeton Tigers,Princeton,Tigers,PRIN,Ivy League,12,exact
2018-19,451786,Providence,Big East,2507,Providence Friars,Providence,Friars,PROV,Big East Conference,4,exact
2018-19,451787,Purdue,Big Ten,2509,Purdue Boilermakers,Purdue,Boilermakers,PUR,Big Ten Conference,7,exact
2018-19,451679,Purdue Fort Wayne,Summit League,2870,Purdue Fort Wayne Mastodons,Purdue Fort Wayne,Mastodons,PFW,Horizon League,45,exact
2018-19,451788,Quinnipiac,MAAC,2514,Quinnipiac Bobcats,Quinnipiac,Bobcats,QUIN,Metro Conference,13,exact
2018-19,451789,Radford,Big South,2515,Radford Highlanders,Radford,Highlanders,RAD,Big South Conference,6,exact
2018-19,451790,Rhode Island,Atlantic 10,227,Rhode Island Rams,Rhode Island,Rams,URI,Atlantic 10 Conference,3,exact
2018-19,451791,Rice,C-USA,242,Rice Owls,Rice,Owls,RICE,American Conference,62,exact
2018-19,451792,Richmond,Atlantic 10,257,Richmond Spiders,Richmond,Spiders,RICH,Atlantic 10 Conference,3,exact
2018-19,451793,Rider,MAAC,2520,Rider Broncs,Rider,Broncs,RID,Metro Conference,13,exact
2018-19,451794,Robert Morris,NEC,2523,Robert Morris Colonials,Robert Morris,Colonials,RMU,Horizon League,45,exact
2018-19,451795,Rutgers,Big Ten,164,Rutgers Scarlet Knights,Rutgers,Scarlet Knights,RUTG,Big Ten Conference,7,exact
2018-19,451834,SFA,Southland,2617,Stephen F. Austin Lumberjacks,Stephen F. Austin,Lumberjacks,SFA,Southland Conference,25,exact
2018-19,451825,SIUE,OVC,2565,SIU Edwardsville Cougars,SIU Edwardsville,Cougars,SIUE,Ohio Valley Conference,20,exact
2018-19,451826,SMU,AAC,2567,SMU Mustangs,SMU,Mustangs,SMU,Atlantic Coast Conference,2,exact
2018-19,451601,Sacramento St.,Big Sky,16,Sacramento State Hornets,Sacramento State,Hornets,SAC,Big Sky Conference,5,exact
2018-19,451796,Sacred Heart,NEC,2529,Sacred Heart Pioneers,Sacred Heart,Pioneers,SHU,Metro Conference,13,exact
2018-19,451799,Saint Francis (PA),NEC,2598,St. Francis (PA) Red Flash,St. Francis (PA),Red Flash,SFPA,Northeast Conference,19,exact
2018-19,451801,Saint Joseph's,Atlantic 10,2603,Saint Joseph's Hawks,Saint Joseph's,Hawks,JOES,Atlantic 10 Conference,3,exact
2018-19,451802,Saint Louis,Atlantic 10,139,Saint Louis Billikens,Saint Louis,Billikens,SLU,Atlantic 10 Conference,3,exact
2018-19,451803,Saint Mary's (CA),WCC,2608,Saint Mary's Gaels,Saint Mary's,Gaels,SMC,West Coast Conference,29,dict
2018-19,451804,Saint Peter's,MAAC,2612,Saint Peter's Peacocks,Saint Peter's,Peacocks,SPU,Metro Conference,13,exact
2018-19,451805,Sam Houston,Southland,2534,Sam Houston Bearkats,Sam Houston,Bearkats,SHSU,Conference USA,11,exact
2018-19,451806,Samford,SoCon,2535,Samford Bulldogs,Samford,Bulldogs,SAM,Southern Conference,24,exact
2018-19,451808,San Diego,WCC,301,San Diego Toreros,San Diego,Toreros,USD,West Coast Conference,29,exact
2018-19,451807,San Diego St.,Mountain West,21,San Diego State Aztecs,San Diego State,Aztecs,SDSU,Mountain West Conference,44,exact
2018-19,451809,San Francisco,WCC,2539,San Francisco Dons,San Francisco,Dons,SF,West Coast Conference,29,exact
2018-19,451810,San Jose St.,Mountain West,23,San José State Spartans,San José State,Spartans,SJSU,Mountain West Conference,44,dict
2018-19,451811,Santa Clara,WCC,2541,Santa Clara Broncos,Santa Clara,Broncos,SCU,West Coast Conference,29,exact
2018-19,451812,Savannah St.,MEAC,2542,Savannah State Tigers,Savannah State,Tigers,SAV,,,alias
2018-19,451897,Seattle U,WAC,2547,Seattle U Redhawks,Seattle U,Redhawks,SEA,United Athletic Conference,30,exact
2018-19,451813,Seton Hall,Big East,2550,Seton Hall Pirates,Seton Hall,Pirates,HALL,Big East Conference,4,exact
2018-19,451814,Siena,MAAC,2561,Siena Saints,Siena,Saints,SIE,Metro Conference,13,exact
2018-19,451815,South Alabama,Sun Belt,6,South Alabama Jaguars,South Alabama,Jaguars,USA,Sun Belt Conference,27,exact
2018-19,451817,South Carolina,SEC,2579,South Carolina Gamecocks,South Carolina,Gamecocks,SC,Southeastern Conference,23,exact
2018-19,451816,South Carolina St.,MEAC,2569,South Carolina State Bulldogs,South Carolina State,Bulldogs,SCST,Mid-Eastern Athletic Conference,16,exact
2018-19,451819,South Dakota,Summit League,233,South Dakota Coyotes,South Dakota,Coyotes,SDAK,Summit League,47,exact
2018-19,451818,South Dakota St.,Summit League,2571,South Dakota State Jackrabbits,South Dakota State,Jackrabbits,SDST,Summit League,47,exact
2018-19,451820,South Fla.,AAC,58,South Florida Bulls,South Florida,Bulls,USF,American Conference,62,exact
2018-19,451821,Southeast Mo. St.,OVC,2546,Southeast Missouri State Redhawks,Southeast Missouri State,Redhawks,SEMO,Ohio Valley Conference,20,exact
2018-19,451822,Southeastern La.,Southland,2545,SE Louisiana Lions,SE Louisiana,Lions,SELA,Southland Conference,25,dict
2018-19,451823,Southern California,Pac-12,30,USC Trojans,USC,Trojans,USC,Big Ten Conference,7,dict
2018-19,451824,Southern Ill.,MVC,79,Southern Illinois Salukis,Southern Illinois,Salukis,SIU,Missouri Valley Conference,18,exact
2018-19,451827,Southern Miss.,C-USA,2572,Southern Miss Golden Eagles,Southern Miss,Golden Eagles,USM,Sun Belt Conference,27,dict
2018-19,451828,Southern U.,SWAC,2582,Southern Jaguars,Southern,Jaguars,SOU,Southwestern Athletic Conference,26,dict
2018-19,451829,Southern Utah,Big Sky,253,Southern Utah Thunderbirds,Southern Utah,Thunderbirds,SUU,United Athletic Conference,30,exact
2018-19,451797,St. Bonaventure,Atlantic 10,179,St. Bonaventure Bonnies,St. Bonaventure,Bonnies,SBU,Atlantic 10 Conference,3,exact
2018-19,451798,St. Francis Brooklyn,NEC,2597,St. Francis Brooklyn Terriers,St. Francis Brooklyn,Terriers,SFNY,,,exact
2018-19,451800,St. John's (NY),Big East,2599,St. John's Red Storm,St. John's,Red Storm,SJU,Big East Conference,4,dict
2018-19,451833,Stanford,Pac-12,24,Stanford Cardinal,Stanford,Cardinal,STAN,Atlantic Coast Conference,2,exact
2018-19,451835,Stetson,ASUN,56,Stetson Hatters,Stetson,Hatters,STET,Atlantic Sun Conference,46,exact
2018-19,451836,Stony Brook,America East,2619,Stony Brook Seawolves,Stony Brook,Seawolves,STBK,Coastal Athletic Association,10,exact
2018-19,451837,Syracuse,ACC,183,Syracuse Orange,Syracuse,Orange,SYR,Atlantic Coast Conference,2,exact
2018-19,451845,TCU,Big 12,2628,TCU Horned Frogs,TCU,Horned Frogs,TCU,Big 12 Conference,8,exact
2018-19,451838,Temple,AAC,218,Temple Owls,Temple,Owls,TEM,American Conference,62,exact
2018-19,451842,Tennessee,SEC,2633,Tennessee Volunteers,Tennessee,Volunteers,TENN,Southeastern Conference,23,exact
2018-19,451839,Tennessee St.,OVC,2634,Tennessee State Tigers,Tennessee State,Tigers,TNST,Ohio Valley Conference,20,exact
2018-19,451840,Tennessee Tech,OVC,2635,Tennessee Tech Golden Eagles,Tennessee Tech,Golden Eagles,TNTC,Ohio Valley Conference,20,exact
2018-19,451849,Texas,Big 12,251,Texas Longhorns,Texas,Longhorns,TEX,Southeastern Conference,23,exact
2018-19,451844,Texas A&M,SEC,245,Texas A&M Aggies,Texas A&M,Aggies,TA&M,Southeastern Conference,23,exact
2018-19,451846,Texas Southern,SWAC,2640,Texas Southern Tigers,Texas Southern,Tigers,TXSO,Southwestern Athletic Conference,26,exact
2018-19,451831,Texas St.,Sun Belt,326,Texas State Bobcats,Texas State,Bobcats,TXST,Sun Belt Conference,27,exact
2018-19,451847,Texas Tech,Big 12,2641,Texas Tech Red Raiders,Texas Tech,Red Raiders,TTU,Big 12 Conference,8,exact
2018-19,451852,Toledo,MAC,2649,Toledo Rockets,Toledo,Rockets,TOL,Mid-American Conference,14,exact
2018-19,451853,Towson,CAA,119,Towson Tigers,Towson,Tigers,TOW,Coastal Athletic Association,10,exact
2018-19,451854,Troy,Sun Belt,2653,Troy Trojans,Troy,Trojans,TROY,Sun Belt Conference,27,exact
2018-19,451855,Tulane,AAC,2655,Tulane Green Wave,Tulane,Green Wave,TULN,American Conference,62,exact
2018-19,451856,Tulsa,AAC,202,Tulsa Golden Hurricane,Tulsa,Golden Hurricane,TLSA,American Conference,62,exact
2018-19,451567,UAB,C-USA,5,UAB Blazers,UAB,Blazers,UAB,American Conference,62,exact
2018-19,451604,UC Davis,Big West,302,UC Davis Aggies,UC Davis,Aggies,UCD,Big West Conference,9,exact
2018-19,451605,UC Irvine,Big West,300,UC Irvine Anteaters,UC Irvine,Anteaters,UCI,Big West Conference,9,exact
2018-19,451607,UC Riverside,Big West,27,UC Riverside Highlanders,UC Riverside,Highlanders,UCR,Big West Conference,9,exact
2018-19,451602,UC Santa Barbara,Big West,2540,UC Santa Barbara Gauchos,UC Santa Barbara,Gauchos,UCSB,Big West Conference,9,exact
2018-19,451611,UCF,AAC,2116,UCF Knights,UCF,Knights,UCF,Big 12 Conference,8,exact
2018-19,451606,UCLA,Pac-12,26,UCLA Bruins,UCLA,Bruins,UCLA,Big Ten Conference,7,exact
2018-19,451622,UConn,AAC,41,UConn Huskies,UConn,Huskies,CONN,Big East Conference,4,exact
2018-19,451676,UIC,Horizon,82,UIC Flames,UIC,Flames,UIC,Missouri Valley Conference,18,exact
2018-19,451902,UIW,Southland,2916,Incarnate Word Cardinals,Incarnate Word,Cardinals,UIW,Southland Conference,25,exact
2018-19,451757,ULM,Sun Belt,2433,UL Monroe Warhawks,UL Monroe,Warhawks,ULM,Sun Belt Conference,27,exact
2018-19,451710,UMBC,America East,2378,UMBC Retrievers,UMBC,Retrievers,UMBC,America East Conference,1,exact
2018-19,451712,UMES,MEAC,2379,Maryland Eastern Shore Hawks,Maryland Eastern Shore,Hawks,UMES,Mid-Eastern Athletic Conference,16,exact
2018-19,451701,UMass Lowell,America East,2349,UMass Lowell River Hawks,UMass Lowell,River Hawks,UML,America East Conference,1,exact
2018-19,451734,UNC Asheville,Big South,2427,UNC Asheville Bulldogs,UNC Asheville,Bulldogs,UNCA,Big South Conference,6,exact
2018-19,451737,UNC Greensboro,SoCon,2430,UNC Greensboro Spartans,UNC Greensboro,Spartans,UNCG,Southern Conference,24,exact
2018-19,451738,UNCW,CAA,350,UNC Wilmington Seahawks,UNC Wilmington,Seahawks,UNCW,Coastal Athletic Association,10,exact
2018-19,451762,UNI,MVC,2460,Northern Iowa Panthers,Northern Iowa,Panthers,UNI,Missouri Valley Conference,18,exact
2018-19,451741,UNLV,Mountain West,2439,UNLV Rebels,UNLV,Rebels,UNLV,Mountain West Conference,44,exact
2018-19,451904,USC Upstate,Big South,2908,South Carolina Upstate Spartans,South Carolina Upstate,Spartans,UPST,Big South Conference,6,dict
2018-19,451848,UT Arlington,Sun Belt,250,UT Arlington Mavericks,UT Arlington,Mavericks,UTA,United Athletic Conference,30,exact
2018-19,451843,UT Martin,OVC,2630,UT Martin Skyhawks,UT Martin,Skyhawks,UTM,Ohio Valley Conference,20,exact
2018-19,451850,UTEP,C-USA,2638,UTEP Miners,UTEP,Miners,UTEP,Conference USA,11,exact
2018-19,451777,UTRGV,WAC,292,UT Rio Grande Valley Vaqueros,UT Rio Grande Valley,Vaqueros,RGV,Southland Conference,25,dict
2018-19,451851,UTSA,C-USA,2636,UTSA Roadrunners,UTSA,Roadrunners,UTSA,American Conference,62,exact
2018-19,451861,Utah,Pac-12,254,Utah Utes,Utah,Utes,UTAH,Big 12 Conference,8,exact
2018-19,451860,Utah St.,Mountain West,328,Utah State Aggies,Utah State,Aggies,USU,Mountain West Conference,44,exact
2018-19,451910,Utah Valley,WAC,3084,Utah Valley Wolverines,Utah Valley,Wolverines,UVU,United Athletic Conference,30,exact
2018-19,451866,VCU,Atlantic 10,2670,VCU Rams,VCU,Rams,VCU,Atlantic 10 Conference,3,exact
2018-19,451862,Valparaiso,MVC,2674,Valparaiso Beacons,Valparaiso,Beacons,VAL,Missouri Valley Conference,18,exact
2018-19,451863,Vanderbilt,SEC,238,Vanderbilt Commodores,Vanderbilt,Commodores,VAN,Southeastern Conference,23,exact
2018-19,451864,Vermont,America East,261,Vermont Catamounts,Vermont,Catamounts,UVM,America East Conference,1,exact
2018-19,451865,Villanova,Big East,222,Villanova Wildcats,Villanova,Wildcats,VILL,Big East Conference,4,exact
2018-19,451868,Virginia,ACC,258,Virginia Cavaliers,Virginia,Cavaliers,UVA,Atlantic Coast Conference,2,exact
2018-19,451867,Virginia Tech,ACC,259,Virginia Tech Hokies,Virginia Tech,Hokies,VT,Atlantic Coast Conference,2,exact
2018-19,451869,Wagner,NEC,2681,Wagner Seahawks,Wagner,Seahawks,WAG,Northeast Conference,19,exact
2018-19,451870,Wake Forest,ACC,154,Wake Forest Demon Deacons,Wake Forest,Demon Deacons,WAKE,Atlantic Coast Conference,2,exact
2018-19,451872,Washington,Pac-12,264,Washington Huskies,Washington,Huskies,WASH,Big Ten Conference,7,exact
2018-19,451871,Washington St.,Pac-12,265,Washington State Cougars,Washington State,Cougars,WSU,West Coast Conference,29,exact
2018-19,451873,Weber St.,Big Sky,2692,Weber State Wildcats,Weber State,Wildcats,WEB,Big Sky Conference,5,exact
2018-19,451874,West Virginia,Big 12,277,West Virginia Mountaineers,West Virginia,Mountaineers,WVU,Big 12 Conference,8,exact
2018-19,451875,Western Caro.,SoCon,2717,Western Carolina Catamounts,Western Carolina,Catamounts,WCU,Southern Conference,24,exact
2018-19,451876,Western Ill.,Summit League,2710,Western Illinois Leathernecks,Western Illinois,Leathernecks,WIU,Ohio Valley Conference,20,exact
2018-19,451877,Western Ky.,C-USA,98,Western Kentucky Hilltoppers,Western Kentucky,Hilltoppers,WKU,Conference USA,11,exact
2018-19,451878,Western Mich.,MAC,2711,Western Michigan Broncos,Western Michigan,Broncos,WMU,Mid-American Conference,14,exact
2018-19,451879,Wichita St.,AAC,2724,Wichita State Shockers,Wichita State,Shockers,WICH,American Conference,62,exact
2018-19,451880,William & Mary,CAA,2729,William & Mary Tribe,William & Mary,Tribe,W&M,Coastal Athletic Association,10,exact
2018-19,451881,Winthrop,Big South,2737,Winthrop Eagles,Winthrop,Eagles,WIN,Big South Conference,6,exact
2018-19,451883,Wisconsin,Big Ten,275,Wisconsin Badgers,Wisconsin,Badgers,WIS,Big Ten Conference,7,exact
2018-19,451903,Wofford,SoCon,2747,Wofford Terriers,Wofford,Terriers,WOF,Southern Conference,24,exact
2018-19,451885,Wright St.,Horizon,2750,Wright State Raiders,Wright State,Raiders,WRST,Horizon League,45,exact
2018-19,451886,Wyoming,Mountain West,2751,Wyoming Cowboys,Wyoming,Cowboys,WYO,Mountain West Conference,44,exact
2018-19,451887,Xavier,Big East,2752,Xavier Musketeers,Xavier,Musketeers,XAV,Big East Conference,4,exact
2018-19,451888,Yale,Ivy League,43,Yale Bulldogs,Yale,Bulldogs,YALE,Ivy League,12,exact
2018-19,451889,Youngstown St.,Horizon,2754,Youngstown State Penguins,Youngstown State,Penguins,YSU,Horizon League,45,exact
2019-20,484452,A&M-Corpus Christi,Southland,357,Texas A&M-Corpus Christi Islanders,Texas A&M-Corpus Christi,Islanders,AMCC,Southland Conference,25,dict
2019-20,483774,Abilene Christian,Southland,2000,Abilene Christian Wildcats,Abilene Christian,Wildcats,ACU,United Athletic Conference,30,exact
2019-20,484359,Air Force,Mountain West,2005,Air Force Falcons,Air Force,Falcons,AF,Mountain West Conference,44,exact
2019-20,483776,Akron,MAC,2006,Akron Zips,Akron,Zips,AKR,Mid-American Conference,14,exact
2019-20,483782,Alabama,SEC,333,Alabama Crimson Tide,Alabama,Crimson Tide,ALA,Southeastern Conference,23,exact
2019-20,483778,Alabama A&M,SWAC,2010,Alabama A&M Bulldogs,Alabama A&M,Bulldogs,AAMU,Southwestern Athletic Conference,26,exact
2019-20,483780,Alabama St.,SWAC,2011,Alabama State Hornets,Alabama State,Hornets,ALST,Southwestern Athletic Conference,26,exact
2019-20,483786,Albany (NY),America East,399,UAlbany Great Danes,UAlbany,Great Danes,UALB,America East Conference,1,alias
2019-20,483788,Alcorn,SWAC,2016,Alcorn State Braves,Alcorn State,Braves,ALCN,Southwestern Athletic Conference,26,dict
2019-20,483790,American,Patriot,44,American University Eagles,American University,Eagles,AMER,Patriot League,22,exact
2019-20,483792,App State,Sun Belt,2026,App State Mountaineers,App State,Mountaineers,APP,Sun Belt Conference,27,exact
2019-20,483796,Arizona,Pac-12,12,Arizona Wildcats,Arizona,Wildcats,ARIZ,Big 12 Conference,8,exact
2019-20,483794,Arizona St.,Pac-12,9,Arizona State Sun Devils,Arizona State,Sun Devils,ASU,Big 12 Conference,8,exact
2019-20,484440,Ark.-Pine Bluff,SWAC,2029,Arkansas-Pine Bluff Golden Lions,Arkansas-Pine Bluff,Golden Lions,UAPB,Southwestern Athletic Conference,26,dict
2019-20,483800,Arkansas,SEC,8,Arkansas Razorbacks,Arkansas,Razorbacks,ARK,Southeastern Conference,23,exact
2019-20,483798,Arkansas St.,Sun Belt,2032,Arkansas State Red Wolves,Arkansas State,Red Wolves,ARST,Sun Belt Conference,27,exact
2019-20,484360,Army West Point,Patriot,349,Army Black Knights,Army,Black Knights,ARMY,Patriot League,22,dict
2019-20,483804,Auburn,SEC,2,Auburn Tigers,Auburn,Tigers,AUB,Southeastern Conference,23,exact
2019-20,483806,Austin Peay,OVC,2046,Austin Peay Governors,Austin Peay,Governors,APSU,Atlantic Sun Conference,46,exact
2019-20,483827,BYU,WCC,252,BYU Cougars,BYU,Cougars,BYU,Big 12 Conference,8,exact
2019-20,483808,Ball St.,MAC,2050,Ball State Cardinals,Ball State,Cardinals,BALL,Mid-American Conference,14,exact
2019-20,483811,Baylor,Big 12,239,Baylor Bears,Baylor,Bears,BAY,Big 12 Conference,8,exact
2019-20,484450,Belmont,OVC,2057,Belmont Bruins,Belmont,Bruins,BEL,Missouri Valley Conference,18,exact
2019-20,483813,Bethune-Cookman,MEAC,2065,Bethune-Cookman Wildcats,Bethune-Cookman,Wildcats,BCU,Southwestern Athletic Conference,26,exact
2019-20,483815,Binghamton,America East,2066,Binghamton Bearcats,Binghamton,Bearcats,BING,America East Conference,1,exact
2019-20,483817,Boise St.,Mountain West,68,Boise State Broncos,Boise State,Broncos,BOIS,Mountain West Conference,44,exact
2019-20,483819,Boston College,ACC,103,Boston College Eagles,Boston College,Eagles,BC,Atlantic Coast Conference,2,exact
2019-20,483821,Boston U.,Patriot,104,Boston University Terriers,Boston University,Terriers,BU,Patriot League,22,exact
2019-20,483823,Bowling Green,MAC,189,Bowling Green Falcons,Bowling Green,Falcons,BGSU,Mid-American Conference,14,exact
2019-20,483825,Bradley,MVC,71,Bradley Braves,Bradley,Braves,BRAD,Missouri Valley Conference,18,exact
2019-20,483829,Brown,Ivy League,225,Brown Bears,Brown,Bears,BRWN,Ivy League,12,exact
2019-20,483831,Bryant,NEC,2803,Bryant Bulldogs,Bryant,Bulldogs,BRY,America East Conference,1,exact
2019-20,483833,Bucknell,Patriot,2083,Bucknell Bison,Bucknell,Bison,BUCK,Patriot League,22,exact
2019-20,483835,Buffalo,MAC,2084,Buffalo Bulls,Buffalo,Bulls,BUF,Mid-American Conference,14,exact
2019-20,483837,Butler,Big East,2086,Butler Bulldogs,Butler,Bulldogs,BTLR,Big East Conference,4,exact
2019-20,483841,CSU Bakersfield,WAC,2934,Cal State Bakersfield Roadrunners,Cal State Bakersfield,Roadrunners,CSUB,Big West Conference,9,alias
2019-20,483849,CSUN,Big West,2463,Cal State Northridge Matadors,Cal State Northridge,Matadors,CSUN,Big West Conference,9,exact
2019-20,483839,Cal Poly,Big West,13,Cal Poly Mustangs,Cal Poly,Mustangs,CP,Big West Conference,9,exact
2019-20,483845,Cal St. Fullerton,Big West,2239,Cal State Fullerton Titans,Cal State Fullerton,Titans,CSUF,Big West Conference,9,exact
2019-20,483854,California,Pac-12,25,California Golden Bears,California,Golden Bears,CAL,Atlantic Coast Conference,2,exact
2019-20,483770,California Baptist,WAC,2856,California Baptist Lancers,California Baptist,Lancers,CBU,United Athletic Conference,30,exact
2019-20,483873,Campbell,Big South,2097,Campbell Fighting Camels,Campbell,Fighting Camels,CAM,Coastal Athletic Association,10,exact
2019-20,483875,Canisius,MAAC,2099,Canisius Golden Griffins,Canisius,Golden Griffins,CAN,Metro Conference,13,exact
2019-20,484424,Central Ark.,Southland,2110,Central Arkansas Bears,Central Arkansas,Bears,CARK,Atlantic Sun Conference,46,exact
2019-20,483877,Central Conn. St.,NEC,2115,Central Connecticut Blue Devils,Central Connecticut,Blue Devils,CCSU,Northeast Conference,19,dict
2019-20,483881,Central Mich.,MAC,2117,Central Michigan Chippewas,Central Michigan,Chippewas,CMU,Mid-American Conference,14,exact
2019-20,483810,Charleston So.,Big South,2127,Charleston Southern Buccaneers,Charleston Southern,Buccaneers,CHSO,Big South Conference,6,exact
2019-20,484115,Charlotte,C-USA,2429,Charlotte 49ers,Charlotte,49ers,CLT,American Conference,62,exact
2019-20,484333,Chattanooga,SoCon,236,Chattanooga Mocs,Chattanooga,Mocs,UTC,Southern Conference,24,exact
2019-20,483883,Chicago St.,WAC,2130,Chicago State Cougars,Chicago State,Cougars,CHST,Northeast Conference,19,exact
2019-20,483885,Cincinnati,AAC,2132,Cincinnati Bearcats,Cincinnati,Bearcats,CIN,Big 12 Conference,8,exact
2019-20,483887,Clemson,ACC,228,Clemson Tigers,Clemson,Tigers,CLEM,Atlantic Coast Conference,2,exact
2019-20,483889,Cleveland St.,Horizon,325,Cleveland State Vikings,Cleveland State,Vikings,CLE,Horizon League,45,exact
2019-20,483891,Coastal Carolina,Sun Belt,324,Coastal Carolina Chanticleers,Coastal Carolina,Chanticleers,CCU,Sun Belt Conference,27,exact
2019-20,484426,Col. of Charleston,CAA,232,Charleston Cougars,Charleston,Cougars,COFC,Coastal Athletic Association,10,dict
2019-20,483893,Colgate,Patriot,2142,Colgate Raiders,Colgate,Raiders,COLG,Patriot League,22,exact
2019-20,483897,Colorado,Pac-12,38,Colorado Buffaloes,Colorado,Buffaloes,COLO,Big 12 Conference,8,exact
2019-20,483895,Colorado St.,Mountain West,36,Colorado State Rams,Colorado State,Rams,CSU,Mountain West Conference,44,exact
2019-20,483899,Columbia,Ivy League,171,Columbia Lions,Columbia,Lions,COLU,Ivy League,12,exact
2019-20,483902,Coppin St.,MEAC,2154,Coppin State Eagles,Coppin State,Eagles,COPP,Mid-Eastern Athletic Conference,16,exact
2019-20,483904,Cornell,Ivy League,172,Cornell Big Red,Cornell,Big Red,COR,Ivy League,12,exact
2019-20,483906,Creighton,Big East,156,Creighton Bluejays,Creighton,Bluejays,CREI,Big East Conference,4,exact
2019-20,483908,Dartmouth,Ivy League,159,Dartmouth Big Green,Dartmouth,Big Green,DART,Ivy League,12,exact
2019-20,483910,Davidson,Atlantic 10,2166,Davidson Wildcats,Davidson,Wildcats,DAV,Atlantic 10 Conference,3,exact
2019-20,483912,Dayton,Atlantic 10,2168,Dayton Flyers,Dayton,Flyers,DAY,Atlantic 10 Conference,3,exact
2019-20,483914,DePaul,Big East,305,DePaul Blue Demons,DePaul,Blue Demons,DEP,Big East Conference,4,exact
2019-20,483918,Delaware,CAA,48,Delaware Blue Hens,Delaware,Blue Hens,DEL,Coastal Athletic Association,10,exact
2019-20,483916,Delaware St.,MEAC,2169,Delaware State Hornets,Delaware State,Hornets,DSU,Mid-Eastern Athletic Conference,16,exact
2019-20,483920,Denver,Summit League,2172,Denver Pioneers,Denver,Pioneers,DEN,Summit League,47,exact
2019-20,483922,Detroit Mercy,Horizon,2174,Detroit Mercy Titans,Detroit Mercy,Titans,DETM,Horizon League,45,exact
2019-20,483923,Drake,MVC,2181,Drake Bulldogs,Drake,Bulldogs,DRKE,Missouri Valley Conference,18,exact
2019-20,483925,Drexel,CAA,2182,Drexel Dragons,Drexel,Dragons,DREX,Coastal Athletic Association,10,exact
2019-20,483927,Duke,ACC,150,Duke Blue Devils,Duke,Blue Devils,DUKE,Atlantic Coast Conference,2,exact
2019-20,483929,Duquesne,Atlantic 10,2184,Duquesne Dukes,Duquesne,Dukes,DUQ,Atlantic 10 Conference,3,exact
2019-20,483933,ETSU,SoCon,2193,East Tennessee State Buccaneers,East Tennessee State,Buccaneers,ETSU,Southern Conference,24,exact
2019-20,483931,East Carolina,AAC,151,East Carolina Pirates,East Carolina,Pirates,ECU,American Conference,62,exact
2019-20,483935,Eastern Ill.,OVC,2197,Eastern Illinois Panthers,Eastern Illinois,Panthers,EIU,Ohio Valley Conference,20,exact
2019-20,483937,Eastern Ky.,OVC,2198,Eastern Kentucky Colonels,Eastern Kentucky,Colonels,EKU,Atlantic Sun Conference,46,exact
2019-20,483939,Eastern Mich.,MAC,2199,Eastern Michigan Eagles,Eastern Michigan,Eagles,EMU,Mid-American Conference,14,exact
2019-20,483941,Eastern Wash.,Big Sky,331,Eastern Washington Eagles,Eastern Washington,Eagles,EWU,Big Sky Conference,5,exact
2019-20,484428,Elon,CAA,2210,Elon Phoenix,Elon,Phoenix,ELON,Coastal Athletic Association,10,exact
2019-20,483943,Evansville,MVC,339,Evansville Purple Aces,Evansville,Purple Aces,EVAN,Missouri Valley Conference,18,exact
2019-20,484454,FGCU,ASUN,526,Florida Gulf Coast Eagles,Florida Gulf Coast,Eagles,FGCU,Atlantic Sun Conference,46,exact
2019-20,483953,FIU,C-USA,2229,Florida International Panthers,Florida International,Panthers,FIU,Conference USA,11,exact
2019-20,483945,Fairfield,MAAC,2217,Fairfield Stags,Fairfield,Stags,FAIR,Metro Conference,13,exact
2019-20,483947,Fairleigh Dickinson,NEC,161,Fairleigh Dickinson Knights,Fairleigh Dickinson,Knights,FDU,Northeast Conference,19,exact
2019-20,483950,Fla. Atlantic,C-USA,2226,Florida Atlantic Owls,Florida Atlantic,Owls,FAU,American Conference,62,exact
2019-20,483958,Florida,SEC,57,Florida Gators,Florida,Gators,FLA,Southeastern Conference,23,exact
2019-20,483948,Florida A&M,MEAC,50,Florida A&M Rattlers,Florida A&M,Rattlers,FAMU,Southwestern Athletic Conference,26,exact
2019-20,483955,Florida St.,ACC,52,Florida State Seminoles,Florida State,Seminoles,FSU,Atlantic Coast Conference,2,exact
2019-20,483959,Fordham,Atlantic 10,2230,Fordham Rams,Fordham,Rams,FOR,Atlantic 10 Conference,3,exact
2019-20,483843,Fresno St.,Mountain West,278,Fresno State Bulldogs,Fresno State,Bulldogs,FRES,Mountain West Conference,44,exact
2019-20,483962,Furman,SoCon,231,Furman Paladins,Furman,Paladins,FUR,Southern Conference,24,exact
2019-20,483970,Ga. Southern,Sun Belt,290,Georgia Southern Eagles,Georgia Southern,Eagles,GASO,Sun Belt Conference,27,exact
2019-20,484430,Gardner-Webb,Big South,2241,Gardner-Webb Runnin' Bulldogs,Gardner-Webb,Runnin' Bulldogs,GWEB,Big South Conference,6,exact
2019-20,483964,George Mason,Atlantic 10,2244,George Mason Patriots,George Mason,Patriots,GMU,Atlantic 10 Conference,3,exact
2019-20,483966,George Washington,Atlantic 10,45,George Washington Revolutionaries,George Washington,Revolutionaries,GW,Atlantic 10 Conference,3,exact
2019-20,483968,Georgetown,Big East,46,Georgetown Hoyas,Georgetown,Hoyas,GTWN,Big East Conference,4,exact
2019-20,483976,Georgia,SEC,61,Georgia Bulldogs,Georgia,Bulldogs,UGA,Southeastern Conference,23,exact
2019-20,483972,Georgia St.,Sun Belt,2247,Georgia State Panthers,Georgia State,Panthers,GAST,Sun Belt Conference,27,exact
2019-20,483974,Georgia Tech,ACC,59,Georgia Tech Yellow Jackets,Georgia Tech,Yellow Jackets,GT,Atlantic Coast Conference,2,exact
2019-20,483978,Gonzaga,WCC,2250,Gonzaga Bulldogs,Gonzaga,Bulldogs,GONZ,West Coast Conference,29,exact
2019-20,483980,Grambling,SWAC,2755,Grambling Tigers,Grambling,Tigers,GRAM,Southwestern Athletic Conference,26,exact
2019-20,484431,Grand Canyon,WAC,2253,Grand Canyon Lopes,Grand Canyon,Lopes,GCU,United Athletic Conference,30,exact
2019-20,484407,Green Bay,Horizon,2739,Green Bay Phoenix,Green Bay,Phoenix,GB,Horizon League,45,exact
2019-20,483982,Hampton,Big South,2261,Hampton Pirates,Hampton,Pirates,HAMP,Coastal Athletic Association,10,exact
2019-20,483984,Hartford,America East,42,Hartford Hawks,Hartford,Hawks,HART,,,exact
2019-20,483986,Harvard,Ivy League,108,Harvard Crimson,Harvard,Crimson,HARV,Ivy League,12,exact
2019-20,483988,Hawaii,Big West,62,Hawai'i Rainbow Warriors,Hawai'i,Rainbow Warriors,HAW,Big West Conference,9,dict
2019-20,484451,High Point,Big South,2272,High Point Panthers,High Point,Panthers,HPU,Big South Conference,6,exact
2019-20,483990,Hofstra,CAA,2275,Hofstra Pride,Hofstra,Pride,HOF,Coastal Athletic Association,10,exact
2019-20,483992,Holy Cross,Patriot,107,Holy Cross Crusaders,Holy Cross,Crusaders,HC,Patriot League,22,exact
2019-20,483996,Houston,AAC,248,Houston Cougars,Houston,Cougars,HOU,Big 12 Conference,8,exact
2019-20,483994,Houston Baptist,Southland,2277,Houston Christian Huskies,Houston Christian,Huskies,HCU,Southland Conference,25,alias
2019-20,483998,Howard,MEAC,47,Howard Bison,Howard,Bison,HOW,Mid-Eastern Athletic Conference,16,exact
2019-20,484442,IUPUI,Horizon,85,IU Indianapolis Jaguars,IU Indianapolis,Jaguars,IUIN,Horizon League,45,alias
2019-20,484002,Idaho,Big Sky,70,Idaho Vandals,Idaho,Vandals,IDHO,Big Sky Conference,5,exact
2019-20,484000,Idaho St.,Big Sky,304,Idaho State Bengals,Idaho State,Bengals,IDST,Big Sky Conference,5,exact
2019-20,484006,Illinois,Big Ten,356,Illinois Fighting Illini,Illinois,Fighting Illini,ILL,Big Ten Conference,7,exact
2019-20,484004,Illinois St.,MVC,2287,Illinois State Redbirds,Illinois State,Redbirds,ILST,Missouri Valley Conference,18,exact
2019-20,484012,Indiana,Big Ten,84,Indiana Hoosiers,Indiana,Hoosiers,IU,Big Ten Conference,7,exact
2019-20,484010,Indiana St.,MVC,282,Indiana State Sycamores,Indiana State,Sycamores,INST,Missouri Valley Conference,18,exact
2019-20,484015,Iona,MAAC,314,Iona Gaels,Iona,Gaels,IONA,Metro Conference,13,exact
2019-20,484020,Iowa,Big Ten,2294,Iowa Hawkeyes,Iowa,Hawkeyes,IOWA,Big Ten Conference,7,exact
2019-20,484018,Iowa St.,Big 12,66,Iowa State Cyclones,Iowa State,Cyclones,ISU,Big 12 Conference,8,exact
2019-20,484022,Jackson St.,SWAC,2296,Jackson State Tigers,Jackson State,Tigers,JKST,Southwestern Athletic Conference,26,exact
2019-20,484026,Jacksonville,ASUN,294,Jacksonville Dolphins,Jacksonville,Dolphins,JAX,Atlantic Sun Conference,46,exact
2019-20,484024,Jacksonville St.,OVC,55,Jacksonville State Gamecocks,Jacksonville State,Gamecocks,JXST,Conference USA,11,exact
2019-20,484027,James Madison,CAA,256,James Madison Dukes,James Madison,Dukes,JMU,Sun Belt Conference,27,exact
2019-20,484031,Kansas,Big 12,2305,Kansas Jayhawks,Kansas,Jayhawks,KU,Big 12 Conference,8,exact
2019-20,484444,Kansas City,WAC,140,Kansas City Roos,Kansas City,Roos,KC,Summit League,47,exact
2019-20,484029,Kansas St.,Big 12,2306,Kansas State Wildcats,Kansas State,Wildcats,KSU,Big 12 Conference,8,exact
2019-20,484433,Kennesaw St.,ASUN,338,Kennesaw State Owls,Kennesaw State,Owls,KENN,Conference USA,11,exact
2019-20,484033,Kent St.,MAC,2309,Kent State Golden Flashes,Kent State,Golden Flashes,KENT,Mid-American Conference,14,exact
2019-20,484035,Kentucky,SEC,96,Kentucky Wildcats,Kentucky,Wildcats,UK,Southeastern Conference,23,exact
2019-20,484048,LIU,NEC,112358,Long Island University Sharks,Long Island University,Sharks,LIU,Northeast Conference,19,exact
2019-20,484061,LMU (CA),WCC,2351,Loyola Marymount Lions,Loyola Marymount,Lions,LMU,West Coast Conference,29,dict
2019-20,484052,LSU,SEC,99,LSU Tigers,LSU,Tigers,LSU,Southeastern Conference,23,exact
2019-20,484037,La Salle,Atlantic 10,2325,La Salle Explorers,La Salle,Explorers,LAS,Atlantic 10 Conference,3,exact
2019-20,484039,Lafayette,Patriot,322,Lafayette Leopards,Lafayette,Leopards,LAF,Patriot League,22,exact
2019-20,484041,Lamar University,Southland,2320,Lamar Cardinals,Lamar,Cardinals,LAM,Southland Conference,25,dict
2019-20,484043,Lehigh,Patriot,2329,Lehigh Mountain Hawks,Lehigh,Mountain Hawks,LEH,Patriot League,22,exact
2019-20,484046,Liberty,ASUN,2335,Liberty Flames,Liberty,Flames,LIB,Conference USA,11,exact
2019-20,484453,Lipscomb,ASUN,288,Lipscomb Bisons,Lipscomb,Bisons,LIP,Atlantic Sun Conference,46,exact
2019-20,483802,Little Rock,Sun Belt,2031,Little Rock Trojans,Little Rock,Trojans,LR,Ohio Valley Conference,20,exact
2019-20,483847,Long Beach St.,Big West,299,Long Beach State Beach,Long Beach State,Beach,LBSU,Big West Conference,9,exact
2019-20,484050,Longwood,Big South,2344,Longwood Lancers,Longwood,Lancers,LONG,Big South Conference,6,exact
2019-20,484314,Louisiana,Sun Belt,309,Louisiana Ragin' Cajuns,Louisiana,Ragin' Cajuns,UL,Sun Belt Conference,27,exact
2019-20,484054,Louisiana Tech,C-USA,2348,Louisiana Tech Bulldogs,Louisiana Tech,Bulldogs,LT,Conference USA,11,exact
2019-20,484056,Louisville,ACC,97,Louisville Cardinals,Louisville,Cardinals,LOU,Atlantic Coast Conference,2,exact
2019-20,484063,Loyola Chicago,MVC,2350,Loyola Chicago Ramblers,Loyola Chicago,Ramblers,LUC,Atlantic 10 Conference,3,exact
2019-20,484060,Loyola Maryland,Patriot,2352,Loyola Maryland Greyhounds,Loyola Maryland,Greyhounds,L-MD,Patriot League,22,exact
2019-20,484065,Maine,America East,311,Maine Black Bears,Maine,Black Bears,ME,America East Conference,1,exact
2019-20,484067,Manhattan,MAAC,2363,Manhattan Jaspers,Manhattan,Jaspers,MAN,Metro Conference,13,exact
2019-20,484069,Marist,MAAC,2368,Marist Red Foxes,Marist,Red Foxes,MRST,Metro Conference,13,exact
2019-20,484071,Marquette,Big East,269,Marquette Golden Eagles,Marquette,Golden Eagles,MARQ,Big East Conference,4,exact
2019-20,484073,Marshall,C-USA,276,Marshall Thundering Herd,Marshall,Thundering Herd,MRSH,Sun Belt Conference,27,exact
2019-20,484075,Maryland,Big Ten,120,Maryland Terrapins,Maryland,Terrapins,MD,Big Ten Conference,7,exact
2019-20,484077,Massachusetts,Atlantic 10,113,Massachusetts Minutemen,Massachusetts,Minutemen,MASS,Atlantic 10 Conference,3,exact
2019-20,484078,McNeese,Southland,2377,McNeese Cowboys,McNeese,Cowboys,MCN,Southland Conference,25,exact
2019-20,484079,Memphis,AAC,235,Memphis Tigers,Memphis,Tigers,MEM,American Conference,62,exact
2019-20,484080,Mercer,SoCon,2382,Mercer Bears,Mercer,Bears,MER,Southern Conference,24,exact
2019-20,484794,Merrimack,NEC,2771,Merrimack Warriors,Merrimack,Warriors,MRMK,Metro Conference,13,exact
2019-20,484082,Miami (FL),ACC,2390,Miami Hurricanes,Miami,Hurricanes,MIA,Atlantic Coast Conference,2,dict
2019-20,484081,Miami (OH),MAC,193,Miami (OH) RedHawks,Miami (OH),RedHawks,M-OH,Mid-American Conference,14,exact
2019-20,484084,Michigan,Big Ten,130,Michigan Wolverines,Michigan,Wolverines,MICH,Big Ten Conference,7,exact
2019-20,484083,Michigan St.,Big Ten,127,Michigan State Spartans,Michigan State,Spartans,MSU,Big Ten Conference,7,exact
2019-20,484086,Middle Tenn.,C-USA,2393,Middle Tennessee Blue Raiders,Middle Tennessee,Blue Raiders,MTSU,Conference USA,11,exact
2019-20,484412,Milwaukee,Horizon,270,Milwaukee Panthers,Milwaukee,Panthers,MILW,Horizon League,45,exact
2019-20,484088,Minnesota,Big Ten,135,Minnesota Golden Gophers,Minnesota,Golden Gophers,MINN,Big Ten Conference,7,exact
2019-20,484090,Mississippi St.,SEC,344,Mississippi State Bulldogs,Mississippi State,Bulldogs,MSST,Southeastern Conference,23,exact
2019-20,484091,Mississippi Val.,SWAC,2400,Mississippi Valley State Delta Devils,Mississippi Valley State,Delta Devils,MVSU,Southwestern Athletic Conference,26,dict
2019-20,484095,Missouri,SEC,142,Missouri Tigers,Missouri,Tigers,MIZ,Southeastern Conference,23,exact
2019-20,484310,Missouri St.,MVC,2623,Missouri State Bears,Missouri State,Bears,MOST,Missouri Valley Conference,18,exact
2019-20,484097,Monmouth,MAAC,2405,Monmouth Hawks,Monmouth,Hawks,MONM,Coastal Athletic Association,10,exact
2019-20,484101,Montana,Big Sky,149,Montana Grizzlies,Montana,Grizzlies,MONT,Big Sky Conference,5,exact
2019-20,484099,Montana St.,Big Sky,147,Montana State Bobcats,Montana State,Bobcats,MTST,Big Sky Conference,5,exact
2019-20,484103,Morehead St.,OVC,2413,Morehead State Eagles,Morehead State,Eagles,MORE,Ohio Valley Conference,20,exact
2019-20,484105,Morgan St.,MEAC,2415,Morgan State Bears,Morgan State,Bears,MORG,Mid-Eastern Athletic Conference,16,exact
2019-20,484107,Mount St. Mary's,NEC,116,Mount St. Mary's Mountaineers,Mount St. Mary's,Mountaineers,MSM,Metro Conference,13,exact
2019-20,484109,Murray St.,OVC,93,Murray State Racers,Murray State,Racers,MUR,Missouri Valley Conference,18,exact
2019-20,484145,N.C. A&T,MEAC,2448,North Carolina A&T Aggies,North Carolina A&T,Aggies,NCAT,Coastal Athletic Association,10,exact
2019-20,484148,N.C. Central,MEAC,2428,North Carolina Central Eagles,North Carolina Central,Eagles,NCCU,Mid-Eastern Athletic Conference,16,exact
2019-20,484150,NC State,ACC,152,NC State Wolfpack,NC State,Wolfpack,NCSU,Atlantic Coast Conference,2,exact
2019-20,484131,NJIT,ASUN,2885,NJIT Highlanders,NJIT,Highlanders,NJIT,America East Conference,1,exact
2019-20,484361,Navy,Patriot,2426,Navy Midshipmen,Navy,Midshipmen,NAVY,Patriot League,22,exact
2019-20,484121,Nebraska,Big Ten,158,Nebraska Cornhuskers,Nebraska,Cornhuskers,NEB,Big Ten Conference,7,exact
2019-20,484127,Nevada,Mountain West,2440,Nevada Wolf Pack,Nevada,Wolf Pack,NEV,Mountain West Conference,44,exact
2019-20,484129,New Hampshire,America East,160,New Hampshire Wildcats,New Hampshire,Wildcats,UNH,America East Conference,1,exact
2019-20,484135,New Mexico,Mountain West,167,New Mexico Lobos,New Mexico,Lobos,UNM,Mountain West Conference,44,exact
2019-20,484133,New Mexico St.,WAC,166,New Mexico State Aggies,New Mexico State,Aggies,NMSU,Conference USA,11,exact
2019-20,484136,New Orleans,Southland,2443,LSU New Orleans Privateers,LSU New Orleans,Privateers,NOLA,Southland Conference,25,exact
2019-20,484138,Niagara,MAAC,315,Niagara Purple Eagles,Niagara,Purple Eagles,NIA,Metro Conference,13,exact
2019-20,484141,Nicholls,Southland,2447,Nicholls Colonels,Nicholls,Colonels,NICH,Southland Conference,25,exact
2019-20,484144,Norfolk St.,MEAC,2450,Norfolk State Spartans,Norfolk State,Spartans,NORF,Mid-Eastern Athletic Conference,16,exact
2019-20,483772,North Ala.,ASUN,2453,North Alabama Lions,North Alabama,Lions,UNA,Atlantic Sun Conference,46,exact
2019-20,484113,North Carolina,ACC,153,North Carolina Tar Heels,North Carolina,Tar Heels,UNC,Atlantic Coast Conference,2,exact
2019-20,484154,North Dakota,Summit League,155,North Dakota Fighting Hawks,North Dakota,Fighting Hawks,UND,Summit League,47,exact
2019-20,484152,North Dakota St.,Summit League,2449,North Dakota State Bison,North Dakota State,Bison,NDSU,Summit League,47,exact
2019-20,484446,North Florida,ASUN,2454,North Florida Ospreys,North Florida,Ospreys,UNF,Atlantic Sun Conference,46,exact
2019-20,484156,North Texas,C-USA,249,North Texas Mean Green,North Texas,Mean Green,UNT,American Conference,62,exact
2019-20,484160,Northeastern,CAA,111,Northeastern Huskies,Northeastern,Huskies,NE,Coastal Athletic Association,10,exact
2019-20,484161,Northern Ariz.,Big Sky,2464,Northern Arizona Lumberjacks,Northern Arizona,Lumberjacks,NAU,Big Sky Conference,5,exact
2019-20,484163,Northern Colo.,Big Sky,2458,Northern Colorado Bears,Northern Colorado,Bears,UNCO,Big Sky Conference,5,exact
2019-20,484165,Northern Ill.,MAC,2459,Northern Illinois Huskies,Northern Illinois,Huskies,NIU,Mid-American Conference,14,exact
2019-20,484169,Northern Ky.,Horizon,94,Northern Kentucky Norse,Northern Kentucky,Norse,NKU,Horizon League,45,exact
2019-20,484173,Northwestern,Big Ten,77,Northwestern Wildcats,Northwestern,Wildcats,NU,Big Ten Conference,7,exact
2019-20,484171,Northwestern St.,Southland,2466,Northwestern State Demons,Northwestern State,Demons,NWST,Southland Conference,25,exact
2019-20,484175,Notre Dame,ACC,87,Notre Dame Fighting Irish,Notre Dame,Fighting Irish,ND,Atlantic Coast Conference,2,exact
2019-20,484177,Oakland,Horizon,2473,Oakland Golden Grizzlies,Oakland,Golden Grizzlies,OAK,Horizon League,45,exact
2019-20,484181,Ohio,MAC,195,Ohio Bobcats,Ohio,Bobcats,OHIO,Mid-American Conference,14,exact
2019-20,484179,Ohio St.,Big Ten,194,Ohio State Buckeyes,Ohio State,Buckeyes,OSU,Big Ten Conference,7,exact
2019-20,484185,Oklahoma,Big 12,201,Oklahoma Sooners,Oklahoma,Sooners,OU,Southeastern Conference,23,exact
2019-20,484183,Oklahoma St.,Big 12,197,Oklahoma State Cowboys,Oklahoma State,Cowboys,OKST,Big 12 Conference,8,exact
2019-20,484187,Old Dominion,C-USA,295,Old Dominion Monarchs,Old Dominion,Monarchs,ODU,Sun Belt Conference,27,exact
2019-20,484093,Ole Miss,SEC,145,Ole Miss Rebels,Ole Miss,Rebels,MISS,Southeastern Conference,23,exact
2019-20,484123,Omaha,Summit League,2437,Omaha Mavericks,Omaha,Mavericks,OMA,Summit League,47,exact
2019-20,484189,Oral Roberts,Summit League,198,Oral Roberts Golden Eagles,Oral Roberts,Golden Eagles,ORU,Summit League,47,exact
2019-20,484193,Oregon,Pac-12,2483,Oregon Ducks,Oregon,Ducks,ORE,Big Ten Conference,7,exact
2019-20,484191,Oregon St.,Pac-12,204,Oregon State Beavers,Oregon State,Beavers,ORST,West Coast Conference,29,exact
2019-20,484194,Pacific,WCC,279,Pacific Tigers,Pacific,Tigers,PAC,West Coast Conference,29,exact
2019-20,484200,Penn,Ivy League,219,Pennsylvania Quakers,Pennsylvania,Quakers,PENN,Ivy League,12,exact
2019-20,484198,Penn St.,Big Ten,213,Penn State Nittany Lions,Penn State,Nittany Lions,PSU,Big Ten Conference,7,exact
2019-20,484202,Pepperdine,WCC,2492,Pepperdine Waves,Pepperdine,Waves,PEPP,West Coast Conference,29,exact
2019-20,484204,Pittsburgh,ACC,221,Pittsburgh Panthers,Pittsburgh,Panthers,PITT,Atlantic Coast Conference,2,exact
2019-20,484208,Portland,WCC,2501,Portland Pilots,Portland,Pilots,PORT,West Coast Conference,29,exact
2019-20,484206,Portland St.,Big Sky,2502,Portland State Vikings,Portland State,Vikings,PRST,Big Sky Conference,5,exact
2019-20,484210,Prairie View,SWAC,2504,Prairie View A&M Panthers,Prairie View A&M,Panthers,PV,Southwestern Athletic Conference,26,exact
2019-20,484435,Presbyterian,Big South,2506,Presbyterian Blue Hose,Presbyterian,Blue Hose,PRES,Big South Conference,6,exact
2019-20,484211,Princeton,Ivy League,163,Princeton Tigers,Princeton,Tigers,PRIN,Ivy League,12,exact
2019-20,484213,Providence,Big East,2507,Providence Friars,Providence,Friars,PROV,Big East Conference,4,exact
2019-20,484215,Purdue,Big Ten,2509,Purdue Boilermakers,Purdue,Boilermakers,PUR,Big Ten Conference,7,exact
2019-20,484014,Purdue Fort Wayne,Summit League,2870,Purdue Fort Wayne Mastodons,Purdue Fort Wayne,Mastodons,PFW,Horizon League,45,exact
2019-20,484217,Quinnipiac,MAAC,2514,Quinnipiac Bobcats,Quinnipiac,Bobcats,QUIN,Metro Conference,13,exact
2019-20,484219,Radford,Big South,2515,Radford Highlanders,Radford,Highlanders,RAD,Big South Conference,6,exact
2019-20,484221,Rhode Island,Atlantic 10,227,Rhode Island Rams,Rhode Island,Rams,URI,Atlantic 10 Conference,3,exact
2019-20,484223,Rice,C-USA,242,Rice Owls,Rice,Owls,RICE,American Conference,62,exact
2019-20,484225,Richmond,Atlantic 10,257,Richmond Spiders,Richmond,Spiders,RICH,Atlantic 10 Conference,3,exact
2019-20,484227,Rider,MAAC,2520,Rider Broncs,Rider,Broncs,RID,Metro Conference,13,exact
2019-20,484238,Robert Morris,NEC,2523,Robert Morris Colonials,Robert Morris,Colonials,RMU,Horizon League,45,exact
2019-20,484240,Rutgers,Big Ten,164,Rutgers Scarlet Knights,Rutgers,Scarlet Knights,RUTG,Big Ten Conference,7,exact
2019-20,484318,SFA,Southland,2617,Stephen F. Austin Lumberjacks,Stephen F. Austin,Lumberjacks,SFA,Southland Conference,25,exact
2019-20,484299,SIUE,OVC,2565,SIU Edwardsville Cougars,SIU Edwardsville,Cougars,SIUE,Ohio Valley Conference,20,exact
2019-20,484302,SMU,AAC,2567,SMU Mustangs,SMU,Mustangs,SMU,Atlantic Coast Conference,2,exact
2019-20,483850,Sacramento St.,Big Sky,16,Sacramento State Hornets,Sacramento State,Hornets,SAC,Big Sky Conference,5,exact
2019-20,484242,Sacred Heart,NEC,2529,Sacred Heart Pioneers,Sacred Heart,Pioneers,SHU,Metro Conference,13,exact
2019-20,484248,Saint Francis (PA),NEC,2598,St. Francis (PA) Red Flash,St. Francis (PA),Red Flash,SFPA,Northeast Conference,19,exact
2019-20,484251,Saint Joseph's,Atlantic 10,2603,Saint Joseph's Hawks,Saint Joseph's,Hawks,JOES,Atlantic 10 Conference,3,exact
2019-20,484253,Saint Louis,Atlantic 10,139,Saint Louis Billikens,Saint Louis,Billikens,SLU,Atlantic 10 Conference,3,exact
2019-20,484255,Saint Mary's (CA),WCC,2608,Saint Mary's Gaels,Saint Mary's,Gaels,SMC,West Coast Conference,29,dict
2019-20,484257,Saint Peter's,MAAC,2612,Saint Peter's Peacocks,Saint Peter's,Peacocks,SPU,Metro Conference,13,exact
2019-20,484260,Sam Houston,Southland,2534,Sam Houston Bearkats,Sam Houston,Bearkats,SHSU,Conference USA,11,exact
2019-20,484262,Samford,SoCon,2535,Samford Bulldogs,Samford,Bulldogs,SAM,Southern Conference,24,exact
2019-20,484266,San Diego,WCC,301,San Diego Toreros,San Diego,Toreros,USD,West Coast Conference,29,exact
2019-20,484264,San Diego St.,Mountain West,21,San Diego State Aztecs,San Diego State,Aztecs,SDSU,Mountain West Conference,44,exact
2019-20,484268,San Francisco,WCC,2539,San Francisco Dons,San Francisco,Dons,SF,West Coast Conference,29,exact
2019-20,484270,San Jose St.,Mountain West,23,San José State Spartans,San José State,Spartans,SJSU,Mountain West Conference,44,dict
2019-20,484272,Santa Clara,WCC,2541,Santa Clara Broncos,Santa Clara,Broncos,SCU,West Coast Conference,29,exact
2019-20,484438,Seattle U,WAC,2547,Seattle U Redhawks,Seattle U,Redhawks,SEA,United Athletic Conference,30,exact
2019-20,484276,Seton Hall,Big East,2550,Seton Hall Pirates,Seton Hall,Pirates,HALL,Big East Conference,4,exact
2019-20,484278,Siena,MAAC,2561,Siena Saints,Siena,Saints,SIE,Metro Conference,13,exact
2019-20,484280,South Alabama,Sun Belt,6,South Alabama Jaguars,South Alabama,Jaguars,USA,Sun Belt Conference,27,exact
2019-20,484284,South Carolina,SEC,2579,South Carolina Gamecocks,South Carolina,Gamecocks,SC,Southeastern Conference,23,exact
2019-20,484282,South Carolina St.,MEAC,2569,South Carolina State Bulldogs,South Carolina State,Bulldogs,SCST,Mid-Eastern Athletic Conference,16,exact
2019-20,484288,South Dakota,Summit League,233,South Dakota Coyotes,South Dakota,Coyotes,SDAK,Summit League,47,exact
2019-20,484286,South Dakota St.,Summit League,2571,South Dakota State Jackrabbits,South Dakota State,Jackrabbits,SDST,Summit League,47,exact
2019-20,484290,South Fla.,AAC,58,South Florida Bulls,South Florida,Bulls,USF,American Conference,62,exact
2019-20,484292,Southeast Mo. St.,OVC,2546,Southeast Missouri State Redhawks,Southeast Missouri State,Redhawks,SEMO,Ohio Valley Conference,20,exact
2019-20,484294,Southeastern La.,Southland,2545,SE Louisiana Lions,SE Louisiana,Lions,SELA,Southland Conference,25,dict
2019-20,484296,Southern California,Pac-12,30,USC Trojans,USC,Trojans,USC,Big Ten Conference,7,dict
2019-20,484298,Southern Ill.,MVC,79,Southern Illinois Salukis,Southern Illinois,Salukis,SIU,Missouri Valley Conference,18,exact
2019-20,484304,Southern Miss.,C-USA,2572,Southern Miss Golden Eagles,Southern Miss,Golden Eagles,USM,Sun Belt Conference,27,dict
2019-20,484306,Southern U.,SWAC,2582,Southern Jaguars,Southern,Jaguars,SOU,Southwestern Athletic Conference,26,dict
2019-20,484307,Southern Utah,Big Sky,253,Southern Utah Thunderbirds,Southern Utah,Thunderbirds,SUU,United Athletic Conference,30,exact
2019-20,484244,St. Bonaventure,Atlantic 10,179,St. Bonaventure Bonnies,St. Bonaventure,Bonnies,SBU,Atlantic 10 Conference,3,exact
2019-20,484246,St. Francis Brooklyn,NEC,2597,St. Francis Brooklyn Terriers,St. Francis Brooklyn,Terriers,SFNY,,,exact
2019-20,484250,St. John's (NY),Big East,2599,St. John's Red Storm,St. John's,Red Storm,SJU,Big East Conference,4,dict
2019-20,484316,Stanford,Pac-12,24,Stanford Cardinal,Stanford,Cardinal,STAN,Atlantic Coast Conference,2,exact
2019-20,484320,Stetson,ASUN,56,Stetson Hatters,Stetson,Hatters,STET,Atlantic Sun Conference,46,exact
2019-20,484322,Stony Brook,America East,2619,Stony Brook Seawolves,Stony Brook,Seawolves,STBK,Coastal Athletic Association,10,exact
2019-20,484325,Syracuse,ACC,183,Syracuse Orange,Syracuse,Orange,SYR,Atlantic Coast Conference,2,exact
2019-20,484341,TCU,Big 12,2628,TCU Horned Frogs,TCU,Horned Frogs,TCU,Big 12 Conference,8,exact
2019-20,484327,Temple,AAC,218,Temple Owls,Temple,Owls,TEM,American Conference,62,exact
2019-20,484335,Tennessee,SEC,2633,Tennessee Volunteers,Tennessee,Volunteers,TENN,Southeastern Conference,23,exact
2019-20,484329,Tennessee St.,OVC,2634,Tennessee State Tigers,Tennessee State,Tigers,TNST,Ohio Valley Conference,20,exact
2019-20,484331,Tennessee Tech,OVC,2635,Tennessee Tech Golden Eagles,Tennessee Tech,Golden Eagles,TNTC,Ohio Valley Conference,20,exact
2019-20,484350,Texas,Big 12,251,Texas Longhorns,Texas,Longhorns,TEX,Southeastern Conference,23,exact
2019-20,484339,Texas A&M,SEC,245,Texas A&M Aggies,Texas A&M,Aggies,TA&M,Southeastern Conference,23,exact
2019-20,484343,Texas Southern,SWAC,2640,Texas Southern Tigers,Texas Southern,Tigers,TXSO,Southwestern Athletic Conference,26,exact
2019-20,484312,Texas St.,Sun Belt,326,Texas State Bobcats,Texas State,Bobcats,TXST,Sun Belt Conference,27,exact
2019-20,484345,Texas Tech,Big 12,2641,Texas Tech Red Raiders,Texas Tech,Red Raiders,TTU,Big 12 Conference,8,exact
2019-20,484354,Toledo,MAC,2649,Toledo Rockets,Toledo,Rockets,TOL,Mid-American Conference,14,exact
2019-20,484355,Towson,CAA,119,Towson Tigers,Towson,Tigers,TOW,Coastal Athletic Association,10,exact
2019-20,484356,Troy,Sun Belt,2653,Troy Trojans,Troy,Trojans,TROY,Sun Belt Conference,27,exact
2019-20,484357,Tulane,AAC,2655,Tulane Green Wave,Tulane,Green Wave,TULN,American Conference,62,exact
2019-20,484358,Tulsa,AAC,202,Tulsa Golden Hurricane,Tulsa,Golden Hurricane,TLSA,American Conference,62,exact
2019-20,483784,UAB,C-USA,5,UAB Blazers,UAB,Blazers,UAB,American Conference,62,exact
2019-20,483856,UC Davis,Big West,302,UC Davis Aggies,UC Davis,Aggies,UCD,Big West Conference,9,exact
2019-20,483858,UC Irvine,Big West,300,UC Irvine Anteaters,UC Irvine,Anteaters,UCI,Big West Conference,9,exact
2019-20,483862,UC Riverside,Big West,27,UC Riverside Highlanders,UC Riverside,Highlanders,UCR,Big West Conference,9,exact
2019-20,483852,UC Santa Barbara,Big West,2540,UC Santa Barbara Gauchos,UC Santa Barbara,Gauchos,UCSB,Big West Conference,9,exact
2019-20,483879,UCF,AAC,2116,UCF Knights,UCF,Knights,UCF,Big 12 Conference,8,exact
2019-20,483860,UCLA,Pac-12,26,UCLA Bruins,UCLA,Bruins,UCLA,Big Ten Conference,7,exact
2019-20,483901,UConn,AAC,41,UConn Huskies,UConn,Huskies,CONN,Big East Conference,4,exact
2019-20,484008,UIC,Horizon,82,UIC Flames,UIC,Flames,UIC,Missouri Valley Conference,18,exact
2019-20,484447,UIW,Southland,2916,Incarnate Word Cardinals,Incarnate Word,Cardinals,UIW,Southland Conference,25,exact
2019-20,484158,ULM,Sun Belt,2433,UL Monroe Warhawks,UL Monroe,Warhawks,ULM,Sun Belt Conference,27,exact
2019-20,484074,UMBC,America East,2378,UMBC Retrievers,UMBC,Retrievers,UMBC,America East Conference,1,exact
2019-20,484076,UMES,MEAC,2379,Maryland Eastern Shore Hawks,Maryland Eastern Shore,Hawks,UMES,Mid-Eastern Athletic Conference,16,exact
2019-20,484058,UMass Lowell,America East,2349,UMass Lowell River Hawks,UMass Lowell,River Hawks,UML,America East Conference,1,exact
2019-20,484111,UNC Asheville,Big South,2427,UNC Asheville Bulldogs,UNC Asheville,Bulldogs,UNCA,Big South Conference,6,exact
2019-20,484117,UNC Greensboro,SoCon,2430,UNC Greensboro Spartans,UNC Greensboro,Spartans,UNCG,Southern Conference,24,exact
2019-20,484119,UNCW,CAA,350,UNC Wilmington Seahawks,UNC Wilmington,Seahawks,UNCW,Coastal Athletic Association,10,exact
2019-20,484167,UNI,MVC,2460,Northern Iowa Panthers,Northern Iowa,Panthers,UNI,Missouri Valley Conference,18,exact
2019-20,484125,UNLV,Mountain West,2439,UNLV Rebels,UNLV,Rebels,UNLV,Mountain West Conference,44,exact
2019-20,484449,USC Upstate,Big South,2908,South Carolina Upstate Spartans,South Carolina Upstate,Spartans,UPST,Big South Conference,6,dict
2019-20,484347,UT Arlington,Sun Belt,250,UT Arlington Mavericks,UT Arlington,Mavericks,UTA,United Athletic Conference,30,exact
2019-20,484337,UT Martin,OVC,2630,UT Martin Skyhawks,UT Martin,Skyhawks,UTM,Ohio Valley Conference,20,exact
2019-20,484352,UTEP,C-USA,2638,UTEP Miners,UTEP,Miners,UTEP,Conference USA,11,exact
2019-20,484196,UTRGV,WAC,292,UT Rio Grande Valley Vaqueros,UT Rio Grande Valley,Vaqueros,RGV,Southland Conference,25,dict
2019-20,484353,UTSA,C-USA,2636,UTSA Roadrunners,UTSA,Roadrunners,UTSA,American Conference,62,exact
2019-20,484366,Utah,Pac-12,254,Utah Utes,Utah,Utes,UTAH,Big 12 Conference,8,exact
2019-20,484364,Utah St.,Mountain West,328,Utah State Aggies,Utah State,Aggies,USU,Mountain West Conference,44,exact
2019-20,484456,Utah Valley,WAC,3084,Utah Valley Wolverines,Utah Valley,Wolverines,UVU,United Athletic Conference,30,exact
2019-20,484376,VCU,Atlantic 10,2670,VCU Rams,VCU,Rams,VCU,Atlantic 10 Conference,3,exact
2019-20,484368,Valparaiso,MVC,2674,Valparaiso Beacons,Valparaiso,Beacons,VAL,Missouri Valley Conference,18,exact
2019-20,484370,Vanderbilt,SEC,238,Vanderbilt Commodores,Vanderbilt,Commodores,VAN,Southeastern Conference,23,exact
2019-20,484372,Vermont,America East,261,Vermont Catamounts,Vermont,Catamounts,UVM,America East Conference,1,exact
2019-20,484374,Villanova,Big East,222,Villanova Wildcats,Villanova,Wildcats,VILL,Big East Conference,4,exact
2019-20,484380,Virginia,ACC,258,Virginia Cavaliers,Virginia,Cavaliers,UVA,Atlantic Coast Conference,2,exact
2019-20,484378,Virginia Tech,ACC,259,Virginia Tech Hokies,Virginia Tech,Hokies,VT,Atlantic Coast Conference,2,exact
2019-20,484382,Wagner,NEC,2681,Wagner Seahawks,Wagner,Seahawks,WAG,Northeast Conference,19,exact
2019-20,484384,Wake Forest,ACC,154,Wake Forest Demon Deacons,Wake Forest,Demon Deacons,WAKE,Atlantic Coast Conference,2,exact
2019-20,484388,Washington,Pac-12,264,Washington Huskies,Washington,Huskies,WASH,Big Ten Conference,7,exact
2019-20,484386,Washington St.,Pac-12,265,Washington State Cougars,Washington State,Cougars,WSU,West Coast Conference,29,exact
2019-20,484390,Weber St.,Big Sky,2692,Weber State Wildcats,Weber State,Wildcats,WEB,Big Sky Conference,5,exact
2019-20,484392,West Virginia,Big 12,277,West Virginia Mountaineers,West Virginia,Mountaineers,WVU,Big 12 Conference,8,exact
2019-20,484394,Western Caro.,SoCon,2717,Western Carolina Catamounts,Western Carolina,Catamounts,WCU,Southern Conference,24,exact
2019-20,484395,Western Ill.,Summit League,2710,Western Illinois Leathernecks,Western Illinois,Leathernecks,WIU,Ohio Valley Conference,20,exact
2019-20,484397,Western Ky.,C-USA,98,Western Kentucky Hilltoppers,Western Kentucky,Hilltoppers,WKU,Conference USA,11,exact
2019-20,484399,Western Mich.,MAC,2711,Western Michigan Broncos,Western Michigan,Broncos,WMU,Mid-American Conference,14,exact
2019-20,484400,Wichita St.,AAC,2724,Wichita State Shockers,Wichita State,Shockers,WICH,American Conference,62,exact
2019-20,484401,William & Mary,CAA,2729,William & Mary Tribe,William & Mary,Tribe,W&M,Coastal Athletic Association,10,exact
2019-20,484405,Winthrop,Big South,2737,Winthrop Eagles,Winthrop,Eagles,WIN,Big South Conference,6,exact
2019-20,484409,Wisconsin,Big Ten,275,Wisconsin Badgers,Wisconsin,Badgers,WIS,Big Ten Conference,7,exact
2019-20,484448,Wofford,SoCon,2747,Wofford Terriers,Wofford,Terriers,WOF,Southern Conference,24,exact
2019-20,484414,Wright St.,Horizon,2750,Wright State Raiders,Wright State,Raiders,WRST,Horizon League,45,exact
2019-20,484416,Wyoming,Mountain West,2751,Wyoming Cowboys,Wyoming,Cowboys,WYO,Mountain West Conference,44,exact
2019-20,484418,Xavier,Big East,2752,Xavier Musketeers,Xavier,Musketeers,XAV,Big East Conference,4,exact
2019-20,484420,Yale,Ivy League,43,Yale Bulldogs,Yale,Bulldogs,YALE,Ivy League,12,exact
2019-20,484422,Youngstown St.,Horizon,2754,Youngstown State Penguins,Youngstown State,Penguins,YSU,Horizon League,45,exact
2020-21,506396,A&M-Corpus Christi,Southland,357,Texas A&M-Corpus Christi Islanders,Texas A&M-Corpus Christi,Islanders,AMCC,Southland Conference,25,dict
2020-21,505812,Abilene Christian,Southland,2000,Abilene Christian Wildcats,Abilene Christian,Wildcats,ACU,United Athletic Conference,30,exact
2020-21,506306,Air Force,Mountain West,2005,Air Force Falcons,Air Force,Falcons,AF,Mountain West Conference,44,exact
2020-21,505813,Akron,MAC,2006,Akron Zips,Akron,Zips,AKR,Mid-American Conference,14,exact
2020-21,505816,Alabama,SEC,333,Alabama Crimson Tide,Alabama,Crimson Tide,ALA,Southeastern Conference,23,exact
2020-21,505814,Alabama A&M,SWAC,2010,Alabama A&M Bulldogs,Alabama A&M,Bulldogs,AAMU,Southwestern Athletic Conference,26,exact
2020-21,505815,Alabama St.,SWAC,2011,Alabama State Hornets,Alabama State,Hornets,ALST,Southwestern Athletic Conference,26,exact
2020-21,505818,Albany (NY),America East,399,UAlbany Great Danes,UAlbany,Great Danes,UALB,America East Conference,1,alias
2020-21,505819,Alcorn,SWAC,2016,Alcorn State Braves,Alcorn State,Braves,ALCN,Southwestern Athletic Conference,26,dict
2020-21,505820,American,Patriot,44,American University Eagles,American University,Eagles,AMER,Patriot League,22,exact
2020-21,505821,App State,Sun Belt,2026,App State Mountaineers,App State,Mountaineers,APP,Sun Belt Conference,27,exact
2020-21,505823,Arizona,Pac-12,12,Arizona Wildcats,Arizona,Wildcats,ARIZ,Big 12 Conference,8,exact
2020-21,505822,Arizona St.,Pac-12,9,Arizona State Sun Devils,Arizona State,Sun Devils,ASU,Big 12 Conference,8,exact
2020-21,506367,Ark.-Pine Bluff,SWAC,2029,Arkansas-Pine Bluff Golden Lions,Arkansas-Pine Bluff,Golden Lions,UAPB,Southwestern Athletic Conference,26,dict
2020-21,505825,Arkansas,SEC,8,Arkansas Razorbacks,Arkansas,Razorbacks,ARK,Southeastern Conference,23,exact
2020-21,505824,Arkansas St.,Sun Belt,2032,Arkansas State Red Wolves,Arkansas State,Red Wolves,ARST,Sun Belt Conference,27,exact
2020-21,506307,Army West Point,Patriot,349,Army Black Knights,Army,Black Knights,ARMY,Patriot League,22,dict
2020-21,505827,Auburn,SEC,2,Auburn Tigers,Auburn,Tigers,AUB,Southeastern Conference,23,exact
2020-21,505828,Austin Peay,OVC,2046,Austin Peay Governors,Austin Peay,Governors,APSU,Atlantic Sun Conference,46,exact
2020-21,505859,BYU,WCC,252,BYU Cougars,BYU,Cougars,BYU,Big 12 Conference,8,exact
2020-21,505829,Ball St.,MAC,2050,Ball State Cardinals,Ball State,Cardinals,BALL,Mid-American Conference,14,exact
2020-21,505851,Baylor,Big 12,239,Baylor Bears,Baylor,Bears,BAY,Big 12 Conference,8,exact
2020-21,506807,Bellarmine,ASUN,91,Bellarmine Knights,Bellarmine,Knights,BELL,Atlantic Sun Conference,46,exact
2020-21,506394,Belmont,OVC,2057,Belmont Bruins,Belmont,Bruins,BEL,Missouri Valley Conference,18,exact
2020-21,505852,Bethune-Cookman,MEAC,2065,Bethune-Cookman Wildcats,Bethune-Cookman,Wildcats,BCU,Southwestern Athletic Conference,26,exact
2020-21,505853,Binghamton,America East,2066,Binghamton Bearcats,Binghamton,Bearcats,BING,America East Conference,1,exact
2020-21,505854,Boise St.,Mountain West,68,Boise State Broncos,Boise State,Broncos,BOIS,Mountain West Conference,44,exact
2020-21,505855,Boston College,ACC,103,Boston College Eagles,Boston College,Eagles,BC,Atlantic Coast Conference,2,exact
2020-21,505856,Boston U.,Patriot,104,Boston University Terriers,Boston University,Terriers,BU,Patriot League,22,exact
2020-21,505857,Bowling Green,MAC,189,Bowling Green Falcons,Bowling Green,Falcons,BGSU,Mid-American Conference,14,exact
2020-21,505858,Bradley,MVC,71,Bradley Braves,Bradley,Braves,BRAD,Missouri Valley Conference,18,exact
2020-21,505860,Brown,Ivy League,225,Brown Bears,Brown,Bears,BRWN,Ivy League,12,exact
2020-21,505861,Bryant,NEC,2803,Bryant Bulldogs,Bryant,Bulldogs,BRY,America East Conference,1,exact
2020-21,505862,Bucknell,Patriot,2083,Bucknell Bison,Bucknell,Bison,BUCK,Patriot League,22,exact
2020-21,505863,Buffalo,MAC,2084,Buffalo Bulls,Buffalo,Bulls,BUF,Mid-American Conference,14,exact
2020-21,505864,Butler,Big East,2086,Butler Bulldogs,Butler,Bulldogs,BTLR,Big East Conference,4,exact
2020-21,505866,CSU Bakersfield,Big West,2934,Cal State Bakersfield Roadrunners,Cal State Bakersfield,Roadrunners,CSUB,Big West Conference,9,alias
2020-21,505890,CSUN,Big West,2463,Cal State Northridge Matadors,Cal State Northridge,Matadors,CSUN,Big West Conference,9,exact
2020-21,505865,Cal Poly,Big West,13,Cal Poly Mustangs,Cal Poly,Mustangs,CP,Big West Conference,9,exact
2020-21,505868,Cal St. Fullerton,Big West,2239,Cal State Fullerton Titans,Cal State Fullerton,Titans,CSUF,Big West Conference,9,exact
2020-21,505893,California,Pac-12,25,California Golden Bears,California,Golden Bears,CAL,Atlantic Coast Conference,2,exact
2020-21,505810,California Baptist,WAC,2856,California Baptist Lancers,California Baptist,Lancers,CBU,United Athletic Conference,30,exact
2020-21,505898,Campbell,Big South,2097,Campbell Fighting Camels,Campbell,Fighting Camels,CAM,Coastal Athletic Association,10,exact
2020-21,505899,Canisius,MAAC,2099,Canisius Golden Griffins,Canisius,Golden Griffins,CAN,Metro Conference,13,exact
2020-21,506359,Central Ark.,Southland,2110,Central Arkansas Bears,Central Arkansas,Bears,CARK,Atlantic Sun Conference,46,exact
2020-21,505900,Central Conn. St.,NEC,2115,Central Connecticut Blue Devils,Central Connecticut,Blue Devils,CCSU,Northeast Conference,19,dict
2020-21,505902,Central Mich.,MAC,2117,Central Michigan Chippewas,Central Michigan,Chippewas,CMU,Mid-American Conference,14,exact
2020-21,505850,Charleston So.,Big South,2127,Charleston Southern Buccaneers,Charleston Southern,Buccaneers,CHSO,Big South Conference,6,exact
2020-21,506106,Charlotte,C-USA,2429,Charlotte 49ers,Charlotte,49ers,CLT,American Conference,62,exact
2020-21,506290,Chattanooga,SoCon,236,Chattanooga Mocs,Chattanooga,Mocs,UTC,Southern Conference,24,exact
2020-21,505903,Chicago St.,WAC,2130,Chicago State Cougars,Chicago State,Cougars,CHST,Northeast Conference,19,exact
2020-21,505904,Cincinnati,AAC,2132,Cincinnati Bearcats,Cincinnati,Bearcats,CIN,Big 12 Conference,8,exact
2020-21,505905,Clemson,ACC,228,Clemson Tigers,Clemson,Tigers,CLEM,Atlantic Coast Conference,2,exact
2020-21,505906,Cleveland St.,Horizon,325,Cleveland State Vikings,Cleveland State,Vikings,CLE,Horizon League,45,exact
2020-21,505907,Coastal Carolina,Sun Belt,324,Coastal Carolina Chanticleers,Coastal Carolina,Chanticleers,CCU,Sun Belt Conference,27,exact
2020-21,506360,Col. of Charleston,CAA,232,Charleston Cougars,Charleston,Cougars,COFC,Coastal Athletic Association,10,dict
2020-21,505908,Colgate,Patriot,2142,Colgate Raiders,Colgate,Raiders,COLG,Patriot League,22,exact
2020-21,505910,Colorado,Pac-12,38,Colorado Buffaloes,Colorado,Buffaloes,COLO,Big 12 Conference,8,exact
2020-21,505909,Colorado St.,Mountain West,36,Colorado State Rams,Colorado State,Rams,CSU,Mountain West Conference,44,exact
2020-21,505911,Columbia,Ivy League,171,Columbia Lions,Columbia,Lions,COLU,Ivy League,12,exact
2020-21,505913,Coppin St.,MEAC,2154,Coppin State Eagles,Coppin State,Eagles,COPP,Mid-Eastern Athletic Conference,16,exact
2020-21,505914,Cornell,Ivy League,172,Cornell Big Red,Cornell,Big Red,COR,Ivy League,12,exact
2020-21,505915,Creighton,Big East,156,Creighton Bluejays,Creighton,Bluejays,CREI,Big East Conference,4,exact
2020-21,505916,Dartmouth,Ivy League,159,Dartmouth Big Green,Dartmouth,Big Green,DART,Ivy League,12,exact
2020-21,505917,Davidson,Atlantic 10,2166,Davidson Wildcats,Davidson,Wildcats,DAV,Atlantic 10 Conference,3,exact
2020-21,505918,Dayton,Atlantic 10,2168,Dayton Flyers,Dayton,Flyers,DAY,Atlantic 10 Conference,3,exact
2020-21,505919,DePaul,Big East,305,DePaul Blue Demons,DePaul,Blue Demons,DEP,Big East Conference,4,exact
2020-21,505921,Delaware,CAA,48,Delaware Blue Hens,Delaware,Blue Hens,DEL,Coastal Athletic Association,10,exact
2020-21,505920,Delaware St.,MEAC,2169,Delaware State Hornets,Delaware State,Hornets,DSU,Mid-Eastern Athletic Conference,16,exact
2020-21,505922,Denver,Summit League,2172,Denver Pioneers,Denver,Pioneers,DEN,Summit League,47,exact
2020-21,505923,Detroit Mercy,Horizon,2174,Detroit Mercy Titans,Detroit Mercy,Titans,DETM,Horizon League,45,exact
2020-21,506731,Dixie St.,WAC,3101,Utah Tech Trailblazers,Utah Tech,Trailblazers,UTU,United Athletic Conference,30,alias
2020-21,505924,Drake,MVC,2181,Drake Bulldogs,Drake,Bulldogs,DRKE,Missouri Valley Conference,18,exact
2020-21,505925,Drexel,CAA,2182,Drexel Dragons,Drexel,Dragons,DREX,Coastal Athletic Association,10,exact
2020-21,505926,Duke,ACC,150,Duke Blue Devils,Duke,Blue Devils,DUKE,Atlantic Coast Conference,2,exact
2020-21,505927,Duquesne,Atlantic 10,2184,Duquesne Dukes,Duquesne,Dukes,DUQ,Atlantic 10 Conference,3,exact
2020-21,505929,ETSU,SoCon,2193,East Tennessee State Buccaneers,East Tennessee State,Buccaneers,ETSU,Southern Conference,24,exact
2020-21,505928,East Carolina,AAC,151,East Carolina Pirates,East Carolina,Pirates,ECU,American Conference,62,exact
2020-21,505950,Eastern Ill.,OVC,2197,Eastern Illinois Panthers,Eastern Illinois,Panthers,EIU,Ohio Valley Conference,20,exact
2020-21,505951,Eastern Ky.,OVC,2198,Eastern Kentucky Colonels,Eastern Kentucky,Colonels,EKU,Atlantic Sun Conference,46,exact
2020-21,505952,Eastern Mich.,MAC,2199,Eastern Michigan Eagles,Eastern Michigan,Eagles,EMU,Mid-American Conference,14,exact
2020-21,505953,Eastern Wash.,Big Sky,331,Eastern Washington Eagles,Eastern Washington,Eagles,EWU,Big Sky Conference,5,exact
2020-21,506361,Elon,CAA,2210,Elon Phoenix,Elon,Phoenix,ELON,Coastal Athletic Association,10,exact
2020-21,505954,Evansville,MVC,339,Evansville Purple Aces,Evansville,Purple Aces,EVAN,Missouri Valley Conference,18,exact
2020-21,506398,FGCU,ASUN,526,Florida Gulf Coast Eagles,Florida Gulf Coast,Eagles,FGCU,Atlantic Sun Conference,46,exact
2020-21,505959,FIU,C-USA,2229,Florida International Panthers,Florida International,Panthers,FIU,Conference USA,11,exact
2020-21,505955,Fairfield,MAAC,2217,Fairfield Stags,Fairfield,Stags,FAIR,Metro Conference,13,exact
2020-21,505956,Fairleigh Dickinson,NEC,161,Fairleigh Dickinson Knights,Fairleigh Dickinson,Knights,FDU,Northeast Conference,19,exact
2020-21,505958,Fla. Atlantic,C-USA,2226,Florida Atlantic Owls,Florida Atlantic,Owls,FAU,American Conference,62,exact
2020-21,505961,Florida,SEC,57,Florida Gators,Florida,Gators,FLA,Southeastern Conference,23,exact
2020-21,505957,Florida A&M,MEAC,50,Florida A&M Rattlers,Florida A&M,Rattlers,FAMU,Southwestern Athletic Conference,26,exact
2020-21,505960,Florida St.,ACC,52,Florida State Seminoles,Florida State,Seminoles,FSU,Atlantic Coast Conference,2,exact
2020-21,505962,Fordham,Atlantic 10,2230,Fordham Rams,Fordham,Rams,FOR,Atlantic 10 Conference,3,exact
2020-21,505867,Fresno St.,Mountain West,278,Fresno State Bulldogs,Fresno State,Bulldogs,FRES,Mountain West Conference,44,exact
2020-21,505963,Furman,SoCon,231,Furman Paladins,Furman,Paladins,FUR,Southern Conference,24,exact
2020-21,505967,Ga. Southern,Sun Belt,290,Georgia Southern Eagles,Georgia Southern,Eagles,GASO,Sun Belt Conference,27,exact
2020-21,506362,Gardner-Webb,Big South,2241,Gardner-Webb Runnin' Bulldogs,Gardner-Webb,Runnin' Bulldogs,GWEB,Big South Conference,6,exact
2020-21,505964,George Mason,Atlantic 10,2244,George Mason Patriots,George Mason,Patriots,GMU,Atlantic 10 Conference,3,exact
2020-21,505965,George Washington,Atlantic 10,45,George Washington Revolutionaries,George Washington,Revolutionaries,GW,Atlantic 10 Conference,3,exact
2020-21,505966,Georgetown,Big East,46,Georgetown Hoyas,Georgetown,Hoyas,GTWN,Big East Conference,4,exact
2020-21,505990,Georgia,SEC,61,Georgia Bulldogs,Georgia,Bulldogs,UGA,Southeastern Conference,23,exact
2020-21,505968,Georgia St.,Sun Belt,2247,Georgia State Panthers,Georgia State,Panthers,GAST,Sun Belt Conference,27,exact
2020-21,505969,Georgia Tech,ACC,59,Georgia Tech Yellow Jackets,Georgia Tech,Yellow Jackets,GT,Atlantic Coast Conference,2,exact
2020-21,505991,Gonzaga,WCC,2250,Gonzaga Bulldogs,Gonzaga,Bulldogs,GONZ,West Coast Conference,29,exact
2020-21,505992,Grambling,SWAC,2755,Grambling Tigers,Grambling,Tigers,GRAM,Southwestern Athletic Conference,26,exact
2020-21,506363,Grand Canyon,WAC,2253,Grand Canyon Lopes,Grand Canyon,Lopes,GCU,United Athletic Conference,30,exact
2020-21,506351,Green Bay,Horizon,2739,Green Bay Phoenix,Green Bay,Phoenix,GB,Horizon League,45,exact
2020-21,505993,Hampton,Big South,2261,Hampton Pirates,Hampton,Pirates,HAMP,Coastal Athletic Association,10,exact
2020-21,505994,Hartford,America East,42,Hartford Hawks,Hartford,Hawks,HART,,,exact
2020-21,505995,Harvard,Ivy League,108,Harvard Crimson,Harvard,Crimson,HARV,Ivy League,12,exact
2020-21,505996,Hawaii,Big West,62,Hawai'i Rainbow Warriors,Hawai'i,Rainbow Warriors,HAW,Big West Conference,9,dict
2020-21,506395,High Point,Big South,2272,High Point Panthers,High Point,Panthers,HPU,Big South Conference,6,exact
2020-21,505997,Hofstra,CAA,2275,Hofstra Pride,Hofstra,Pride,HOF,Coastal Athletic Association,10,exact
2020-21,505998,Holy Cross,Patriot,107,Holy Cross Crusaders,Holy Cross,Crusaders,HC,Patriot League,22,exact
2020-21,506000,Houston,AAC,248,Houston Cougars,Houston,Cougars,HOU,Big 12 Conference,8,exact
2020-21,505999,Houston Baptist,Southland,2277,Houston Christian Huskies,Houston Christian,Huskies,HCU,Southland Conference,25,alias
2020-21,506001,Howard,MEAC,47,Howard Bison,Howard,Bison,HOW,Mid-Eastern Athletic Conference,16,exact
2020-21,506368,IUPUI,Horizon,85,IU Indianapolis Jaguars,IU Indianapolis,Jaguars,IUIN,Horizon League,45,alias
2020-21,506003,Idaho,Big Sky,70,Idaho Vandals,Idaho,Vandals,IDHO,Big Sky Conference,5,exact
2020-21,506002,Idaho St.,Big Sky,304,Idaho State Bengals,Idaho State,Bengals,IDST,Big Sky Conference,5,exact
2020-21,506005,Illinois,Big Ten,356,Illinois Fighting Illini,Illinois,Fighting Illini,ILL,Big Ten Conference,7,exact
2020-21,506004,Illinois St.,MVC,2287,Illinois State Redbirds,Illinois State,Redbirds,ILST,Missouri Valley Conference,18,exact
2020-21,506008,Indiana,Big Ten,84,Indiana Hoosiers,Indiana,Hoosiers,IU,Big Ten Conference,7,exact
2020-21,506007,Indiana St.,MVC,282,Indiana State Sycamores,Indiana State,Sycamores,INST,Missouri Valley Conference,18,exact
2020-21,506010,Iona,MAAC,314,Iona Gaels,Iona,Gaels,IONA,Metro Conference,13,exact
2020-21,506012,Iowa,Big Ten,2294,Iowa Hawkeyes,Iowa,Hawkeyes,IOWA,Big Ten Conference,7,exact
2020-21,506011,Iowa St.,Big 12,66,Iowa State Cyclones,Iowa State,Cyclones,ISU,Big 12 Conference,8,exact
2020-21,506013,Jackson St.,SWAC,2296,Jackson State Tigers,Jackson State,Tigers,JKST,Southwestern Athletic Conference,26,exact
2020-21,506015,Jacksonville,ASUN,294,Jacksonville Dolphins,Jacksonville,Dolphins,JAX,Atlantic Sun Conference,46,exact
2020-21,506014,Jacksonville St.,OVC,55,Jacksonville State Gamecocks,Jacksonville State,Gamecocks,JXST,Conference USA,11,exact
2020-21,506016,James Madison,CAA,256,James Madison Dukes,James Madison,Dukes,JMU,Sun Belt Conference,27,exact
2020-21,506018,Kansas,Big 12,2305,Kansas Jayhawks,Kansas,Jayhawks,KU,Big 12 Conference,8,exact
2020-21,506369,Kansas City,Summit League,140,Kansas City Roos,Kansas City,Roos,KC,Summit League,47,exact
2020-21,506017,Kansas St.,Big 12,2306,Kansas State Wildcats,Kansas State,Wildcats,KSU,Big 12 Conference,8,exact
2020-21,506364,Kennesaw St.,ASUN,338,Kennesaw State Owls,Kennesaw State,Owls,KENN,Conference USA,11,exact
2020-21,506019,Kent St.,MAC,2309,Kent State Golden Flashes,Kent State,Golden Flashes,KENT,Mid-American Conference,14,exact
2020-21,506020,Kentucky,SEC,96,Kentucky Wildcats,Kentucky,Wildcats,UK,Southeastern Conference,23,exact
2020-21,506026,LIU,NEC,112358,Long Island University Sharks,Long Island University,Sharks,LIU,Northeast Conference,19,exact
2020-21,506053,LMU (CA),WCC,2351,Loyola Marymount Lions,Loyola Marymount,Lions,LMU,West Coast Conference,29,dict
2020-21,506028,LSU,SEC,99,LSU Tigers,LSU,Tigers,LSU,Southeastern Conference,23,exact
2020-21,506021,La Salle,Atlantic 10,2325,La Salle Explorers,La Salle,Explorers,LAS,Atlantic 10 Conference,3,exact
2020-21,506022,Lafayette,Patriot,322,Lafayette Leopards,Lafayette,Leopards,LAF,Patriot League,22,exact
2020-21,506023,Lamar University,Southland,2320,Lamar Cardinals,Lamar,Cardinals,LAM,Southland Conference,25,dict
2020-21,506024,Lehigh,Patriot,2329,Lehigh Mountain Hawks,Lehigh,Mountain Hawks,LEH,Patriot League,22,exact
2020-21,506025,Liberty,ASUN,2335,Liberty Flames,Liberty,Flames,LIB,Conference USA,11,exact
2020-21,506397,Lipscomb,ASUN,288,Lipscomb Bisons,Lipscomb,Bisons,LIP,Atlantic Sun Conference,46,exact
2020-21,505826,Little Rock,Sun Belt,2031,Little Rock Trojans,Little Rock,Trojans,LR,Ohio Valley Conference,20,exact
2020-21,505869,Long Beach St.,Big West,299,Long Beach State Beach,Long Beach State,Beach,LBSU,Big West Conference,9,exact
2020-21,506027,Longwood,Big South,2344,Longwood Lancers,Longwood,Lancers,LONG,Big South Conference,6,exact
2020-21,506261,Louisiana,Sun Belt,309,Louisiana Ragin' Cajuns,Louisiana,Ragin' Cajuns,UL,Sun Belt Conference,27,exact
2020-21,506029,Louisiana Tech,C-USA,2348,Louisiana Tech Bulldogs,Louisiana Tech,Bulldogs,LT,Conference USA,11,exact
2020-21,506050,Louisville,ACC,97,Louisville Cardinals,Louisville,Cardinals,LOU,Atlantic Coast Conference,2,exact
2020-21,506054,Loyola Chicago,MVC,2350,Loyola Chicago Ramblers,Loyola Chicago,Ramblers,LUC,Atlantic 10 Conference,3,exact
2020-21,506052,Loyola Maryland,Patriot,2352,Loyola Maryland Greyhounds,Loyola Maryland,Greyhounds,L-MD,Patriot League,22,exact
2020-21,506055,Maine,America East,311,Maine Black Bears,Maine,Black Bears,ME,America East Conference,1,exact
2020-21,506056,Manhattan,MAAC,2363,Manhattan Jaspers,Manhattan,Jaspers,MAN,Metro Conference,13,exact
2020-21,506057,Marist,MAAC,2368,Marist Red Foxes,Marist,Red Foxes,MRST,Metro Conference,13,exact
2020-21,506058,Marquette,Big East,269,Marquette Golden Eagles,Marquette,Golden Eagles,MARQ,Big East Conference,4,exact
2020-21,506059,Marshall,C-USA,276,Marshall Thundering Herd,Marshall,Thundering Herd,MRSH,Sun Belt Conference,27,exact
2020-21,506061,Maryland,Big Ten,120,Maryland Terrapins,Maryland,Terrapins,MD,Big Ten Conference,7,exact
2020-21,506063,Massachusetts,Atlantic 10,113,Massachusetts Minutemen,Massachusetts,Minutemen,MASS,Atlantic 10 Conference,3,exact
2020-21,506064,McNeese,Southland,2377,McNeese Cowboys,McNeese,Cowboys,MCN,Southland Conference,25,exact
2020-21,506065,Memphis,AAC,235,Memphis Tigers,Memphis,Tigers,MEM,American Conference,62,exact
2020-21,506066,Mercer,SoCon,2382,Mercer Bears,Mercer,Bears,MER,Southern Conference,24,exact
2020-21,506400,Merrimack,NEC,2771,Merrimack Warriors,Merrimack,Warriors,MRMK,Metro Conference,13,exact
2020-21,506068,Miami (FL),ACC,2390,Miami Hurricanes,Miami,Hurricanes,MIA,Atlantic Coast Conference,2,dict
2020-21,506067,Miami (OH),MAC,193,Miami (OH) RedHawks,Miami (OH),RedHawks,M-OH,Mid-American Conference,14,exact
2020-21,506090,Michigan,Big Ten,130,Michigan Wolverines,Michigan,Wolverines,MICH,Big Ten Conference,7,exact
2020-21,506069,Michigan St.,Big Ten,127,Michigan State Spartans,Michigan State,Spartans,MSU,Big Ten Conference,7,exact
2020-21,506091,Middle Tenn.,C-USA,2393,Middle Tennessee Blue Raiders,Middle Tennessee,Blue Raiders,MTSU,Conference USA,11,exact
2020-21,506353,Milwaukee,Horizon,270,Milwaukee Panthers,Milwaukee,Panthers,MILW,Horizon League,45,exact
2020-21,506092,Minnesota,Big Ten,135,Minnesota Golden Gophers,Minnesota,Golden Gophers,MINN,Big Ten Conference,7,exact
2020-21,506093,Mississippi St.,SEC,344,Mississippi State Bulldogs,Mississippi State,Bulldogs,MSST,Southeastern Conference,23,exact
2020-21,506094,Mississippi Val.,SWAC,2400,Mississippi Valley State Delta Devils,Mississippi Valley State,Delta Devils,MVSU,Southwestern Athletic Conference,26,dict
2020-21,506096,Missouri,SEC,142,Missouri Tigers,Missouri,Tigers,MIZ,Southeastern Conference,23,exact
2020-21,506259,Missouri St.,MVC,2623,Missouri State Bears,Missouri State,Bears,MOST,Missouri Valley Conference,18,exact
2020-21,506097,Monmouth,MAAC,2405,Monmouth Hawks,Monmouth,Hawks,MONM,Coastal Athletic Association,10,exact
2020-21,506099,Montana,Big Sky,149,Montana Grizzlies,Montana,Grizzlies,MONT,Big Sky Conference,5,exact
2020-21,506098,Montana St.,Big Sky,147,Montana State Bobcats,Montana State,Bobcats,MTST,Big Sky Conference,5,exact
2020-21,506100,Morehead St.,OVC,2413,Morehead State Eagles,Morehead State,Eagles,MORE,Ohio Valley Conference,20,exact
2020-21,506101,Morgan St.,MEAC,2415,Morgan State Bears,Morgan State,Bears,MORG,Mid-Eastern Athletic Conference,16,exact
2020-21,506102,Mount St. Mary's,NEC,116,Mount St. Mary's Mountaineers,Mount St. Mary's,Mountaineers,MSM,Metro Conference,13,exact
2020-21,506103,Murray St.,OVC,93,Murray State Racers,Murray State,Racers,MUR,Missouri Valley Conference,18,exact
2020-21,506141,N.C. A&T,MEAC,2448,North Carolina A&T Aggies,North Carolina A&T,Aggies,NCAT,Coastal Athletic Association,10,exact
2020-21,506142,N.C. Central,MEAC,2428,North Carolina Central Eagles,North Carolina Central,Eagles,NCCU,Mid-Eastern Athletic Conference,16,exact
2020-21,506143,NC State,ACC,152,NC State Wolfpack,NC State,Wolfpack,NCSU,Atlantic Coast Conference,2,exact
2020-21,506134,NJIT,America East,2885,NJIT Highlanders,NJIT,Highlanders,NJIT,America East Conference,1,exact
2020-21,506308,Navy,Patriot,2426,Navy Midshipmen,Navy,Midshipmen,NAVY,Patriot League,22,exact
2020-21,506109,Nebraska,Big Ten,158,Nebraska Cornhuskers,Nebraska,Cornhuskers,NEB,Big Ten Conference,7,exact
2020-21,506132,Nevada,Mountain West,2440,Nevada Wolf Pack,Nevada,Wolf Pack,NEV,Mountain West Conference,44,exact
2020-21,506133,New Hampshire,America East,160,New Hampshire Wildcats,New Hampshire,Wildcats,UNH,America East Conference,1,exact
2020-21,506136,New Mexico,Mountain West,167,New Mexico Lobos,New Mexico,Lobos,UNM,Mountain West Conference,44,exact
2020-21,506135,New Mexico St.,WAC,166,New Mexico State Aggies,New Mexico State,Aggies,NMSU,Conference USA,11,exact
2020-21,506137,New Orleans,Southland,2443,LSU New Orleans Privateers,LSU New Orleans,Privateers,NOLA,Southland Conference,25,exact
2020-21,506138,Niagara,MAAC,315,Niagara Purple Eagles,Niagara,Purple Eagles,NIA,Metro Conference,13,exact
2020-21,506139,Nicholls,Southland,2447,Nicholls Colonels,Nicholls,Colonels,NICH,Southland Conference,25,exact
2020-21,506140,Norfolk St.,MEAC,2450,Norfolk State Spartans,Norfolk State,Spartans,NORF,Mid-Eastern Athletic Conference,16,exact
2020-21,505811,North Ala.,ASUN,2453,North Alabama Lions,North Alabama,Lions,UNA,Atlantic Sun Conference,46,exact
2020-21,506105,North Carolina,ACC,153,North Carolina Tar Heels,North Carolina,Tar Heels,UNC,Atlantic Coast Conference,2,exact
2020-21,506145,North Dakota,Summit League,155,North Dakota Fighting Hawks,North Dakota,Fighting Hawks,UND,Summit League,47,exact
2020-21,506144,North Dakota St.,Summit League,2449,North Dakota State Bison,North Dakota State,Bison,NDSU,Summit League,47,exact
2020-21,506390,North Florida,ASUN,2454,North Florida Ospreys,North Florida,Ospreys,UNF,Atlantic Sun Conference,46,exact
2020-21,506146,North Texas,C-USA,249,North Texas Mean Green,North Texas,Mean Green,UNT,American Conference,62,exact
2020-21,506148,Northeastern,CAA,111,Northeastern Huskies,Northeastern,Huskies,NE,Coastal Athletic Association,10,exact
2020-21,506149,Northern Ariz.,Big Sky,2464,Northern Arizona Lumberjacks,Northern Arizona,Lumberjacks,NAU,Big Sky Conference,5,exact
2020-21,506150,Northern Colo.,Big Sky,2458,Northern Colorado Bears,Northern Colorado,Bears,UNCO,Big Sky Conference,5,exact
2020-21,506151,Northern Ill.,MAC,2459,Northern Illinois Huskies,Northern Illinois,Huskies,NIU,Mid-American Conference,14,exact
2020-21,506153,Northern Ky.,Horizon,94,Northern Kentucky Norse,Northern Kentucky,Norse,NKU,Horizon League,45,exact
2020-21,506155,Northwestern,Big Ten,77,Northwestern Wildcats,Northwestern,Wildcats,NU,Big Ten Conference,7,exact
2020-21,506154,Northwestern St.,Southland,2466,Northwestern State Demons,Northwestern State,Demons,NWST,Southland Conference,25,exact
2020-21,506156,Notre Dame,ACC,87,Notre Dame Fighting Irish,Notre Dame,Fighting Irish,ND,Atlantic Coast Conference,2,exact
2020-21,506157,Oakland,Horizon,2473,Oakland Golden Grizzlies,Oakland,Golden Grizzlies,OAK,Horizon League,45,exact
2020-21,506159,Ohio,MAC,195,Ohio Bobcats,Ohio,Bobcats,OHIO,Mid-American Conference,14,exact
2020-21,506158,Ohio St.,Big Ten,194,Ohio State Buckeyes,Ohio State,Buckeyes,OSU,Big Ten Conference,7,exact
2020-21,506161,Oklahoma,Big 12,201,Oklahoma Sooners,Oklahoma,Sooners,OU,Southeastern Conference,23,exact
2020-21,506160,Oklahoma St.,Big 12,197,Oklahoma State Cowboys,Oklahoma State,Cowboys,OKST,Big 12 Conference,8,exact
2020-21,506162,Old Dominion,C-USA,295,Old Dominion Monarchs,Old Dominion,Monarchs,ODU,Sun Belt Conference,27,exact
2020-21,506095,Ole Miss,SEC,145,Ole Miss Rebels,Ole Miss,Rebels,MISS,Southeastern Conference,23,exact
2020-21,506130,Omaha,Summit League,2437,Omaha Mavericks,Omaha,Mavericks,OMA,Summit League,47,exact
2020-21,506163,Oral Roberts,Summit League,198,Oral Roberts Golden Eagles,Oral Roberts,Golden Eagles,ORU,Summit League,47,exact
2020-21,506165,Oregon,Pac-12,2483,Oregon Ducks,Oregon,Ducks,ORE,Big Ten Conference,7,exact
2020-21,506164,Oregon St.,Pac-12,204,Oregon State Beavers,Oregon State,Beavers,ORST,West Coast Conference,29,exact
2020-21,506166,Pacific,WCC,279,Pacific Tigers,Pacific,Tigers,PAC,West Coast Conference,29,exact
2020-21,506169,Penn,Ivy League,219,Pennsylvania Quakers,Pennsylvania,Quakers,PENN,Ivy League,12,exact
2020-21,506168,Penn St.,Big Ten,213,Penn State Nittany Lions,Penn State,Nittany Lions,PSU,Big Ten Conference,7,exact
2020-21,506190,Pepperdine,WCC,2492,Pepperdine Waves,Pepperdine,Waves,PEPP,West Coast Conference,29,exact
2020-21,506191,Pittsburgh,ACC,221,Pittsburgh Panthers,Pittsburgh,Panthers,PITT,Atlantic Coast Conference,2,exact
2020-21,506193,Portland,WCC,2501,Portland Pilots,Portland,Pilots,PORT,West Coast Conference,29,exact
2020-21,506192,Portland St.,Big Sky,2502,Portland State Vikings,Portland State,Vikings,PRST,Big Sky Conference,5,exact
2020-21,506194,Prairie View,SWAC,2504,Prairie View A&M Panthers,Prairie View A&M,Panthers,PV,Southwestern Athletic Conference,26,exact
2020-21,506365,Presbyterian,Big South,2506,Presbyterian Blue Hose,Presbyterian,Blue Hose,PRES,Big South Conference,6,exact
2020-21,506195,Princeton,Ivy League,163,Princeton Tigers,Princeton,Tigers,PRIN,Ivy League,12,exact
2020-21,506196,Providence,Big East,2507,Providence Friars,Providence,Friars,PROV,Big East Conference,4,exact
2020-21,506197,Purdue,Big Ten,2509,Purdue Boilermakers,Purdue,Boilermakers,PUR,Big Ten Conference,7,exact
2020-21,506009,Purdue Fort Wayne,Horizon,2870,Purdue Fort Wayne Mastodons,Purdue Fort Wayne,Mastodons,PFW,Horizon League,45,exact
2020-21,506198,Quinnipiac,MAAC,2514,Quinnipiac Bobcats,Quinnipiac,Bobcats,QUIN,Metro Conference,13,exact
2020-21,506199,Radford,Big South,2515,Radford Highlanders,Radford,Highlanders,RAD,Big South Conference,6,exact
2020-21,506200,Rhode Island,Atlantic 10,227,Rhode Island Rams,Rhode Island,Rams,URI,Atlantic 10 Conference,3,exact
2020-21,506201,Rice,C-USA,242,Rice Owls,Rice,Owls,RICE,American Conference,62,exact
2020-21,506202,Richmond,Atlantic 10,257,Richmond Spiders,Richmond,Spiders,RICH,Atlantic 10 Conference,3,exact
2020-21,506203,Rider,MAAC,2520,Rider Broncs,Rider,Broncs,RID,Metro Conference,13,exact
2020-21,506204,Robert Morris,Horizon,2523,Robert Morris Colonials,Robert Morris,Colonials,RMU,Horizon League,45,exact
2020-21,506205,Rutgers,Big Ten,164,Rutgers Scarlet Knights,Rutgers,Scarlet Knights,RUTG,Big Ten Conference,7,exact
2020-21,506263,SFA,Southland,2617,Stephen F. Austin Lumberjacks,Stephen F. Austin,Lumberjacks,SFA,Southland Conference,25,exact
2020-21,506254,SIUE,OVC,2565,SIU Edwardsville Cougars,SIU Edwardsville,Cougars,SIUE,Ohio Valley Conference,20,exact
2020-21,506255,SMU,AAC,2567,SMU Mustangs,SMU,Mustangs,SMU,Atlantic Coast Conference,2,exact
2020-21,505891,Sacramento St.,Big Sky,16,Sacramento State Hornets,Sacramento State,Hornets,SAC,Big Sky Conference,5,exact
2020-21,506206,Sacred Heart,NEC,2529,Sacred Heart Pioneers,Sacred Heart,Pioneers,SHU,Metro Conference,13,exact
2020-21,506209,Saint Francis (PA),NEC,2598,St. Francis (PA) Red Flash,St. Francis (PA),Red Flash,SFPA,Northeast Conference,19,exact
2020-21,506231,Saint Joseph's,Atlantic 10,2603,Saint Joseph's Hawks,Saint Joseph's,Hawks,JOES,Atlantic 10 Conference,3,exact
2020-21,506232,Saint Louis,Atlantic 10,139,Saint Louis Billikens,Saint Louis,Billikens,SLU,Atlantic 10 Conference,3,exact
2020-21,506233,Saint Mary's (CA),WCC,2608,Saint Mary's Gaels,Saint Mary's,Gaels,SMC,West Coast Conference,29,dict
2020-21,506234,Saint Peter's,MAAC,2612,Saint Peter's Peacocks,Saint Peter's,Peacocks,SPU,Metro Conference,13,exact
2020-21,506235,Sam Houston,Southland,2534,Sam Houston Bearkats,Sam Houston,Bearkats,SHSU,Conference USA,11,exact
2020-21,506236,Samford,SoCon,2535,Samford Bulldogs,Samford,Bulldogs,SAM,Southern Conference,24,exact
2020-21,506238,San Diego,WCC,301,San Diego Toreros,San Diego,Toreros,USD,West Coast Conference,29,exact
2020-21,506237,San Diego St.,Mountain West,21,San Diego State Aztecs,San Diego State,Aztecs,SDSU,Mountain West Conference,44,exact
2020-21,506239,San Francisco,WCC,2539,San Francisco Dons,San Francisco,Dons,SF,West Coast Conference,29,exact
2020-21,506240,San Jose St.,Mountain West,23,San José State Spartans,San José State,Spartans,SJSU,Mountain West Conference,44,dict
2020-21,506241,Santa Clara,WCC,2541,Santa Clara Broncos,Santa Clara,Broncos,SCU,West Coast Conference,29,exact
2020-21,506366,Seattle U,WAC,2547,Seattle U Redhawks,Seattle U,Redhawks,SEA,United Athletic Conference,30,exact
2020-21,506242,Seton Hall,Big East,2550,Seton Hall Pirates,Seton Hall,Pirates,HALL,Big East Conference,4,exact
2020-21,506243,Siena,MAAC,2561,Siena Saints,Siena,Saints,SIE,Metro Conference,13,exact
2020-21,506244,South Alabama,Sun Belt,6,South Alabama Jaguars,South Alabama,Jaguars,USA,Sun Belt Conference,27,exact
2020-21,506246,South Carolina,SEC,2579,South Carolina Gamecocks,South Carolina,Gamecocks,SC,Southeastern Conference,23,exact
2020-21,506245,South Carolina St.,MEAC,2569,South Carolina State Bulldogs,South Carolina State,Bulldogs,SCST,Mid-Eastern Athletic Conference,16,exact
2020-21,506248,South Dakota,Summit League,233,South Dakota Coyotes,South Dakota,Coyotes,SDAK,Summit League,47,exact
2020-21,506247,South Dakota St.,Summit League,2571,South Dakota State Jackrabbits,South Dakota State,Jackrabbits,SDST,Summit League,47,exact
2020-21,506249,South Fla.,AAC,58,South Florida Bulls,South Florida,Bulls,USF,American Conference,62,exact
2020-21,506250,Southeast Mo. St.,OVC,2546,Southeast Missouri State Redhawks,Southeast Missouri State,Redhawks,SEMO,Ohio Valley Conference,20,exact
2020-21,506251,Southeastern La.,Southland,2545,SE Louisiana Lions,SE Louisiana,Lions,SELA,Southland Conference,25,dict
2020-21,506252,Southern California,Pac-12,30,USC Trojans,USC,Trojans,USC,Big Ten Conference,7,dict
2020-21,506253,Southern Ill.,MVC,79,Southern Illinois Salukis,Southern Illinois,Salukis,SIU,Missouri Valley Conference,18,exact
2020-21,506256,Southern Miss.,C-USA,2572,Southern Miss Golden Eagles,Southern Miss,Golden Eagles,USM,Sun Belt Conference,27,dict
2020-21,506257,Southern U.,SWAC,2582,Southern Jaguars,Southern,Jaguars,SOU,Southwestern Athletic Conference,26,dict
2020-21,506258,Southern Utah,Big Sky,253,Southern Utah Thunderbirds,Southern Utah,Thunderbirds,SUU,United Athletic Conference,30,exact
2020-21,506207,St. Bonaventure,Atlantic 10,179,St. Bonaventure Bonnies,St. Bonaventure,Bonnies,SBU,Atlantic 10 Conference,3,exact
2020-21,506208,St. Francis Brooklyn,NEC,2597,St. Francis Brooklyn Terriers,St. Francis Brooklyn,Terriers,SFNY,,,exact
2020-21,506230,St. John's (NY),Big East,2599,St. John's Red Storm,St. John's,Red Storm,SJU,Big East Conference,4,dict
2020-21,506262,Stanford,Pac-12,24,Stanford Cardinal,Stanford,Cardinal,STAN,Atlantic Coast Conference,2,exact
2020-21,506264,Stetson,ASUN,56,Stetson Hatters,Stetson,Hatters,STET,Atlantic Sun Conference,46,exact
2020-21,506265,Stony Brook,America East,2619,Stony Brook Seawolves,Stony Brook,Seawolves,STBK,Coastal Athletic Association,10,exact
2020-21,506266,Syracuse,ACC,183,Syracuse Orange,Syracuse,Orange,SYR,Atlantic Coast Conference,2,exact
2020-21,506294,TCU,Big 12,2628,TCU Horned Frogs,TCU,Horned Frogs,TCU,Big 12 Conference,8,exact
2020-21,506573,Tarleton St.,WAC,2627,Tarleton State Texans,Tarleton State,Texans,TAR,United Athletic Conference,30,exact
2020-21,506267,Temple,AAC,218,Temple Owls,Temple,Owls,TEM,American Conference,62,exact
2020-21,506291,Tennessee,SEC,2633,Tennessee Volunteers,Tennessee,Volunteers,TENN,Southeastern Conference,23,exact
2020-21,506268,Tennessee St.,OVC,2634,Tennessee State Tigers,Tennessee State,Tigers,TNST,Ohio Valley Conference,20,exact
2020-21,506269,Tennessee Tech,OVC,2635,Tennessee Tech Golden Eagles,Tennessee Tech,Golden Eagles,TNTC,Ohio Valley Conference,20,exact
2020-21,506298,Texas,Big 12,251,Texas Longhorns,Texas,Longhorns,TEX,Southeastern Conference,23,exact
2020-21,506293,Texas A&M,SEC,245,Texas A&M Aggies,Texas A&M,Aggies,TA&M,Southeastern Conference,23,exact
2020-21,506295,Texas Southern,SWAC,2640,Texas Southern Tigers,Texas Southern,Tigers,TXSO,Southwestern Athletic Conference,26,exact
2020-21,506260,Texas St.,Sun Belt,326,Texas State Bobcats,Texas State,Bobcats,TXST,Sun Belt Conference,27,exact
2020-21,506296,Texas Tech,Big 12,2641,Texas Tech Red Raiders,Texas Tech,Red Raiders,TTU,Big 12 Conference,8,exact
2020-21,506301,Toledo,MAC,2649,Toledo Rockets,Toledo,Rockets,TOL,Mid-American Conference,14,exact
2020-21,506302,Towson,CAA,119,Towson Tigers,Towson,Tigers,TOW,Coastal Athletic Association,10,exact
2020-21,506303,Troy,Sun Belt,2653,Troy Trojans,Troy,Trojans,TROY,Sun Belt Conference,27,exact
2020-21,506304,Tulane,AAC,2655,Tulane Green Wave,Tulane,Green Wave,TULN,American Conference,62,exact
2020-21,506305,Tulsa,AAC,202,Tulsa Golden Hurricane,Tulsa,Golden Hurricane,TLSA,American Conference,62,exact
2020-21,505817,UAB,C-USA,5,UAB Blazers,UAB,Blazers,UAB,American Conference,62,exact
2020-21,505894,UC Davis,Big West,302,UC Davis Aggies,UC Davis,Aggies,UCD,Big West Conference,9,exact
2020-21,505895,UC Irvine,Big West,300,UC Irvine Anteaters,UC Irvine,Anteaters,UCI,Big West Conference,9,exact
2020-21,505897,UC Riverside,Big West,27,UC Riverside Highlanders,UC Riverside,Highlanders,UCR,Big West Conference,9,exact
2020-21,506842,UC San Diego,Big West,28,UC San Diego Tritons,UC San Diego,Tritons,UCSD,Big West Conference,9,exact
2020-21,505892,UC Santa Barbara,Big West,2540,UC Santa Barbara Gauchos,UC Santa Barbara,Gauchos,UCSB,Big West Conference,9,exact
2020-21,505901,UCF,AAC,2116,UCF Knights,UCF,Knights,UCF,Big 12 Conference,8,exact
2020-21,505896,UCLA,Pac-12,26,UCLA Bruins,UCLA,Bruins,UCLA,Big Ten Conference,7,exact
2020-21,505912,UConn,Big East,41,UConn Huskies,UConn,Huskies,CONN,Big East Conference,4,exact
2020-21,506006,UIC,Horizon,82,UIC Flames,UIC,Flames,UIC,Missouri Valley Conference,18,exact
2020-21,506391,UIW,Southland,2916,Incarnate Word Cardinals,Incarnate Word,Cardinals,UIW,Southland Conference,25,exact
2020-21,506147,ULM,Sun Belt,2433,UL Monroe Warhawks,UL Monroe,Warhawks,ULM,Sun Belt Conference,27,exact
2020-21,506060,UMBC,America East,2378,UMBC Retrievers,UMBC,Retrievers,UMBC,America East Conference,1,exact
2020-21,506062,UMES,MEAC,2379,Maryland Eastern Shore Hawks,Maryland Eastern Shore,Hawks,UMES,Mid-Eastern Athletic Conference,16,exact
2020-21,506051,UMass Lowell,America East,2349,UMass Lowell River Hawks,UMass Lowell,River Hawks,UML,America East Conference,1,exact
2020-21,506104,UNC Asheville,Big South,2427,UNC Asheville Bulldogs,UNC Asheville,Bulldogs,UNCA,Big South Conference,6,exact
2020-21,506107,UNC Greensboro,SoCon,2430,UNC Greensboro Spartans,UNC Greensboro,Spartans,UNCG,Southern Conference,24,exact
2020-21,506108,UNCW,CAA,350,UNC Wilmington Seahawks,UNC Wilmington,Seahawks,UNCW,Coastal Athletic Association,10,exact
2020-21,506152,UNI,MVC,2460,Northern Iowa Panthers,Northern Iowa,Panthers,UNI,Missouri Valley Conference,18,exact
2020-21,506131,UNLV,Mountain West,2439,UNLV Rebels,UNLV,Rebels,UNLV,Mountain West Conference,44,exact
2020-21,506393,USC Upstate,Big South,2908,South Carolina Upstate Spartans,South Carolina Upstate,Spartans,UPST,Big South Conference,6,dict
2020-21,506297,UT Arlington,Sun Belt,250,UT Arlington Mavericks,UT Arlington,Mavericks,UTA,United Athletic Conference,30,exact
2020-21,506292,UT Martin,OVC,2630,UT Martin Skyhawks,UT Martin,Skyhawks,UTM,Ohio Valley Conference,20,exact
2020-21,506299,UTEP,C-USA,2638,UTEP Miners,UTEP,Miners,UTEP,Conference USA,11,exact
2020-21,506167,UTRGV,WAC,292,UT Rio Grande Valley Vaqueros,UT Rio Grande Valley,Vaqueros,RGV,Southland Conference,25,dict
2020-21,506300,UTSA,C-USA,2636,UTSA Roadrunners,UTSA,Roadrunners,UTSA,American Conference,62,exact
2020-21,506330,Utah,Pac-12,254,Utah Utes,Utah,Utes,UTAH,Big 12 Conference,8,exact
2020-21,506309,Utah St.,Mountain West,328,Utah State Aggies,Utah State,Aggies,USU,Mountain West Conference,44,exact
2020-21,506399,Utah Valley,WAC,3084,Utah Valley Wolverines,Utah Valley,Wolverines,UVU,United Athletic Conference,30,exact
2020-21,506335,VCU,Atlantic 10,2670,VCU Rams,VCU,Rams,VCU,Atlantic 10 Conference,3,exact
2020-21,506331,Valparaiso,MVC,2674,Valparaiso Beacons,Valparaiso,Beacons,VAL,Missouri Valley Conference,18,exact
2020-21,506332,Vanderbilt,SEC,238,Vanderbilt Commodores,Vanderbilt,Commodores,VAN,Southeastern Conference,23,exact
2020-21,506333,Vermont,America East,261,Vermont Catamounts,Vermont,Catamounts,UVM,America East Conference,1,exact
2020-21,506334,Villanova,Big East,222,Villanova Wildcats,Villanova,Wildcats,VILL,Big East Conference,4,exact
2020-21,506337,Virginia,ACC,258,Virginia Cavaliers,Virginia,Cavaliers,UVA,Atlantic Coast Conference,2,exact
2020-21,506336,Virginia Tech,ACC,259,Virginia Tech Hokies,Virginia Tech,Hokies,VT,Atlantic Coast Conference,2,exact
2020-21,506338,Wagner,NEC,2681,Wagner Seahawks,Wagner,Seahawks,WAG,Northeast Conference,19,exact
2020-21,506339,Wake Forest,ACC,154,Wake Forest Demon Deacons,Wake Forest,Demon Deacons,WAKE,Atlantic Coast Conference,2,exact
2020-21,506341,Washington,Pac-12,264,Washington Huskies,Washington,Huskies,WASH,Big Ten Conference,7,exact
2020-21,506340,Washington St.,Pac-12,265,Washington State Cougars,Washington State,Cougars,WSU,West Coast Conference,29,exact
2020-21,506342,Weber St.,Big Sky,2692,Weber State Wildcats,Weber State,Wildcats,WEB,Big Sky Conference,5,exact
2020-21,506343,West Virginia,Big 12,277,West Virginia Mountaineers,West Virginia,Mountaineers,WVU,Big 12 Conference,8,exact
2020-21,506344,Western Caro.,SoCon,2717,Western Carolina Catamounts,Western Carolina,Catamounts,WCU,Southern Conference,24,exact
2020-21,506345,Western Ill.,Summit League,2710,Western Illinois Leathernecks,Western Illinois,Leathernecks,WIU,Ohio Valley Conference,20,exact
2020-21,506346,Western Ky.,C-USA,98,Western Kentucky Hilltoppers,Western Kentucky,Hilltoppers,WKU,Conference USA,11,exact
2020-21,506347,Western Mich.,MAC,2711,Western Michigan Broncos,Western Michigan,Broncos,WMU,Mid-American Conference,14,exact
2020-21,506348,Wichita St.,AAC,2724,Wichita State Shockers,Wichita State,Shockers,WICH,American Conference,62,exact
2020-21,506349,William & Mary,CAA,2729,William & Mary Tribe,William & Mary,Tribe,W&M,Coastal Athletic Association,10,exact
2020-21,506350,Winthrop,Big South,2737,Winthrop Eagles,Winthrop,Eagles,WIN,Big South Conference,6,exact
2020-21,506352,Wisconsin,Big Ten,275,Wisconsin Badgers,Wisconsin,Badgers,WIS,Big Ten Conference,7,exact
2020-21,506392,Wofford,SoCon,2747,Wofford Terriers,Wofford,Terriers,WOF,Southern Conference,24,exact
2020-21,506354,Wright St.,Horizon,2750,Wright State Raiders,Wright State,Raiders,WRST,Horizon League,45,exact
2020-21,506355,Wyoming,Mountain West,2751,Wyoming Cowboys,Wyoming,Cowboys,WYO,Mountain West Conference,44,exact
2020-21,506356,Xavier,Big East,2752,Xavier Musketeers,Xavier,Musketeers,XAV,Big East Conference,4,exact
2020-21,506357,Yale,Ivy League,43,Yale Bulldogs,Yale,Bulldogs,YALE,Ivy League,12,exact
2020-21,506358,Youngstown St.,Horizon,2754,Youngstown State Penguins,Youngstown State,Penguins,YSU,Horizon League,45,exact
2021-22,528811,A&M-Corpus Christi,Southland,357,Texas A&M-Corpus Christi Islanders,Texas A&M-Corpus Christi,Islanders,AMCC,Southland Conference,25,dict
2021-22,527225,Abilene Christian,WAC,2000,Abilene Christian Wildcats,Abilene Christian,Wildcats,ACU,United Athletic Conference,30,exact
2021-22,528761,Air Force,Mountain West,2005,Air Force Falcons,Air Force,Falcons,AF,Mountain West Conference,44,exact
2021-22,527226,Akron,MAC,2006,Akron Zips,Akron,Zips,AKR,Mid-American Conference,14,exact
2021-22,527229,Alabama,SEC,333,Alabama Crimson Tide,Alabama,Crimson Tide,ALA,Southeastern Conference,23,exact
2021-22,527227,Alabama A&M,SWAC,2010,Alabama A&M Bulldogs,Alabama A&M,Bulldogs,AAMU,Southwestern Athletic Conference,26,exact
2021-22,527228,Alabama St.,SWAC,2011,Alabama State Hornets,Alabama State,Hornets,ALST,Southwestern Athletic Conference,26,exact
2021-22,527231,Albany (NY),America East,399,UAlbany Great Danes,UAlbany,Great Danes,UALB,America East Conference,1,alias
2021-22,527232,Alcorn,SWAC,2016,Alcorn State Braves,Alcorn State,Braves,ALCN,Southwestern Athletic Conference,26,dict
2021-22,527233,American,Patriot,44,American University Eagles,American University,Eagles,AMER,Patriot League,22,exact
2021-22,528474,App State,Sun Belt,2026,App State Mountaineers,App State,Mountaineers,APP,Sun Belt Conference,27,exact
2021-22,528476,Arizona,Pac-12,12,Arizona Wildcats,Arizona,Wildcats,ARIZ,Big 12 Conference,8,exact
2021-22,528475,Arizona St.,Pac-12,9,Arizona State Sun Devils,Arizona State,Sun Devils,ASU,Big 12 Conference,8,exact
2021-22,528802,Ark.-Pine Bluff,SWAC,2029,Arkansas-Pine Bluff Golden Lions,Arkansas-Pine Bluff,Golden Lions,UAPB,Southwestern Athletic Conference,26,dict
2021-22,528478,Arkansas,SEC,8,Arkansas Razorbacks,Arkansas,Razorbacks,ARK,Southeastern Conference,23,exact
2021-22,528477,Arkansas St.,Sun Belt,2032,Arkansas State Red Wolves,Arkansas State,Red Wolves,ARST,Sun Belt Conference,27,exact
2021-22,528762,Army West Point,Patriot,349,Army Black Knights,Army,Black Knights,ARMY,Patriot League,22,dict
2021-22,528480,Auburn,SEC,2,Auburn Tigers,Auburn,Tigers,AUB,Southeastern Conference,23,exact
2021-22,528481,Austin Peay,OVC,2046,Austin Peay Governors,Austin Peay,Governors,APSU,Atlantic Sun Conference,46,exact
2021-22,528492,BYU,WCC,252,BYU Cougars,BYU,Cougars,BYU,Big 12 Conference,8,exact
2021-22,528482,Ball St.,MAC,2050,Ball State Cardinals,Ball State,Cardinals,BALL,Mid-American Conference,14,exact
2021-22,528484,Baylor,Big 12,239,Baylor Bears,Baylor,Bears,BAY,Big 12 Conference,8,exact
2021-22,528759,Bellarmine,ASUN,91,Bellarmine Knights,Bellarmine,Knights,BELL,Atlantic Sun Conference,46,exact
2021-22,528809,Belmont,OVC,2057,Belmont Bruins,Belmont,Bruins,BEL,Missouri Valley Conference,18,exact
2021-22,528485,Bethune-Cookman,SWAC,2065,Bethune-Cookman Wildcats,Bethune-Cookman,Wildcats,BCU,Southwestern Athletic Conference,26,exact
2021-22,528486,Binghamton,America East,2066,Binghamton Bearcats,Binghamton,Bearcats,BING,America East Conference,1,exact
2021-22,528487,Boise St.,Mountain West,68,Boise State Broncos,Boise State,Broncos,BOIS,Mountain West Conference,44,exact
2021-22,528488,Boston College,ACC,103,Boston College Eagles,Boston College,Eagles,BC,Atlantic Coast Conference,2,exact
2021-22,528489,Boston U.,Patriot,104,Boston University Terriers,Boston University,Terriers,BU,Patriot League,22,exact
2021-22,528490,Bowling Green,MAC,189,Bowling Green Falcons,Bowling Green,Falcons,BGSU,Mid-American Conference,14,exact
2021-22,528491,Bradley,MVC,71,Bradley Braves,Bradley,Braves,BRAD,Missouri Valley Conference,18,exact
2021-22,528493,Brown,Ivy League,225,Brown Bears,Brown,Bears,BRWN,Ivy League,12,exact
2021-22,528494,Bryant,NEC,2803,Bryant Bulldogs,Bryant,Bulldogs,BRY,America East Conference,1,exact
2021-22,528495,Bucknell,Patriot,2083,Bucknell Bison,Bucknell,Bison,BUCK,Patriot League,22,exact
2021-22,528496,Buffalo,MAC,2084,Buffalo Bulls,Buffalo,Bulls,BUF,Mid-American Conference,14,exact
2021-22,528497,Butler,Big East,2086,Butler Bulldogs,Butler,Bulldogs,BTLR,Big East Conference,4,exact
2021-22,528499,CSU Bakersfield,Big West,2934,Cal State Bakersfield Roadrunners,Cal State Bakersfield,Roadrunners,CSUB,Big West Conference,9,alias
2021-22,528503,CSUN,Big West,2463,Cal State Northridge Matadors,Cal State Northridge,Matadors,CSUN,Big West Conference,9,exact
2021-22,528498,Cal Poly,Big West,13,Cal Poly Mustangs,Cal Poly,Mustangs,CP,Big West Conference,9,exact
2021-22,528501,Cal St. Fullerton,Big West,2239,Cal State Fullerton Titans,Cal State Fullerton,Titans,CSUF,Big West Conference,9,exact
2021-22,528506,California,Pac-12,25,California Golden Bears,California,Golden Bears,CAL,Atlantic Coast Conference,2,exact
2021-22,527223,California Baptist,WAC,2856,California Baptist Lancers,California Baptist,Lancers,CBU,United Athletic Conference,30,exact
2021-22,528511,Campbell,Big South,2097,Campbell Fighting Camels,Campbell,Fighting Camels,CAM,Coastal Athletic Association,10,exact
2021-22,528512,Canisius,MAAC,2099,Canisius Golden Griffins,Canisius,Golden Griffins,CAN,Metro Conference,13,exact
2021-22,528794,Central Ark.,ASUN,2110,Central Arkansas Bears,Central Arkansas,Bears,CARK,Atlantic Sun Conference,46,exact
2021-22,528513,Central Conn. St.,NEC,2115,Central Connecticut Blue Devils,Central Connecticut,Blue Devils,CCSU,Northeast Conference,19,dict
2021-22,528515,Central Mich.,MAC,2117,Central Michigan Chippewas,Central Michigan,Chippewas,CMU,Mid-American Conference,14,exact
2021-22,528483,Charleston So.,Big South,2127,Charleston Southern Buccaneers,Charleston Southern,Buccaneers,CHSO,Big South Conference,6,exact
2021-22,528639,Charlotte,C-USA,2429,Charlotte 49ers,Charlotte,49ers,CLT,American Conference,62,exact
2021-22,528743,Chattanooga,SoCon,236,Chattanooga Mocs,Chattanooga,Mocs,UTC,Southern Conference,24,exact
2021-22,528516,Chicago St.,WAC,2130,Chicago State Cougars,Chicago State,Cougars,CHST,Northeast Conference,19,exact
2021-22,528517,Cincinnati,AAC,2132,Cincinnati Bearcats,Cincinnati,Bearcats,CIN,Big 12 Conference,8,exact
2021-22,528518,Clemson,ACC,228,Clemson Tigers,Clemson,Tigers,CLEM,Atlantic Coast Conference,2,exact
2021-22,528519,Cleveland St.,Horizon,325,Cleveland State Vikings,Cleveland State,Vikings,CLE,Horizon League,45,exact
2021-22,528520,Coastal Carolina,Sun Belt,324,Coastal Carolina Chanticleers,Coastal Carolina,Chanticleers,CCU,Sun Belt Conference,27,exact
2021-22,528795,Col. of Charleston,CAA,232,Charleston Cougars,Charleston,Cougars,COFC,Coastal Athletic Association,10,dict
2021-22,528521,Colgate,Patriot,2142,Colgate Raiders,Colgate,Raiders,COLG,Patriot League,22,exact
2021-22,528523,Colorado,Pac-12,38,Colorado Buffaloes,Colorado,Buffaloes,COLO,Big 12 Conference,8,exact
2021-22,528522,Colorado St.,Mountain West,36,Colorado State Rams,Colorado State,Rams,CSU,Mountain West Conference,44,exact
2021-22,528524,Columbia,Ivy League,171,Columbia Lions,Columbia,Lions,COLU,Ivy League,12,exact
2021-22,528526,Coppin St.,MEAC,2154,Coppin State Eagles,Coppin State,Eagles,COPP,Mid-Eastern Athletic Conference,16,exact
2021-22,528527,Cornell,Ivy League,172,Cornell Big Red,Cornell,Big Red,COR,Ivy League,12,exact
2021-22,528528,Creighton,Big East,156,Creighton Bluejays,Creighton,Bluejays,CREI,Big East Conference,4,exact
2021-22,528529,Dartmouth,Ivy League,159,Dartmouth Big Green,Dartmouth,Big Green,DART,Ivy League,12,exact
2021-22,528530,Davidson,Atlantic 10,2166,Davidson Wildcats,Davidson,Wildcats,DAV,Atlantic 10 Conference,3,exact
2021-22,528531,Dayton,Atlantic 10,2168,Dayton Flyers,Dayton,Flyers,DAY,Atlantic 10 Conference,3,exact
2021-22,528532,DePaul,Big East,305,DePaul Blue Demons,DePaul,Blue Demons,DEP,Big East Conference,4,exact
2021-22,528534,Delaware,CAA,48,Delaware Blue Hens,Delaware,Blue Hens,DEL,Coastal Athletic Association,10,exact
2021-22,528533,Delaware St.,MEAC,2169,Delaware State Hornets,Delaware State,Hornets,DSU,Mid-Eastern Athletic Conference,16,exact
2021-22,528535,Denver,Summit League,2172,Denver Pioneers,Denver,Pioneers,DEN,Summit League,47,exact
2021-22,528536,Detroit Mercy,Horizon,2174,Detroit Mercy Titans,Detroit Mercy,Titans,DETM,Horizon League,45,exact
2021-22,528758,Dixie St.,WAC,3101,Utah Tech Trailblazers,Utah Tech,Trailblazers,UTU,United Athletic Conference,30,alias
2021-22,528537,Drake,MVC,2181,Drake Bulldogs,Drake,Bulldogs,DRKE,Missouri Valley Conference,18,exact
2021-22,528538,Drexel,CAA,2182,Drexel Dragons,Drexel,Dragons,DREX,Coastal Athletic Association,10,exact
2021-22,528539,Duke,ACC,150,Duke Blue Devils,Duke,Blue Devils,DUKE,Atlantic Coast Conference,2,exact
2021-22,528540,Duquesne,Atlantic 10,2184,Duquesne Dukes,Duquesne,Dukes,DUQ,Atlantic 10 Conference,3,exact
2021-22,528542,ETSU,SoCon,2193,East Tennessee State Buccaneers,East Tennessee State,Buccaneers,ETSU,Southern Conference,24,exact
2021-22,528541,East Carolina,AAC,151,East Carolina Pirates,East Carolina,Pirates,ECU,American Conference,62,exact
2021-22,528543,Eastern Ill.,OVC,2197,Eastern Illinois Panthers,Eastern Illinois,Panthers,EIU,Ohio Valley Conference,20,exact
2021-22,528544,Eastern Ky.,ASUN,2198,Eastern Kentucky Colonels,Eastern Kentucky,Colonels,EKU,Atlantic Sun Conference,46,exact
2021-22,528545,Eastern Mich.,MAC,2199,Eastern Michigan Eagles,Eastern Michigan,Eagles,EMU,Mid-American Conference,14,exact
2021-22,528546,Eastern Wash.,Big Sky,331,Eastern Washington Eagles,Eastern Washington,Eagles,EWU,Big Sky Conference,5,exact
2021-22,528796,Elon,CAA,2210,Elon Phoenix,Elon,Phoenix,ELON,Coastal Athletic Association,10,exact
2021-22,528547,Evansville,MVC,339,Evansville Purple Aces,Evansville,Purple Aces,EVAN,Missouri Valley Conference,18,exact
2021-22,528813,FGCU,ASUN,526,Florida Gulf Coast Eagles,Florida Gulf Coast,Eagles,FGCU,Atlantic Sun Conference,46,exact
2021-22,528552,FIU,C-USA,2229,Florida International Panthers,Florida International,Panthers,FIU,Conference USA,11,exact
2021-22,528548,Fairfield,MAAC,2217,Fairfield Stags,Fairfield,Stags,FAIR,Metro Conference,13,exact
2021-22,528549,Fairleigh Dickinson,NEC,161,Fairleigh Dickinson Knights,Fairleigh Dickinson,Knights,FDU,Northeast Conference,19,exact
2021-22,528551,Fla. Atlantic,C-USA,2226,Florida Atlantic Owls,Florida Atlantic,Owls,FAU,American Conference,62,exact
2021-22,528554,Florida,SEC,57,Florida Gators,Florida,Gators,FLA,Southeastern Conference,23,exact
2021-22,528550,Florida A&M,SWAC,50,Florida A&M Rattlers,Florida A&M,Rattlers,FAMU,Southwestern Athletic Conference,26,exact
2021-22,528553,Florida St.,ACC,52,Florida State Seminoles,Florida State,Seminoles,FSU,Atlantic Coast Conference,2,exact
2021-22,528555,Fordham,Atlantic 10,2230,Fordham Rams,Fordham,Rams,FOR,Atlantic 10 Conference,3,exact
2021-22,528500,Fresno St.,Mountain West,278,Fresno State Bulldogs,Fresno State,Bulldogs,FRES,Mountain West Conference,44,exact
2021-22,528556,Furman,SoCon,231,Furman Paladins,Furman,Paladins,FUR,Southern Conference,24,exact
2021-22,528560,Ga. Southern,Sun Belt,290,Georgia Southern Eagles,Georgia Southern,Eagles,GASO,Sun Belt Conference,27,exact
2021-22,528797,Gardner-Webb,Big South,2241,Gardner-Webb Runnin' Bulldogs,Gardner-Webb,Runnin' Bulldogs,GWEB,Big South Conference,6,exact
2021-22,528557,George Mason,Atlantic 10,2244,George Mason Patriots,George Mason,Patriots,GMU,Atlantic 10 Conference,3,exact
2021-22,528558,George Washington,Atlantic 10,45,George Washington Revolutionaries,George Washington,Revolutionaries,GW,Atlantic 10 Conference,3,exact
2021-22,528559,Georgetown,Big East,46,Georgetown Hoyas,Georgetown,Hoyas,GTWN,Big East Conference,4,exact
2021-22,528563,Georgia,SEC,61,Georgia Bulldogs,Georgia,Bulldogs,UGA,Southeastern Conference,23,exact
2021-22,528561,Georgia St.,Sun Belt,2247,Georgia State Panthers,Georgia State,Panthers,GAST,Sun Belt Conference,27,exact
2021-22,528562,Georgia Tech,ACC,59,Georgia Tech Yellow Jackets,Georgia Tech,Yellow Jackets,GT,Atlantic Coast Conference,2,exact
2021-22,528564,Gonzaga,WCC,2250,Gonzaga Bulldogs,Gonzaga,Bulldogs,GONZ,West Coast Conference,29,exact
2021-22,528565,Grambling,SWAC,2755,Grambling Tigers,Grambling,Tigers,GRAM,Southwestern Athletic Conference,26,exact
2021-22,528798,Grand Canyon,WAC,2253,Grand Canyon Lopes,Grand Canyon,Lopes,GCU,United Athletic Conference,30,exact
2021-22,528786,Green Bay,Horizon,2739,Green Bay Phoenix,Green Bay,Phoenix,GB,Horizon League,45,exact
2021-22,528566,Hampton,Big South,2261,Hampton Pirates,Hampton,Pirates,HAMP,Coastal Athletic Association,10,exact
2021-22,528567,Hartford,America East,42,Hartford Hawks,Hartford,Hawks,HART,,,exact
2021-22,528568,Harvard,Ivy League,108,Harvard Crimson,Harvard,Crimson,HARV,Ivy League,12,exact
2021-22,528569,Hawaii,Big West,62,Hawai'i Rainbow Warriors,Hawai'i,Rainbow Warriors,HAW,Big West Conference,9,dict
2021-22,528810,High Point,Big South,2272,High Point Panthers,High Point,Panthers,HPU,Big South Conference,6,exact
2021-22,528570,Hofstra,CAA,2275,Hofstra Pride,Hofstra,Pride,HOF,Coastal Athletic Association,10,exact
2021-22,528571,Holy Cross,Patriot,107,Holy Cross Crusaders,Holy Cross,Crusaders,HC,Patriot League,22,exact
2021-22,528573,Houston,AAC,248,Houston Cougars,Houston,Cougars,HOU,Big 12 Conference,8,exact
2021-22,528572,Houston Baptist,Southland,2277,Houston Christian Huskies,Houston Christian,Huskies,HCU,Southland Conference,25,alias
2021-22,528574,Howard,MEAC,47,Howard Bison,Howard,Bison,HOW,Mid-Eastern Athletic Conference,16,exact
2021-22,528803,IUPUI,Horizon,85,IU Indianapolis Jaguars,IU Indianapolis,Jaguars,IUIN,Horizon League,45,alias
2021-22,528576,Idaho,Big Sky,70,Idaho Vandals,Idaho,Vandals,IDHO,Big Sky Conference,5,exact
2021-22,528575,Idaho St.,Big Sky,304,Idaho State Bengals,Idaho State,Bengals,IDST,Big Sky Conference,5,exact
2021-22,528578,Illinois,Big Ten,356,Illinois Fighting Illini,Illinois,Fighting Illini,ILL,Big Ten Conference,7,exact
2021-22,528577,Illinois St.,MVC,2287,Illinois State Redbirds,Illinois State,Redbirds,ILST,Missouri Valley Conference,18,exact
2021-22,528581,Indiana,Big Ten,84,Indiana Hoosiers,Indiana,Hoosiers,IU,Big Ten Conference,7,exact
2021-22,528580,Indiana St.,MVC,282,Indiana State Sycamores,Indiana State,Sycamores,INST,Missouri Valley Conference,18,exact
2021-22,528583,Iona,MAAC,314,Iona Gaels,Iona,Gaels,IONA,Metro Conference,13,exact
2021-22,528585,Iowa,Big Ten,2294,Iowa Hawkeyes,Iowa,Hawkeyes,IOWA,Big Ten Conference,7,exact
2021-22,528584,Iowa St.,Big 12,66,Iowa State Cyclones,Iowa State,Cyclones,ISU,Big 12 Conference,8,exact
2021-22,528586,Jackson St.,SWAC,2296,Jackson State Tigers,Jackson State,Tigers,JKST,Southwestern Athletic Conference,26,exact
2021-22,528588,Jacksonville,ASUN,294,Jacksonville Dolphins,Jacksonville,Dolphins,JAX,Atlantic Sun Conference,46,exact
2021-22,528587,Jacksonville St.,ASUN,55,Jacksonville State Gamecocks,Jacksonville State,Gamecocks,JXST,Conference USA,11,exact
2021-22,528589,James Madison,CAA,256,James Madison Dukes,James Madison,Dukes,JMU,Sun Belt Conference,27,exact
2021-22,528591,Kansas,Big 12,2305,Kansas Jayhawks,Kansas,Jayhawks,KU,Big 12 Conference,8,exact
2021-22,528804,Kansas City,Summit League,140,Kansas City Roos,Kansas City,Roos,KC,Summit League,47,exact
2021-22,528590,Kansas St.,Big 12,2306,Kansas State Wildcats,Kansas State,Wildcats,KSU,Big 12 Conference,8,exact
2021-22,528799,Kennesaw St.,ASUN,338,Kennesaw State Owls,Kennesaw State,Owls,KENN,Conference USA,11,exact
2021-22,528592,Kent St.,MAC,2309,Kent State Golden Flashes,Kent State,Golden Flashes,KENT,Mid-American Conference,14,exact
2021-22,528593,Kentucky,SEC,96,Kentucky Wildcats,Kentucky,Wildcats,UK,Southeastern Conference,23,exact
2021-22,528599,LIU,NEC,112358,Long Island University Sharks,Long Island University,Sharks,LIU,Northeast Conference,19,exact
2021-22,528606,LMU (CA),WCC,2351,Loyola Marymount Lions,Loyola Marymount,Lions,LMU,West Coast Conference,29,dict
2021-22,528601,LSU,SEC,99,LSU Tigers,LSU,Tigers,LSU,Southeastern Conference,23,exact
2021-22,528594,La Salle,Atlantic 10,2325,La Salle Explorers,La Salle,Explorers,LAS,Atlantic 10 Conference,3,exact
2021-22,528595,Lafayette,Patriot,322,Lafayette Leopards,Lafayette,Leopards,LAF,Patriot League,22,exact
2021-22,528596,Lamar University,WAC,2320,Lamar Cardinals,Lamar,Cardinals,LAM,Southland Conference,25,dict
2021-22,528597,Lehigh,Patriot,2329,Lehigh Mountain Hawks,Lehigh,Mountain Hawks,LEH,Patriot League,22,exact
2021-22,528598,Liberty,ASUN,2335,Liberty Flames,Liberty,Flames,LIB,Conference USA,11,exact
2021-22,528812,Lipscomb,ASUN,288,Lipscomb Bisons,Lipscomb,Bisons,LIP,Atlantic Sun Conference,46,exact
2021-22,528479,Little Rock,Sun Belt,2031,Little Rock Trojans,Little Rock,Trojans,LR,Ohio Valley Conference,20,exact
2021-22,528502,Long Beach St.,Big West,299,Long Beach State Beach,Long Beach State,Beach,LBSU,Big West Conference,9,exact
2021-22,528600,Longwood,Big South,2344,Longwood Lancers,Longwood,Lancers,LONG,Big South Conference,6,exact
2021-22,528734,Louisiana,Sun Belt,309,Louisiana Ragin' Cajuns,Louisiana,Ragin' Cajuns,UL,Sun Belt Conference,27,exact
2021-22,528602,Louisiana Tech,C-USA,2348,Louisiana Tech Bulldogs,Louisiana Tech,Bulldogs,LT,Conference USA,11,exact
2021-22,528603,Louisville,ACC,97,Louisville Cardinals,Louisville,Cardinals,LOU,Atlantic Coast Conference,2,exact
2021-22,528607,Loyola Chicago,MVC,2350,Loyola Chicago Ramblers,Loyola Chicago,Ramblers,LUC,Atlantic 10 Conference,3,exact
2021-22,528605,Loyola Maryland,Patriot,2352,Loyola Maryland Greyhounds,Loyola Maryland,Greyhounds,L-MD,Patriot League,22,exact
2021-22,528608,Maine,America East,311,Maine Black Bears,Maine,Black Bears,ME,America East Conference,1,exact
2021-22,528609,Manhattan,MAAC,2363,Manhattan Jaspers,Manhattan,Jaspers,MAN,Metro Conference,13,exact
2021-22,528610,Marist,MAAC,2368,Marist Red Foxes,Marist,Red Foxes,MRST,Metro Conference,13,exact
2021-22,528611,Marquette,Big East,269,Marquette Golden Eagles,Marquette,Golden Eagles,MARQ,Big East Conference,4,exact
2021-22,528612,Marshall,C-USA,276,Marshall Thundering Herd,Marshall,Thundering Herd,MRSH,Sun Belt Conference,27,exact
2021-22,528614,Maryland,Big Ten,120,Maryland Terrapins,Maryland,Terrapins,MD,Big Ten Conference,7,exact
2021-22,528616,Massachusetts,Atlantic 10,113,Massachusetts Minutemen,Massachusetts,Minutemen,MASS,Atlantic 10 Conference,3,exact
2021-22,528617,McNeese,Southland,2377,McNeese Cowboys,McNeese,Cowboys,MCN,Southland Conference,25,exact
2021-22,528618,Memphis,AAC,235,Memphis Tigers,Memphis,Tigers,MEM,American Conference,62,exact
2021-22,528619,Mercer,SoCon,2382,Mercer Bears,Mercer,Bears,MER,Southern Conference,24,exact
2021-22,528815,Merrimack,NEC,2771,Merrimack Warriors,Merrimack,Warriors,MRMK,Metro Conference,13,exact
2021-22,528621,Miami (FL),ACC,2390,Miami Hurricanes,Miami,Hurricanes,MIA,Atlantic Coast Conference,2,dict
2021-22,528620,Miami (OH),MAC,193,Miami (OH) RedHawks,Miami (OH),RedHawks,M-OH,Mid-American Conference,14,exact
2021-22,528623,Michigan,Big Ten,130,Michigan Wolverines,Michigan,Wolverines,MICH,Big Ten Conference,7,exact
2021-22,528622,Michigan St.,Big Ten,127,Michigan State Spartans,Michigan State,Spartans,MSU,Big Ten Conference,7,exact
2021-22,528624,Middle Tenn.,C-USA,2393,Middle Tennessee Blue Raiders,Middle Tennessee,Blue Raiders,MTSU,Conference USA,11,exact
2021-22,528788,Milwaukee,Horizon,270,Milwaukee Panthers,Milwaukee,Panthers,MILW,Horizon League,45,exact
2021-22,528625,Minnesota,Big Ten,135,Minnesota Golden Gophers,Minnesota,Golden Gophers,MINN,Big Ten Conference,7,exact
2021-22,528626,Mississippi St.,SEC,344,Mississippi State Bulldogs,Mississippi State,Bulldogs,MSST,Southeastern Conference,23,exact
2021-22,528627,Mississippi Val.,SWAC,2400,Mississippi Valley State Delta Devils,Mississippi Valley State,Delta Devils,MVSU,Southwestern Athletic Conference,26,dict
2021-22,528629,Missouri,SEC,142,Missouri Tigers,Missouri,Tigers,MIZ,Southeastern Conference,23,exact
2021-22,528732,Missouri St.,MVC,2623,Missouri State Bears,Missouri State,Bears,MOST,Missouri Valley Conference,18,exact
2021-22,528630,Monmouth,MAAC,2405,Monmouth Hawks,Monmouth,Hawks,MONM,Coastal Athletic Association,10,exact
2021-22,528632,Montana,Big Sky,149,Montana Grizzlies,Montana,Grizzlies,MONT,Big Sky Conference,5,exact
2021-22,528631,Montana St.,Big Sky,147,Montana State Bobcats,Montana State,Bobcats,MTST,Big Sky Conference,5,exact
2021-22,528633,Morehead St.,OVC,2413,Morehead State Eagles,Morehead State,Eagles,MORE,Ohio Valley Conference,20,exact
2021-22,528634,Morgan St.,MEAC,2415,Morgan State Bears,Morgan State,Bears,MORG,Mid-Eastern Athletic Conference,16,exact
2021-22,528635,Mount St. Mary's,NEC,116,Mount St. Mary's Mountaineers,Mount St. Mary's,Mountaineers,MSM,Metro Conference,13,exact
2021-22,528636,Murray St.,OVC,93,Murray State Racers,Murray State,Racers,MUR,Missouri Valley Conference,18,exact
2021-22,528654,N.C. A&T,Big South,2448,North Carolina A&T Aggies,North Carolina A&T,Aggies,NCAT,Coastal Athletic Association,10,exact
2021-22,528655,N.C. Central,MEAC,2428,North Carolina Central Eagles,North Carolina Central,Eagles,NCCU,Mid-Eastern Athletic Conference,16,exact
2021-22,528656,NC State,ACC,152,NC State Wolfpack,NC State,Wolfpack,NCSU,Atlantic Coast Conference,2,exact
2021-22,528647,NJIT,America East,2885,NJIT Highlanders,NJIT,Highlanders,NJIT,America East Conference,1,exact
2021-22,528763,Navy,Patriot,2426,Navy Midshipmen,Navy,Midshipmen,NAVY,Patriot League,22,exact
2021-22,528642,Nebraska,Big Ten,158,Nebraska Cornhuskers,Nebraska,Cornhuskers,NEB,Big Ten Conference,7,exact
2021-22,528645,Nevada,Mountain West,2440,Nevada Wolf Pack,Nevada,Wolf Pack,NEV,Mountain West Conference,44,exact
2021-22,528646,New Hampshire,America East,160,New Hampshire Wildcats,New Hampshire,Wildcats,UNH,America East Conference,1,exact
2021-22,528649,New Mexico,Mountain West,167,New Mexico Lobos,New Mexico,Lobos,UNM,Mountain West Conference,44,exact
2021-22,528648,New Mexico St.,WAC,166,New Mexico State Aggies,New Mexico State,Aggies,NMSU,Conference USA,11,exact
2021-22,528650,New Orleans,Southland,2443,LSU New Orleans Privateers,LSU New Orleans,Privateers,NOLA,Southland Conference,25,exact
2021-22,528651,Niagara,MAAC,315,Niagara Purple Eagles,Niagara,Purple Eagles,NIA,Metro Conference,13,exact
2021-22,528652,Nicholls,Southland,2447,Nicholls Colonels,Nicholls,Colonels,NICH,Southland Conference,25,exact
2021-22,528653,Norfolk St.,MEAC,2450,Norfolk State Spartans,Norfolk State,Spartans,NORF,Mid-Eastern Athletic Conference,16,exact
2021-22,527224,North Ala.,ASUN,2453,North Alabama Lions,North Alabama,Lions,UNA,Atlantic Sun Conference,46,exact
2021-22,528638,North Carolina,ACC,153,North Carolina Tar Heels,North Carolina,Tar Heels,UNC,Atlantic Coast Conference,2,exact
2021-22,528658,North Dakota,Summit League,155,North Dakota Fighting Hawks,North Dakota,Fighting Hawks,UND,Summit League,47,exact
2021-22,528657,North Dakota St.,Summit League,2449,North Dakota State Bison,North Dakota State,Bison,NDSU,Summit League,47,exact
2021-22,528805,North Florida,ASUN,2454,North Florida Ospreys,North Florida,Ospreys,UNF,Atlantic Sun Conference,46,exact
2021-22,528659,North Texas,C-USA,249,North Texas Mean Green,North Texas,Mean Green,UNT,American Conference,62,exact
2021-22,528661,Northeastern,CAA,111,Northeastern Huskies,Northeastern,Huskies,NE,Coastal Athletic Association,10,exact
2021-22,528662,Northern Ariz.,Big Sky,2464,Northern Arizona Lumberjacks,Northern Arizona,Lumberjacks,NAU,Big Sky Conference,5,exact
2021-22,528663,Northern Colo.,Big Sky,2458,Northern Colorado Bears,Northern Colorado,Bears,UNCO,Big Sky Conference,5,exact
2021-22,528664,Northern Ill.,MAC,2459,Northern Illinois Huskies,Northern Illinois,Huskies,NIU,Mid-American Conference,14,exact
2021-22,528666,Northern Ky.,Horizon,94,Northern Kentucky Norse,Northern Kentucky,Norse,NKU,Horizon League,45,exact
2021-22,528668,Northwestern,Big Ten,77,Northwestern Wildcats,Northwestern,Wildcats,NU,Big Ten Conference,7,exact
2021-22,528667,Northwestern St.,Southland,2466,Northwestern State Demons,Northwestern State,Demons,NWST,Southland Conference,25,exact
2021-22,528669,Notre Dame,ACC,87,Notre Dame Fighting Irish,Notre Dame,Fighting Irish,ND,Atlantic Coast Conference,2,exact
2021-22,528670,Oakland,Horizon,2473,Oakland Golden Grizzlies,Oakland,Golden Grizzlies,OAK,Horizon League,45,exact
2021-22,528672,Ohio,MAC,195,Ohio Bobcats,Ohio,Bobcats,OHIO,Mid-American Conference,14,exact
2021-22,528671,Ohio St.,Big Ten,194,Ohio State Buckeyes,Ohio State,Buckeyes,OSU,Big Ten Conference,7,exact
2021-22,528674,Oklahoma,Big 12,201,Oklahoma Sooners,Oklahoma,Sooners,OU,Southeastern Conference,23,exact
2021-22,528673,Oklahoma St.,Big 12,197,Oklahoma State Cowboys,Oklahoma State,Cowboys,OKST,Big 12 Conference,8,exact
2021-22,528675,Old Dominion,C-USA,295,Old Dominion Monarchs,Old Dominion,Monarchs,ODU,Sun Belt Conference,27,exact
2021-22,528628,Ole Miss,SEC,145,Ole Miss Rebels,Ole Miss,Rebels,MISS,Southeastern Conference,23,exact
2021-22,528643,Omaha,Summit League,2437,Omaha Mavericks,Omaha,Mavericks,OMA,Summit League,47,exact
2021-22,528676,Oral Roberts,Summit League,198,Oral Roberts Golden Eagles,Oral Roberts,Golden Eagles,ORU,Summit League,47,exact
2021-22,528678,Oregon,Pac-12,2483,Oregon Ducks,Oregon,Ducks,ORE,Big Ten Conference,7,exact
2021-22,528677,Oregon St.,Pac-12,204,Oregon State Beavers,Oregon State,Beavers,ORST,West Coast Conference,29,exact
2021-22,528679,Pacific,WCC,279,Pacific Tigers,Pacific,Tigers,PAC,West Coast Conference,29,exact
2021-22,528682,Penn,Ivy League,219,Pennsylvania Quakers,Pennsylvania,Quakers,PENN,Ivy League,12,exact
2021-22,528681,Penn St.,Big Ten,213,Penn State Nittany Lions,Penn State,Nittany Lions,PSU,Big Ten Conference,7,exact
2021-22,528683,Pepperdine,WCC,2492,Pepperdine Waves,Pepperdine,Waves,PEPP,West Coast Conference,29,exact
2021-22,528684,Pittsburgh,ACC,221,Pittsburgh Panthers,Pittsburgh,Panthers,PITT,Atlantic Coast Conference,2,exact
2021-22,528686,Portland,WCC,2501,Portland Pilots,Portland,Pilots,PORT,West Coast Conference,29,exact
2021-22,528685,Portland St.,Big Sky,2502,Portland State Vikings,Portland State,Vikings,PRST,Big Sky Conference,5,exact
2021-22,528687,Prairie View,SWAC,2504,Prairie View A&M Panthers,Prairie View A&M,Panthers,PV,Southwestern Athletic Conference,26,exact
2021-22,528800,Presbyterian,Big South,2506,Presbyterian Blue Hose,Presbyterian,Blue Hose,PRES,Big South Conference,6,exact
2021-22,528688,Princeton,Ivy League,163,Princeton Tigers,Princeton,Tigers,PRIN,Ivy League,12,exact
2021-22,528689,Providence,Big East,2507,Providence Friars,Providence,Friars,PROV,Big East Conference,4,exact
2021-22,528690,Purdue,Big Ten,2509,Purdue Boilermakers,Purdue,Boilermakers,PUR,Big Ten Conference,7,exact
2021-22,528582,Purdue Fort Wayne,Horizon,2870,Purdue Fort Wayne Mastodons,Purdue Fort Wayne,Mastodons,PFW,Horizon League,45,exact
2021-22,528691,Quinnipiac,MAAC,2514,Quinnipiac Bobcats,Quinnipiac,Bobcats,QUIN,Metro Conference,13,exact
2021-22,528692,Radford,Big South,2515,Radford Highlanders,Radford,Highlanders,RAD,Big South Conference,6,exact
2021-22,528693,Rhode Island,Atlantic 10,227,Rhode Island Rams,Rhode Island,Rams,URI,Atlantic 10 Conference,3,exact
2021-22,528694,Rice,C-USA,242,Rice Owls,Rice,Owls,RICE,American Conference,62,exact
2021-22,528695,Richmond,Atlantic 10,257,Richmond Spiders,Richmond,Spiders,RICH,Atlantic 10 Conference,3,exact
2021-22,528696,Rider,MAAC,2520,Rider Broncs,Rider,Broncs,RID,Metro Conference,13,exact
2021-22,528697,Robert Morris,Horizon,2523,Robert Morris Colonials,Robert Morris,Colonials,RMU,Horizon League,45,exact
2021-22,528698,Rutgers,Big Ten,164,Rutgers Scarlet Knights,Rutgers,Scarlet Knights,RUTG,Big Ten Conference,7,exact
2021-22,528736,SFA,WAC,2617,Stephen F. Austin Lumberjacks,Stephen F. Austin,Lumberjacks,SFA,Southland Conference,25,exact
2021-22,528727,SIUE,OVC,2565,SIU Edwardsville Cougars,SIU Edwardsville,Cougars,SIUE,Ohio Valley Conference,20,exact
2021-22,528728,SMU,AAC,2567,SMU Mustangs,SMU,Mustangs,SMU,Atlantic Coast Conference,2,exact
2021-22,528504,Sacramento St.,Big Sky,16,Sacramento State Hornets,Sacramento State,Hornets,SAC,Big Sky Conference,5,exact
2021-22,528699,Sacred Heart,NEC,2529,Sacred Heart Pioneers,Sacred Heart,Pioneers,SHU,Metro Conference,13,exact
2021-22,528702,Saint Francis (PA),NEC,2598,St. Francis (PA) Red Flash,St. Francis (PA),Red Flash,SFPA,Northeast Conference,19,exact
2021-22,528704,Saint Joseph's,Atlantic 10,2603,Saint Joseph's Hawks,Saint Joseph's,Hawks,JOES,Atlantic 10 Conference,3,exact
2021-22,528705,Saint Louis,Atlantic 10,139,Saint Louis Billikens,Saint Louis,Billikens,SLU,Atlantic 10 Conference,3,exact
2021-22,528706,Saint Mary's (CA),WCC,2608,Saint Mary's Gaels,Saint Mary's,Gaels,SMC,West Coast Conference,29,dict
2021-22,528707,Saint Peter's,MAAC,2612,Saint Peter's Peacocks,Saint Peter's,Peacocks,SPU,Metro Conference,13,exact
2021-22,528708,Sam Houston,Southland,2534,Sam Houston Bearkats,Sam Houston,Bearkats,SHSU,Conference USA,11,exact
2021-22,528709,Samford,SoCon,2535,Samford Bulldogs,Samford,Bulldogs,SAM,Southern Conference,24,exact
2021-22,528711,San Diego,WCC,301,San Diego Toreros,San Diego,Toreros,USD,West Coast Conference,29,exact
2021-22,528710,San Diego St.,Mountain West,21,San Diego State Aztecs,San Diego State,Aztecs,SDSU,Mountain West Conference,44,exact
2021-22,528712,San Francisco,WCC,2539,San Francisco Dons,San Francisco,Dons,SF,West Coast Conference,29,exact
2021-22,528713,San Jose St.,Mountain West,23,San José State Spartans,San José State,Spartans,SJSU,Mountain West Conference,44,dict
2021-22,528714,Santa Clara,WCC,2541,Santa Clara Broncos,Santa Clara,Broncos,SCU,West Coast Conference,29,exact
2021-22,528801,Seattle U,WAC,2547,Seattle U Redhawks,Seattle U,Redhawks,SEA,United Athletic Conference,30,exact
2021-22,528715,Seton Hall,Big East,2550,Seton Hall Pirates,Seton Hall,Pirates,HALL,Big East Conference,4,exact
2021-22,528716,Siena,MAAC,2561,Siena Saints,Siena,Saints,SIE,Metro Conference,13,exact
2021-22,528717,South Alabama,Sun Belt,6,South Alabama Jaguars,South Alabama,Jaguars,USA,Sun Belt Conference,27,exact
2021-22,528719,South Carolina,SEC,2579,South Carolina Gamecocks,South Carolina,Gamecocks,SC,Southeastern Conference,23,exact
2021-22,528718,South Carolina St.,MEAC,2569,South Carolina State Bulldogs,South Carolina State,Bulldogs,SCST,Mid-Eastern Athletic Conference,16,exact
2021-22,528721,South Dakota,Summit League,233,South Dakota Coyotes,South Dakota,Coyotes,SDAK,Summit League,47,exact
2021-22,528720,South Dakota St.,Summit League,2571,South Dakota State Jackrabbits,South Dakota State,Jackrabbits,SDST,Summit League,47,exact
2021-22,528722,South Fla.,AAC,58,South Florida Bulls,South Florida,Bulls,USF,American Conference,62,exact
2021-22,528723,Southeast Mo. St.,OVC,2546,Southeast Missouri State Redhawks,Southeast Missouri State,Redhawks,SEMO,Ohio Valley Conference,20,exact
2021-22,528724,Southeastern La.,Southland,2545,SE Louisiana Lions,SE Louisiana,Lions,SELA,Southland Conference,25,dict
2021-22,528725,Southern California,Pac-12,30,USC Trojans,USC,Trojans,USC,Big Ten Conference,7,dict
2021-22,528726,Southern Ill.,MVC,79,Southern Illinois Salukis,Southern Illinois,Salukis,SIU,Missouri Valley Conference,18,exact
2021-22,528729,Southern Miss.,C-USA,2572,Southern Miss Golden Eagles,Southern Miss,Golden Eagles,USM,Sun Belt Conference,27,dict
2021-22,528730,Southern U.,SWAC,2582,Southern Jaguars,Southern,Jaguars,SOU,Southwestern Athletic Conference,26,dict
2021-22,528731,Southern Utah,Big Sky,253,Southern Utah Thunderbirds,Southern Utah,Thunderbirds,SUU,United Athletic Conference,30,exact
2021-22,528700,St. Bonaventure,Atlantic 10,179,St. Bonaventure Bonnies,St. Bonaventure,Bonnies,SBU,Atlantic 10 Conference,3,exact
2021-22,528701,St. Francis Brooklyn,NEC,2597,St. Francis Brooklyn Terriers,St. Francis Brooklyn,Terriers,SFNY,,,exact
2021-22,528703,St. John's (NY),Big East,2599,St. John's Red Storm,St. John's,Red Storm,SJU,Big East Conference,4,dict
2021-22,529315,St. Thomas (MN),Summit League,2900,St. Thomas Tommies,St. Thomas,Tommies,STMN,Summit League,47,alias
2021-22,528735,Stanford,Pac-12,24,Stanford Cardinal,Stanford,Cardinal,STAN,Atlantic Coast Conference,2,exact
2021-22,528737,Stetson,ASUN,56,Stetson Hatters,Stetson,Hatters,STET,Atlantic Sun Conference,46,exact
2021-22,528738,Stony Brook,America East,2619,Stony Brook Seawolves,Stony Brook,Seawolves,STBK,Coastal Athletic Association,10,exact
2021-22,528739,Syracuse,ACC,183,Syracuse Orange,Syracuse,Orange,SYR,Atlantic Coast Conference,2,exact
2021-22,528747,TCU,Big 12,2628,TCU Horned Frogs,TCU,Horned Frogs,TCU,Big 12 Conference,8,exact
2021-22,527222,Tarleton St.,WAC,2627,Tarleton State Texans,Tarleton State,Texans,TAR,United Athletic Conference,30,exact
2021-22,528740,Temple,AAC,218,Temple Owls,Temple,Owls,TEM,American Conference,62,exact
2021-22,528744,Tennessee,SEC,2633,Tennessee Volunteers,Tennessee,Volunteers,TENN,Southeastern Conference,23,exact
2021-22,528741,Tennessee St.,OVC,2634,Tennessee State Tigers,Tennessee State,Tigers,TNST,Ohio Valley Conference,20,exact
2021-22,528742,Tennessee Tech,OVC,2635,Tennessee Tech Golden Eagles,Tennessee Tech,Golden Eagles,TNTC,Ohio Valley Conference,20,exact
2021-22,528751,Texas,Big 12,251,Texas Longhorns,Texas,Longhorns,TEX,Southeastern Conference,23,exact
2021-22,528746,Texas A&M,SEC,245,Texas A&M Aggies,Texas A&M,Aggies,TA&M,Southeastern Conference,23,exact
2021-22,528748,Texas Southern,SWAC,2640,Texas Southern Tigers,Texas Southern,Tigers,TXSO,Southwestern Athletic Conference,26,exact
2021-22,528733,Texas St.,Sun Belt,326,Texas State Bobcats,Texas State,Bobcats,TXST,Sun Belt Conference,27,exact
2021-22,528749,Texas Tech,Big 12,2641,Texas Tech Red Raiders,Texas Tech,Red Raiders,TTU,Big 12 Conference,8,exact
2021-22,528754,Toledo,MAC,2649,Toledo Rockets,Toledo,Rockets,TOL,Mid-American Conference,14,exact
2021-22,528755,Towson,CAA,119,Towson Tigers,Towson,Tigers,TOW,Coastal Athletic Association,10,exact
2021-22,528756,Troy,Sun Belt,2653,Troy Trojans,Troy,Trojans,TROY,Sun Belt Conference,27,exact
2021-22,528757,Tulane,AAC,2655,Tulane Green Wave,Tulane,Green Wave,TULN,American Conference,62,exact
2021-22,528760,Tulsa,AAC,202,Tulsa Golden Hurricane,Tulsa,Golden Hurricane,TLSA,American Conference,62,exact
2021-22,527230,UAB,C-USA,5,UAB Blazers,UAB,Blazers,UAB,American Conference,62,exact
2021-22,528507,UC Davis,Big West,302,UC Davis Aggies,UC Davis,Aggies,UCD,Big West Conference,9,exact
2021-22,528508,UC Irvine,Big West,300,UC Irvine Anteaters,UC Irvine,Anteaters,UCI,Big West Conference,9,exact
2021-22,528510,UC Riverside,Big West,27,UC Riverside Highlanders,UC Riverside,Highlanders,UCR,Big West Conference,9,exact
2021-22,528816,UC San Diego,Big West,28,UC San Diego Tritons,UC San Diego,Tritons,UCSD,Big West Conference,9,exact
2021-22,528505,UC Santa Barbara,Big West,2540,UC Santa Barbara Gauchos,UC Santa Barbara,Gauchos,UCSB,Big West Conference,9,exact
2021-22,528514,UCF,AAC,2116,UCF Knights,UCF,Knights,UCF,Big 12 Conference,8,exact
2021-22,528509,UCLA,Pac-12,26,UCLA Bruins,UCLA,Bruins,UCLA,Big Ten Conference,7,exact
2021-22,528525,UConn,Big East,41,UConn Huskies,UConn,Huskies,CONN,Big East Conference,4,exact
2021-22,528579,UIC,Horizon,82,UIC Flames,UIC,Flames,UIC,Missouri Valley Conference,18,exact
2021-22,528806,UIW,Southland,2916,Incarnate Word Cardinals,Incarnate Word,Cardinals,UIW,Southland Conference,25,exact
2021-22,528660,ULM,Sun Belt,2433,UL Monroe Warhawks,UL Monroe,Warhawks,ULM,Sun Belt Conference,27,exact
2021-22,528613,UMBC,America East,2378,UMBC Retrievers,UMBC,Retrievers,UMBC,America East Conference,1,exact
2021-22,528615,UMES,MEAC,2379,Maryland Eastern Shore Hawks,Maryland Eastern Shore,Hawks,UMES,Mid-Eastern Athletic Conference,16,exact
2021-22,528604,UMass Lowell,America East,2349,UMass Lowell River Hawks,UMass Lowell,River Hawks,UML,America East Conference,1,exact
2021-22,528637,UNC Asheville,Big South,2427,UNC Asheville Bulldogs,UNC Asheville,Bulldogs,UNCA,Big South Conference,6,exact
2021-22,528640,UNC Greensboro,SoCon,2430,UNC Greensboro Spartans,UNC Greensboro,Spartans,UNCG,Southern Conference,24,exact
2021-22,528641,UNCW,CAA,350,UNC Wilmington Seahawks,UNC Wilmington,Seahawks,UNCW,Coastal Athletic Association,10,exact
2021-22,528665,UNI,MVC,2460,Northern Iowa Panthers,Northern Iowa,Panthers,UNI,Missouri Valley Conference,18,exact
2021-22,528644,UNLV,Mountain West,2439,UNLV Rebels,UNLV,Rebels,UNLV,Mountain West Conference,44,exact
2021-22,528808,USC Upstate,Big South,2908,South Carolina Upstate Spartans,South Carolina Upstate,Spartans,UPST,Big South Conference,6,dict
2021-22,528750,UT Arlington,Sun Belt,250,UT Arlington Mavericks,UT Arlington,Mavericks,UTA,United Athletic Conference,30,exact
2021-22,528745,UT Martin,OVC,2630,UT Martin Skyhawks,UT Martin,Skyhawks,UTM,Ohio Valley Conference,20,exact
2021-22,528752,UTEP,C-USA,2638,UTEP Miners,UTEP,Miners,UTEP,Conference USA,11,exact
2021-22,528680,UTRGV,WAC,292,UT Rio Grande Valley Vaqueros,UT Rio Grande Valley,Vaqueros,RGV,Southland Conference,25,dict
2021-22,528753,UTSA,C-USA,2636,UTSA Roadrunners,UTSA,Roadrunners,UTSA,American Conference,62,exact
2021-22,528765,Utah,Pac-12,254,Utah Utes,Utah,Utes,UTAH,Big 12 Conference,8,exact
2021-22,528764,Utah St.,Mountain West,328,Utah State Aggies,Utah State,Aggies,USU,Mountain West Conference,44,exact
2021-22,528814,Utah Valley,WAC,3084,Utah Valley Wolverines,Utah Valley,Wolverines,UVU,United Athletic Conference,30,exact
2021-22,528770,VCU,Atlantic 10,2670,VCU Rams,VCU,Rams,VCU,Atlantic 10 Conference,3,exact
2021-22,528766,Valparaiso,MVC,2674,Valparaiso Beacons,Valparaiso,Beacons,VAL,Missouri Valley Conference,18,exact
2021-22,528767,Vanderbilt,SEC,238,Vanderbilt Commodores,Vanderbilt,Commodores,VAN,Southeastern Conference,23,exact
2021-22,528768,Vermont,America East,261,Vermont Catamounts,Vermont,Catamounts,UVM,America East Conference,1,exact
2021-22,528769,Villanova,Big East,222,Villanova Wildcats,Villanova,Wildcats,VILL,Big East Conference,4,exact
2021-22,528772,Virginia,ACC,258,Virginia Cavaliers,Virginia,Cavaliers,UVA,Atlantic Coast Conference,2,exact
2021-22,528771,Virginia Tech,ACC,259,Virginia Tech Hokies,Virginia Tech,Hokies,VT,Atlantic Coast Conference,2,exact
2021-22,528773,Wagner,NEC,2681,Wagner Seahawks,Wagner,Seahawks,WAG,Northeast Conference,19,exact
2021-22,528774,Wake Forest,ACC,154,Wake Forest Demon Deacons,Wake Forest,Demon Deacons,WAKE,Atlantic Coast Conference,2,exact
2021-22,528776,Washington,Pac-12,264,Washington Huskies,Washington,Huskies,WASH,Big Ten Conference,7,exact
2021-22,528775,Washington St.,Pac-12,265,Washington State Cougars,Washington State,Cougars,WSU,West Coast Conference,29,exact
2021-22,528777,Weber St.,Big Sky,2692,Weber State Wildcats,Weber State,Wildcats,WEB,Big Sky Conference,5,exact
2021-22,528778,West Virginia,Big 12,277,West Virginia Mountaineers,West Virginia,Mountaineers,WVU,Big 12 Conference,8,exact
2021-22,528779,Western Caro.,SoCon,2717,Western Carolina Catamounts,Western Carolina,Catamounts,WCU,Southern Conference,24,exact
2021-22,528780,Western Ill.,Summit League,2710,Western Illinois Leathernecks,Western Illinois,Leathernecks,WIU,Ohio Valley Conference,20,exact
2021-22,528781,Western Ky.,C-USA,98,Western Kentucky Hilltoppers,Western Kentucky,Hilltoppers,WKU,Conference USA,11,exact
2021-22,528782,Western Mich.,MAC,2711,Western Michigan Broncos,Western Michigan,Broncos,WMU,Mid-American Conference,14,exact
2021-22,528783,Wichita St.,AAC,2724,Wichita State Shockers,Wichita State,Shockers,WICH,American Conference,62,exact
2021-22,528784,William & Mary,CAA,2729,William & Mary Tribe,William & Mary,Tribe,W&M,Coastal Athletic Association,10,exact
2021-22,528785,Winthrop,Big South,2737,Winthrop Eagles,Winthrop,Eagles,WIN,Big South Conference,6,exact
2021-22,528787,Wisconsin,Big Ten,275,Wisconsin Badgers,Wisconsin,Badgers,WIS,Big Ten Conference,7,exact
2021-22,528807,Wofford,SoCon,2747,Wofford Terriers,Wofford,Terriers,WOF,Southern Conference,24,exact
2021-22,528789,Wright St.,Horizon,2750,Wright State Raiders,Wright State,Raiders,WRST,Horizon League,45,exact
2021-22,528790,Wyoming,Mountain West,2751,Wyoming Cowboys,Wyoming,Cowboys,WYO,Mountain West Conference,44,exact
2021-22,528791,Xavier,Big East,2752,Xavier Musketeers,Xavier,Musketeers,XAV,Big East Conference,4,exact
2021-22,528792,Yale,Ivy League,43,Yale Bulldogs,Yale,Bulldogs,YALE,Ivy League,12,exact
2021-22,528793,Youngstown St.,Horizon,2754,Youngstown State Penguins,Youngstown State,Penguins,YSU,Horizon League,45,exact
2022-23,542807,A&M-Corpus Christi,Southland,357,Texas A&M-Corpus Christi Islanders,Texas A&M-Corpus Christi,Islanders,AMCC,Southland Conference,25,dict
2022-23,542059,Abilene Christian,WAC,2000,Abilene Christian Wildcats,Abilene Christian,Wildcats,ACU,United Athletic Conference,30,exact
2022-23,542702,Air Force,Mountain West,2005,Air Force Falcons,Air Force,Falcons,AF,Mountain West Conference,44,exact
2022-23,542063,Akron,MAC,2006,Akron Zips,Akron,Zips,AKR,Mid-American Conference,14,exact
2022-23,542069,Alabama,SEC,333,Alabama Crimson Tide,Alabama,Crimson Tide,ALA,Southeastern Conference,23,exact
2022-23,542065,Alabama A&M,SWAC,2010,Alabama A&M Bulldogs,Alabama A&M,Bulldogs,AAMU,Southwestern Athletic Conference,26,exact
2022-23,542067,Alabama St.,SWAC,2011,Alabama State Hornets,Alabama State,Hornets,ALST,Southwestern Athletic Conference,26,exact
2022-23,542077,Alcorn,SWAC,2016,Alcorn State Braves,Alcorn State,Braves,ALCN,Southwestern Athletic Conference,26,dict
2022-23,542079,American,Patriot,44,American University Eagles,American University,Eagles,AMER,Patriot League,22,exact
2022-23,542083,App State,Sun Belt,2026,App State Mountaineers,App State,Mountaineers,APP,Sun Belt Conference,27,exact
2022-23,542088,Arizona,Pac-12,12,Arizona Wildcats,Arizona,Wildcats,ARIZ,Big 12 Conference,8,exact
2022-23,542084,Arizona St.,Pac-12,9,Arizona State Sun Devils,Arizona State,Sun Devils,ASU,Big 12 Conference,8,exact
2022-23,542789,Ark.-Pine Bluff,SWAC,2029,Arkansas-Pine Bluff Golden Lions,Arkansas-Pine Bluff,Golden Lions,UAPB,Southwestern Athletic Conference,26,dict
2022-23,542092,Arkansas,SEC,8,Arkansas Razorbacks,Arkansas,Razorbacks,ARK,Southeastern Conference,23,exact
2022-23,542090,Arkansas St.,Sun Belt,2032,Arkansas State Red Wolves,Arkansas State,Red Wolves,ARST,Sun Belt Conference,27,exact
2022-23,542704,Army West Point,Patriot,349,Army Black Knights,Army,Black Knights,ARMY,Patriot League,22,dict
2022-23,542097,Auburn,SEC,2,Auburn Tigers,Auburn,Tigers,AUB,Southeastern Conference,23,exact
2022-23,542099,Austin Peay,ASUN,2046,Austin Peay Governors,Austin Peay,Governors,APSU,Atlantic Sun Conference,46,exact
2022-23,542122,BYU,WCC,252,BYU Cougars,BYU,Cougars,BYU,Big 12 Conference,8,exact
2022-23,542101,Ball St.,MAC,2050,Ball State Cardinals,Ball State,Cardinals,BALL,Mid-American Conference,14,exact
2022-23,542105,Baylor,Big 12,239,Baylor Bears,Baylor,Bears,BAY,Big 12 Conference,8,exact
2022-23,542697,Bellarmine,ASUN,91,Bellarmine Knights,Bellarmine,Knights,BELL,Atlantic Sun Conference,46,exact
2022-23,542803,Belmont,MVC,2057,Belmont Bruins,Belmont,Bruins,BEL,Missouri Valley Conference,18,exact
2022-23,542107,Bethune-Cookman,SWAC,2065,Bethune-Cookman Wildcats,Bethune-Cookman,Wildcats,BCU,Southwestern Athletic Conference,26,exact
2022-23,542109,Binghamton,America East,2066,Binghamton Bearcats,Binghamton,Bearcats,BING,America East Conference,1,exact
2022-23,542111,Boise St.,Mountain West,68,Boise State Broncos,Boise State,Broncos,BOIS,Mountain West Conference,44,exact
2022-23,542114,Boston College,ACC,103,Boston College Eagles,Boston College,Eagles,BC,Atlantic Coast Conference,2,exact
2022-23,542116,Boston U.,Patriot,104,Boston University Terriers,Boston University,Terriers,BU,Patriot League,22,exact
2022-23,542118,Bowling Green,MAC,189,Bowling Green Falcons,Bowling Green,Falcons,BGSU,Mid-American Conference,14,exact
2022-23,542120,Bradley,MVC,71,Bradley Braves,Bradley,Braves,BRAD,Missouri Valley Conference,18,exact
2022-23,542124,Brown,Ivy League,225,Brown Bears,Brown,Bears,BRWN,Ivy League,12,exact
2022-23,542126,Bryant,America East,2803,Bryant Bulldogs,Bryant,Bulldogs,BRY,America East Conference,1,exact
2022-23,542129,Bucknell,Patriot,2083,Bucknell Bison,Bucknell,Bison,BUCK,Patriot League,22,exact
2022-23,542131,Buffalo,MAC,2084,Buffalo Bulls,Buffalo,Bulls,BUF,Mid-American Conference,14,exact
2022-23,542133,Butler,Big East,2086,Butler Bulldogs,Butler,Bulldogs,BTLR,Big East Conference,4,exact
2022-23,542139,CSU Bakersfield,Big West,2934,Cal State Bakersfield Roadrunners,Cal State Bakersfield,Roadrunners,CSUB,Big West Conference,9,alias
2022-23,542148,CSUN,Big West,2463,Cal State Northridge Matadors,Cal State Northridge,Matadors,CSUN,Big West Conference,9,exact
2022-23,542135,Cal Poly,Big West,13,Cal Poly Mustangs,Cal Poly,Mustangs,CP,Big West Conference,9,exact
2022-23,542144,Cal St. Fullerton,Big West,2239,Cal State Fullerton Titans,Cal State Fullerton,Titans,CSUF,Big West Conference,9,exact
2022-23,542153,California,Pac-12,25,California Golden Bears,California,Golden Bears,CAL,Atlantic Coast Conference,2,exact
2022-23,542055,California Baptist,WAC,2856,California Baptist Lancers,California Baptist,Lancers,CBU,United Athletic Conference,30,exact
2022-23,542164,Campbell,Big South,2097,Campbell Fighting Camels,Campbell,Fighting Camels,CAM,Coastal Athletic Association,10,exact
2022-23,542166,Canisius,MAAC,2099,Canisius Golden Griffins,Canisius,Golden Griffins,CAN,Metro Conference,13,exact
2022-23,542772,Central Ark.,ASUN,2110,Central Arkansas Bears,Central Arkansas,Bears,CARK,Atlantic Sun Conference,46,exact
2022-23,542168,Central Conn. St.,NEC,2115,Central Connecticut Blue Devils,Central Connecticut,Blue Devils,CCSU,Northeast Conference,19,dict
2022-23,542172,Central Mich.,MAC,2117,Central Michigan Chippewas,Central Michigan,Chippewas,CMU,Mid-American Conference,14,exact
2022-23,542103,Charleston So.,Big South,2127,Charleston Southern Buccaneers,Charleston Southern,Buccaneers,CHSO,Big South Conference,6,exact
2022-23,542443,Charlotte,C-USA,2429,Charlotte 49ers,Charlotte,49ers,CLT,American Conference,62,exact
2022-23,542665,Chattanooga,SoCon,236,Chattanooga Mocs,Chattanooga,Mocs,UTC,Southern Conference,24,exact
2022-23,542174,Chicago St.,Independent,2130,Chicago State Cougars,Chicago State,Cougars,CHST,Northeast Conference,19,exact
2022-23,542176,Cincinnati,AAC,2132,Cincinnati Bearcats,Cincinnati,Bearcats,CIN,Big 12 Conference,8,exact
2022-23,542178,Clemson,ACC,228,Clemson Tigers,Clemson,Tigers,CLEM,Atlantic Coast Conference,2,exact
2022-23,542180,Cleveland St.,Horizon,325,Cleveland State Vikings,Cleveland State,Vikings,CLE,Horizon League,45,exact
2022-23,542182,Coastal Carolina,Sun Belt,324,Coastal Carolina Chanticleers,Coastal Carolina,Chanticleers,CCU,Sun Belt Conference,27,exact
2022-23,542775,Col. of Charleston,CAA,232,Charleston Cougars,Charleston,Cougars,COFC,Coastal Athletic Association,10,dict
2022-23,542184,Colgate,Patriot,2142,Colgate Raiders,Colgate,Raiders,COLG,Patriot League,22,exact
2022-23,542189,Colorado,Pac-12,38,Colorado Buffaloes,Colorado,Buffaloes,COLO,Big 12 Conference,8,exact
2022-23,542186,Colorado St.,Mountain West,36,Colorado State Rams,Colorado State,Rams,CSU,Mountain West Conference,44,exact
2022-23,542191,Columbia,Ivy League,171,Columbia Lions,Columbia,Lions,COLU,Ivy League,12,exact
2022-23,542197,Coppin St.,MEAC,2154,Coppin State Eagles,Coppin State,Eagles,COPP,Mid-Eastern Athletic Conference,16,exact
2022-23,542199,Cornell,Ivy League,172,Cornell Big Red,Cornell,Big Red,COR,Ivy League,12,exact
2022-23,542201,Creighton,Big East,156,Creighton Bluejays,Creighton,Bluejays,CREI,Big East Conference,4,exact
2022-23,542203,Dartmouth,Ivy League,159,Dartmouth Big Green,Dartmouth,Big Green,DART,Ivy League,12,exact
2022-23,542206,Davidson,Atlantic 10,2166,Davidson Wildcats,Davidson,Wildcats,DAV,Atlantic 10 Conference,3,exact
2022-23,542208,Dayton,Atlantic 10,2168,Dayton Flyers,Dayton,Flyers,DAY,Atlantic 10 Conference,3,exact
2022-23,542212,DePaul,Big East,305,DePaul Blue Demons,DePaul,Blue Demons,DEP,Big East Conference,4,exact
2022-23,542217,Delaware,CAA,48,Delaware Blue Hens,Delaware,Blue Hens,DEL,Coastal Athletic Association,10,exact
2022-23,542215,Delaware St.,MEAC,2169,Delaware State Hornets,Delaware State,Hornets,DSU,Mid-Eastern Athletic Conference,16,exact
2022-23,542218,Denver,Summit League,2172,Denver Pioneers,Denver,Pioneers,DEN,Summit League,47,exact
2022-23,542220,Detroit Mercy,Horizon,2174,Detroit Mercy Titans,Detroit Mercy,Titans,DETM,Horizon League,45,exact
2022-23,542221,Drake,MVC,2181,Drake Bulldogs,Drake,Bulldogs,DRKE,Missouri Valley Conference,18,exact
2022-23,542224,Drexel,CAA,2182,Drexel Dragons,Drexel,Dragons,DREX,Coastal Athletic Association,10,exact
2022-23,542226,Duke,ACC,150,Duke Blue Devils,Duke,Blue Devils,DUKE,Atlantic Coast Conference,2,exact
2022-23,542228,Duquesne,Atlantic 10,2184,Duquesne Dukes,Duquesne,Dukes,DUQ,Atlantic 10 Conference,3,exact
2022-23,542231,ETSU,SoCon,2193,East Tennessee State Buccaneers,East Tennessee State,Buccaneers,ETSU,Southern Conference,24,exact
2022-23,542229,East Carolina,AAC,151,East Carolina Pirates,East Carolina,Pirates,ECU,American Conference,62,exact
2022-23,542233,Eastern Ill.,OVC,2197,Eastern Illinois Panthers,Eastern Illinois,Panthers,EIU,Ohio Valley Conference,20,exact
2022-23,542238,Eastern Ky.,ASUN,2198,Eastern Kentucky Colonels,Eastern Kentucky,Colonels,EKU,Atlantic Sun Conference,46,exact
2022-23,542241,Eastern Mich.,MAC,2199,Eastern Michigan Eagles,Eastern Michigan,Eagles,EMU,Mid-American Conference,14,exact
2022-23,542243,Eastern Wash.,Big Sky,331,Eastern Washington Eagles,Eastern Washington,Eagles,EWU,Big Sky Conference,5,exact
2022-23,542777,Elon,CAA,2210,Elon Phoenix,Elon,Phoenix,ELON,Coastal Athletic Association,10,exact
2022-23,542245,Evansville,MVC,339,Evansville Purple Aces,Evansville,Purple Aces,EVAN,Missouri Valley Conference,18,exact
2022-23,542812,FGCU,ASUN,526,Florida Gulf Coast Eagles,Florida Gulf Coast,Eagles,FGCU,Atlantic Sun Conference,46,exact
2022-23,542256,FIU,C-USA,2229,Florida International Panthers,Florida International,Panthers,FIU,Conference USA,11,exact
2022-23,542247,Fairfield,MAAC,2217,Fairfield Stags,Fairfield,Stags,FAIR,Metro Conference,13,exact
2022-23,542250,Fairleigh Dickinson,NEC,161,Fairleigh Dickinson Knights,Fairleigh Dickinson,Knights,FDU,Northeast Conference,19,exact
2022-23,542254,Fla. Atlantic,C-USA,2226,Florida Atlantic Owls,Florida Atlantic,Owls,FAU,American Conference,62,exact
2022-23,542261,Florida,SEC,57,Florida Gators,Florida,Gators,FLA,Southeastern Conference,23,exact
2022-23,542252,Florida A&M,SWAC,50,Florida A&M Rattlers,Florida A&M,Rattlers,FAMU,Southwestern Athletic Conference,26,exact
2022-23,542258,Florida St.,ACC,52,Florida State Seminoles,Florida State,Seminoles,FSU,Atlantic Coast Conference,2,exact
2022-23,542263,Fordham,Atlantic 10,2230,Fordham Rams,Fordham,Rams,FOR,Atlantic 10 Conference,3,exact
2022-23,542142,Fresno St.,Mountain West,278,Fresno State Bulldogs,Fresno State,Bulldogs,FRES,Mountain West Conference,44,exact
2022-23,542265,Furman,SoCon,231,Furman Paladins,Furman,Paladins,FUR,Southern Conference,24,exact
2022-23,542275,Ga. Southern,Sun Belt,290,Georgia Southern Eagles,Georgia Southern,Eagles,GASO,Sun Belt Conference,27,exact
2022-23,542778,Gardner-Webb,Big South,2241,Gardner-Webb Runnin' Bulldogs,Gardner-Webb,Runnin' Bulldogs,GWEB,Big South Conference,6,exact
2022-23,542267,George Mason,Atlantic 10,2244,George Mason Patriots,George Mason,Patriots,GMU,Atlantic 10 Conference,3,exact
2022-23,542270,George Washington,Atlantic 10,45,George Washington Revolutionaries,George Washington,Revolutionaries,GW,Atlantic 10 Conference,3,exact
2022-23,542272,Georgetown,Big East,46,Georgetown Hoyas,Georgetown,Hoyas,GTWN,Big East Conference,4,exact
2022-23,542280,Georgia,SEC,61,Georgia Bulldogs,Georgia,Bulldogs,UGA,Southeastern Conference,23,exact
2022-23,542277,Georgia St.,Sun Belt,2247,Georgia State Panthers,Georgia State,Panthers,GAST,Sun Belt Conference,27,exact
2022-23,542279,Georgia Tech,ACC,59,Georgia Tech Yellow Jackets,Georgia Tech,Yellow Jackets,GT,Atlantic Coast Conference,2,exact
2022-23,542282,Gonzaga,WCC,2250,Gonzaga Bulldogs,Gonzaga,Bulldogs,GONZ,West Coast Conference,29,exact
2022-23,542284,Grambling,SWAC,2755,Grambling Tigers,Grambling,Tigers,GRAM,Southwestern Athletic Conference,26,exact
2022-23,542780,Grand Canyon,WAC,2253,Grand Canyon Lopes,Grand Canyon,Lopes,GCU,United Athletic Conference,30,exact
2022-23,542755,Green Bay,Horizon,2739,Green Bay Phoenix,Green Bay,Phoenix,GB,Horizon League,45,exact
2022-23,542286,Hampton,CAA,2261,Hampton Pirates,Hampton,Pirates,HAMP,Coastal Athletic Association,10,exact
2022-23,542288,Hartford,America East,42,Hartford Hawks,Hartford,Hawks,HART,,,exact
2022-23,542291,Harvard,Ivy League,108,Harvard Crimson,Harvard,Crimson,HARV,Ivy League,12,exact
2022-23,542293,Hawaii,Big West,62,Hawai'i Rainbow Warriors,Hawai'i,Rainbow Warriors,HAW,Big West Conference,9,dict
2022-23,542805,High Point,Big South,2272,High Point Panthers,High Point,Panthers,HPU,Big South Conference,6,exact
2022-23,542295,Hofstra,CAA,2275,Hofstra Pride,Hofstra,Pride,HOF,Coastal Athletic Association,10,exact
2022-23,542297,Holy Cross,Patriot,107,Holy Cross Crusaders,Holy Cross,Crusaders,HC,Patriot League,22,exact
2022-23,542302,Houston,AAC,248,Houston Cougars,Houston,Cougars,HOU,Big 12 Conference,8,exact
2022-23,542300,Houston Christian,Southland,2277,Houston Christian Huskies,Houston Christian,Huskies,HCU,Southland Conference,25,exact
2022-23,542303,Howard,MEAC,47,Howard Bison,Howard,Bison,HOW,Mid-Eastern Athletic Conference,16,exact
2022-23,542790,IUPUI,Horizon,85,IU Indianapolis Jaguars,IU Indianapolis,Jaguars,IUIN,Horizon League,45,alias
2022-23,542306,Idaho,Big Sky,70,Idaho Vandals,Idaho,Vandals,IDHO,Big Sky Conference,5,exact
2022-23,542304,Idaho St.,Big Sky,304,Idaho State Bengals,Idaho State,Bengals,IDST,Big Sky Conference,5,exact
2022-23,542310,Illinois,Big Ten,356,Illinois Fighting Illini,Illinois,Fighting Illini,ILL,Big Ten Conference,7,exact
2022-23,542308,Illinois St.,MVC,2287,Illinois State Redbirds,Illinois State,Redbirds,ILST,Missouri Valley Conference,18,exact
2022-23,542315,Indiana,Big Ten,84,Indiana Hoosiers,Indiana,Hoosiers,IU,Big Ten Conference,7,exact
2022-23,542313,Indiana St.,MVC,282,Indiana State Sycamores,Indiana State,Sycamores,INST,Missouri Valley Conference,18,exact
2022-23,542320,Iona,MAAC,314,Iona Gaels,Iona,Gaels,IONA,Metro Conference,13,exact
2022-23,542324,Iowa,Big Ten,2294,Iowa Hawkeyes,Iowa,Hawkeyes,IOWA,Big Ten Conference,7,exact
2022-23,542322,Iowa St.,Big 12,66,Iowa State Cyclones,Iowa State,Cyclones,ISU,Big 12 Conference,8,exact
2022-23,542326,Jackson St.,SWAC,2296,Jackson State Tigers,Jackson State,Tigers,JKST,Southwestern Athletic Conference,26,exact
2022-23,542330,Jacksonville,ASUN,294,Jacksonville Dolphins,Jacksonville,Dolphins,JAX,Atlantic Sun Conference,46,exact
2022-23,542328,Jacksonville St.,ASUN,55,Jacksonville State Gamecocks,Jacksonville State,Gamecocks,JXST,Conference USA,11,exact
2022-23,542332,James Madison,Sun Belt,256,James Madison Dukes,James Madison,Dukes,JMU,Sun Belt Conference,27,exact
2022-23,542336,Kansas,Big 12,2305,Kansas Jayhawks,Kansas,Jayhawks,KU,Big 12 Conference,8,exact
2022-23,542792,Kansas City,Summit League,140,Kansas City Roos,Kansas City,Roos,KC,Summit League,47,exact
2022-23,542334,Kansas St.,Big 12,2306,Kansas State Wildcats,Kansas State,Wildcats,KSU,Big 12 Conference,8,exact
2022-23,542782,Kennesaw St.,ASUN,338,Kennesaw State Owls,Kennesaw State,Owls,KENN,Conference USA,11,exact
2022-23,542338,Kent St.,MAC,2309,Kent State Golden Flashes,Kent State,Golden Flashes,KENT,Mid-American Conference,14,exact
2022-23,542340,Kentucky,SEC,96,Kentucky Wildcats,Kentucky,Wildcats,UK,Southeastern Conference,23,exact
2022-23,542353,LIU,NEC,112358,Long Island University Sharks,Long Island University,Sharks,LIU,Northeast Conference,19,exact
2022-23,542367,LMU (CA),WCC,2351,Loyola Marymount Lions,Loyola Marymount,Lions,LMU,West Coast Conference,29,dict
2022-23,542358,LSU,SEC,99,LSU Tigers,LSU,Tigers,LSU,Southeastern Conference,23,exact
2022-23,542343,La Salle,Atlantic 10,2325,La Salle Explorers,La Salle,Explorers,LAS,Atlantic 10 Conference,3,exact
2022-23,542345,Lafayette,Patriot,322,Lafayette Leopards,Lafayette,Leopards,LAF,Patriot League,22,exact
2022-23,542347,Lamar University,WAC,2320,Lamar Cardinals,Lamar,Cardinals,LAM,Southland Conference,25,dict
2022-23,542348,Lehigh,Patriot,2329,Lehigh Mountain Hawks,Lehigh,Mountain Hawks,LEH,Patriot League,22,exact
2022-23,542351,Liberty,ASUN,2335,Liberty Flames,Liberty,Flames,LIB,Conference USA,11,exact
2022-23,543536,Lindenwood,OVC,2815,Lindenwood Lions,Lindenwood,Lions,LIN,Ohio Valley Conference,20,exact
2022-23,542809,Lipscomb,ASUN,288,Lipscomb Bisons,Lipscomb,Bisons,LIP,Atlantic Sun Conference,46,exact
2022-23,542094,Little Rock,OVC,2031,Little Rock Trojans,Little Rock,Trojans,LR,Ohio Valley Conference,20,exact
2022-23,542146,Long Beach St.,Big West,299,Long Beach State Beach,Long Beach State,Beach,LBSU,Big West Conference,9,exact
2022-23,542355,Longwood,Big South,2344,Longwood Lancers,Longwood,Lancers,LONG,Big South Conference,6,exact
2022-23,542647,Louisiana,Sun Belt,309,Louisiana Ragin' Cajuns,Louisiana,Ragin' Cajuns,UL,Sun Belt Conference,27,exact
2022-23,542360,Louisiana Tech,C-USA,2348,Louisiana Tech Bulldogs,Louisiana Tech,Bulldogs,LT,Conference USA,11,exact
2022-23,542362,Louisville,ACC,97,Louisville Cardinals,Louisville,Cardinals,LOU,Atlantic Coast Conference,2,exact
2022-23,542369,Loyola Chicago,Atlantic 10,2350,Loyola Chicago Ramblers,Loyola Chicago,Ramblers,LUC,Atlantic 10 Conference,3,exact
2022-23,542365,Loyola Maryland,Patriot,2352,Loyola Maryland Greyhounds,Loyola Maryland,Greyhounds,L-MD,Patriot League,22,exact
2022-23,542371,Maine,America East,311,Maine Black Bears,Maine,Black Bears,ME,America East Conference,1,exact
2022-23,542373,Manhattan,MAAC,2363,Manhattan Jaspers,Manhattan,Jaspers,MAN,Metro Conference,13,exact
2022-23,542375,Marist,MAAC,2368,Marist Red Foxes,Marist,Red Foxes,MRST,Metro Conference,13,exact
2022-23,542378,Marquette,Big East,269,Marquette Golden Eagles,Marquette,Golden Eagles,MARQ,Big East Conference,4,exact
2022-23,542380,Marshall,Sun Belt,276,Marshall Thundering Herd,Marshall,Thundering Herd,MRSH,Sun Belt Conference,27,exact
2022-23,542384,Maryland,Big Ten,120,Maryland Terrapins,Maryland,Terrapins,MD,Big Ten Conference,7,exact
2022-23,542389,Massachusetts,Atlantic 10,113,Massachusetts Minutemen,Massachusetts,Minutemen,MASS,Atlantic 10 Conference,3,exact
2022-23,542392,McNeese,Southland,2377,McNeese Cowboys,McNeese,Cowboys,MCN,Southland Conference,25,exact
2022-23,542394,Memphis,AAC,235,Memphis Tigers,Memphis,Tigers,MEM,American Conference,62,exact
2022-23,542396,Mercer,SoCon,2382,Mercer Bears,Mercer,Bears,MER,Southern Conference,24,exact
2022-23,542817,Merrimack,NEC,2771,Merrimack Warriors,Merrimack,Warriors,MRMK,Metro Conference,13,exact
2022-23,542401,Miami (FL),ACC,2390,Miami Hurricanes,Miami,Hurricanes,MIA,Atlantic Coast Conference,2,dict
2022-23,542399,Miami (OH),MAC,193,Miami (OH) RedHawks,Miami (OH),RedHawks,M-OH,Mid-American Conference,14,exact
2022-23,542405,Michigan,Big Ten,130,Michigan Wolverines,Michigan,Wolverines,MICH,Big Ten Conference,7,exact
2022-23,542403,Michigan St.,Big Ten,127,Michigan State Spartans,Michigan State,Spartans,MSU,Big Ten Conference,7,exact
2022-23,542408,Middle Tenn.,C-USA,2393,Middle Tennessee Blue Raiders,Middle Tennessee,Blue Raiders,MTSU,Conference USA,11,exact
2022-23,542760,Milwaukee,Horizon,270,Milwaukee Panthers,Milwaukee,Panthers,MILW,Horizon League,45,exact
2022-23,542409,Minnesota,Big Ten,135,Minnesota Golden Gophers,Minnesota,Golden Gophers,MINN,Big Ten Conference,7,exact
2022-23,542412,Mississippi St.,SEC,344,Mississippi State Bulldogs,Mississippi State,Bulldogs,MSST,Southeastern Conference,23,exact
2022-23,542415,Mississippi Val.,SWAC,2400,Mississippi Valley State Delta Devils,Mississippi Valley State,Delta Devils,MVSU,Southwestern Athletic Conference,26,dict
2022-23,542421,Missouri,SEC,142,Missouri Tigers,Missouri,Tigers,MIZ,Southeastern Conference,23,exact
2022-23,542643,Missouri St.,MVC,2623,Missouri State Bears,Missouri State,Bears,MOST,Missouri Valley Conference,18,exact
2022-23,542423,Monmouth,CAA,2405,Monmouth Hawks,Monmouth,Hawks,MONM,Coastal Athletic Association,10,exact
2022-23,542428,Montana,Big Sky,149,Montana Grizzlies,Montana,Grizzlies,MONT,Big Sky Conference,5,exact
2022-23,542426,Montana St.,Big Sky,147,Montana State Bobcats,Montana State,Bobcats,MTST,Big Sky Conference,5,exact
2022-23,542430,Morehead St.,OVC,2413,Morehead State Eagles,Morehead State,Eagles,MORE,Ohio Valley Conference,20,exact
2022-23,542432,Morgan St.,MEAC,2415,Morgan State Bears,Morgan State,Bears,MORG,Mid-Eastern Athletic Conference,16,exact
2022-23,542435,Mount St. Mary's,MAAC,116,Mount St. Mary's Mountaineers,Mount St. Mary's,Mountaineers,MSM,Metro Conference,13,exact
2022-23,542437,Murray St.,MVC,93,Murray State Racers,Murray State,Racers,MUR,Missouri Valley Conference,18,exact
2022-23,542472,N.C. A&T,CAA,2448,North Carolina A&T Aggies,North Carolina A&T,Aggies,NCAT,Coastal Athletic Association,10,exact
2022-23,542474,N.C. Central,MEAC,2428,North Carolina Central Eagles,North Carolina Central,Eagles,NCCU,Mid-Eastern Athletic Conference,16,exact
2022-23,542476,NC State,ACC,152,NC State Wolfpack,NC State,Wolfpack,NCSU,Atlantic Coast Conference,2,exact
2022-23,542493,NIU,MAC,2459,Northern Illinois Huskies,Northern Illinois,Huskies,NIU,Mid-American Conference,14,exact
2022-23,542459,NJIT,America East,2885,NJIT Highlanders,NJIT,Highlanders,NJIT,America East Conference,1,exact
2022-23,542706,Navy,Patriot,2426,Navy Midshipmen,Navy,Midshipmen,NAVY,Patriot League,22,exact
2022-23,542450,Nebraska,Big Ten,158,Nebraska Cornhuskers,Nebraska,Cornhuskers,NEB,Big Ten Conference,7,exact
2022-23,542455,Nevada,Mountain West,2440,Nevada Wolf Pack,Nevada,Wolf Pack,NEV,Mountain West Conference,44,exact
2022-23,542458,New Hampshire,America East,160,New Hampshire Wildcats,New Hampshire,Wildcats,UNH,America East Conference,1,exact
2022-23,542463,New Mexico,Mountain West,167,New Mexico Lobos,New Mexico,Lobos,UNM,Mountain West Conference,44,exact
2022-23,542461,New Mexico St.,WAC,166,New Mexico State Aggies,New Mexico State,Aggies,NMSU,Conference USA,11,exact
2022-23,542464,New Orleans,Southland,2443,LSU New Orleans Privateers,LSU New Orleans,Privateers,NOLA,Southland Conference,25,exact
2022-23,542466,Niagara,MAAC,315,Niagara Purple Eagles,Niagara,Purple Eagles,NIA,Metro Conference,13,exact
2022-23,542468,Nicholls,Southland,2447,Nicholls Colonels,Nicholls,Colonels,NICH,Southland Conference,25,exact
2022-23,542470,Norfolk St.,MEAC,2450,Norfolk State Spartans,Norfolk State,Spartans,NORF,Mid-Eastern Athletic Conference,16,exact
2022-23,542057,North Ala.,ASUN,2453,North Alabama Lions,North Alabama,Lions,UNA,Atlantic Sun Conference,46,exact
2022-23,542441,North Carolina,ACC,153,North Carolina Tar Heels,North Carolina,Tar Heels,UNC,Atlantic Coast Conference,2,exact
2022-23,542480,North Dakota,Summit League,155,North Dakota Fighting Hawks,North Dakota,Fighting Hawks,UND,Summit League,47,exact
2022-23,542478,North Dakota St.,Summit League,2449,North Dakota State Bison,North Dakota State,Bison,NDSU,Summit League,47,exact
2022-23,542794,North Florida,ASUN,2454,North Florida Ospreys,North Florida,Ospreys,UNF,Atlantic Sun Conference,46,exact
2022-23,542482,North Texas,C-USA,249,North Texas Mean Green,North Texas,Mean Green,UNT,American Conference,62,exact
2022-23,542486,Northeastern,CAA,111,Northeastern Huskies,Northeastern,Huskies,NE,Coastal Athletic Association,10,exact
2022-23,542488,Northern Ariz.,Big Sky,2464,Northern Arizona Lumberjacks,Northern Arizona,Lumberjacks,NAU,Big Sky Conference,5,exact
2022-23,542490,Northern Colo.,Big Sky,2458,Northern Colorado Bears,Northern Colorado,Bears,UNCO,Big Sky Conference,5,exact
2022-23,542497,Northern Ky.,Horizon,94,Northern Kentucky Norse,Northern Kentucky,Norse,NKU,Horizon League,45,exact
2022-23,542500,Northwestern,Big Ten,77,Northwestern Wildcats,Northwestern,Wildcats,NU,Big Ten Conference,7,exact
2022-23,542498,Northwestern St.,Southland,2466,Northwestern State Demons,Northwestern State,Demons,NWST,Southland Conference,25,exact
2022-23,542503,Notre Dame,ACC,87,Notre Dame Fighting Irish,Notre Dame,Fighting Irish,ND,Atlantic Coast Conference,2,exact
2022-23,542506,Oakland,Horizon,2473,Oakland Golden Grizzlies,Oakland,Golden Grizzlies,OAK,Horizon League,45,exact
2022-23,542510,Ohio,MAC,195,Ohio Bobcats,Ohio,Bobcats,OHIO,Mid-American Conference,14,exact
2022-23,542508,Ohio St.,Big Ten,194,Ohio State Buckeyes,Ohio State,Buckeyes,OSU,Big Ten Conference,7,exact
2022-23,542514,Oklahoma,Big 12,201,Oklahoma Sooners,Oklahoma,Sooners,OU,Southeastern Conference,23,exact
2022-23,542512,Oklahoma St.,Big 12,197,Oklahoma State Cowboys,Oklahoma State,Cowboys,OKST,Big 12 Conference,8,exact
2022-23,542516,Old Dominion,Sun Belt,295,Old Dominion Monarchs,Old Dominion,Monarchs,ODU,Sun Belt Conference,27,exact
2022-23,542418,Ole Miss,SEC,145,Ole Miss Rebels,Ole Miss,Rebels,MISS,Southeastern Conference,23,exact
2022-23,542452,Omaha,Summit League,2437,Omaha Mavericks,Omaha,Mavericks,OMA,Summit League,47,exact
2022-23,542518,Oral Roberts,Summit League,198,Oral Roberts Golden Eagles,Oral Roberts,Golden Eagles,ORU,Summit League,47,exact
2022-23,542522,Oregon,Pac-12,2483,Oregon Ducks,Oregon,Ducks,ORE,Big Ten Conference,7,exact
2022-23,542520,Oregon St.,Pac-12,204,Oregon State Beavers,Oregon State,Beavers,ORST,West Coast Conference,29,exact
2022-23,542525,Pacific,WCC,279,Pacific Tigers,Pacific,Tigers,PAC,West Coast Conference,29,exact
2022-23,542531,Penn,Ivy League,219,Pennsylvania Quakers,Pennsylvania,Quakers,PENN,Ivy League,12,exact
2022-23,542528,Penn St.,Big Ten,213,Penn State Nittany Lions,Penn State,Nittany Lions,PSU,Big Ten Conference,7,exact
2022-23,542533,Pepperdine,WCC,2492,Pepperdine Waves,Pepperdine,Waves,PEPP,West Coast Conference,29,exact
2022-23,542536,Pittsburgh,ACC,221,Pittsburgh Panthers,Pittsburgh,Panthers,PITT,Atlantic Coast Conference,2,exact
2022-23,542540,Portland,WCC,2501,Portland Pilots,Portland,Pilots,PORT,West Coast Conference,29,exact
2022-23,542538,Portland St.,Big Sky,2502,Portland State Vikings,Portland State,Vikings,PRST,Big Sky Conference,5,exact
2022-23,542543,Prairie View,SWAC,2504,Prairie View A&M Panthers,Prairie View A&M,Panthers,PV,Southwestern Athletic Conference,26,exact
2022-23,542784,Presbyterian,Big South,2506,Presbyterian Blue Hose,Presbyterian,Blue Hose,PRES,Big South Conference,6,exact
2022-23,542546,Princeton,Ivy League,163,Princeton Tigers,Princeton,Tigers,PRIN,Ivy League,12,exact
2022-23,542548,Providence,Big East,2507,Providence Friars,Providence,Friars,PROV,Big East Conference,4,exact
2022-23,542551,Purdue,Big Ten,2509,Purdue Boilermakers,Purdue,Boilermakers,PUR,Big Ten Conference,7,exact
2022-23,542318,Purdue Fort Wayne,Horizon,2870,Purdue Fort Wayne Mastodons,Purdue Fort Wayne,Mastodons,PFW,Horizon League,45,exact
2022-23,543491,Queens (NC),ASUN,2511,Queens University Royals,Queens University,Royals,QUC,Atlantic Sun Conference,46,dict
2022-23,542553,Quinnipiac,MAAC,2514,Quinnipiac Bobcats,Quinnipiac,Bobcats,QUIN,Metro Conference,13,exact
2022-23,542555,Radford,Big South,2515,Radford Highlanders,Radford,Highlanders,RAD,Big South Conference,6,exact
2022-23,542557,Rhode Island,Atlantic 10,227,Rhode Island Rams,Rhode Island,Rams,URI,Atlantic 10 Conference,3,exact
2022-23,542559,Rice,C-USA,242,Rice Owls,Rice,Owls,RICE,American Conference,62,exact
2022-23,542561,Richmond,Atlantic 10,257,Richmond Spiders,Richmond,Spiders,RICH,Atlantic 10 Conference,3,exact
2022-23,542562,Rider,MAAC,2520,Rider Broncs,Rider,Broncs,RID,Metro Conference,13,exact
2022-23,542565,Robert Morris,Horizon,2523,Robert Morris Colonials,Robert Morris,Colonials,RMU,Horizon League,45,exact
2022-23,542567,Rutgers,Big Ten,164,Rutgers Scarlet Knights,Rutgers,Scarlet Knights,RUTG,Big Ten Conference,7,exact
2022-23,542651,SFA,WAC,2617,Stephen F. Austin Lumberjacks,Stephen F. Austin,Lumberjacks,SFA,Southland Conference,25,exact
2022-23,542633,SIUE,OVC,2565,SIU Edwardsville Cougars,SIU Edwardsville,Cougars,SIUE,Ohio Valley Conference,20,exact
2022-23,542634,SMU,AAC,2567,SMU Mustangs,SMU,Mustangs,SMU,Atlantic Coast Conference,2,exact
2022-23,542149,Sacramento St.,Big Sky,16,Sacramento State Hornets,Sacramento State,Hornets,SAC,Big Sky Conference,5,exact
2022-23,542568,Sacred Heart,NEC,2529,Sacred Heart Pioneers,Sacred Heart,Pioneers,SHU,Metro Conference,13,exact
2022-23,542574,Saint Francis (PA),NEC,2598,St. Francis (PA) Red Flash,St. Francis (PA),Red Flash,SFPA,Northeast Conference,19,exact
2022-23,542578,Saint Joseph's,Atlantic 10,2603,Saint Joseph's Hawks,Saint Joseph's,Hawks,JOES,Atlantic 10 Conference,3,exact
2022-23,542580,Saint Louis,Atlantic 10,139,Saint Louis Billikens,Saint Louis,Billikens,SLU,Atlantic 10 Conference,3,exact
2022-23,542583,Saint Mary's (CA),WCC,2608,Saint Mary's Gaels,Saint Mary's,Gaels,SMC,West Coast Conference,29,dict
2022-23,542585,Saint Peter's,MAAC,2612,Saint Peter's Peacocks,Saint Peter's,Peacocks,SPU,Metro Conference,13,exact
2022-23,542587,Sam Houston,Southland,2534,Sam Houston Bearkats,Sam Houston,Bearkats,SHSU,Conference USA,11,exact
2022-23,542589,Samford,SoCon,2535,Samford Bulldogs,Samford,Bulldogs,SAM,Southern Conference,24,exact
2022-23,542593,San Diego,WCC,301,San Diego Toreros,San Diego,Toreros,USD,West Coast Conference,29,exact
2022-23,542590,San Diego St.,Mountain West,21,San Diego State Aztecs,San Diego State,Aztecs,SDSU,Mountain West Conference,44,exact
2022-23,542594,San Francisco,WCC,2539,San Francisco Dons,San Francisco,Dons,SF,West Coast Conference,29,exact
2022-23,542596,San Jose St.,Mountain West,23,San José State Spartans,San José State,Spartans,SJSU,Mountain West Conference,44,dict
2022-23,542599,Santa Clara,WCC,2541,Santa Clara Broncos,Santa Clara,Broncos,SCU,West Coast Conference,29,exact
2022-23,542786,Seattle U,WAC,2547,Seattle U Redhawks,Seattle U,Redhawks,SEA,United Athletic Conference,30,exact
2022-23,542602,Seton Hall,Big East,2550,Seton Hall Pirates,Seton Hall,Pirates,HALL,Big East Conference,4,exact
2022-23,542604,Siena,MAAC,2561,Siena Saints,Siena,Saints,SIE,Metro Conference,13,exact
2022-23,542607,South Alabama,Sun Belt,6,South Alabama Jaguars,South Alabama,Jaguars,USA,Sun Belt Conference,27,exact
2022-23,542612,South Carolina,SEC,2579,South Carolina Gamecocks,South Carolina,Gamecocks,SC,Southeastern Conference,23,exact
2022-23,542610,South Carolina St.,MEAC,2569,South Carolina State Bulldogs,South Carolina State,Bulldogs,SCST,Mid-Eastern Athletic Conference,16,exact
2022-23,542618,South Dakota,Summit League,233,South Dakota Coyotes,South Dakota,Coyotes,SDAK,Summit League,47,exact
2022-23,542615,South Dakota St.,Summit League,2571,South Dakota State Jackrabbits,South Dakota State,Jackrabbits,SDST,Summit League,47,exact
2022-23,542621,South Fla.,AAC,58,South Florida Bulls,South Florida,Bulls,USF,American Conference,62,exact
2022-23,542624,Southeast Mo. St.,OVC,2546,Southeast Missouri State Redhawks,Southeast Missouri State,Redhawks,SEMO,Ohio Valley Conference,20,exact
2022-23,542626,Southeastern La.,Southland,2545,SE Louisiana Lions,SE Louisiana,Lions,SELA,Southland Conference,25,dict
2022-23,542628,Southern California,Pac-12,30,USC Trojans,USC,Trojans,USC,Big Ten Conference,7,dict
2022-23,542630,Southern Ill.,MVC,79,Southern Illinois Salukis,Southern Illinois,Salukis,SIU,Missouri Valley Conference,18,exact
2022-23,543608,Southern Ind.,OVC,88,Southern Indiana Screaming Eagles,Southern Indiana,Screaming Eagles,USI,Ohio Valley Conference,20,alias
2022-23,542637,Southern Miss.,Sun Belt,2572,Southern Miss Golden Eagles,Southern Miss,Golden Eagles,USM,Sun Belt Conference,27,dict
2022-23,542639,Southern U.,SWAC,2582,Southern Jaguars,Southern,Jaguars,SOU,Southwestern Athletic Conference,26,dict
2022-23,542641,Southern Utah,WAC,253,Southern Utah Thunderbirds,Southern Utah,Thunderbirds,SUU,United Athletic Conference,30,exact
2022-23,542570,St. Bonaventure,Atlantic 10,179,St. Bonaventure Bonnies,St. Bonaventure,Bonnies,SBU,Atlantic 10 Conference,3,exact
2022-23,542572,St. Francis Brooklyn,NEC,2597,St. Francis Brooklyn Terriers,St. Francis Brooklyn,Terriers,SFNY,,,exact
2022-23,542576,St. John's (NY),Big East,2599,St. John's Red Storm,St. John's,Red Storm,SJU,Big East Conference,4,dict
2022-23,542236,St. Thomas (MN),Summit League,2900,St. Thomas Tommies,St. Thomas,Tommies,STMN,Summit League,47,alias
2022-23,542649,Stanford,Pac-12,24,Stanford Cardinal,Stanford,Cardinal,STAN,Atlantic Coast Conference,2,exact
2022-23,542653,Stetson,ASUN,56,Stetson Hatters,Stetson,Hatters,STET,Atlantic Sun Conference,46,exact
2022-23,543609,Stonehill,NEC,284,Stonehill Skyhawks,Stonehill,Skyhawks,STO,Northeast Conference,19,exact
2022-23,542655,Stony Brook,America East,2619,Stony Brook Seawolves,Stony Brook,Seawolves,STBK,Coastal Athletic Association,10,exact
2022-23,542657,Syracuse,ACC,183,Syracuse Orange,Syracuse,Orange,SYR,Atlantic Coast Conference,2,exact
2022-23,542672,TCU,Big 12,2628,TCU Horned Frogs,TCU,Horned Frogs,TCU,Big 12 Conference,8,exact
2022-23,542050,Tarleton St.,WAC,2627,Tarleton State Texans,Tarleton State,Texans,TAR,United Athletic Conference,30,exact
2022-23,542659,Temple,AAC,218,Temple Owls,Temple,Owls,TEM,American Conference,62,exact
2022-23,542666,Tennessee,SEC,2633,Tennessee Volunteers,Tennessee,Volunteers,TENN,Southeastern Conference,23,exact
2022-23,542661,Tennessee St.,OVC,2634,Tennessee State Tigers,Tennessee State,Tigers,TNST,Ohio Valley Conference,20,exact
2022-23,542663,Tennessee Tech,OVC,2635,Tennessee Tech Golden Eagles,Tennessee Tech,Golden Eagles,TNTC,Ohio Valley Conference,20,exact
2022-23,543645,Tex. A&M-Commerce,Southland,2837,East Texas A&M Lions,East Texas A&M,Lions,ETAM,Southland Conference,25,alias
2022-23,542680,Texas,Big 12,251,Texas Longhorns,Texas,Longhorns,TEX,Southeastern Conference,23,exact
2022-23,542669,Texas A&M,SEC,245,Texas A&M Aggies,Texas A&M,Aggies,TA&M,Southeastern Conference,23,exact
2022-23,542674,Texas Southern,SWAC,2640,Texas Southern Tigers,Texas Southern,Tigers,TXSO,Southwestern Athletic Conference,26,exact
2022-23,542645,Texas St.,Sun Belt,326,Texas State Bobcats,Texas State,Bobcats,TXST,Sun Belt Conference,27,exact
2022-23,542676,Texas Tech,Big 12,2641,Texas Tech Red Raiders,Texas Tech,Red Raiders,TTU,Big 12 Conference,8,exact
2022-23,542686,Toledo,MAC,2649,Toledo Rockets,Toledo,Rockets,TOL,Mid-American Conference,14,exact
2022-23,542689,Towson,CAA,119,Towson Tigers,Towson,Tigers,TOW,Coastal Athletic Association,10,exact
2022-23,542691,Troy,Sun Belt,2653,Troy Trojans,Troy,Trojans,TROY,Sun Belt Conference,27,exact
2022-23,542692,Tulane,AAC,2655,Tulane Green Wave,Tulane,Green Wave,TULN,American Conference,62,exact
2022-23,542699,Tulsa,AAC,202,Tulsa Golden Hurricane,Tulsa,Golden Hurricane,TLSA,American Conference,62,exact
2022-23,542072,UAB,C-USA,5,UAB Blazers,UAB,Blazers,UAB,American Conference,62,exact
2022-23,542075,UAlbany,America East,399,UAlbany Great Danes,UAlbany,Great Danes,UALB,America East Conference,1,exact
2022-23,542156,UC Davis,Big West,302,UC Davis Aggies,UC Davis,Aggies,UCD,Big West Conference,9,exact
2022-23,542158,UC Irvine,Big West,300,UC Irvine Anteaters,UC Irvine,Anteaters,UCI,Big West Conference,9,exact
2022-23,542163,UC Riverside,Big West,27,UC Riverside Highlanders,UC Riverside,Highlanders,UCR,Big West Conference,9,exact
2022-23,542819,UC San Diego,Big West,28,UC San Diego Tritons,UC San Diego,Tritons,UCSD,Big West Conference,9,exact
2022-23,542151,UC Santa Barbara,Big West,2540,UC Santa Barbara Gauchos,UC Santa Barbara,Gauchos,UCSB,Big West Conference,9,exact
2022-23,542169,UCF,AAC,2116,UCF Knights,UCF,Knights,UCF,Big 12 Conference,8,exact
2022-23,542160,UCLA,Pac-12,26,UCLA Bruins,UCLA,Bruins,UCLA,Big Ten Conference,7,exact
2022-23,542194,UConn,Big East,41,UConn Huskies,UConn,Huskies,CONN,Big East Conference,4,exact
2022-23,542312,UIC,MVC,82,UIC Flames,UIC,Flames,UIC,Missouri Valley Conference,18,exact
2022-23,542796,UIW,Southland,2916,Incarnate Word Cardinals,Incarnate Word,Cardinals,UIW,Southland Conference,25,exact
2022-23,542484,ULM,Sun Belt,2433,UL Monroe Warhawks,UL Monroe,Warhawks,ULM,Sun Belt Conference,27,exact
2022-23,542382,UMBC,America East,2378,UMBC Retrievers,UMBC,Retrievers,UMBC,America East Conference,1,exact
2022-23,542386,UMES,MEAC,2379,Maryland Eastern Shore Hawks,Maryland Eastern Shore,Hawks,UMES,Mid-Eastern Athletic Conference,16,exact
2022-23,542364,UMass Lowell,America East,2349,UMass Lowell River Hawks,UMass Lowell,River Hawks,UML,America East Conference,1,exact
2022-23,542439,UNC Asheville,Big South,2427,UNC Asheville Bulldogs,UNC Asheville,Bulldogs,UNCA,Big South Conference,6,exact
2022-23,542446,UNC Greensboro,SoCon,2430,UNC Greensboro Spartans,UNC Greensboro,Spartans,UNCG,Southern Conference,24,exact
2022-23,542448,UNCW,CAA,350,UNC Wilmington Seahawks,UNC Wilmington,Seahawks,UNCW,Coastal Athletic Association,10,exact
2022-23,542495,UNI,MVC,2460,Northern Iowa Panthers,Northern Iowa,Panthers,UNI,Missouri Valley Conference,18,exact
2022-23,542453,UNLV,Mountain West,2439,UNLV Rebels,UNLV,Rebels,UNLV,Mountain West Conference,44,exact
2022-23,542801,USC Upstate,Big South,2908,South Carolina Upstate Spartans,South Carolina Upstate,Spartans,UPST,Big South Conference,6,dict
2022-23,542678,UT Arlington,WAC,250,UT Arlington Mavericks,UT Arlington,Mavericks,UTA,United Athletic Conference,30,exact
2022-23,542668,UT Martin,OVC,2630,UT Martin Skyhawks,UT Martin,Skyhawks,UTM,Ohio Valley Conference,20,exact
2022-23,542683,UTEP,C-USA,2638,UTEP Miners,UTEP,Miners,UTEP,Conference USA,11,exact
2022-23,542527,UTRGV,WAC,292,UT Rio Grande Valley Vaqueros,UT Rio Grande Valley,Vaqueros,RGV,Southland Conference,25,dict
2022-23,542684,UTSA,C-USA,2636,UTSA Roadrunners,UTSA,Roadrunners,UTSA,American Conference,62,exact
2022-23,542710,Utah,Pac-12,254,Utah Utes,Utah,Utes,UTAH,Big 12 Conference,8,exact
2022-23,542708,Utah St.,Mountain West,328,Utah State Aggies,Utah State,Aggies,USU,Mountain West Conference,44,exact
2022-23,542695,Utah Tech,WAC,3101,Utah Tech Trailblazers,Utah Tech,Trailblazers,UTU,United Athletic Conference,30,exact
2022-23,542814,Utah Valley,WAC,3084,Utah Valley Wolverines,Utah Valley,Wolverines,UVU,United Athletic Conference,30,exact
2022-23,542721,VCU,Atlantic 10,2670,VCU Rams,VCU,Rams,VCU,Atlantic 10 Conference,3,exact
2022-23,542712,Valparaiso,MVC,2674,Valparaiso Beacons,Valparaiso,Beacons,VAL,Missouri Valley Conference,18,exact
2022-23,542715,Vanderbilt,SEC,238,Vanderbilt Commodores,Vanderbilt,Commodores,VAN,Southeastern Conference,23,exact
2022-23,542717,Vermont,America East,261,Vermont Catamounts,Vermont,Catamounts,UVM,America East Conference,1,exact
2022-23,542719,Villanova,Big East,222,Villanova Wildcats,Villanova,Wildcats,VILL,Big East Conference,4,exact
2022-23,542725,Virginia,ACC,258,Virginia Cavaliers,Virginia,Cavaliers,UVA,Atlantic Coast Conference,2,exact
2022-23,542723,Virginia Tech,ACC,259,Virginia Tech Hokies,Virginia Tech,Hokies,VT,Atlantic Coast Conference,2,exact
2022-23,542727,Wagner,NEC,2681,Wagner Seahawks,Wagner,Seahawks,WAG,Northeast Conference,19,exact
2022-23,542729,Wake Forest,ACC,154,Wake Forest Demon Deacons,Wake Forest,Demon Deacons,WAKE,Atlantic Coast Conference,2,exact
2022-23,542733,Washington,Pac-12,264,Washington Huskies,Washington,Huskies,WASH,Big Ten Conference,7,exact
2022-23,542731,Washington St.,Pac-12,265,Washington State Cougars,Washington State,Cougars,WSU,West Coast Conference,29,exact
2022-23,542736,Weber St.,Big Sky,2692,Weber State Wildcats,Weber State,Wildcats,WEB,Big Sky Conference,5,exact
2022-23,542738,West Virginia,Big 12,277,West Virginia Mountaineers,West Virginia,Mountaineers,WVU,Big 12 Conference,8,exact
2022-23,542740,Western Caro.,SoCon,2717,Western Carolina Catamounts,Western Carolina,Catamounts,WCU,Southern Conference,24,exact
2022-23,542742,Western Ill.,Summit League,2710,Western Illinois Leathernecks,Western Illinois,Leathernecks,WIU,Ohio Valley Conference,20,exact
2022-23,542745,Western Ky.,C-USA,98,Western Kentucky Hilltoppers,Western Kentucky,Hilltoppers,WKU,Conference USA,11,exact
2022-23,542747,Western Mich.,MAC,2711,Western Michigan Broncos,Western Michigan,Broncos,WMU,Mid-American Conference,14,exact
2022-23,542748,Wichita St.,AAC,2724,Wichita State Shockers,Wichita State,Shockers,WICH,American Conference,62,exact
2022-23,542750,William & Mary,CAA,2729,William & Mary Tribe,William & Mary,Tribe,W&M,Coastal Athletic Association,10,exact
2022-23,542752,Winthrop,Big South,2737,Winthrop Eagles,Winthrop,Eagles,WIN,Big South Conference,6,exact
2022-23,542757,Wisconsin,Big Ten,275,Wisconsin Badgers,Wisconsin,Badgers,WIS,Big Ten Conference,7,exact
2022-23,542799,Wofford,SoCon,2747,Wofford Terriers,Wofford,Terriers,WOF,Southern Conference,24,exact
2022-23,542762,Wright St.,Horizon,2750,Wright State Raiders,Wright State,Raiders,WRST,Horizon League,45,exact
2022-23,542764,Wyoming,Mountain West,2751,Wyoming Cowboys,Wyoming,Cowboys,WYO,Mountain West Conference,44,exact
2022-23,542766,Xavier,Big East,2752,Xavier Musketeers,Xavier,Musketeers,XAV,Big East Conference,4,exact
2022-23,542768,Yale,Ivy League,43,Yale Bulldogs,Yale,Bulldogs,YALE,Ivy League,12,exact
2022-23,542770,Youngstown St.,Horizon,2754,Youngstown State Penguins,Youngstown State,Penguins,YSU,Horizon League,45,exact
2023-24,560556,A&M-Corpus Christi,Southland,357,Texas A&M-Corpus Christi Islanders,Texas A&M-Corpus Christi,Islanders,AMCC,Southland Conference,25,dict
2023-24,560574,Abilene Christian,WAC,2000,Abilene Christian Wildcats,Abilene Christian,Wildcats,ACU,United Athletic Conference,30,exact
2023-24,561175,Air Force,MWC,2005,Air Force Falcons,Air Force,Falcons,AF,Mountain West Conference,44,exact
2023-24,560576,Akron,MAC,2006,Akron Zips,Akron,Zips,AKR,Mid-American Conference,14,exact
2023-24,560582,Alabama,SEC,333,Alabama Crimson Tide,Alabama,Crimson Tide,ALA,Southeastern Conference,23,exact
2023-24,560578,Alabama A&M,SWAC,2010,Alabama A&M Bulldogs,Alabama A&M,Bulldogs,AAMU,Southwestern Athletic Conference,26,exact
2023-24,560580,Alabama St.,SWAC,2011,Alabama State Hornets,Alabama State,Hornets,ALST,Southwestern Athletic Conference,26,exact
2023-24,560588,Alcorn,SWAC,2016,Alcorn State Braves,Alcorn State,Braves,ALCN,Southwestern Athletic Conference,26,dict
2023-24,560590,American,Patriot,44,American University Eagles,American University,Eagles,AMER,Patriot League,22,exact
2023-24,560592,App State,Sun Belt,2026,App State Mountaineers,App State,Mountaineers,APP,Sun Belt Conference,27,exact
2023-24,560595,Arizona,Pac-12,12,Arizona Wildcats,Arizona,Wildcats,ARIZ,Big 12 Conference,8,exact
2023-24,560594,Arizona St.,Pac-12,9,Arizona State Sun Devils,Arizona State,Sun Devils,ASU,Big 12 Conference,8,exact
2023-24,561256,Ark.-Pine Bluff,SWAC,2029,Arkansas-Pine Bluff Golden Lions,Arkansas-Pine Bluff,Golden Lions,UAPB,Southwestern Athletic Conference,26,dict
2023-24,560599,Arkansas,SEC,8,Arkansas Razorbacks,Arkansas,Razorbacks,ARK,Southeastern Conference,23,exact
2023-24,560597,Arkansas St.,Sun Belt,2032,Arkansas State Red Wolves,Arkansas State,Red Wolves,ARST,Sun Belt Conference,27,exact
2023-24,561177,Army West Point,Patriot,349,Army Black Knights,Army,Black Knights,ARMY,Patriot League,22,dict
2023-24,560603,Auburn,SEC,2,Auburn Tigers,Auburn,Tigers,AUB,Southeastern Conference,23,exact
2023-24,560605,Austin Peay,ASUN,2046,Austin Peay Governors,Austin Peay,Governors,APSU,Atlantic Sun Conference,46,exact
2023-24,560627,BYU,Big 12,252,BYU Cougars,BYU,Cougars,BYU,Big 12 Conference,8,exact
2023-24,560607,Ball St.,MAC,2050,Ball State Cardinals,Ball State,Cardinals,BALL,Mid-American Conference,14,exact
2023-24,560611,Baylor,Big 12,239,Baylor Bears,Baylor,Bears,BAY,Big 12 Conference,8,exact
2023-24,561171,Bellarmine,ASUN,91,Bellarmine Knights,Bellarmine,Knights,BELL,Atlantic Sun Conference,46,exact
2023-24,560553,Belmont,MVC,2057,Belmont Bruins,Belmont,Bruins,BEL,Missouri Valley Conference,18,exact
2023-24,560613,Bethune-Cookman,SWAC,2065,Bethune-Cookman Wildcats,Bethune-Cookman,Wildcats,BCU,Southwestern Athletic Conference,26,exact
2023-24,560615,Binghamton,America East,2066,Binghamton Bearcats,Binghamton,Bearcats,BING,America East Conference,1,exact
2023-24,560617,Boise St.,MWC,68,Boise State Broncos,Boise State,Broncos,BOIS,Mountain West Conference,44,exact
2023-24,560619,Boston College,ACC,103,Boston College Eagles,Boston College,Eagles,BC,Atlantic Coast Conference,2,exact
2023-24,560621,Boston U.,Patriot,104,Boston University Terriers,Boston University,Terriers,BU,Patriot League,22,exact
2023-24,560623,Bowling Green,MAC,189,Bowling Green Falcons,Bowling Green,Falcons,BGSU,Mid-American Conference,14,exact
2023-24,560625,Bradley,MVC,71,Bradley Braves,Bradley,Braves,BRAD,Missouri Valley Conference,18,exact
2023-24,560629,Brown,Ivy League,225,Brown Bears,Brown,Bears,BRWN,Ivy League,12,exact
2023-24,560630,Bryant,America East,2803,Bryant Bulldogs,Bryant,Bulldogs,BRY,America East Conference,1,exact
2023-24,560634,Bucknell,Patriot,2083,Bucknell Bison,Bucknell,Bison,BUCK,Patriot League,22,exact
2023-24,560636,Buffalo,MAC,2084,Buffalo Bulls,Buffalo,Bulls,BUF,Mid-American Conference,14,exact
2023-24,560638,Butler,Big East,2086,Butler Bulldogs,Butler,Bulldogs,BTLR,Big East Conference,4,exact
2023-24,560642,CSU Bakersfield,WAC,2934,Cal State Bakersfield Roadrunners,Cal State Bakersfield,Roadrunners,CSUB,Big West Conference,9,alias
2023-24,560650,CSUN,Big West,2463,Cal State Northridge Matadors,Cal State Northridge,Matadors,CSUN,Big West Conference,9,exact
2023-24,560640,Cal Poly,Big West,13,Cal Poly Mustangs,Cal Poly,Mustangs,CP,Big West Conference,9,exact
2023-24,560645,Cal St. Fullerton,Big West,2239,Cal State Fullerton Titans,Cal State Fullerton,Titans,CSUF,Big West Conference,9,exact
2023-24,560656,California,Pac-12,25,California Golden Bears,California,Golden Bears,CAL,Atlantic Coast Conference,2,exact
2023-24,560570,California Baptist,WAC,2856,California Baptist Lancers,California Baptist,Lancers,CBU,United Athletic Conference,30,exact
2023-24,560665,Campbell,CAA,2097,Campbell Fighting Camels,Campbell,Fighting Camels,CAM,Coastal Athletic Association,10,exact
2023-24,560668,Canisius,MAAC,2099,Canisius Golden Griffins,Canisius,Golden Griffins,CAN,Metro Conference,13,exact
2023-24,561240,Central Ark.,ASUN,2110,Central Arkansas Bears,Central Arkansas,Bears,CARK,Atlantic Sun Conference,46,exact
2023-24,560670,Central Conn. St.,NEC,2115,Central Connecticut Blue Devils,Central Connecticut,Blue Devils,CCSU,Northeast Conference,19,dict
2023-24,560673,Central Mich.,MAC,2117,Central Michigan Chippewas,Central Michigan,Chippewas,CMU,Mid-American Conference,14,exact
2023-24,560609,Charleston So.,Big South,2127,Charleston Southern Buccaneers,Charleston Southern,Buccaneers,CHSO,Big South Conference,6,exact
2023-24,560928,Charlotte,AAC,2429,Charlotte 49ers,Charlotte,49ers,CLT,American Conference,62,exact
2023-24,561140,Chattanooga,SoCon,236,Chattanooga Mocs,Chattanooga,Mocs,UTC,Southern Conference,24,exact
2023-24,560677,Cincinnati,Big 12,2132,Cincinnati Bearcats,Cincinnati,Bearcats,CIN,Big 12 Conference,8,exact
2023-24,560679,Clemson,ACC,228,Clemson Tigers,Clemson,Tigers,CLEM,Atlantic Coast Conference,2,exact
2023-24,560681,Cleveland St.,Horizon,325,Cleveland State Vikings,Cleveland State,Vikings,CLE,Horizon League,45,exact
2023-24,560684,Coastal Carolina,Sun Belt,324,Coastal Carolina Chanticleers,Coastal Carolina,Chanticleers,CCU,Sun Belt Conference,27,exact
2023-24,561242,Col. of Charleston,CAA,232,Charleston Cougars,Charleston,Cougars,COFC,Coastal Athletic Association,10,dict
2023-24,560686,Colgate,Patriot,2142,Colgate Raiders,Colgate,Raiders,COLG,Patriot League,22,exact
2023-24,560690,Colorado,Pac-12,38,Colorado Buffaloes,Colorado,Buffaloes,COLO,Big 12 Conference,8,exact
2023-24,560688,Colorado St.,MWC,36,Colorado State Rams,Colorado State,Rams,CSU,Mountain West Conference,44,exact
2023-24,560692,Columbia,Ivy League,171,Columbia Lions,Columbia,Lions,COLU,Ivy League,12,exact
2023-24,560697,Coppin St.,MEAC,2154,Coppin State Eagles,Coppin State,Eagles,COPP,Mid-Eastern Athletic Conference,16,exact
2023-24,560698,Cornell,Ivy League,172,Cornell Big Red,Cornell,Big Red,COR,Ivy League,12,exact
2023-24,560701,Creighton,Big East,156,Creighton Bluejays,Creighton,Bluejays,CREI,Big East Conference,4,exact
2023-24,560703,Dartmouth,Ivy League,159,Dartmouth Big Green,Dartmouth,Big Green,DART,Ivy League,12,exact
2023-24,560706,Davidson,Atlantic 10,2166,Davidson Wildcats,Davidson,Wildcats,DAV,Atlantic 10 Conference,3,exact
2023-24,560708,Dayton,Atlantic 10,2168,Dayton Flyers,Dayton,Flyers,DAY,Atlantic 10 Conference,3,exact
2023-24,560710,DePaul,Big East,305,DePaul Blue Demons,DePaul,Blue Demons,DEP,Big East Conference,4,exact
2023-24,560715,Delaware,CAA,48,Delaware Blue Hens,Delaware,Blue Hens,DEL,Coastal Athletic Association,10,exact
2023-24,560713,Delaware St.,MEAC,2169,Delaware State Hornets,Delaware State,Hornets,DSU,Mid-Eastern Athletic Conference,16,exact
2023-24,560717,Denver,Summit League,2172,Denver Pioneers,Denver,Pioneers,DEN,Summit League,47,exact
2023-24,560719,Detroit Mercy,Horizon,2174,Detroit Mercy Titans,Detroit Mercy,Titans,DETM,Horizon League,45,exact
2023-24,560720,Drake,MVC,2181,Drake Bulldogs,Drake,Bulldogs,DRKE,Missouri Valley Conference,18,exact
2023-24,560722,Drexel,CAA,2182,Drexel Dragons,Drexel,Dragons,DREX,Coastal Athletic Association,10,exact
2023-24,560724,Duke,ACC,150,Duke Blue Devils,Duke,Blue Devils,DUKE,Atlantic Coast Conference,2,exact
2023-24,560725,Duquesne,Atlantic 10,2184,Duquesne Dukes,Duquesne,Dukes,DUQ,Atlantic 10 Conference,3,exact
2023-24,560730,ETSU,SoCon,2193,East Tennessee State Buccaneers,East Tennessee State,Buccaneers,ETSU,Southern Conference,24,exact
2023-24,560728,East Carolina,AAC,151,East Carolina Pirates,East Carolina,Pirates,ECU,American Conference,62,exact
2023-24,560732,Eastern Ill.,OVC,2197,Eastern Illinois Panthers,Eastern Illinois,Panthers,EIU,Ohio Valley Conference,20,exact
2023-24,560737,Eastern Ky.,ASUN,2198,Eastern Kentucky Colonels,Eastern Kentucky,Colonels,EKU,Atlantic Sun Conference,46,exact
2023-24,560739,Eastern Mich.,MAC,2199,Eastern Michigan Eagles,Eastern Michigan,Eagles,EMU,Mid-American Conference,14,exact
2023-24,560741,Eastern Wash.,Big Sky,331,Eastern Washington Eagles,Eastern Washington,Eagles,EWU,Big Sky Conference,5,exact
2023-24,561244,Elon,CAA,2210,Elon Phoenix,Elon,Phoenix,ELON,Coastal Athletic Association,10,exact
2023-24,560743,Evansville,MVC,339,Evansville Purple Aces,Evansville,Purple Aces,EVAN,Missouri Valley Conference,18,exact
2023-24,560561,FGCU,ASUN,526,Florida Gulf Coast Eagles,Florida Gulf Coast,Eagles,FGCU,Atlantic Sun Conference,46,exact
2023-24,560753,FIU,C-USA,2229,Florida International Panthers,Florida International,Panthers,FIU,Conference USA,11,exact
2023-24,560745,Fairfield,MAAC,2217,Fairfield Stags,Fairfield,Stags,FAIR,Metro Conference,13,exact
2023-24,560748,Fairleigh Dickinson,NEC,161,Fairleigh Dickinson Knights,Fairleigh Dickinson,Knights,FDU,Northeast Conference,19,exact
2023-24,560751,Fla. Atlantic,AAC,2226,Florida Atlantic Owls,Florida Atlantic,Owls,FAU,American Conference,62,exact
2023-24,560757,Florida,SEC,57,Florida Gators,Florida,Gators,FLA,Southeastern Conference,23,exact
2023-24,560749,Florida A&M,SWAC,50,Florida A&M Rattlers,Florida A&M,Rattlers,FAMU,Southwestern Athletic Conference,26,exact
2023-24,560754,Florida St.,ACC,52,Florida State Seminoles,Florida State,Seminoles,FSU,Atlantic Coast Conference,2,exact
2023-24,560759,Fordham,Atlantic 10,2230,Fordham Rams,Fordham,Rams,FOR,Atlantic 10 Conference,3,exact
2023-24,560644,Fresno St.,MWC,278,Fresno State Bulldogs,Fresno State,Bulldogs,FRES,Mountain West Conference,44,exact
2023-24,560760,Furman,SoCon,231,Furman Paladins,Furman,Paladins,FUR,Southern Conference,24,exact
2023-24,560768,Ga. Southern,Sun Belt,290,Georgia Southern Eagles,Georgia Southern,Eagles,GASO,Sun Belt Conference,27,exact
2023-24,561246,Gardner-Webb,Big South,2241,Gardner-Webb Runnin' Bulldogs,Gardner-Webb,Runnin' Bulldogs,GWEB,Big South Conference,6,exact
2023-24,560762,George Mason,Atlantic 10,2244,George Mason Patriots,George Mason,Patriots,GMU,Atlantic 10 Conference,3,exact
2023-24,560764,George Washington,Atlantic 10,45,George Washington Revolutionaries,George Washington,Revolutionaries,GW,Atlantic 10 Conference,3,exact
2023-24,560766,Georgetown,Big East,46,Georgetown Hoyas,Georgetown,Hoyas,GTWN,Big East Conference,4,exact
2023-24,560774,Georgia,SEC,61,Georgia Bulldogs,Georgia,Bulldogs,UGA,Southeastern Conference,23,exact
2023-24,560770,Georgia St.,Sun Belt,2247,Georgia State Panthers,Georgia State,Panthers,GAST,Sun Belt Conference,27,exact
2023-24,560771,Georgia Tech,ACC,59,Georgia Tech Yellow Jackets,Georgia Tech,Yellow Jackets,GT,Atlantic Coast Conference,2,exact
2023-24,560776,Gonzaga,WCC,2250,Gonzaga Bulldogs,Gonzaga,Bulldogs,GONZ,West Coast Conference,29,exact
2023-24,560778,Grambling,SWAC,2755,Grambling Tigers,Grambling,Tigers,GRAM,Southwestern Athletic Conference,26,exact
2023-24,561248,Grand Canyon,WAC,2253,Grand Canyon Lopes,Grand Canyon,Lopes,GCU,United Athletic Conference,30,exact
2023-24,561225,Green Bay,Horizon,2739,Green Bay Phoenix,Green Bay,Phoenix,GB,Horizon League,45,exact
2023-24,560779,Hampton,CAA,2261,Hampton Pirates,Hampton,Pirates,HAMP,Coastal Athletic Association,10,exact
2023-24,560784,Harvard,Ivy League,108,Harvard Crimson,Harvard,Crimson,HARV,Ivy League,12,exact
2023-24,560786,Hawaii,Big West,62,Hawai'i Rainbow Warriors,Hawai'i,Rainbow Warriors,HAW,Big West Conference,9,dict
2023-24,560554,High Point,Big South,2272,High Point Panthers,High Point,Panthers,HPU,Big South Conference,6,exact
2023-24,560788,Hofstra,CAA,2275,Hofstra Pride,Hofstra,Pride,HOF,Coastal Athletic Association,10,exact
2023-24,560790,Holy Cross,Patriot,107,Holy Cross Crusaders,Holy Cross,Crusaders,HC,Patriot League,22,exact
2023-24,560794,Houston,Big 12,248,Houston Cougars,Houston,Cougars,HOU,Big 12 Conference,8,exact
2023-24,560793,Houston Christian,Southland,2277,Houston Christian Huskies,Houston Christian,Huskies,HCU,Southland Conference,25,exact
2023-24,560797,Howard,MEAC,47,Howard Bison,Howard,Bison,HOW,Mid-Eastern Athletic Conference,16,exact
2023-24,561257,IUPUI,Horizon,85,IU Indianapolis Jaguars,IU Indianapolis,Jaguars,IUIN,Horizon League,45,alias
2023-24,560801,Idaho,Big Sky,70,Idaho Vandals,Idaho,Vandals,IDHO,Big Sky Conference,5,exact
2023-24,560799,Idaho St.,Big Sky,304,Idaho State Bengals,Idaho State,Bengals,IDST,Big Sky Conference,5,exact
2023-24,560805,Illinois,Big Ten,356,Illinois Fighting Illini,Illinois,Fighting Illini,ILL,Big Ten Conference,7,exact
2023-24,560803,Illinois St.,MVC,2287,Illinois State Redbirds,Illinois State,Redbirds,ILST,Missouri Valley Conference,18,exact
2023-24,560811,Indiana,Big Ten,84,Indiana Hoosiers,Indiana,Hoosiers,IU,Big Ten Conference,7,exact
2023-24,560809,Indiana St.,MVC,282,Indiana State Sycamores,Indiana State,Sycamores,INST,Missouri Valley Conference,18,exact
2023-24,560814,Iona,MAAC,314,Iona Gaels,Iona,Gaels,IONA,Metro Conference,13,exact
2023-24,560818,Iowa,Big Ten,2294,Iowa Hawkeyes,Iowa,Hawkeyes,IOWA,Big Ten Conference,7,exact
2023-24,560816,Iowa St.,Big 12,66,Iowa State Cyclones,Iowa State,Cyclones,ISU,Big 12 Conference,8,exact
2023-24,560821,Jackson St.,SWAC,2296,Jackson State Tigers,Jackson State,Tigers,JKST,Southwestern Athletic Conference,26,exact
2023-24,560825,Jacksonville,ASUN,294,Jacksonville Dolphins,Jacksonville,Dolphins,JAX,Atlantic Sun Conference,46,exact
2023-24,560823,Jacksonville St.,C-USA,55,Jacksonville State Gamecocks,Jacksonville State,Gamecocks,JXST,Conference USA,11,exact
2023-24,560827,James Madison,Sun Belt,256,James Madison Dukes,James Madison,Dukes,JMU,Sun Belt Conference,27,exact
2023-24,560831,Kansas,Big 12,2305,Kansas Jayhawks,Kansas,Jayhawks,KU,Big 12 Conference,8,exact
2023-24,560547,Kansas City,WAC,140,Kansas City Roos,Kansas City,Roos,KC,Summit League,47,exact
2023-24,560829,Kansas St.,Big 12,2306,Kansas State Wildcats,Kansas State,Wildcats,KSU,Big 12 Conference,8,exact
2023-24,561250,Kennesaw St.,ASUN,338,Kennesaw State Owls,Kennesaw State,Owls,KENN,Conference USA,11,exact
2023-24,560833,Kent St.,MAC,2309,Kent State Golden Flashes,Kent State,Golden Flashes,KENT,Mid-American Conference,14,exact
2023-24,560835,Kentucky,SEC,96,Kentucky Wildcats,Kentucky,Wildcats,UK,Southeastern Conference,23,exact
2023-24,560846,LIU,NEC,112358,Long Island University Sharks,Long Island University,Sharks,LIU,Northeast Conference,19,exact
2023-24,560860,LMU (CA),WCC,2351,Loyola Marymount Lions,Loyola Marymount,Lions,LMU,West Coast Conference,29,dict
2023-24,560850,LSU,SEC,99,LSU Tigers,LSU,Tigers,LSU,Southeastern Conference,23,exact
2023-24,560837,La Salle,Atlantic 10,2325,La Salle Explorers,La Salle,Explorers,LAS,Atlantic 10 Conference,3,exact
2023-24,560839,Lafayette,Patriot,322,Lafayette Leopards,Lafayette,Leopards,LAF,Patriot League,22,exact
2023-24,560841,Lamar University,WAC,2320,Lamar Cardinals,Lamar,Cardinals,LAM,Southland Conference,25,dict
2023-24,561728,Le Moyne,NEC,2330,Le Moyne Dolphins,Le Moyne,Dolphins,LEM,Northeast Conference,19,exact
2023-24,560842,Lehigh,Patriot,2329,Lehigh Mountain Hawks,Lehigh,Mountain Hawks,LEH,Patriot League,22,exact
2023-24,560844,Liberty,C-USA,2335,Liberty Flames,Liberty,Flames,LIB,Conference USA,11,exact
2023-24,561261,Lindenwood,OVC,2815,Lindenwood Lions,Lindenwood,Lions,LIN,Ohio Valley Conference,20,exact
2023-24,560559,Lipscomb,ASUN,288,Lipscomb Bisons,Lipscomb,Bisons,LIP,Atlantic Sun Conference,46,exact
2023-24,560601,Little Rock,OVC,2031,Little Rock Trojans,Little Rock,Trojans,LR,Ohio Valley Conference,20,exact
2023-24,560648,Long Beach St.,Big West,299,Long Beach State Beach,Long Beach State,Beach,LBSU,Big West Conference,9,exact
2023-24,560848,Longwood,Big South,2344,Longwood Lancers,Longwood,Lancers,LONG,Big South Conference,6,exact
2023-24,561120,Louisiana,Sun Belt,309,Louisiana Ragin' Cajuns,Louisiana,Ragin' Cajuns,UL,Sun Belt Conference,27,exact
2023-24,560852,Louisiana Tech,C-USA,2348,Louisiana Tech Bulldogs,Louisiana Tech,Bulldogs,LT,Conference USA,11,exact
2023-24,560854,Louisville,ACC,97,Louisville Cardinals,Louisville,Cardinals,LOU,Atlantic Coast Conference,2,exact
2023-24,560862,Loyola Chicago,Atlantic 10,2350,Loyola Chicago Ramblers,Loyola Chicago,Ramblers,LUC,Atlantic 10 Conference,3,exact
2023-24,560858,Loyola Maryland,Patriot,2352,Loyola Maryland Greyhounds,Loyola Maryland,Greyhounds,L-MD,Patriot League,22,exact
2023-24,560864,Maine,America East,311,Maine Black Bears,Maine,Black Bears,ME,America East Conference,1,exact
2023-24,560866,Manhattan,MAAC,2363,Manhattan Jaspers,Manhattan,Jaspers,MAN,Metro Conference,13,exact
2023-24,560868,Marist,MAAC,2368,Marist Red Foxes,Marist,Red Foxes,MRST,Metro Conference,13,exact
2023-24,560870,Marquette,Big East,269,Marquette Golden Eagles,Marquette,Golden Eagles,MARQ,Big East Conference,4,exact
2023-24,560872,Marshall,Sun Belt,276,Marshall Thundering Herd,Marshall,Thundering Herd,MRSH,Sun Belt Conference,27,exact
2023-24,560876,Maryland,Big Ten,120,Maryland Terrapins,Maryland,Terrapins,MD,Big Ten Conference,7,exact
2023-24,560880,Massachusetts,Atlantic 10,113,Massachusetts Minutemen,Massachusetts,Minutemen,MASS,Atlantic 10 Conference,3,exact
2023-24,560882,McNeese,Southland,2377,McNeese Cowboys,McNeese,Cowboys,MCN,Southland Conference,25,exact
2023-24,560884,Memphis,AAC,235,Memphis Tigers,Memphis,Tigers,MEM,American Conference,62,exact
2023-24,560886,Mercer,SoCon,2382,Mercer Bears,Mercer,Bears,MER,Southern Conference,24,exact
2023-24,560564,Merrimack,NEC,2771,Merrimack Warriors,Merrimack,Warriors,MRMK,Metro Conference,13,exact
2023-24,560890,Miami (FL),ACC,2390,Miami Hurricanes,Miami,Hurricanes,MIA,Atlantic Coast Conference,2,dict
2023-24,560888,Miami (OH),MAC,193,Miami (OH) RedHawks,Miami (OH),RedHawks,M-OH,Mid-American Conference,14,exact
2023-24,560896,Michigan,Big Ten,130,Michigan Wolverines,Michigan,Wolverines,MICH,Big Ten Conference,7,exact
2023-24,560894,Michigan St.,Big Ten,127,Michigan State Spartans,Michigan State,Spartans,MSU,Big Ten Conference,7,exact
2023-24,560898,Middle Tenn.,C-USA,2393,Middle Tennessee Blue Raiders,Middle Tennessee,Blue Raiders,MTSU,Conference USA,11,exact
2023-24,561229,Milwaukee,Horizon,270,Milwaukee Panthers,Milwaukee,Panthers,MILW,Horizon League,45,exact
2023-24,560900,Minnesota,Big Ten,135,Minnesota Golden Gophers,Minnesota,Golden Gophers,MINN,Big Ten Conference,7,exact
2023-24,560902,Mississippi St.,SEC,344,Mississippi State Bulldogs,Mississippi State,Bulldogs,MSST,Southeastern Conference,23,exact
2023-24,560904,Mississippi Val.,SWAC,2400,Mississippi Valley State Delta Devils,Mississippi Valley State,Delta Devils,MVSU,Southwestern Athletic Conference,26,dict
2023-24,560907,Missouri,SEC,142,Missouri Tigers,Missouri,Tigers,MIZ,Southeastern Conference,23,exact
2023-24,561116,Missouri St.,MVC,2623,Missouri State Bears,Missouri State,Bears,MOST,Missouri Valley Conference,18,exact
2023-24,560910,Monmouth,CAA,2405,Monmouth Hawks,Monmouth,Hawks,MONM,Coastal Athletic Association,10,exact
2023-24,560914,Montana,Big Sky,149,Montana Grizzlies,Montana,Grizzlies,MONT,Big Sky Conference,5,exact
2023-24,560912,Montana St.,Big Sky,147,Montana State Bobcats,Montana State,Bobcats,MTST,Big Sky Conference,5,exact
2023-24,560916,Morehead St.,OVC,2413,Morehead State Eagles,Morehead State,Eagles,MORE,Ohio Valley Conference,20,exact
2023-24,560918,Morgan St.,MEAC,2415,Morgan State Bears,Morgan State,Bears,MORG,Mid-Eastern Athletic Conference,16,exact
2023-24,560921,Mount St. Mary's,MAAC,116,Mount St. Mary's Mountaineers,Mount St. Mary's,Mountaineers,MSM,Metro Conference,13,exact
2023-24,560923,Murray St.,MVC,93,Murray State Racers,Murray State,Racers,MUR,Missouri Valley Conference,18,exact
2023-24,560959,N.C. A&T,CAA,2448,North Carolina A&T Aggies,North Carolina A&T,Aggies,NCAT,Coastal Athletic Association,10,exact
2023-24,560960,N.C. Central,MEAC,2428,North Carolina Central Eagles,North Carolina Central,Eagles,NCCU,Mid-Eastern Athletic Conference,16,exact
2023-24,560962,NC State,ACC,152,NC State Wolfpack,NC State,Wolfpack,NCSU,Atlantic Coast Conference,2,exact
2023-24,560979,NIU,MAC,2459,Northern Illinois Huskies,Northern Illinois,Huskies,NIU,Mid-American Conference,14,exact
2023-24,560944,NJIT,ASUN,2885,NJIT Highlanders,NJIT,Highlanders,NJIT,America East Conference,1,exact
2023-24,561180,Navy,Patriot,2426,Navy Midshipmen,Navy,Midshipmen,NAVY,Patriot League,22,exact
2023-24,560934,Nebraska,Big Ten,158,Nebraska Cornhuskers,Nebraska,Cornhuskers,NEB,Big Ten Conference,7,exact
2023-24,560940,Nevada,MWC,2440,Nevada Wolf Pack,Nevada,Wolf Pack,NEV,Mountain West Conference,44,exact
2023-24,560942,New Hampshire,America East,160,New Hampshire Wildcats,New Hampshire,Wildcats,UNH,America East Conference,1,exact
2023-24,560948,New Mexico,MWC,167,New Mexico Lobos,New Mexico,Lobos,UNM,Mountain West Conference,44,exact
2023-24,560946,New Mexico St.,C-USA,166,New Mexico State Aggies,New Mexico State,Aggies,NMSU,Conference USA,11,exact
2023-24,560950,New Orleans,Southland,2443,LSU New Orleans Privateers,LSU New Orleans,Privateers,NOLA,Southland Conference,25,exact
2023-24,560952,Niagara,MAAC,315,Niagara Purple Eagles,Niagara,Purple Eagles,NIA,Metro Conference,13,exact
2023-24,560954,Nicholls,Southland,2447,Nicholls Colonels,Nicholls,Colonels,NICH,Southland Conference,25,exact
2023-24,560957,Norfolk St.,MEAC,2450,Norfolk State Spartans,Norfolk State,Spartans,NORF,Mid-Eastern Athletic Conference,16,exact
2023-24,560572,North Ala.,ASUN,2453,North Alabama Lions,North Alabama,Lions,UNA,Atlantic Sun Conference,46,exact
2023-24,560927,North Carolina,ACC,153,North Carolina Tar Heels,North Carolina,Tar Heels,UNC,Atlantic Coast Conference,2,exact
2023-24,560967,North Dakota,Summit League,155,North Dakota Fighting Hawks,North Dakota,Fighting Hawks,UND,Summit League,47,exact
2023-24,560965,North Dakota St.,Summit League,2449,North Dakota State Bison,North Dakota State,Bison,NDSU,Summit League,47,exact
2023-24,560548,North Florida,ASUN,2454,North Florida Ospreys,North Florida,Ospreys,UNF,Atlantic Sun Conference,46,exact
2023-24,560969,North Texas,AAC,249,North Texas Mean Green,North Texas,Mean Green,UNT,American Conference,62,exact
2023-24,560973,Northeastern,CAA,111,Northeastern Huskies,Northeastern,Huskies,NE,Coastal Athletic Association,10,exact
2023-24,560975,Northern Ariz.,Big Sky,2464,Northern Arizona Lumberjacks,Northern Arizona,Lumberjacks,NAU,Big Sky Conference,5,exact
2023-24,560977,Northern Colo.,Big Sky,2458,Northern Colorado Bears,Northern Colorado,Bears,UNCO,Big Sky Conference,5,exact
2023-24,560984,Northern Ky.,Horizon,94,Northern Kentucky Norse,Northern Kentucky,Norse,NKU,Horizon League,45,exact
2023-24,560987,Northwestern,Big Ten,77,Northwestern Wildcats,Northwestern,Wildcats,NU,Big Ten Conference,7,exact
2023-24,560986,Northwestern St.,Southland,2466,Northwestern State Demons,Northwestern State,Demons,NWST,Southland Conference,25,exact
2023-24,560990,Notre Dame,ACC,87,Notre Dame Fighting Irish,Notre Dame,Fighting Irish,ND,Atlantic Coast Conference,2,exact
2023-24,560991,Oakland,Horizon,2473,Oakland Golden Grizzlies,Oakland,Golden Grizzlies,OAK,Horizon League,45,exact
2023-24,560996,Ohio,MAC,195,Ohio Bobcats,Ohio,Bobcats,OHIO,Mid-American Conference,14,exact
2023-24,560993,Ohio St.,Big Ten,194,Ohio State Buckeyes,Ohio State,Buckeyes,OSU,Big Ten Conference,7,exact
2023-24,560999,Oklahoma,Big 12,201,Oklahoma Sooners,Oklahoma,Sooners,OU,Southeastern Conference,23,exact
2023-24,560997,Oklahoma St.,Big 12,197,Oklahoma State Cowboys,Oklahoma State,Cowboys,OKST,Big 12 Conference,8,exact
2023-24,561001,Old Dominion,Sun Belt,295,Old Dominion Monarchs,Old Dominion,Monarchs,ODU,Sun Belt Conference,27,exact
2023-24,560906,Ole Miss,SEC,145,Ole Miss Rebels,Ole Miss,Rebels,MISS,Southeastern Conference,23,exact
2023-24,560936,Omaha,Summit League,2437,Omaha Mavericks,Omaha,Mavericks,OMA,Summit League,47,exact
2023-24,561003,Oral Roberts,Summit League,198,Oral Roberts Golden Eagles,Oral Roberts,Golden Eagles,ORU,Summit League,47,exact
2023-24,561007,Oregon,Pac-12,2483,Oregon Ducks,Oregon,Ducks,ORE,Big Ten Conference,7,exact
2023-24,561005,Oregon St.,Pac-12,204,Oregon State Beavers,Oregon State,Beavers,ORST,West Coast Conference,29,exact
2023-24,561009,Pacific,WCC,279,Pacific Tigers,Pacific,Tigers,PAC,West Coast Conference,29,exact
2023-24,561015,Penn,Ivy League,219,Pennsylvania Quakers,Pennsylvania,Quakers,PENN,Ivy League,12,exact
2023-24,561013,Penn St.,Big Ten,213,Penn State Nittany Lions,Penn State,Nittany Lions,PSU,Big Ten Conference,7,exact
2023-24,561017,Pepperdine,WCC,2492,Pepperdine Waves,Pepperdine,Waves,PEPP,West Coast Conference,29,exact
2023-24,561019,Pittsburgh,ACC,221,Pittsburgh Panthers,Pittsburgh,Panthers,PITT,Atlantic Coast Conference,2,exact
2023-24,561023,Portland,WCC,2501,Portland Pilots,Portland,Pilots,PORT,West Coast Conference,29,exact
2023-24,561021,Portland St.,Big Sky,2502,Portland State Vikings,Portland State,Vikings,PRST,Big Sky Conference,5,exact
2023-24,561025,Prairie View,SWAC,2504,Prairie View A&M Panthers,Prairie View A&M,Panthers,PV,Southwestern Athletic Conference,26,exact
2023-24,561252,Presbyterian,Big South,2506,Presbyterian Blue Hose,Presbyterian,Blue Hose,PRES,Big South Conference,6,exact
2023-24,561027,Princeton,Ivy League,163,Princeton Tigers,Princeton,Tigers,PRIN,Ivy League,12,exact
2023-24,561030,Providence,Big East,2507,Providence Friars,Providence,Friars,PROV,Big East Conference,4,exact
2023-24,561032,Purdue,Big Ten,2509,Purdue Boilermakers,Purdue,Boilermakers,PUR,Big Ten Conference,7,exact
2023-24,560812,Purdue Fort Wayne,Summit League,2870,Purdue Fort Wayne Mastodons,Purdue Fort Wayne,Mastodons,PFW,Horizon League,45,exact
2023-24,561260,Queens (NC),ASUN,2511,Queens University Royals,Queens University,Royals,QUC,Atlantic Sun Conference,46,dict
2023-24,561034,Quinnipiac,MAAC,2514,Quinnipiac Bobcats,Quinnipiac,Bobcats,QUIN,Metro Conference,13,exact
2023-24,561037,Radford,Big South,2515,Radford Highlanders,Radford,Highlanders,RAD,Big South Conference,6,exact
2023-24,561039,Rhode Island,Atlantic 10,227,Rhode Island Rams,Rhode Island,Rams,URI,Atlantic 10 Conference,3,exact
2023-24,561041,Rice,AAC,242,Rice Owls,Rice,Owls,RICE,American Conference,62,exact
2023-24,561043,Richmond,Atlantic 10,257,Richmond Spiders,Richmond,Spiders,RICH,Atlantic 10 Conference,3,exact
2023-24,561045,Rider,MAAC,2520,Rider Broncs,Rider,Broncs,RID,Metro Conference,13,exact
2023-24,561046,Robert Morris,NEC,2523,Robert Morris Colonials,Robert Morris,Colonials,RMU,Horizon League,45,exact
2023-24,561048,Rutgers,Big Ten,164,Rutgers Scarlet Knights,Rutgers,Scarlet Knights,RUTG,Big Ten Conference,7,exact
2023-24,561125,SFA,WAC,2617,Stephen F. Austin Lumberjacks,Stephen F. Austin,Lumberjacks,SFA,Southland Conference,25,exact
2023-24,561105,SIUE,OVC,2565,SIU Edwardsville Cougars,SIU Edwardsville,Cougars,SIUE,Ohio Valley Conference,20,exact
2023-24,561107,SMU,AAC,2567,SMU Mustangs,SMU,Mustangs,SMU,Atlantic Coast Conference,2,exact
2023-24,560652,Sacramento St.,Big Sky,16,Sacramento State Hornets,Sacramento State,Hornets,SAC,Big Sky Conference,5,exact
2023-24,561051,Sacred Heart,NEC,2529,Sacred Heart Pioneers,Sacred Heart,Pioneers,SHU,Metro Conference,13,exact
2023-24,561057,Saint Francis (PA),NEC,2598,St. Francis (PA) Red Flash,St. Francis (PA),Red Flash,SFPA,Northeast Conference,19,exact
2023-24,561060,Saint Joseph's,Atlantic 10,2603,Saint Joseph's Hawks,Saint Joseph's,Hawks,JOES,Atlantic 10 Conference,3,exact
2023-24,561062,Saint Louis,Atlantic 10,139,Saint Louis Billikens,Saint Louis,Billikens,SLU,Atlantic 10 Conference,3,exact
2023-24,561064,Saint Mary's (CA),WCC,2608,Saint Mary's Gaels,Saint Mary's,Gaels,SMC,West Coast Conference,29,dict
2023-24,561065,Saint Peter's,MAAC,2612,Saint Peter's Peacocks,Saint Peter's,Peacocks,SPU,Metro Conference,13,exact
2023-24,561066,Sam Houston,C-USA,2534,Sam Houston Bearkats,Sam Houston,Bearkats,SHSU,Conference USA,11,exact
2023-24,561068,Samford,SoCon,2535,Samford Bulldogs,Samford,Bulldogs,SAM,Southern Conference,24,exact
2023-24,561071,San Diego,WCC,301,San Diego Toreros,San Diego,Toreros,USD,West Coast Conference,29,exact
2023-24,561070,San Diego St.,MWC,21,San Diego State Aztecs,San Diego State,Aztecs,SDSU,Mountain West Conference,44,exact
2023-24,561073,San Francisco,WCC,2539,San Francisco Dons,San Francisco,Dons,SF,West Coast Conference,29,exact
2023-24,561075,San Jose St.,MWC,23,San José State Spartans,San José State,Spartans,SJSU,Mountain West Conference,44,dict
2023-24,561076,Santa Clara,WCC,2541,Santa Clara Broncos,Santa Clara,Broncos,SCU,West Coast Conference,29,exact
2023-24,561254,Seattle U,WAC,2547,Seattle U Redhawks,Seattle U,Redhawks,SEA,United Athletic Conference,30,exact
2023-24,561079,Seton Hall,Big East,2550,Seton Hall Pirates,Seton Hall,Pirates,HALL,Big East Conference,4,exact
2023-24,561081,Siena,MAAC,2561,Siena Saints,Siena,Saints,SIE,Metro Conference,13,exact
2023-24,561083,South Alabama,Sun Belt,6,South Alabama Jaguars,South Alabama,Jaguars,USA,Sun Belt Conference,27,exact
2023-24,561087,South Carolina,SEC,2579,South Carolina Gamecocks,South Carolina,Gamecocks,SC,Southeastern Conference,23,exact
2023-24,561085,South Carolina St.,MEAC,2569,South Carolina State Bulldogs,South Carolina State,Bulldogs,SCST,Mid-Eastern Athletic Conference,16,exact
2023-24,561093,South Dakota,Summit League,233,South Dakota Coyotes,South Dakota,Coyotes,SDAK,Summit League,47,exact
2023-24,561089,South Dakota St.,Summit League,2571,South Dakota State Jackrabbits,South Dakota State,Jackrabbits,SDST,Summit League,47,exact
2023-24,561095,South Fla.,AAC,58,South Florida Bulls,South Florida,Bulls,USF,American Conference,62,exact
2023-24,561097,Southeast Mo. St.,OVC,2546,Southeast Missouri State Redhawks,Southeast Missouri State,Redhawks,SEMO,Ohio Valley Conference,20,exact
2023-24,561099,Southeastern La.,Southland,2545,SE Louisiana Lions,SE Louisiana,Lions,SELA,Southland Conference,25,dict
2023-24,561101,Southern California,Pac-12,30,USC Trojans,USC,Trojans,USC,Big Ten Conference,7,dict
2023-24,561103,Southern Ill.,MVC,79,Southern Illinois Salukis,Southern Illinois,Salukis,SIU,Missouri Valley Conference,18,exact
2023-24,561263,Southern Ind.,OVC,88,Southern Indiana Screaming Eagles,Southern Indiana,Screaming Eagles,USI,Ohio Valley Conference,20,alias
2023-24,561109,Southern Miss.,Sun Belt,2572,Southern Miss Golden Eagles,Southern Miss,Golden Eagles,USM,Sun Belt Conference,27,dict
2023-24,561111,Southern U.,SWAC,2582,Southern Jaguars,Southern,Jaguars,SOU,Southwestern Athletic Conference,26,dict
2023-24,561114,Southern Utah,WAC,253,Southern Utah Thunderbirds,Southern Utah,Thunderbirds,SUU,United Athletic Conference,30,exact
2023-24,561053,St. Bonaventure,Atlantic 10,179,St. Bonaventure Bonnies,St. Bonaventure,Bonnies,SBU,Atlantic 10 Conference,3,exact
2023-24,561058,St. John's (NY),Big East,2599,St. John's Red Storm,St. John's,Red Storm,SJU,Big East Conference,4,dict
2023-24,560734,St. Thomas (MN),Summit League,2900,St. Thomas Tommies,St. Thomas,Tommies,STMN,Summit League,47,alias
2023-24,561123,Stanford,Pac-12,24,Stanford Cardinal,Stanford,Cardinal,STAN,Atlantic Coast Conference,2,exact
2023-24,561128,Stetson,ASUN,56,Stetson Hatters,Stetson,Hatters,STET,Atlantic Sun Conference,46,exact
2023-24,561266,Stonehill,NEC,284,Stonehill Skyhawks,Stonehill,Skyhawks,STO,Northeast Conference,19,exact
2023-24,561130,Stony Brook,America East,2619,Stony Brook Seawolves,Stony Brook,Seawolves,STBK,Coastal Athletic Association,10,exact
2023-24,561132,Syracuse,ACC,183,Syracuse Orange,Syracuse,Orange,SYR,Atlantic Coast Conference,2,exact
2023-24,561148,TCU,Big 12,2628,TCU Horned Frogs,TCU,Horned Frogs,TCU,Big 12 Conference,8,exact
2023-24,560568,Tarleton St.,WAC,2627,Tarleton State Texans,Tarleton State,Texans,TAR,United Athletic Conference,30,exact
2023-24,561135,Temple,AAC,218,Temple Owls,Temple,Owls,TEM,American Conference,62,exact
2023-24,561142,Tennessee,SEC,2633,Tennessee Volunteers,Tennessee,Volunteers,TENN,Southeastern Conference,23,exact
2023-24,561137,Tennessee St.,OVC,2634,Tennessee State Tigers,Tennessee State,Tigers,TNST,Ohio Valley Conference,20,exact
2023-24,561138,Tennessee Tech,OVC,2635,Tennessee Tech Golden Eagles,Tennessee Tech,Golden Eagles,TNTC,Ohio Valley Conference,20,exact
2023-24,561155,Texas,Big 12,251,Texas Longhorns,Texas,Longhorns,TEX,Southeastern Conference,23,exact
2023-24,561146,Texas A&M,SEC,245,Texas A&M Aggies,Texas A&M,Aggies,TA&M,Southeastern Conference,23,exact
2023-24,561149,Texas Southern,SWAC,2640,Texas Southern Tigers,Texas Southern,Tigers,TXSO,Southwestern Athletic Conference,26,exact
2023-24,561118,Texas St.,Sun Belt,326,Texas State Bobcats,Texas State,Bobcats,TXST,Sun Belt Conference,27,exact
2023-24,561151,Texas Tech,Big 12,2641,Texas Tech Red Raiders,Texas Tech,Red Raiders,TTU,Big 12 Conference,8,exact
2023-24,561161,Toledo,MAC,2649,Toledo Rockets,Toledo,Rockets,TOL,Mid-American Conference,14,exact
2023-24,561163,Towson,CAA,119,Towson Tigers,Towson,Tigers,TOW,Coastal Athletic Association,10,exact
2023-24,561165,Troy,Sun Belt,2653,Troy Trojans,Troy,Trojans,TROY,Sun Belt Conference,27,exact
2023-24,561167,Tulane,AAC,2655,Tulane Green Wave,Tulane,Green Wave,TULN,American Conference,62,exact
2023-24,561173,Tulsa,AAC,202,Tulsa Golden Hurricane,Tulsa,Golden Hurricane,TLSA,American Conference,62,exact
2023-24,560584,UAB,AAC,5,UAB Blazers,UAB,Blazers,UAB,American Conference,62,exact
2023-24,560586,UAlbany,America East,399,UAlbany Great Danes,UAlbany,Great Danes,UALB,America East Conference,1,exact
2023-24,560657,UC Davis,Big West,302,UC Davis Aggies,UC Davis,Aggies,UCD,Big West Conference,9,exact
2023-24,560660,UC Irvine,Big West,300,UC Irvine Anteaters,UC Irvine,Anteaters,UCI,Big West Conference,9,exact
2023-24,560663,UC Riverside,Big West,27,UC Riverside Highlanders,UC Riverside,Highlanders,UCR,Big West Conference,9,exact
2023-24,560566,UC San Diego,Big West,28,UC San Diego Tritons,UC San Diego,Tritons,UCSD,Big West Conference,9,exact
2023-24,560653,UC Santa Barbara,Big West,2540,UC Santa Barbara Gauchos,UC Santa Barbara,Gauchos,UCSB,Big West Conference,9,exact
2023-24,560671,UCF,Big 12,2116,UCF Knights,UCF,Knights,UCF,Big 12 Conference,8,exact
2023-24,560661,UCLA,Pac-12,26,UCLA Bruins,UCLA,Bruins,UCLA,Big Ten Conference,7,exact
2023-24,560694,UConn,AAC,41,UConn Huskies,UConn,Huskies,CONN,Big East Conference,4,exact
2023-24,560807,UIC,MVC,82,UIC Flames,UIC,Flames,UIC,Missouri Valley Conference,18,exact
2023-24,560549,UIW,Southland,2916,Incarnate Word Cardinals,Incarnate Word,Cardinals,UIW,Southland Conference,25,exact
2023-24,560971,ULM,Sun Belt,2433,UL Monroe Warhawks,UL Monroe,Warhawks,ULM,Sun Belt Conference,27,exact
2023-24,560874,UMBC,America East,2378,UMBC Retrievers,UMBC,Retrievers,UMBC,America East Conference,1,exact
2023-24,560878,UMES,MEAC,2379,Maryland Eastern Shore Hawks,Maryland Eastern Shore,Hawks,UMES,Mid-Eastern Athletic Conference,16,exact
2023-24,560856,UMass Lowell,America East,2349,UMass Lowell River Hawks,UMass Lowell,River Hawks,UML,America East Conference,1,exact
2023-24,560925,UNC Asheville,Big South,2427,UNC Asheville Bulldogs,UNC Asheville,Bulldogs,UNCA,Big South Conference,6,exact
2023-24,560930,UNC Greensboro,SoCon,2430,UNC Greensboro Spartans,UNC Greensboro,Spartans,UNCG,Southern Conference,24,exact
2023-24,560932,UNCW,CAA,350,UNC Wilmington Seahawks,UNC Wilmington,Seahawks,UNCW,Coastal Athletic Association,10,exact
2023-24,560982,UNI,MVC,2460,Northern Iowa Panthers,Northern Iowa,Panthers,UNI,Missouri Valley Conference,18,exact
2023-24,560938,UNLV,MWC,2439,UNLV Rebels,UNLV,Rebels,UNLV,Mountain West Conference,44,exact
2023-24,560551,USC Upstate,Big South,2908,South Carolina Upstate Spartans,South Carolina Upstate,Spartans,UPST,Big South Conference,6,dict
2023-24,561153,UT Arlington,WAC,250,UT Arlington Mavericks,UT Arlington,Mavericks,UTA,United Athletic Conference,30,exact
2023-24,561144,UT Martin,OVC,2630,UT Martin Skyhawks,UT Martin,Skyhawks,UTM,Ohio Valley Conference,20,exact
2023-24,561157,UTEP,C-USA,2638,UTEP Miners,UTEP,Miners,UTEP,Conference USA,11,exact
2023-24,561011,UTRGV,WAC,292,UT Rio Grande Valley Vaqueros,UT Rio Grande Valley,Vaqueros,RGV,Southland Conference,25,dict
2023-24,561159,UTSA,AAC,2636,UTSA Roadrunners,UTSA,Roadrunners,UTSA,American Conference,62,exact
2023-24,561183,Utah,Pac-12,254,Utah Utes,Utah,Utes,UTAH,Big 12 Conference,8,exact
2023-24,561181,Utah St.,MWC,328,Utah State Aggies,Utah State,Aggies,USU,Mountain West Conference,44,exact
2023-24,561169,Utah Tech,WAC,3101,Utah Tech Trailblazers,Utah Tech,Trailblazers,UTU,United Athletic Conference,30,exact
2023-24,560563,Utah Valley,WAC,3084,Utah Valley Wolverines,Utah Valley,Wolverines,UVU,United Athletic Conference,30,exact
2023-24,561193,VCU,Atlantic 10,2670,VCU Rams,VCU,Rams,VCU,Atlantic 10 Conference,3,exact
2023-24,561185,Valparaiso,MVC,2674,Valparaiso Beacons,Valparaiso,Beacons,VAL,Missouri Valley Conference,18,exact
2023-24,561187,Vanderbilt,SEC,238,Vanderbilt Commodores,Vanderbilt,Commodores,VAN,Southeastern Conference,23,exact
2023-24,561189,Vermont,America East,261,Vermont Catamounts,Vermont,Catamounts,UVM,America East Conference,1,exact
2023-24,561191,Villanova,Big East,222,Villanova Wildcats,Villanova,Wildcats,VILL,Big East Conference,4,exact
2023-24,561198,Virginia,ACC,258,Virginia Cavaliers,Virginia,Cavaliers,UVA,Atlantic Coast Conference,2,exact
2023-24,561196,Virginia Tech,ACC,259,Virginia Tech Hokies,Virginia Tech,Hokies,VT,Atlantic Coast Conference,2,exact
2023-24,561200,Wagner,NEC,2681,Wagner Seahawks,Wagner,Seahawks,WAG,Northeast Conference,19,exact
2023-24,561201,Wake Forest,ACC,154,Wake Forest Demon Deacons,Wake Forest,Demon Deacons,WAKE,Atlantic Coast Conference,2,exact
2023-24,561205,Washington,Pac-12,264,Washington Huskies,Washington,Huskies,WASH,Big Ten Conference,7,exact
2023-24,561203,Washington St.,Pac-12,265,Washington State Cougars,Washington State,Cougars,WSU,West Coast Conference,29,exact
2023-24,561207,Weber St.,Big Sky,2692,Weber State Wildcats,Weber State,Wildcats,WEB,Big Sky Conference,5,exact
2023-24,561209,West Virginia,Big 12,277,West Virginia Mountaineers,West Virginia,Mountaineers,WVU,Big 12 Conference,8,exact
2023-24,561211,Western Caro.,SoCon,2717,Western Carolina Catamounts,Western Carolina,Catamounts,WCU,Southern Conference,24,exact
2023-24,561213,Western Ill.,OVC,2710,Western Illinois Leathernecks,Western Illinois,Leathernecks,WIU,Ohio Valley Conference,20,exact
2023-24,561215,Western Ky.,C-USA,98,Western Kentucky Hilltoppers,Western Kentucky,Hilltoppers,WKU,Conference USA,11,exact
2023-24,561217,Western Mich.,MAC,2711,Western Michigan Broncos,Western Michigan,Broncos,WMU,Mid-American Conference,14,exact
2023-24,561219,Wichita St.,AAC,2724,Wichita State Shockers,Wichita State,Shockers,WICH,American Conference,62,exact
2023-24,561221,William & Mary,CAA,2729,William & Mary Tribe,William & Mary,Tribe,W&M,Coastal Athletic Association,10,exact
2023-24,561223,Winthrop,Big South,2737,Winthrop Eagles,Winthrop,Eagles,WIN,Big South Conference,6,exact
2023-24,561227,Wisconsin,Big Ten,275,Wisconsin Badgers,Wisconsin,Badgers,WIS,Big Ten Conference,7,exact
2023-24,560550,Wofford,SoCon,2747,Wofford Terriers,Wofford,Terriers,WOF,Southern Conference,24,exact
2023-24,561231,Wright St.,Horizon,2750,Wright State Raiders,Wright State,Raiders,WRST,Horizon League,45,exact
2023-24,561233,Wyoming,MWC,2751,Wyoming Cowboys,Wyoming,Cowboys,WYO,Mountain West Conference,44,exact
2023-24,561234,Xavier,Big East,2752,Xavier Musketeers,Xavier,Musketeers,XAV,Big East Conference,4,exact
2023-24,561236,Yale,Ivy League,43,Yale Bulldogs,Yale,Bulldogs,YALE,Ivy League,12,exact
2023-24,561237,Youngstown St.,Horizon,2754,Youngstown State Penguins,Youngstown State,Penguins,YSU,Horizon League,45,exact
2024-25,591979,A&M-Corpus Christi,Southland,357,Texas A&M-Corpus Christi Islanders,Texas A&M-Corpus Christi,Islanders,AMCC,Southland Conference,25,dict
2024-25,591665,Abilene Christian,WAC,2000,Abilene Christian Wildcats,Abilene Christian,Wildcats,ACU,United Athletic Conference,30,exact
2024-25,591934,Air Force,MWC,2005,Air Force Falcons,Air Force,Falcons,AF,Mountain West Conference,44,exact
2024-25,591666,Akron,MAC,2006,Akron Zips,Akron,Zips,AKR,Mid-American Conference,14,exact
2024-25,591669,Alabama,SEC,333,Alabama Crimson Tide,Alabama,Crimson Tide,ALA,Southeastern Conference,23,exact
2024-25,591667,Alabama A&M,SWAC,2010,Alabama A&M Bulldogs,Alabama A&M,Bulldogs,AAMU,Southwestern Athletic Conference,26,exact
2024-25,591668,Alabama St.,SWAC,2011,Alabama State Hornets,Alabama State,Hornets,ALST,Southwestern Athletic Conference,26,exact
2024-25,591672,Alcorn,SWAC,2016,Alcorn State Braves,Alcorn State,Braves,ALCN,Southwestern Athletic Conference,26,dict
2024-25,591673,American,Patriot,44,American University Eagles,American University,Eagles,AMER,Patriot League,22,exact
2024-25,591674,App State,Sun Belt,2026,App State Mountaineers,App State,Mountaineers,APP,Sun Belt Conference,27,exact
2024-25,591676,Arizona,Big 12,12,Arizona Wildcats,Arizona,Wildcats,ARIZ,Big 12 Conference,8,exact
2024-25,591675,Arizona St.,Big 12,9,Arizona State Sun Devils,Arizona State,Sun Devils,ASU,Big 12 Conference,8,exact
2024-25,591973,Ark.-Pine Bluff,SWAC,2029,Arkansas-Pine Bluff Golden Lions,Arkansas-Pine Bluff,Golden Lions,UAPB,Southwestern Athletic Conference,26,dict
2024-25,591678,Arkansas,SEC,8,Arkansas Razorbacks,Arkansas,Razorbacks,ARK,Southeastern Conference,23,exact
2024-25,591677,Arkansas St.,Sun Belt,2032,Arkansas State Red Wolves,Arkansas State,Red Wolves,ARST,Sun Belt Conference,27,exact
2024-25,591935,Army West Point,Patriot,349,Army Black Knights,Army,Black Knights,ARMY,Patriot League,22,dict
2024-25,591680,Auburn,SEC,2,Auburn Tigers,Auburn,Tigers,AUB,Southeastern Conference,23,exact
2024-25,591681,Austin Peay,ASUN,2046,Austin Peay Governors,Austin Peay,Governors,APSU,Atlantic Sun Conference,46,exact
2024-25,591692,BYU,Big 12,252,BYU Cougars,BYU,Cougars,BYU,Big 12 Conference,8,exact
2024-25,591682,Ball St.,MAC,2050,Ball State Cardinals,Ball State,Cardinals,BALL,Mid-American Conference,14,exact
2024-25,591684,Baylor,Big 12,239,Baylor Bears,Baylor,Bears,BAY,Big 12 Conference,8,exact
2024-25,591932,Bellarmine,ASUN,91,Bellarmine Knights,Bellarmine,Knights,BELL,Atlantic Sun Conference,46,exact
2024-25,591657,Belmont,MVC,2057,Belmont Bruins,Belmont,Bruins,BEL,Missouri Valley Conference,18,exact
2024-25,591685,Bethune-Cookman,SWAC,2065,Bethune-Cookman Wildcats,Bethune-Cookman,Wildcats,BCU,Southwestern Athletic Conference,26,exact
2024-25,591686,Binghamton,America East,2066,Binghamton Bearcats,Binghamton,Bearcats,BING,America East Conference,1,exact
2024-25,591687,Boise St.,MWC,68,Boise State Broncos,Boise State,Broncos,BOIS,Mountain West Conference,44,exact
2024-25,591688,Boston College,ACC,103,Boston College Eagles,Boston College,Eagles,BC,Atlantic Coast Conference,2,exact
2024-25,591689,Boston U.,Patriot,104,Boston University Terriers,Boston University,Terriers,BU,Patriot League,22,exact
2024-25,591690,Bowling Green,MAC,189,Bowling Green Falcons,Bowling Green,Falcons,BGSU,Mid-American Conference,14,exact
2024-25,591691,Bradley,MVC,71,Bradley Braves,Bradley,Braves,BRAD,Missouri Valley Conference,18,exact
2024-25,591693,Brown,Ivy League,225,Brown Bears,Brown,Bears,BRWN,Ivy League,12,exact
2024-25,591694,Bryant,America East,2803,Bryant Bulldogs,Bryant,Bulldogs,BRY,America East Conference,1,exact
2024-25,591695,Bucknell,Patriot,2083,Bucknell Bison,Bucknell,Bison,BUCK,Patriot League,22,exact
2024-25,591696,Buffalo,MAC,2084,Buffalo Bulls,Buffalo,Bulls,BUF,Mid-American Conference,14,exact
2024-25,591697,Butler,Big East,2086,Butler Bulldogs,Butler,Bulldogs,BTLR,Big East Conference,4,exact
2024-25,591699,CSU Bakersfield,WAC,2934,Cal State Bakersfield Roadrunners,Cal State Bakersfield,Roadrunners,CSUB,Big West Conference,9,alias
2024-25,591703,CSUN,Big West,2463,Cal State Northridge Matadors,Cal State Northridge,Matadors,CSUN,Big West Conference,9,exact
2024-25,591698,Cal Poly,Big West,13,Cal Poly Mustangs,Cal Poly,Mustangs,CP,Big West Conference,9,exact
2024-25,591701,Cal St. Fullerton,Big West,2239,Cal State Fullerton Titans,Cal State Fullerton,Titans,CSUF,Big West Conference,9,exact
2024-25,591706,California,ACC,25,California Golden Bears,California,Golden Bears,CAL,Atlantic Coast Conference,2,exact
2024-25,591981,California Baptist,WAC,2856,California Baptist Lancers,California Baptist,Lancers,CBU,United Athletic Conference,30,exact
2024-25,591710,Campbell,CAA,2097,Campbell Fighting Camels,Campbell,Fighting Camels,CAM,Coastal Athletic Association,10,exact
2024-25,591711,Canisius,MAAC,2099,Canisius Golden Griffins,Canisius,Golden Griffins,CAN,Metro Conference,13,exact
2024-25,591966,Central Ark.,ASUN,2110,Central Arkansas Bears,Central Arkansas,Bears,CARK,Atlantic Sun Conference,46,exact
2024-25,591712,Central Conn. St.,NEC,2115,Central Connecticut Blue Devils,Central Connecticut,Blue Devils,CCSU,Northeast Conference,19,dict
2024-25,591714,Central Mich.,MAC,2117,Central Michigan Chippewas,Central Michigan,Chippewas,CMU,Mid-American Conference,14,exact
2024-25,591683,Charleston So.,Big South,2127,Charleston Southern Buccaneers,Charleston Southern,Buccaneers,CHSO,Big South Conference,6,exact
2024-25,591826,Charlotte,AAC,2429,Charlotte 49ers,Charlotte,49ers,CLT,American Conference,62,exact
2024-25,592006,Chattanooga,SoCon,236,Chattanooga Mocs,Chattanooga,Mocs,UTC,Southern Conference,24,exact
2024-25,591716,Cincinnati,Big 12,2132,Cincinnati Bearcats,Cincinnati,Bearcats,CIN,Big 12 Conference,8,exact
2024-25,591717,Clemson,ACC,228,Clemson Tigers,Clemson,Tigers,CLEM,Atlantic Coast Conference,2,exact
2024-25,591718,Cleveland St.,Horizon,325,Cleveland State Vikings,Cleveland State,Vikings,CLE,Horizon League,45,exact
2024-25,591719,Coastal Carolina,Sun Belt,324,Coastal Carolina Chanticleers,Coastal Carolina,Chanticleers,CCU,Sun Belt Conference,27,exact
2024-25,591967,Col. of Charleston,CAA,232,Charleston Cougars,Charleston,Cougars,COFC,Coastal Athletic Association,10,dict
2024-25,591720,Colgate,Patriot,2142,Colgate Raiders,Colgate,Raiders,COLG,Patriot League,22,exact
2024-25,591722,Colorado,Big 12,38,Colorado Buffaloes,Colorado,Buffaloes,COLO,Big 12 Conference,8,exact
2024-25,591721,Colorado St.,MWC,36,Colorado State Rams,Colorado State,Rams,CSU,Mountain West Conference,44,exact
2024-25,591723,Columbia,Ivy League,171,Columbia Lions,Columbia,Lions,COLU,Ivy League,12,exact
2024-25,591724,Coppin St.,MEAC,2154,Coppin State Eagles,Coppin State,Eagles,COPP,Mid-Eastern Athletic Conference,16,exact
2024-25,591725,Cornell,Ivy League,172,Cornell Big Red,Cornell,Big Red,COR,Ivy League,12,exact
2024-25,591726,Creighton,Big East,156,Creighton Bluejays,Creighton,Bluejays,CREI,Big East Conference,4,exact
2024-25,591727,Dartmouth,Ivy League,159,Dartmouth Big Green,Dartmouth,Big Green,DART,Ivy League,12,exact
2024-25,591728,Davidson,Atlantic 10,2166,Davidson Wildcats,Davidson,Wildcats,DAV,Atlantic 10 Conference,3,exact
2024-25,591729,Dayton,Atlantic 10,2168,Dayton Flyers,Dayton,Flyers,DAY,Atlantic 10 Conference,3,exact
2024-25,591730,DePaul,Big East,305,DePaul Blue Demons,DePaul,Blue Demons,DEP,Big East Conference,4,exact
2024-25,591732,Delaware,CAA,48,Delaware Blue Hens,Delaware,Blue Hens,DEL,Coastal Athletic Association,10,exact
2024-25,591731,Delaware St.,MEAC,2169,Delaware State Hornets,Delaware State,Hornets,DSU,Mid-Eastern Athletic Conference,16,exact
2024-25,591733,Denver,Summit League,2172,Denver Pioneers,Denver,Pioneers,DEN,Summit League,47,exact
2024-25,591734,Detroit Mercy,Horizon,2174,Detroit Mercy Titans,Detroit Mercy,Titans,DETM,Horizon League,45,exact
2024-25,591984,Drake,MVC,2181,Drake Bulldogs,Drake,Bulldogs,DRKE,Missouri Valley Conference,18,exact
2024-25,591985,Drexel,CAA,2182,Drexel Dragons,Drexel,Dragons,DREX,Coastal Athletic Association,10,exact
2024-25,591735,Duke,ACC,150,Duke Blue Devils,Duke,Blue Devils,DUKE,Atlantic Coast Conference,2,exact
2024-25,591736,Duquesne,Atlantic 10,2184,Duquesne Dukes,Duquesne,Dukes,DUQ,Atlantic 10 Conference,3,exact
2024-25,591738,ETSU,SoCon,2193,East Tennessee State Buccaneers,East Tennessee State,Buccaneers,ETSU,Southern Conference,24,exact
2024-25,591737,East Carolina,AAC,151,East Carolina Pirates,East Carolina,Pirates,ECU,American Conference,62,exact
2024-25,591739,Eastern Ill.,OVC,2197,Eastern Illinois Panthers,Eastern Illinois,Panthers,EIU,Ohio Valley Conference,20,exact
2024-25,591741,Eastern Ky.,ASUN,2198,Eastern Kentucky Colonels,Eastern Kentucky,Colonels,EKU,Atlantic Sun Conference,46,exact
2024-25,591742,Eastern Mich.,MAC,2199,Eastern Michigan Eagles,Eastern Michigan,Eagles,EMU,Mid-American Conference,14,exact
2024-25,591986,Eastern Wash.,Big Sky,331,Eastern Washington Eagles,Eastern Washington,Eagles,EWU,Big Sky Conference,5,exact
2024-25,591968,Elon,CAA,2210,Elon Phoenix,Elon,Phoenix,ELON,Coastal Athletic Association,10,exact
2024-25,591743,Evansville,MVC,339,Evansville Purple Aces,Evansville,Purple Aces,EVAN,Missouri Valley Conference,18,exact
2024-25,591980,FGCU,ASUN,526,Florida Gulf Coast Eagles,Florida Gulf Coast,Eagles,FGCU,Atlantic Sun Conference,46,exact
2024-25,591747,FIU,C-USA,2229,Florida International Panthers,Florida International,Panthers,FIU,Conference USA,11,exact
2024-25,591987,Fairfield,MAAC,2217,Fairfield Stags,Fairfield,Stags,FAIR,Metro Conference,13,exact
2024-25,591744,Fairleigh Dickinson,NEC,161,Fairleigh Dickinson Knights,Fairleigh Dickinson,Knights,FDU,Northeast Conference,19,exact
2024-25,591746,Fla. Atlantic,AAC,2226,Florida Atlantic Owls,Florida Atlantic,Owls,FAU,American Conference,62,exact
2024-25,591749,Florida,SEC,57,Florida Gators,Florida,Gators,FLA,Southeastern Conference,23,exact
2024-25,591745,Florida A&M,SWAC,50,Florida A&M Rattlers,Florida A&M,Rattlers,FAMU,Southwestern Athletic Conference,26,exact
2024-25,591748,Florida St.,ACC,52,Florida State Seminoles,Florida State,Seminoles,FSU,Atlantic Coast Conference,2,exact
2024-25,591750,Fordham,Atlantic 10,2230,Fordham Rams,Fordham,Rams,FOR,Atlantic 10 Conference,3,exact
2024-25,591700,Fresno St.,MWC,278,Fresno State Bulldogs,Fresno State,Bulldogs,FRES,Mountain West Conference,44,exact
2024-25,591751,Furman,SoCon,231,Furman Paladins,Furman,Paladins,FUR,Southern Conference,24,exact
2024-25,591755,Ga. Southern,Sun Belt,290,Georgia Southern Eagles,Georgia Southern,Eagles,GASO,Sun Belt Conference,27,exact
2024-25,591969,Gardner-Webb,Big South,2241,Gardner-Webb Runnin' Bulldogs,Gardner-Webb,Runnin' Bulldogs,GWEB,Big South Conference,6,exact
2024-25,591752,George Mason,Atlantic 10,2244,George Mason Patriots,George Mason,Patriots,GMU,Atlantic 10 Conference,3,exact
2024-25,591753,George Washington,Atlantic 10,45,George Washington Revolutionaries,George Washington,Revolutionaries,GW,Atlantic 10 Conference,3,exact
2024-25,591754,Georgetown,Big East,46,Georgetown Hoyas,Georgetown,Hoyas,GTWN,Big East Conference,4,exact
2024-25,591758,Georgia,SEC,61,Georgia Bulldogs,Georgia,Bulldogs,UGA,Southeastern Conference,23,exact
2024-25,591756,Georgia St.,Sun Belt,2247,Georgia State Panthers,Georgia State,Panthers,GAST,Sun Belt Conference,27,exact
2024-25,591757,Georgia Tech,ACC,59,Georgia Tech Yellow Jackets,Georgia Tech,Yellow Jackets,GT,Atlantic Coast Conference,2,exact
2024-25,591759,Gonzaga,WCC,2250,Gonzaga Bulldogs,Gonzaga,Bulldogs,GONZ,West Coast Conference,29,exact
2024-25,591760,Grambling,SWAC,2755,Grambling Tigers,Grambling,Tigers,GRAM,Southwestern Athletic Conference,26,exact
2024-25,591970,Grand Canyon,WAC,2253,Grand Canyon Lopes,Grand Canyon,Lopes,GCU,United Athletic Conference,30,exact
2024-25,592008,Green Bay,Horizon,2739,Green Bay Phoenix,Green Bay,Phoenix,GB,Horizon League,45,exact
2024-25,591761,Hampton,CAA,2261,Hampton Pirates,Hampton,Pirates,HAMP,Coastal Athletic Association,10,exact
2024-25,591762,Harvard,Ivy League,108,Harvard Crimson,Harvard,Crimson,HARV,Ivy League,12,exact
2024-25,591763,Hawaii,Big West,62,Hawai'i Rainbow Warriors,Hawai'i,Rainbow Warriors,HAW,Big West Conference,9,dict
2024-25,591658,High Point,Big South,2272,High Point Panthers,High Point,Panthers,HPU,Big South Conference,6,exact
2024-25,591764,Hofstra,CAA,2275,Hofstra Pride,Hofstra,Pride,HOF,Coastal Athletic Association,10,exact
2024-25,591988,Holy Cross,Patriot,107,Holy Cross Crusaders,Holy Cross,Crusaders,HC,Patriot League,22,exact
2024-25,591766,Houston,Big 12,248,Houston Cougars,Houston,Cougars,HOU,Big 12 Conference,8,exact
2024-25,591765,Houston Christian,Southland,2277,Houston Christian Huskies,Houston Christian,Huskies,HCU,Southland Conference,25,exact
2024-25,591767,Howard,MEAC,47,Howard Bison,Howard,Bison,HOW,Mid-Eastern Athletic Conference,16,exact
2024-25,591974,IU Indy,Horizon,85,IU Indianapolis Jaguars,IU Indianapolis,Jaguars,IUIN,Horizon League,45,exact
2024-25,591769,Idaho,Big Sky,70,Idaho Vandals,Idaho,Vandals,IDHO,Big Sky Conference,5,exact
2024-25,591768,Idaho St.,Big Sky,304,Idaho State Bengals,Idaho State,Bengals,IDST,Big Sky Conference,5,exact
2024-25,591771,Illinois,Big Ten,356,Illinois Fighting Illini,Illinois,Fighting Illini,ILL,Big Ten Conference,7,exact
2024-25,591770,Illinois St.,MVC,2287,Illinois State Redbirds,Illinois State,Redbirds,ILST,Missouri Valley Conference,18,exact
2024-25,591774,Indiana,Big Ten,84,Indiana Hoosiers,Indiana,Hoosiers,IU,Big Ten Conference,7,exact
2024-25,591773,Indiana St.,MVC,282,Indiana State Sycamores,Indiana State,Sycamores,INST,Missouri Valley Conference,18,exact
2024-25,591776,Iona,MAAC,314,Iona Gaels,Iona,Gaels,IONA,Metro Conference,13,exact
2024-25,591989,Iowa,Big Ten,2294,Iowa Hawkeyes,Iowa,Hawkeyes,IOWA,Big Ten Conference,7,exact
2024-25,591777,Iowa St.,Big 12,66,Iowa State Cyclones,Iowa State,Cyclones,ISU,Big 12 Conference,8,exact
2024-25,591990,Jackson St.,SWAC,2296,Jackson State Tigers,Jackson State,Tigers,JKST,Southwestern Athletic Conference,26,exact
2024-25,591779,Jacksonville,ASUN,294,Jacksonville Dolphins,Jacksonville,Dolphins,JAX,Atlantic Sun Conference,46,exact
2024-25,591778,Jacksonville St.,C-USA,55,Jacksonville State Gamecocks,Jacksonville State,Gamecocks,JXST,Conference USA,11,exact
2024-25,591780,James Madison,Sun Belt,256,James Madison Dukes,James Madison,Dukes,JMU,Sun Belt Conference,27,exact
2024-25,591782,Kansas,Big 12,2305,Kansas Jayhawks,Kansas,Jayhawks,KU,Big 12 Conference,8,exact
2024-25,591652,Kansas City,WAC,140,Kansas City Roos,Kansas City,Roos,KC,Summit League,47,exact
2024-25,591781,Kansas St.,Big 12,2306,Kansas State Wildcats,Kansas State,Wildcats,KSU,Big 12 Conference,8,exact
2024-25,591971,Kennesaw St.,C-USA,338,Kennesaw State Owls,Kennesaw State,Owls,KENN,Conference USA,11,exact
2024-25,591991,Kent St.,MAC,2309,Kent State Golden Flashes,Kent State,Golden Flashes,KENT,Mid-American Conference,14,exact
2024-25,591783,Kentucky,SEC,96,Kentucky Wildcats,Kentucky,Wildcats,UK,Southeastern Conference,23,exact
2024-25,591789,LIU,NEC,112358,Long Island University Sharks,Long Island University,Sharks,LIU,Northeast Conference,19,exact
2024-25,591796,LMU (CA),WCC,2351,Loyola Marymount Lions,Loyola Marymount,Lions,LMU,West Coast Conference,29,dict
2024-25,591791,LSU,SEC,99,LSU Tigers,LSU,Tigers,LSU,Southeastern Conference,23,exact
2024-25,591784,La Salle,Atlantic 10,2325,La Salle Explorers,La Salle,Explorers,LAS,Atlantic 10 Conference,3,exact
2024-25,591785,Lafayette,Patriot,322,Lafayette Leopards,Lafayette,Leopards,LAF,Patriot League,22,exact
2024-25,591786,Lamar University,WAC,2320,Lamar Cardinals,Lamar,Cardinals,LAM,Southland Conference,25,dict
2024-25,591651,Le Moyne,NEC,2330,Le Moyne Dolphins,Le Moyne,Dolphins,LEM,Northeast Conference,19,exact
2024-25,591787,Lehigh,Patriot,2329,Lehigh Mountain Hawks,Lehigh,Mountain Hawks,LEH,Patriot League,22,exact
2024-25,591788,Liberty,C-USA,2335,Liberty Flames,Liberty,Flames,LIB,Conference USA,11,exact
2024-25,591976,Lindenwood,OVC,2815,Lindenwood Lions,Lindenwood,Lions,LIN,Ohio Valley Conference,20,exact
2024-25,591659,Lipscomb,ASUN,288,Lipscomb Bisons,Lipscomb,Bisons,LIP,Atlantic Sun Conference,46,exact
2024-25,591679,Little Rock,OVC,2031,Little Rock Trojans,Little Rock,Trojans,LR,Ohio Valley Conference,20,exact
2024-25,591702,Long Beach St.,Big West,299,Long Beach State Beach,Long Beach State,Beach,LBSU,Big West Conference,9,exact
2024-25,591790,Longwood,Big South,2344,Longwood Lancers,Longwood,Lancers,LONG,Big South Conference,6,exact
2024-25,591909,Louisiana,Sun Belt,309,Louisiana Ragin' Cajuns,Louisiana,Ragin' Cajuns,UL,Sun Belt Conference,27,exact
2024-25,591792,Louisiana Tech,C-USA,2348,Louisiana Tech Bulldogs,Louisiana Tech,Bulldogs,LT,Conference USA,11,exact
2024-25,591793,Louisville,ACC,97,Louisville Cardinals,Louisville,Cardinals,LOU,Atlantic Coast Conference,2,exact
2024-25,591797,Loyola Chicago,Atlantic 10,2350,Loyola Chicago Ramblers,Loyola Chicago,Ramblers,LUC,Atlantic 10 Conference,3,exact
2024-25,591795,Loyola Maryland,Patriot,2352,Loyola Maryland Greyhounds,Loyola Maryland,Greyhounds,L-MD,Patriot League,22,exact
2024-25,591992,Maine,America East,311,Maine Black Bears,Maine,Black Bears,ME,America East Conference,1,exact
2024-25,591798,Manhattan,MAAC,2363,Manhattan Jaspers,Manhattan,Jaspers,MAN,Metro Conference,13,exact
2024-25,591799,Marist,MAAC,2368,Marist Red Foxes,Marist,Red Foxes,MRST,Metro Conference,13,exact
2024-25,591800,Marquette,Big East,269,Marquette Golden Eagles,Marquette,Golden Eagles,MARQ,Big East Conference,4,exact
2024-25,591993,Marshall,Sun Belt,276,Marshall Thundering Herd,Marshall,Thundering Herd,MRSH,Sun Belt Conference,27,exact
2024-25,591802,Maryland,Big Ten,120,Maryland Terrapins,Maryland,Terrapins,MD,Big Ten Conference,7,exact
2024-25,591804,Massachusetts,Atlantic 10,113,Massachusetts Minutemen,Massachusetts,Minutemen,MASS,Atlantic 10 Conference,3,exact
2024-25,591805,McNeese,Southland,2377,McNeese Cowboys,McNeese,Cowboys,MCN,Southland Conference,25,exact
2024-25,591806,Memphis,AAC,235,Memphis Tigers,Memphis,Tigers,MEM,American Conference,62,exact
2024-25,591807,Mercer,SoCon,2382,Mercer Bears,Mercer,Bears,MER,Southern Conference,24,exact
2024-25,591661,Merrimack,MAAC,2771,Merrimack Warriors,Merrimack,Warriors,MRMK,Metro Conference,13,exact
2024-25,591809,Miami (FL),ACC,2390,Miami Hurricanes,Miami,Hurricanes,MIA,Atlantic Coast Conference,2,dict
2024-25,591808,Miami (OH),MAC,193,Miami (OH) RedHawks,Miami (OH),RedHawks,M-OH,Mid-American Conference,14,exact
2024-25,591811,Michigan,Big Ten,130,Michigan Wolverines,Michigan,Wolverines,MICH,Big Ten Conference,7,exact
2024-25,591810,Michigan St.,Big Ten,127,Michigan State Spartans,Michigan State,Spartans,MSU,Big Ten Conference,7,exact
2024-25,591994,Middle Tenn.,C-USA,2393,Middle Tennessee Blue Raiders,Middle Tennessee,Blue Raiders,MTSU,Conference USA,11,exact
2024-25,591960,Milwaukee,Horizon,270,Milwaukee Panthers,Milwaukee,Panthers,MILW,Horizon League,45,exact
2024-25,591812,Minnesota,Big Ten,135,Minnesota Golden Gophers,Minnesota,Golden Gophers,MINN,Big Ten Conference,7,exact
2024-25,591813,Mississippi St.,SEC,344,Mississippi State Bulldogs,Mississippi State,Bulldogs,MSST,Southeastern Conference,23,exact
2024-25,591814,Mississippi Val.,SWAC,2400,Mississippi Valley State Delta Devils,Mississippi Valley State,Delta Devils,MVSU,Southwestern Athletic Conference,26,dict
2024-25,591816,Missouri,SEC,142,Missouri Tigers,Missouri,Tigers,MIZ,Southeastern Conference,23,exact
2024-25,591907,Missouri St.,MVC,2623,Missouri State Bears,Missouri State,Bears,MOST,Missouri Valley Conference,18,exact
2024-25,591817,Monmouth,CAA,2405,Monmouth Hawks,Monmouth,Hawks,MONM,Coastal Athletic Association,10,exact
2024-25,591819,Montana,Big Sky,149,Montana Grizzlies,Montana,Grizzlies,MONT,Big Sky Conference,5,exact
2024-25,591818,Montana St.,Big Sky,147,Montana State Bobcats,Montana State,Bobcats,MTST,Big Sky Conference,5,exact
2024-25,591820,Morehead St.,OVC,2413,Morehead State Eagles,Morehead State,Eagles,MORE,Ohio Valley Conference,20,exact
2024-25,591821,Morgan St.,MEAC,2415,Morgan State Bears,Morgan State,Bears,MORG,Mid-Eastern Athletic Conference,16,exact
2024-25,591822,Mount St. Mary's,MAAC,116,Mount St. Mary's Mountaineers,Mount St. Mary's,Mountaineers,MSM,Metro Conference,13,exact
2024-25,591823,Murray St.,MVC,93,Murray State Racers,Murray State,Racers,MUR,Missouri Valley Conference,18,exact
2024-25,591839,N.C. A&T,CAA,2448,North Carolina A&T Aggies,North Carolina A&T,Aggies,NCAT,Coastal Athletic Association,10,exact
2024-25,591840,N.C. Central,MEAC,2428,North Carolina Central Eagles,North Carolina Central,Eagles,NCCU,Mid-Eastern Athletic Conference,16,exact
2024-25,591841,NC State,ACC,152,NC State Wolfpack,NC State,Wolfpack,NCSU,Atlantic Coast Conference,2,exact
2024-25,591849,NIU,MAC,2459,Northern Illinois Huskies,Northern Illinois,Huskies,NIU,Mid-American Conference,14,exact
2024-25,591833,NJIT,ASUN,2885,NJIT Highlanders,NJIT,Highlanders,NJIT,America East Conference,1,exact
2024-25,591936,Navy,Patriot,2426,Navy Midshipmen,Navy,Midshipmen,NAVY,Patriot League,22,exact
2024-25,591829,Nebraska,Big Ten,158,Nebraska Cornhuskers,Nebraska,Cornhuskers,NEB,Big Ten Conference,7,exact
2024-25,591831,Nevada,MWC,2440,Nevada Wolf Pack,Nevada,Wolf Pack,NEV,Mountain West Conference,44,exact
2024-25,591832,New Hampshire,America East,160,New Hampshire Wildcats,New Hampshire,Wildcats,UNH,America East Conference,1,exact
2024-25,591835,New Mexico,MWC,167,New Mexico Lobos,New Mexico,Lobos,UNM,Mountain West Conference,44,exact
2024-25,591834,New Mexico St.,C-USA,166,New Mexico State Aggies,New Mexico State,Aggies,NMSU,Conference USA,11,exact
2024-25,591836,New Orleans,Southland,2443,LSU New Orleans Privateers,LSU New Orleans,Privateers,NOLA,Southland Conference,25,exact
2024-25,591837,Niagara,MAAC,315,Niagara Purple Eagles,Niagara,Purple Eagles,NIA,Metro Conference,13,exact
2024-25,591838,Nicholls,Southland,2447,Nicholls Colonels,Nicholls,Colonels,NICH,Southland Conference,25,exact
2024-25,591996,Norfolk St.,MEAC,2450,Norfolk State Spartans,Norfolk State,Spartans,NORF,Mid-Eastern Athletic Conference,16,exact
2024-25,591664,North Ala.,ASUN,2453,North Alabama Lions,North Alabama,Lions,UNA,Atlantic Sun Conference,46,exact
2024-25,591825,North Carolina,ACC,153,North Carolina Tar Heels,North Carolina,Tar Heels,UNC,Atlantic Coast Conference,2,exact
2024-25,591843,North Dakota,Summit League,155,North Dakota Fighting Hawks,North Dakota,Fighting Hawks,UND,Summit League,47,exact
2024-25,591842,North Dakota St.,Summit League,2449,North Dakota State Bison,North Dakota State,Bison,NDSU,Summit League,47,exact
2024-25,591653,North Florida,ASUN,2454,North Florida Ospreys,North Florida,Ospreys,UNF,Atlantic Sun Conference,46,exact
2024-25,591844,North Texas,AAC,249,North Texas Mean Green,North Texas,Mean Green,UNT,American Conference,62,exact
2024-25,591846,Northeastern,CAA,111,Northeastern Huskies,Northeastern,Huskies,NE,Coastal Athletic Association,10,exact
2024-25,591847,Northern Ariz.,Big Sky,2464,Northern Arizona Lumberjacks,Northern Arizona,Lumberjacks,NAU,Big Sky Conference,5,exact
2024-25,591848,Northern Colo.,Big Sky,2458,Northern Colorado Bears,Northern Colorado,Bears,UNCO,Big Sky Conference,5,exact
2024-25,591851,Northern Ky.,Horizon,94,Northern Kentucky Norse,Northern Kentucky,Norse,NKU,Horizon League,45,exact
2024-25,591853,Northwestern,Big Ten,77,Northwestern Wildcats,Northwestern,Wildcats,NU,Big Ten Conference,7,exact
2024-25,591852,Northwestern St.,Southland,2466,Northwestern State Demons,Northwestern State,Demons,NWST,Southland Conference,25,exact
2024-25,591997,Notre Dame,ACC,87,Notre Dame Fighting Irish,Notre Dame,Fighting Irish,ND,Atlantic Coast Conference,2,exact
2024-25,591854,Oakland,Horizon,2473,Oakland Golden Grizzlies,Oakland,Golden Grizzlies,OAK,Horizon League,45,exact
2024-25,591856,Ohio,MAC,195,Ohio Bobcats,Ohio,Bobcats,OHIO,Mid-American Conference,14,exact
2024-25,591855,Ohio St.,Big Ten,194,Ohio State Buckeyes,Ohio State,Buckeyes,OSU,Big Ten Conference,7,exact
2024-25,591858,Oklahoma,SEC,201,Oklahoma Sooners,Oklahoma,Sooners,OU,Southeastern Conference,23,exact
2024-25,591857,Oklahoma St.,Big 12,197,Oklahoma State Cowboys,Oklahoma State,Cowboys,OKST,Big 12 Conference,8,exact
2024-25,591859,Old Dominion,Sun Belt,295,Old Dominion Monarchs,Old Dominion,Monarchs,ODU,Sun Belt Conference,27,exact
2024-25,591815,Ole Miss,SEC,145,Ole Miss Rebels,Ole Miss,Rebels,MISS,Southeastern Conference,23,exact
2024-25,591830,Omaha,Summit League,2437,Omaha Mavericks,Omaha,Mavericks,OMA,Summit League,47,exact
2024-25,591860,Oral Roberts,Summit League,198,Oral Roberts Golden Eagles,Oral Roberts,Golden Eagles,ORU,Summit League,47,exact
2024-25,591862,Oregon,Big Ten,2483,Oregon Ducks,Oregon,Ducks,ORE,Big Ten Conference,7,exact
2024-25,591861,Oregon St.,WCC,204,Oregon State Beavers,Oregon State,Beavers,ORST,West Coast Conference,29,exact
2024-25,591863,Pacific,WCC,279,Pacific Tigers,Pacific,Tigers,PAC,West Coast Conference,29,exact
2024-25,591866,Penn,Ivy League,219,Pennsylvania Quakers,Pennsylvania,Quakers,PENN,Ivy League,12,exact
2024-25,591865,Penn St.,Big Ten,213,Penn State Nittany Lions,Penn State,Nittany Lions,PSU,Big Ten Conference,7,exact
2024-25,591867,Pepperdine,WCC,2492,Pepperdine Waves,Pepperdine,Waves,PEPP,West Coast Conference,29,exact
2024-25,591868,Pittsburgh,ACC,221,Pittsburgh Panthers,Pittsburgh,Panthers,PITT,Atlantic Coast Conference,2,exact
2024-25,591998,Portland,WCC,2501,Portland Pilots,Portland,Pilots,PORT,West Coast Conference,29,exact
2024-25,591869,Portland St.,Big Sky,2502,Portland State Vikings,Portland State,Vikings,PRST,Big Sky Conference,5,exact
2024-25,591870,Prairie View,SWAC,2504,Prairie View A&M Panthers,Prairie View A&M,Panthers,PV,Southwestern Athletic Conference,26,exact
2024-25,592009,Presbyterian,Big South,2506,Presbyterian Blue Hose,Presbyterian,Blue Hose,PRES,Big South Conference,6,exact
2024-25,591999,Princeton,Ivy League,163,Princeton Tigers,Princeton,Tigers,PRIN,Ivy League,12,exact
2024-25,591871,Providence,Big East,2507,Providence Friars,Providence,Friars,PROV,Big East Conference,4,exact
2024-25,591872,Purdue,Big Ten,2509,Purdue Boilermakers,Purdue,Boilermakers,PUR,Big Ten Conference,7,exact
2024-25,591775,Purdue Fort Wayne,Summit League,2870,Purdue Fort Wayne Mastodons,Purdue Fort Wayne,Mastodons,PFW,Horizon League,45,exact
2024-25,591975,Queens (NC),ASUN,2511,Queens University Royals,Queens University,Royals,QUC,Atlantic Sun Conference,46,dict
2024-25,591873,Quinnipiac,MAAC,2514,Quinnipiac Bobcats,Quinnipiac,Bobcats,QUIN,Metro Conference,13,exact
2024-25,591874,Radford,Big South,2515,Radford Highlanders,Radford,Highlanders,RAD,Big South Conference,6,exact
2024-25,591875,Rhode Island,Atlantic 10,227,Rhode Island Rams,Rhode Island,Rams,URI,Atlantic 10 Conference,3,exact
2024-25,592000,Rice,AAC,242,Rice Owls,Rice,Owls,RICE,American Conference,62,exact
2024-25,592001,Richmond,Atlantic 10,257,Richmond Spiders,Richmond,Spiders,RICH,Atlantic 10 Conference,3,exact
2024-25,591876,Rider,MAAC,2520,Rider Broncs,Rider,Broncs,RID,Metro Conference,13,exact
2024-25,591877,Robert Morris,NEC,2523,Robert Morris Colonials,Robert Morris,Colonials,RMU,Horizon League,45,exact
2024-25,591878,Rutgers,Big Ten,164,Rutgers Scarlet Knights,Rutgers,Scarlet Knights,RUTG,Big Ten Conference,7,exact
2024-25,591911,SFA,Southland,2617,Stephen F. Austin Lumberjacks,Stephen F. Austin,Lumberjacks,SFA,Southland Conference,25,exact
2024-25,591902,SIUE,OVC,2565,SIU Edwardsville Cougars,SIU Edwardsville,Cougars,SIUE,Ohio Valley Conference,20,exact
2024-25,591903,SMU,ACC,2567,SMU Mustangs,SMU,Mustangs,SMU,Atlantic Coast Conference,2,exact
2024-25,591704,Sacramento St.,Big Sky,16,Sacramento State Hornets,Sacramento State,Hornets,SAC,Big Sky Conference,5,exact
2024-25,592002,Sacred Heart,MAAC,2529,Sacred Heart Pioneers,Sacred Heart,Pioneers,SHU,Metro Conference,13,exact
2024-25,591880,Saint Francis,NEC,2598,St. Francis (PA) Red Flash,St. Francis (PA),Red Flash,SFPA,Northeast Conference,19,alias
2024-25,591882,Saint Joseph's,Atlantic 10,2603,Saint Joseph's Hawks,Saint Joseph's,Hawks,JOES,Atlantic 10 Conference,3,exact
2024-25,591883,Saint Louis,Atlantic 10,139,Saint Louis Billikens,Saint Louis,Billikens,SLU,Atlantic 10 Conference,3,exact
2024-25,591884,Saint Mary's (CA),WCC,2608,Saint Mary's Gaels,Saint Mary's,Gaels,SMC,West Coast Conference,29,dict
2024-25,591885,Saint Peter's,MAAC,2612,Saint Peter's Peacocks,Saint Peter's,Peacocks,SPU,Metro Conference,13,exact
2024-25,591886,Sam Houston,C-USA,2534,Sam Houston Bearkats,Sam Houston,Bearkats,SHSU,Conference USA,11,exact
2024-25,591887,Samford,SoCon,2535,Samford Bulldogs,Samford,Bulldogs,SAM,Southern Conference,24,exact
2024-25,591889,San Diego,WCC,301,San Diego Toreros,San Diego,Toreros,USD,West Coast Conference,29,exact
2024-25,591888,San Diego St.,MWC,21,San Diego State Aztecs,San Diego State,Aztecs,SDSU,Mountain West Conference,44,exact
2024-25,591890,San Francisco,WCC,2539,San Francisco Dons,San Francisco,Dons,SF,West Coast Conference,29,exact
2024-25,591891,San Jose St.,MWC,23,San José State Spartans,San José State,Spartans,SJSU,Mountain West Conference,44,dict
2024-25,591892,Santa Clara,WCC,2541,Santa Clara Broncos,Santa Clara,Broncos,SCU,West Coast Conference,29,exact
2024-25,591972,Seattle U,WAC,2547,Seattle U Redhawks,Seattle U,Redhawks,SEA,United Athletic Conference,30,exact
2024-25,591893,Seton Hall,Big East,2550,Seton Hall Pirates,Seton Hall,Pirates,HALL,Big East Conference,4,exact
2024-25,591894,Siena,MAAC,2561,Siena Saints,Siena,Saints,SIE,Metro Conference,13,exact
2024-25,591895,South Alabama,Sun Belt,6,South Alabama Jaguars,South Alabama,Jaguars,USA,Sun Belt Conference,27,exact
2024-25,592003,South Carolina,SEC,2579,South Carolina Gamecocks,South Carolina,Gamecocks,SC,Southeastern Conference,23,exact
2024-25,591896,South Carolina St.,MEAC,2569,South Carolina State Bulldogs,South Carolina State,Bulldogs,SCST,Mid-Eastern Athletic Conference,16,exact
2024-25,591897,South Dakota,Summit League,233,South Dakota Coyotes,South Dakota,Coyotes,SDAK,Summit League,47,exact
2024-25,592004,South Dakota St.,Summit League,2571,South Dakota State Jackrabbits,South Dakota State,Jackrabbits,SDST,Summit League,47,exact
2024-25,591898,South Fla.,AAC,58,South Florida Bulls,South Florida,Bulls,USF,American Conference,62,exact
2024-25,591899,Southeast Mo. St.,OVC,2546,Southeast Missouri State Redhawks,Southeast Missouri State,Redhawks,SEMO,Ohio Valley Conference,20,exact
2024-25,591900,Southeastern La.,Southland,2545,SE Louisiana Lions,SE Louisiana,Lions,SELA,Southland Conference,25,dict
2024-25,592005,Southern California,Big Ten,30,USC Trojans,USC,Trojans,USC,Big Ten Conference,7,dict
2024-25,591901,Southern Ill.,MVC,79,Southern Illinois Salukis,Southern Illinois,Salukis,SIU,Missouri Valley Conference,18,exact
2024-25,592010,Southern Ind.,OVC,88,Southern Indiana Screaming Eagles,Southern Indiana,Screaming Eagles,USI,Ohio Valley Conference,20,alias
2024-25,591904,Southern Miss.,Sun Belt,2572,Southern Miss Golden Eagles,Southern Miss,Golden Eagles,USM,Sun Belt Conference,27,dict
2024-25,591905,Southern U.,SWAC,2582,Southern Jaguars,Southern,Jaguars,SOU,Southwestern Athletic Conference,26,dict
2024-25,591906,Southern Utah,WAC,253,Southern Utah Thunderbirds,Southern Utah,Thunderbirds,SUU,United Athletic Conference,30,exact
2024-25,591879,St. Bonaventure,Atlantic 10,179,St. Bonaventure Bonnies,St. Bonaventure,Bonnies,SBU,Atlantic 10 Conference,3,exact
2024-25,591881,St. John's (NY),Big East,2599,St. John's Red Storm,St. John's,Red Storm,SJU,Big East Conference,4,dict
2024-25,591740,St. Thomas (MN),Summit League,2900,St. Thomas Tommies,St. Thomas,Tommies,STMN,Summit League,47,alias
2024-25,591910,Stanford,ACC,24,Stanford Cardinal,Stanford,Cardinal,STAN,Atlantic Coast Conference,2,exact
2024-25,591912,Stetson,ASUN,56,Stetson Hatters,Stetson,Hatters,STET,Atlantic Sun Conference,46,exact
2024-25,591977,Stonehill,NEC,284,Stonehill Skyhawks,Stonehill,Skyhawks,STO,Northeast Conference,19,exact
2024-25,591913,Stony Brook,America East,2619,Stony Brook Seawolves,Stony Brook,Seawolves,STBK,Coastal Athletic Association,10,exact
2024-25,591914,Syracuse,ACC,183,Syracuse Orange,Syracuse,Orange,SYR,Atlantic Coast Conference,2,exact
2024-25,591921,TCU,Big 12,2628,TCU Horned Frogs,TCU,Horned Frogs,TCU,Big 12 Conference,8,exact
2024-25,591663,Tarleton St.,WAC,2627,Tarleton State Texans,Tarleton State,Texans,TAR,United Athletic Conference,30,exact
2024-25,591915,Temple,AAC,218,Temple Owls,Temple,Owls,TEM,American Conference,62,exact
2024-25,591918,Tennessee,SEC,2633,Tennessee Volunteers,Tennessee,Volunteers,TENN,Southeastern Conference,23,exact
2024-25,591916,Tennessee St.,OVC,2634,Tennessee State Tigers,Tennessee State,Tigers,TNST,Ohio Valley Conference,20,exact
2024-25,591917,Tennessee Tech,OVC,2635,Tennessee Tech Golden Eagles,Tennessee Tech,Golden Eagles,TNTC,Ohio Valley Conference,20,exact
2024-25,592007,Texas,SEC,251,Texas Longhorns,Texas,Longhorns,TEX,Southeastern Conference,23,exact
2024-25,591920,Texas A&M,SEC,245,Texas A&M Aggies,Texas A&M,Aggies,TA&M,Southeastern Conference,23,exact
2024-25,591922,Texas Southern,SWAC,2640,Texas Southern Tigers,Texas Southern,Tigers,TXSO,Southwestern Athletic Conference,26,exact
2024-25,591908,Texas St.,Sun Belt,326,Texas State Bobcats,Texas State,Bobcats,TXST,Sun Belt Conference,27,exact
2024-25,591923,Texas Tech,Big 12,2641,Texas Tech Red Raiders,Texas Tech,Red Raiders,TTU,Big 12 Conference,8,exact
2024-25,591927,Toledo,MAC,2649,Toledo Rockets,Toledo,Rockets,TOL,Mid-American Conference,14,exact
2024-25,591928,Towson,CAA,119,Towson Tigers,Towson,Tigers,TOW,Coastal Athletic Association,10,exact
2024-25,591929,Troy,Sun Belt,2653,Troy Trojans,Troy,Trojans,TROY,Sun Belt Conference,27,exact
2024-25,591930,Tulane,AAC,2655,Tulane Green Wave,Tulane,Green Wave,TULN,American Conference,62,exact
2024-25,591933,Tulsa,AAC,202,Tulsa Golden Hurricane,Tulsa,Golden Hurricane,TLSA,American Conference,62,exact
2024-25,591670,UAB,AAC,5,UAB Blazers,UAB,Blazers,UAB,American Conference,62,exact
2024-25,591671,UAlbany,America East,399,UAlbany Great Danes,UAlbany,Great Danes,UALB,America East Conference,1,exact
2024-25,591707,UC Davis,Big West,302,UC Davis Aggies,UC Davis,Aggies,UCD,Big West Conference,9,exact
2024-25,591982,UC Irvine,Big West,300,UC Irvine Anteaters,UC Irvine,Anteaters,UCI,Big West Conference,9,exact
2024-25,591709,UC Riverside,Big West,27,UC Riverside Highlanders,UC Riverside,Highlanders,UCR,Big West Conference,9,exact
2024-25,591662,UC San Diego,Big West,28,UC San Diego Tritons,UC San Diego,Tritons,UCSD,Big West Conference,9,exact
2024-25,591705,UC Santa Barbara,Big West,2540,UC Santa Barbara Gauchos,UC Santa Barbara,Gauchos,UCSB,Big West Conference,9,exact
2024-25,591713,UCF,Big 12,2116,UCF Knights,UCF,Knights,UCF,Big 12 Conference,8,exact
2024-25,591708,UCLA,Big Ten,26,UCLA Bruins,UCLA,Bruins,UCLA,Big Ten Conference,7,exact
2024-25,591983,UConn,AAC,41,UConn Huskies,UConn,Huskies,CONN,Big East Conference,4,exact
2024-25,591772,UIC,MVC,82,UIC Flames,UIC,Flames,UIC,Missouri Valley Conference,18,exact
2024-25,591654,UIW,Southland,2916,Incarnate Word Cardinals,Incarnate Word,Cardinals,UIW,Southland Conference,25,exact
2024-25,591845,ULM,Sun Belt,2433,UL Monroe Warhawks,UL Monroe,Warhawks,ULM,Sun Belt Conference,27,exact
2024-25,591801,UMBC,America East,2378,UMBC Retrievers,UMBC,Retrievers,UMBC,America East Conference,1,exact
2024-25,591803,UMES,MEAC,2379,Maryland Eastern Shore Hawks,Maryland Eastern Shore,Hawks,UMES,Mid-Eastern Athletic Conference,16,exact
2024-25,591794,UMass Lowell,America East,2349,UMass Lowell River Hawks,UMass Lowell,River Hawks,UML,America East Conference,1,exact
2024-25,591824,UNC Asheville,Big South,2427,UNC Asheville Bulldogs,UNC Asheville,Bulldogs,UNCA,Big South Conference,6,exact
2024-25,591827,UNC Greensboro,SoCon,2430,UNC Greensboro Spartans,UNC Greensboro,Spartans,UNCG,Southern Conference,24,exact
2024-25,591828,UNCW,CAA,350,UNC Wilmington Seahawks,UNC Wilmington,Seahawks,UNCW,Coastal Athletic Association,10,exact
2024-25,591850,UNI,MVC,2460,Northern Iowa Panthers,Northern Iowa,Panthers,UNI,Missouri Valley Conference,18,exact
2024-25,591995,UNLV,MWC,2439,UNLV Rebels,UNLV,Rebels,UNLV,Mountain West Conference,44,exact
2024-25,591656,USC Upstate,Big South,2908,South Carolina Upstate Spartans,South Carolina Upstate,Spartans,UPST,Big South Conference,6,dict
2024-25,591924,UT Arlington,WAC,250,UT Arlington Mavericks,UT Arlington,Mavericks,UTA,United Athletic Conference,30,exact
2024-25,591919,UT Martin,OVC,2630,UT Martin Skyhawks,UT Martin,Skyhawks,UTM,Ohio Valley Conference,20,exact
2024-25,591925,UTEP,C-USA,2638,UTEP Miners,UTEP,Miners,UTEP,Conference USA,11,exact
2024-25,591864,UTRGV,Southland,292,UT Rio Grande Valley Vaqueros,UT Rio Grande Valley,Vaqueros,RGV,Southland Conference,25,dict
2024-25,591926,UTSA,AAC,2636,UTSA Roadrunners,UTSA,Roadrunners,UTSA,American Conference,62,exact
2024-25,591938,Utah,Big 12,254,Utah Utes,Utah,Utes,UTAH,Big 12 Conference,8,exact
2024-25,591937,Utah St.,MWC,328,Utah State Aggies,Utah State,Aggies,USU,Mountain West Conference,44,exact
2024-25,591931,Utah Tech,WAC,3101,Utah Tech Trailblazers,Utah Tech,Trailblazers,UTU,United Athletic Conference,30,exact
2024-25,591660,Utah Valley,WAC,3084,Utah Valley Wolverines,Utah Valley,Wolverines,UVU,United Athletic Conference,30,exact
2024-25,591943,VCU,Atlantic 10,2670,VCU Rams,VCU,Rams,VCU,Atlantic 10 Conference,3,exact
2024-25,591939,Valparaiso,MVC,2674,Valparaiso Beacons,Valparaiso,Beacons,VAL,Missouri Valley Conference,18,exact
2024-25,591940,Vanderbilt,SEC,238,Vanderbilt Commodores,Vanderbilt,Commodores,VAN,Southeastern Conference,23,exact
2024-25,591941,Vermont,America East,261,Vermont Catamounts,Vermont,Catamounts,UVM,America East Conference,1,exact
2024-25,591942,Villanova,Big East,222,Villanova Wildcats,Villanova,Wildcats,VILL,Big East Conference,4,exact
2024-25,591945,Virginia,ACC,258,Virginia Cavaliers,Virginia,Cavaliers,UVA,Atlantic Coast Conference,2,exact
2024-25,591944,Virginia Tech,ACC,259,Virginia Tech Hokies,Virginia Tech,Hokies,VT,Atlantic Coast Conference,2,exact
2024-25,591946,Wagner,NEC,2681,Wagner Seahawks,Wagner,Seahawks,WAG,Northeast Conference,19,exact
2024-25,591947,Wake Forest,ACC,154,Wake Forest Demon Deacons,Wake Forest,Demon Deacons,WAKE,Atlantic Coast Conference,2,exact
2024-25,591949,Washington,Big Ten,264,Washington Huskies,Washington,Huskies,WASH,Big Ten Conference,7,exact
2024-25,591948,Washington St.,WCC,265,Washington State Cougars,Washington State,Cougars,WSU,West Coast Conference,29,exact
2024-25,591950,Weber St.,Big Sky,2692,Weber State Wildcats,Weber State,Wildcats,WEB,Big Sky Conference,5,exact
2024-25,592172,West Ga.,ASUN,2698,West Georgia Wolves,West Georgia,Wolves,WGA,Atlantic Sun Conference,46,exact
2024-25,591951,West Virginia,Big 12,277,West Virginia Mountaineers,West Virginia,Mountaineers,WVU,Big 12 Conference,8,exact
2024-25,591952,Western Caro.,SoCon,2717,Western Carolina Catamounts,Western Carolina,Catamounts,WCU,Southern Conference,24,exact
2024-25,591953,Western Ill.,OVC,2710,Western Illinois Leathernecks,Western Illinois,Leathernecks,WIU,Ohio Valley Conference,20,exact
2024-25,591954,Western Ky.,C-USA,98,Western Kentucky Hilltoppers,Western Kentucky,Hilltoppers,WKU,Conference USA,11,exact
2024-25,591955,Western Mich.,MAC,2711,Western Michigan Broncos,Western Michigan,Broncos,WMU,Mid-American Conference,14,exact
2024-25,591956,Wichita St.,AAC,2724,Wichita State Shockers,Wichita State,Shockers,WICH,American Conference,62,exact
2024-25,591957,William & Mary,CAA,2729,William & Mary Tribe,William & Mary,Tribe,W&M,Coastal Athletic Association,10,exact
2024-25,591958,Winthrop,Big South,2737,Winthrop Eagles,Winthrop,Eagles,WIN,Big South Conference,6,exact
2024-25,591959,Wisconsin,Big Ten,275,Wisconsin Badgers,Wisconsin,Badgers,WIS,Big Ten Conference,7,exact
2024-25,591655,Wofford,SoCon,2747,Wofford Terriers,Wofford,Terriers,WOF,Southern Conference,24,exact
2024-25,591961,Wright St.,Horizon,2750,Wright State Raiders,Wright State,Raiders,WRST,Horizon League,45,exact
2024-25,591962,Wyoming,MWC,2751,Wyoming Cowboys,Wyoming,Cowboys,WYO,Mountain West Conference,44,exact
2024-25,591963,Xavier,Big East,2752,Xavier Musketeers,Xavier,Musketeers,XAV,Big East Conference,4,exact
2024-25,591964,Yale,Ivy League,43,Yale Bulldogs,Yale,Bulldogs,YALE,Ivy League,12,exact
2024-25,591965,Youngstown St.,Horizon,2754,Youngstown State Penguins,Youngstown State,Penguins,YSU,Horizon League,45,exact
2025-26,610016,A&M-Corpus Christi,Southland,357,Texas A&M-Corpus Christi Islanders,Texas A&M-Corpus Christi,Islanders,AMCC,Southland Conference,25,dict
2025-26,610128,Abilene Christian,WAC,2000,Abilene Christian Wildcats,Abilene Christian,Wildcats,ACU,United Athletic Conference,30,exact
2025-26,609930,Air Force,MWC,2005,Air Force Falcons,Air Force,Falcons,AF,Mountain West Conference,44,exact
2025-26,610133,Akron,MAC,2006,Akron Zips,Akron,Zips,AKR,Mid-American Conference,14,exact
2025-26,610143,Alabama,SEC,333,Alabama Crimson Tide,Alabama,Crimson Tide,ALA,Southeastern Conference,23,exact
2025-26,610135,Alabama A&M,SWAC,2010,Alabama A&M Bulldogs,Alabama A&M,Bulldogs,AAMU,Southwestern Athletic Conference,26,exact
2025-26,610138,Alabama St.,SWAC,2011,Alabama State Hornets,Alabama State,Hornets,ALST,Southwestern Athletic Conference,26,exact
2025-26,610153,Alcorn,SWAC,2016,Alcorn State Braves,Alcorn State,Braves,ALCN,Southwestern Athletic Conference,26,dict
2025-26,610157,American,Patriot,44,American University Eagles,American University,Eagles,AMER,Patriot League,22,exact
2025-26,610159,App State,Sun Belt,2026,App State Mountaineers,App State,Mountaineers,APP,Sun Belt Conference,27,exact
2025-26,610166,Arizona,Big 12,12,Arizona Wildcats,Arizona,Wildcats,ARIZ,Big 12 Conference,8,exact
2025-26,610162,Arizona St.,Big 12,9,Arizona State Sun Devils,Arizona State,Sun Devils,ASU,Big 12 Conference,8,exact
2025-26,610005,Ark.-Pine Bluff,SWAC,2029,Arkansas-Pine Bluff Golden Lions,Arkansas-Pine Bluff,Golden Lions,UAPB,Southwestern Athletic Conference,26,dict
2025-26,610171,Arkansas,SEC,8,Arkansas Razorbacks,Arkansas,Razorbacks,ARK,Southeastern Conference,23,exact
2025-26,610169,Arkansas St.,Sun Belt,2032,Arkansas State Red Wolves,Arkansas State,Red Wolves,ARST,Sun Belt Conference,27,exact
2025-26,609931,Army West Point,Patriot,349,Army Black Knights,Army,Black Knights,ARMY,Patriot League,22,dict
2025-26,610176,Auburn,SEC,2,Auburn Tigers,Auburn,Tigers,AUB,Southeastern Conference,23,exact
2025-26,610179,Austin Peay,ASUN,2046,Austin Peay Governors,Austin Peay,Governors,APSU,Atlantic Sun Conference,46,exact
2025-26,610210,BYU,Big 12,252,BYU Cougars,BYU,Cougars,BYU,Big 12 Conference,8,exact
2025-26,610182,Ball St.,MAC,2050,Ball State Cardinals,Ball State,Cardinals,BALL,Mid-American Conference,14,exact
2025-26,610188,Baylor,Big 12,239,Baylor Bears,Baylor,Bears,BAY,Big 12 Conference,8,exact
2025-26,609926,Bellarmine,ASUN,91,Bellarmine Knights,Bellarmine,Knights,BELL,Atlantic Sun Conference,46,exact
2025-26,610105,Belmont,MVC,2057,Belmont Bruins,Belmont,Bruins,BEL,Missouri Valley Conference,18,exact
2025-26,610190,Bethune-Cookman,SWAC,2065,Bethune-Cookman Wildcats,Bethune-Cookman,Wildcats,BCU,Southwestern Athletic Conference,26,exact
2025-26,610193,Binghamton,America East,2066,Binghamton Bearcats,Binghamton,Bearcats,BING,America East Conference,1,exact
2025-26,610195,Boise St.,MWC,68,Boise State Broncos,Boise State,Broncos,BOIS,Mountain West Conference,44,exact
2025-26,610199,Boston College,ACC,103,Boston College Eagles,Boston College,Eagles,BC,Atlantic Coast Conference,2,exact
2025-26,610202,Boston U.,Patriot,104,Boston University Terriers,Boston University,Terriers,BU,Patriot League,22,exact
2025-26,610205,Bowling Green,MAC,189,Bowling Green Falcons,Bowling Green,Falcons,BGSU,Mid-American Conference,14,exact
2025-26,610207,Bradley,MVC,71,Bradley Braves,Bradley,Braves,BRAD,Missouri Valley Conference,18,exact
2025-26,610212,Brown,Ivy League,225,Brown Bears,Brown,Bears,BRWN,Ivy League,12,exact
2025-26,610214,Bryant,America East,2803,Bryant Bulldogs,Bryant,Bulldogs,BRY,America East Conference,1,exact
2025-26,610217,Bucknell,Patriot,2083,Bucknell Bison,Bucknell,Bison,BUCK,Patriot League,22,exact
2025-26,610221,Buffalo,MAC,2084,Buffalo Bulls,Buffalo,Bulls,BUF,Mid-American Conference,14,exact
2025-26,610224,Butler,Big East,2086,Butler Bulldogs,Butler,Bulldogs,BTLR,Big East Conference,4,exact
2025-26,610230,CSU Bakersfield,WAC,2934,Cal State Bakersfield Roadrunners,Cal State Bakersfield,Roadrunners,CSUB,Big West Conference,9,alias
2025-26,610240,CSUN,Big West,2463,Cal State Northridge Matadors,Cal State Northridge,Matadors,CSUN,Big West Conference,9,exact
2025-26,610227,Cal Poly,Big West,13,Cal Poly Mustangs,Cal Poly,Mustangs,CP,Big West Conference,9,exact
2025-26,610236,Cal St. Fullerton,Big West,2239,Cal State Fullerton Titans,Cal State Fullerton,Titans,CSUF,Big West Conference,9,exact
2025-26,610248,California,ACC,25,California Golden Bears,California,Golden Bears,CAL,Atlantic Coast Conference,2,exact
2025-26,610020,California Baptist,WAC,2856,California Baptist Lancers,California Baptist,Lancers,CBU,United Athletic Conference,30,exact
2025-26,610259,Campbell,CAA,2097,Campbell Fighting Camels,Campbell,Fighting Camels,CAM,Coastal Athletic Association,10,exact
2025-26,610262,Canisius,MAAC,2099,Canisius Golden Griffins,Canisius,Golden Griffins,CAN,Metro Conference,13,exact
2025-26,609991,Central Ark.,ASUN,2110,Central Arkansas Bears,Central Arkansas,Bears,CARK,Atlantic Sun Conference,46,exact
2025-26,610264,Central Conn. St.,NEC,2115,Central Connecticut Blue Devils,Central Connecticut,Blue Devils,CCSU,Northeast Conference,19,dict
2025-26,610271,Central Mich.,MAC,2117,Central Michigan Chippewas,Central Michigan,Chippewas,CMU,Mid-American Conference,14,exact
2025-26,610185,Charleston So.,Big South,2127,Charleston Southern Buccaneers,Charleston Southern,Buccaneers,CHSO,Big South Conference,6,exact
2025-26,610578,Charlotte,AAC,2429,Charlotte 49ers,Charlotte,49ers,CLT,American Conference,62,exact
2025-26,610073,Chattanooga,SoCon,236,Chattanooga Mocs,Chattanooga,Mocs,UTC,Southern Conference,24,exact
2025-26,610276,Cincinnati,Big 12,2132,Cincinnati Bearcats,Cincinnati,Bearcats,CIN,Big 12 Conference,8,exact
2025-26,610280,Clemson,ACC,228,Clemson Tigers,Clemson,Tigers,CLEM,Atlantic Coast Conference,2,exact
2025-26,610282,Cleveland St.,Horizon,325,Cleveland State Vikings,Cleveland State,Vikings,CLE,Horizon League,45,exact
2025-26,610287,Coastal Carolina,Sun Belt,324,Coastal Carolina Chanticleers,Coastal Carolina,Chanticleers,CCU,Sun Belt Conference,27,exact
2025-26,609993,Col. of Charleston,CAA,232,Charleston Cougars,Charleston,Cougars,COFC,Coastal Athletic Association,10,dict
2025-26,610291,Colgate,Patriot,2142,Colgate Raiders,Colgate,Raiders,COLG,Patriot League,22,exact
2025-26,610298,Colorado,Big 12,38,Colorado Buffaloes,Colorado,Buffaloes,COLO,Big 12 Conference,8,exact
2025-26,610294,Colorado St.,MWC,36,Colorado State Rams,Colorado State,Rams,CSU,Mountain West Conference,44,exact
2025-26,610299,Columbia,Ivy League,171,Columbia Lions,Columbia,Lions,COLU,Ivy League,12,exact
2025-26,610302,Coppin St.,MEAC,2154,Coppin State Eagles,Coppin State,Eagles,COPP,Mid-Eastern Athletic Conference,16,exact
2025-26,610305,Cornell,Ivy League,172,Cornell Big Red,Cornell,Big Red,COR,Ivy League,12,exact
2025-26,610308,Creighton,Big East,156,Creighton Bluejays,Creighton,Bluejays,CREI,Big East Conference,4,exact
2025-26,610311,Dartmouth,Ivy League,159,Dartmouth Big Green,Dartmouth,Big Green,DART,Ivy League,12,exact
2025-26,610314,Davidson,Atlantic 10,2166,Davidson Wildcats,Davidson,Wildcats,DAV,Atlantic 10 Conference,3,exact
2025-26,610317,Dayton,Atlantic 10,2168,Dayton Flyers,Dayton,Flyers,DAY,Atlantic 10 Conference,3,exact
2025-26,610320,DePaul,Big East,305,DePaul Blue Demons,DePaul,Blue Demons,DEP,Big East Conference,4,exact
2025-26,610323,Delaware,CAA,48,Delaware Blue Hens,Delaware,Blue Hens,DEL,Coastal Athletic Association,10,exact
2025-26,610321,Delaware St.,MEAC,2169,Delaware State Hornets,Delaware State,Hornets,DSU,Mid-Eastern Athletic Conference,16,exact
2025-26,610325,Denver,Summit League,2172,Denver Pioneers,Denver,Pioneers,DEN,Summit League,47,exact
2025-26,610329,Detroit Mercy,Horizon,2174,Detroit Mercy Titans,Detroit Mercy,Titans,DETM,Horizon League,45,exact
2025-26,610027,Drake,MVC,2181,Drake Bulldogs,Drake,Bulldogs,DRKE,Missouri Valley Conference,18,exact
2025-26,610028,Drexel,CAA,2182,Drexel Dragons,Drexel,Dragons,DREX,Coastal Athletic Association,10,exact
2025-26,610331,Duke,ACC,150,Duke Blue Devils,Duke,Blue Devils,DUKE,Atlantic Coast Conference,2,exact
2025-26,610334,Duquesne,Atlantic 10,2184,Duquesne Dukes,Duquesne,Dukes,DUQ,Atlantic 10 Conference,3,exact
2025-26,610339,ETSU,SoCon,2193,East Tennessee State Buccaneers,East Tennessee State,Buccaneers,ETSU,Southern Conference,24,exact
2025-26,610336,East Carolina,AAC,151,East Carolina Pirates,East Carolina,Pirates,ECU,American Conference,62,exact
2025-26,610342,Eastern Ill.,OVC,2197,Eastern Illinois Panthers,Eastern Illinois,Panthers,EIU,Ohio Valley Conference,20,exact
2025-26,610347,Eastern Ky.,ASUN,2198,Eastern Kentucky Colonels,Eastern Kentucky,Colonels,EKU,Atlantic Sun Conference,46,exact
2025-26,610351,Eastern Mich.,MAC,2199,Eastern Michigan Eagles,Eastern Michigan,Eagles,EMU,Mid-American Conference,14,exact
2025-26,610030,Eastern Wash.,Big Sky,331,Eastern Washington Eagles,Eastern Washington,Eagles,EWU,Big Sky Conference,5,exact
2025-26,609995,Elon,CAA,2210,Elon Phoenix,Elon,Phoenix,ELON,Coastal Athletic Association,10,exact
2025-26,610353,Evansville,MVC,339,Evansville Purple Aces,Evansville,Purple Aces,EVAN,Missouri Valley Conference,18,exact
2025-26,610357,FDU,NEC,161,Fairleigh Dickinson Knights,Fairleigh Dickinson,Knights,FDU,Northeast Conference,19,exact
2025-26,610018,FGCU,ASUN,526,Florida Gulf Coast Eagles,Florida Gulf Coast,Eagles,FGCU,Atlantic Sun Conference,46,exact
2025-26,610366,FIU,C-USA,2229,Florida International Panthers,Florida International,Panthers,FIU,Conference USA,11,exact
2025-26,610032,Fairfield,MAAC,2217,Fairfield Stags,Fairfield,Stags,FAIR,Metro Conference,13,exact
2025-26,610363,Fla. Atlantic,AAC,2226,Florida Atlantic Owls,Florida Atlantic,Owls,FAU,American Conference,62,exact
2025-26,610371,Florida,SEC,57,Florida Gators,Florida,Gators,FLA,Southeastern Conference,23,exact
2025-26,610360,Florida A&M,SWAC,50,Florida A&M Rattlers,Florida A&M,Rattlers,FAMU,Southwestern Athletic Conference,26,exact
2025-26,610368,Florida St.,ACC,52,Florida State Seminoles,Florida State,Seminoles,FSU,Atlantic Coast Conference,2,exact
2025-26,610375,Fordham,Atlantic 10,2230,Fordham Rams,Fordham,Rams,FOR,Atlantic 10 Conference,3,exact
2025-26,610233,Fresno St.,MWC,278,Fresno State Bulldogs,Fresno State,Bulldogs,FRES,Mountain West Conference,44,exact
2025-26,610378,Furman,SoCon,231,Furman Paladins,Furman,Paladins,FUR,Southern Conference,24,exact
2025-26,610391,Ga. Southern,Sun Belt,290,Georgia Southern Eagles,Georgia Southern,Eagles,GASO,Sun Belt Conference,27,exact
2025-26,609997,Gardner-Webb,Big South,2241,Gardner-Webb Runnin' Bulldogs,Gardner-Webb,Runnin' Bulldogs,GWEB,Big South Conference,6,exact
2025-26,610381,George Mason,Atlantic 10,2244,George Mason Patriots,George Mason,Patriots,GMU,Atlantic 10 Conference,3,exact
2025-26,610384,George Washington,Atlantic 10,45,George Washington Revolutionaries,George Washington,Revolutionaries,GW,Atlantic 10 Conference,3,exact
2025-26,610388,Georgetown,Big East,46,Georgetown Hoyas,Georgetown,Hoyas,GTWN,Big East Conference,4,exact
2025-26,610399,Georgia,SEC,61,Georgia Bulldogs,Georgia,Bulldogs,UGA,Southeastern Conference,23,exact
2025-26,610394,Georgia St.,Sun Belt,2247,Georgia State Panthers,Georgia State,Panthers,GAST,Sun Belt Conference,27,exact
2025-26,610396,Georgia Tech,ACC,59,Georgia Tech Yellow Jackets,Georgia Tech,Yellow Jackets,GT,Atlantic Coast Conference,2,exact
2025-26,610401,Gonzaga,WCC,2250,Gonzaga Bulldogs,Gonzaga,Bulldogs,GONZ,West Coast Conference,29,exact
2025-26,610405,Grambling,SWAC,2755,Grambling Tigers,Grambling,Tigers,GRAM,Southwestern Athletic Conference,26,exact
2025-26,609999,Grand Canyon,WAC,2253,Grand Canyon Lopes,Grand Canyon,Lopes,GCU,United Athletic Conference,30,exact
2025-26,610079,Green Bay,Horizon,2739,Green Bay Phoenix,Green Bay,Phoenix,GB,Horizon League,45,exact
2025-26,610407,Hampton,CAA,2261,Hampton Pirates,Hampton,Pirates,HAMP,Coastal Athletic Association,10,exact
2025-26,610409,Harvard,Ivy League,108,Harvard Crimson,Harvard,Crimson,HARV,Ivy League,12,exact
2025-26,610412,Hawaii,Big West,62,Hawai'i Rainbow Warriors,Hawai'i,Rainbow Warriors,HAW,Big West Conference,9,dict
2025-26,610108,High Point,Big South,2272,High Point Panthers,High Point,Panthers,HPU,Big South Conference,6,exact
2025-26,610415,Hofstra,CAA,2275,Hofstra Pride,Hofstra,Pride,HOF,Coastal Athletic Association,10,exact
2025-26,610034,Holy Cross,Patriot,107,Holy Cross Crusaders,Holy Cross,Crusaders,HC,Patriot League,22,exact
2025-26,610421,Houston,Big 12,248,Houston Cougars,Houston,Cougars,HOU,Big 12 Conference,8,exact
2025-26,610418,Houston Christian,Southland,2277,Houston Christian Huskies,Houston Christian,Huskies,HCU,Southland Conference,25,exact
2025-26,610423,Howard,MEAC,47,Howard Bison,Howard,Bison,HOW,Mid-Eastern Athletic Conference,16,exact
2025-26,610007,IU Indy,Horizon,85,IU Indianapolis Jaguars,IU Indianapolis,Jaguars,IUIN,Horizon League,45,exact
2025-26,610428,Idaho,Big Sky,70,Idaho Vandals,Idaho,Vandals,IDHO,Big Sky Conference,5,exact
2025-26,610425,Idaho St.,Big Sky,304,Idaho State Bengals,Idaho State,Bengals,IDST,Big Sky Conference,5,exact
2025-26,610433,Illinois,Big Ten,356,Illinois Fighting Illini,Illinois,Fighting Illini,ILL,Big Ten Conference,7,exact
2025-26,610430,Illinois St.,MVC,2287,Illinois State Redbirds,Illinois State,Redbirds,ILST,Missouri Valley Conference,18,exact
2025-26,610439,Indiana,Big Ten,84,Indiana Hoosiers,Indiana,Hoosiers,IU,Big Ten Conference,7,exact
2025-26,610437,Indiana St.,MVC,282,Indiana State Sycamores,Indiana State,Sycamores,INST,Missouri Valley Conference,18,exact
2025-26,610443,Iona,MAAC,314,Iona Gaels,Iona,Gaels,IONA,Metro Conference,13,exact
2025-26,610035,Iowa,Big Ten,2294,Iowa Hawkeyes,Iowa,Hawkeyes,IOWA,Big Ten Conference,7,exact
2025-26,610445,Iowa St.,Big 12,66,Iowa State Cyclones,Iowa State,Cyclones,ISU,Big 12 Conference,8,exact
2025-26,610037,Jackson St.,SWAC,2296,Jackson State Tigers,Jackson State,Tigers,JKST,Southwestern Athletic Conference,26,exact
2025-26,610450,Jacksonville,ASUN,294,Jacksonville Dolphins,Jacksonville,Dolphins,JAX,Atlantic Sun Conference,46,exact
2025-26,610448,Jacksonville St.,C-USA,55,Jacksonville State Gamecocks,Jacksonville State,Gamecocks,JXST,Conference USA,11,exact
2025-26,610452,James Madison,Sun Belt,256,James Madison Dukes,James Madison,Dukes,JMU,Sun Belt Conference,27,exact
2025-26,610455,Kansas,Big 12,2305,Kansas Jayhawks,Kansas,Jayhawks,KU,Big 12 Conference,8,exact
2025-26,610090,Kansas City,WAC,140,Kansas City Roos,Kansas City,Roos,KC,Summit League,47,exact
2025-26,610453,Kansas St.,Big 12,2306,Kansas State Wildcats,Kansas State,Wildcats,KSU,Big 12 Conference,8,exact
2025-26,610001,Kennesaw St.,C-USA,338,Kennesaw State Owls,Kennesaw State,Owls,KENN,Conference USA,11,exact
2025-26,610039,Kent St.,MAC,2309,Kent State Golden Flashes,Kent State,Golden Flashes,KENT,Mid-American Conference,14,exact
2025-26,610457,Kentucky,SEC,96,Kentucky Wildcats,Kentucky,Wildcats,UK,Southeastern Conference,23,exact
2025-26,610468,LIU,NEC,112358,Long Island University Sharks,Long Island University,Sharks,LIU,Northeast Conference,19,exact
2025-26,610484,LMU (CA),WCC,2351,Loyola Marymount Lions,Loyola Marymount,Lions,LMU,West Coast Conference,29,dict
2025-26,610471,LSU,SEC,99,LSU Tigers,LSU,Tigers,LSU,Southeastern Conference,23,exact
2025-26,610459,La Salle,Atlantic 10,2325,La Salle Explorers,La Salle,Explorers,LAS,Atlantic 10 Conference,3,exact
2025-26,610460,Lafayette,Patriot,322,Lafayette Leopards,Lafayette,Leopards,LAF,Patriot League,22,exact
2025-26,610462,Lamar University,WAC,2320,Lamar Cardinals,Lamar,Cardinals,LAM,Southland Conference,25,dict
2025-26,610087,Le Moyne,NEC,2330,Le Moyne Dolphins,Le Moyne,Dolphins,LEM,Northeast Conference,19,exact
2025-26,610464,Lehigh,Patriot,2329,Lehigh Mountain Hawks,Lehigh,Mountain Hawks,LEH,Patriot League,22,exact
2025-26,610465,Liberty,C-USA,2335,Liberty Flames,Liberty,Flames,LIB,Conference USA,11,exact
2025-26,610010,Lindenwood,OVC,2815,Lindenwood Lions,Lindenwood,Lions,LIN,Ohio Valley Conference,20,exact
2025-26,610111,Lipscomb,ASUN,288,Lipscomb Bisons,Lipscomb,Bisons,LIP,Atlantic Sun Conference,46,exact
2025-26,610174,Little Rock,OVC,2031,Little Rock Trojans,Little Rock,Trojans,LR,Ohio Valley Conference,20,exact
2025-26,610239,Long Beach St.,Big West,299,Long Beach State Beach,Long Beach State,Beach,LBSU,Big West Conference,9,exact
2025-26,610470,Longwood,Big South,2344,Longwood Lancers,Longwood,Lancers,LONG,Big South Conference,6,exact
2025-26,609879,Louisiana,Sun Belt,309,Louisiana Ragin' Cajuns,Louisiana,Ragin' Cajuns,UL,Sun Belt Conference,27,exact
2025-26,610473,Louisiana Tech,C-USA,2348,Louisiana Tech Bulldogs,Louisiana Tech,Bulldogs,LT,Conference USA,11,exact
2025-26,610476,Louisville,ACC,97,Louisville Cardinals,Louisville,Cardinals,LOU,Atlantic Coast Conference,2,exact
2025-26,610487,Loyola Chicago,Atlantic 10,2350,Loyola Chicago Ramblers,Loyola Chicago,Ramblers,LUC,Atlantic 10 Conference,3,exact
2025-26,610482,Loyola Maryland,Patriot,2352,Loyola Maryland Greyhounds,Loyola Maryland,Greyhounds,L-MD,Patriot League,22,exact
2025-26,610041,Maine,America East,311,Maine Black Bears,Maine,Black Bears,ME,America East Conference,1,exact
2025-26,610490,Manhattan,MAAC,2363,Manhattan Jaspers,Manhattan,Jaspers,MAN,Metro Conference,13,exact
2025-26,610493,Marist,MAAC,2368,Marist Red Foxes,Marist,Red Foxes,MRST,Metro Conference,13,exact
2025-26,610496,Marquette,Big East,269,Marquette Golden Eagles,Marquette,Golden Eagles,MARQ,Big East Conference,4,exact
2025-26,610043,Marshall,Sun Belt,276,Marshall Thundering Herd,Marshall,Thundering Herd,MRSH,Sun Belt Conference,27,exact
2025-26,610502,Maryland,Big Ten,120,Maryland Terrapins,Maryland,Terrapins,MD,Big Ten Conference,7,exact
2025-26,610509,Massachusetts,Atlantic 10,113,Massachusetts Minutemen,Massachusetts,Minutemen,MASS,Atlantic 10 Conference,3,exact
2025-26,610511,McNeese,Southland,2377,McNeese Cowboys,McNeese,Cowboys,MCN,Southland Conference,25,exact
2025-26,610515,Memphis,AAC,235,Memphis Tigers,Memphis,Tigers,MEM,American Conference,62,exact
2025-26,610518,Mercer,SoCon,2382,Mercer Bears,Mercer,Bears,MER,Southern Conference,24,exact
2025-26,610117,Merrimack,MAAC,2771,Merrimack Warriors,Merrimack,Warriors,MRMK,Metro Conference,13,exact
2025-26,610524,Miami (FL),ACC,2390,Miami Hurricanes,Miami,Hurricanes,MIA,Atlantic Coast Conference,2,dict
2025-26,610521,Miami (OH),MAC,193,Miami (OH) RedHawks,Miami (OH),RedHawks,M-OH,Mid-American Conference,14,exact
2025-26,610533,Michigan,Big Ten,130,Michigan Wolverines,Michigan,Wolverines,MICH,Big Ten Conference,7,exact
2025-26,610529,Michigan St.,Big Ten,127,Michigan State Spartans,Michigan State,Spartans,MSU,Big Ten Conference,7,exact
2025-26,610045,Middle Tenn.,C-USA,2393,Middle Tennessee Blue Raiders,Middle Tennessee,Blue Raiders,MTSU,Conference USA,11,exact
2025-26,609980,Milwaukee,Horizon,270,Milwaukee Panthers,Milwaukee,Panthers,MILW,Horizon League,45,exact
2025-26,610537,Minnesota,Big Ten,135,Minnesota Golden Gophers,Minnesota,Golden Gophers,MINN,Big Ten Conference,7,exact
2025-26,610541,Mississippi St.,SEC,344,Mississippi State Bulldogs,Mississippi State,Bulldogs,MSST,Southeastern Conference,23,exact
2025-26,610544,Mississippi Val.,SWAC,2400,Mississippi Valley State Delta Devils,Mississippi Valley State,Delta Devils,MVSU,Southwestern Athletic Conference,26,dict
2025-26,610550,Missouri,SEC,142,Missouri Tigers,Missouri,Tigers,MIZ,Southeastern Conference,23,exact
2025-26,609875,Missouri St.,MVC,2623,Missouri State Bears,Missouri State,Bears,MOST,Missouri Valley Conference,18,exact
2025-26,610554,Monmouth,CAA,2405,Monmouth Hawks,Monmouth,Hawks,MONM,Coastal Athletic Association,10,exact
2025-26,610560,Montana,Big Sky,149,Montana Grizzlies,Montana,Grizzlies,MONT,Big Sky Conference,5,exact
2025-26,610556,Montana St.,Big Sky,147,Montana State Bobcats,Montana State,Bobcats,MTST,Big Sky Conference,5,exact
2025-26,610562,Morehead St.,OVC,2413,Morehead State Eagles,Morehead State,Eagles,MORE,Ohio Valley Conference,20,exact
2025-26,610566,Morgan St.,MEAC,2415,Morgan State Bears,Morgan State,Bears,MORG,Mid-Eastern Athletic Conference,16,exact
2025-26,610569,Mount St. Mary's,MAAC,116,Mount St. Mary's Mountaineers,Mount St. Mary's,Mountaineers,MSM,Metro Conference,13,exact
2025-26,610571,Murray St.,MVC,93,Murray State Racers,Murray State,Racers,MUR,Missouri Valley Conference,18,exact
2025-26,610612,N.C. A&T,CAA,2448,North Carolina A&T Aggies,North Carolina A&T,Aggies,NCAT,Coastal Athletic Association,10,exact
2025-26,610615,N.C. Central,MEAC,2428,North Carolina Central Eagles,North Carolina Central,Eagles,NCCU,Mid-Eastern Athletic Conference,16,exact
2025-26,610618,NC State,ACC,152,NC State Wolfpack,NC State,Wolfpack,NCSU,Atlantic Coast Conference,2,exact
2025-26,609755,NIU,MAC,2459,Northern Illinois Huskies,Northern Illinois,Huskies,NIU,Mid-American Conference,14,exact
2025-26,610595,NJIT,ASUN,2885,NJIT Highlanders,NJIT,Highlanders,NJIT,America East Conference,1,exact
2025-26,609933,Navy,Patriot,2426,Navy Midshipmen,Navy,Midshipmen,NAVY,Patriot League,22,exact
2025-26,610587,Nebraska,Big Ten,158,Nebraska Cornhuskers,Nebraska,Cornhuskers,NEB,Big Ten Conference,7,exact
2025-26,610590,Nevada,MWC,2440,Nevada Wolf Pack,Nevada,Wolf Pack,NEV,Mountain West Conference,44,exact
2025-26,610592,New Hampshire,America East,160,New Hampshire Wildcats,New Hampshire,Wildcats,UNH,America East Conference,1,exact
2025-26,610601,New Mexico,MWC,167,New Mexico Lobos,New Mexico,Lobos,UNM,Mountain West Conference,44,exact
2025-26,610597,New Mexico St.,C-USA,166,New Mexico State Aggies,New Mexico State,Aggies,NMSU,Conference USA,11,exact
2025-26,610604,New Orleans,Southland,2443,LSU New Orleans Privateers,LSU New Orleans,Privateers,NOLA,Southland Conference,25,exact
2025-26,610607,Niagara,MAAC,315,Niagara Purple Eagles,Niagara,Purple Eagles,NIA,Metro Conference,13,exact
2025-26,610609,Nicholls,Southland,2447,Nicholls Colonels,Nicholls,Colonels,NICH,Southland Conference,25,exact
2025-26,610050,Norfolk St.,MEAC,2450,Norfolk State Spartans,Norfolk State,Spartans,NORF,Mid-Eastern Athletic Conference,16,exact
2025-26,610125,North Ala.,ASUN,2453,North Alabama Lions,North Alabama,Lions,UNA,Atlantic Sun Conference,46,exact
2025-26,610575,North Carolina,ACC,153,North Carolina Tar Heels,North Carolina,Tar Heels,UNC,Atlantic Coast Conference,2,exact
2025-26,610624,North Dakota,Summit League,155,North Dakota Fighting Hawks,North Dakota,Fighting Hawks,UND,Summit League,47,exact
2025-26,610621,North Dakota St.,Summit League,2449,North Dakota State Bison,North Dakota State,Bison,NDSU,Summit League,47,exact
2025-26,610093,North Florida,ASUN,2454,North Florida Ospreys,North Florida,Ospreys,UNF,Atlantic Sun Conference,46,exact
2025-26,610626,North Texas,AAC,249,North Texas Mean Green,North Texas,Mean Green,UNT,American Conference,62,exact
2025-26,610631,Northeastern,CAA,111,Northeastern Huskies,Northeastern,Huskies,NE,Coastal Athletic Association,10,exact
2025-26,609751,Northern Ariz.,Big Sky,2464,Northern Arizona Lumberjacks,Northern Arizona,Lumberjacks,NAU,Big Sky Conference,5,exact
2025-26,609754,Northern Colo.,Big Sky,2458,Northern Colorado Bears,Northern Colorado,Bears,UNCO,Big Sky Conference,5,exact
2025-26,609760,Northern Ky.,Horizon,94,Northern Kentucky Norse,Northern Kentucky,Norse,NKU,Horizon League,45,exact
2025-26,609763,Northwestern,Big Ten,77,Northwestern Wildcats,Northwestern,Wildcats,NU,Big Ten Conference,7,exact
2025-26,609761,Northwestern St.,Southland,2466,Northwestern State Demons,Northwestern State,Demons,NWST,Southland Conference,25,exact
2025-26,610052,Notre Dame,ACC,87,Notre Dame Fighting Irish,Notre Dame,Fighting Irish,ND,Atlantic Coast Conference,2,exact
2025-26,609766,Oakland,Horizon,2473,Oakland Golden Grizzlies,Oakland,Golden Grizzlies,OAK,Horizon League,45,exact
2025-26,609770,Ohio,MAC,195,Ohio Bobcats,Ohio,Bobcats,OHIO,Mid-American Conference,14,exact
2025-26,609768,Ohio St.,Big Ten,194,Ohio State Buckeyes,Ohio State,Buckeyes,OSU,Big Ten Conference,7,exact
2025-26,609774,Oklahoma,SEC,201,Oklahoma Sooners,Oklahoma,Sooners,OU,Southeastern Conference,23,exact
2025-26,609772,Oklahoma St.,Big 12,197,Oklahoma State Cowboys,Oklahoma State,Cowboys,OKST,Big 12 Conference,8,exact
2025-26,609776,Old Dominion,Sun Belt,295,Old Dominion Monarchs,Old Dominion,Monarchs,ODU,Sun Belt Conference,27,exact
2025-26,610547,Ole Miss,SEC,145,Ole Miss Rebels,Ole Miss,Rebels,MISS,Southeastern Conference,23,exact
2025-26,610589,Omaha,Summit League,2437,Omaha Mavericks,Omaha,Mavericks,OMA,Summit League,47,exact
2025-26,609778,Oral Roberts,Summit League,198,Oral Roberts Golden Eagles,Oral Roberts,Golden Eagles,ORU,Summit League,47,exact
2025-26,609782,Oregon,Big Ten,2483,Oregon Ducks,Oregon,Ducks,ORE,Big Ten Conference,7,exact
2025-26,609780,Oregon St.,WCC,204,Oregon State Beavers,Oregon State,Beavers,ORST,West Coast Conference,29,exact
2025-26,609784,Pacific,WCC,279,Pacific Tigers,Pacific,Tigers,PAC,West Coast Conference,29,exact
2025-26,609791,Penn,Ivy League,219,Pennsylvania Quakers,Pennsylvania,Quakers,PENN,Ivy League,12,exact
2025-26,609789,Penn St.,Big Ten,213,Penn State Nittany Lions,Penn State,Nittany Lions,PSU,Big Ten Conference,7,exact
2025-26,609794,Pepperdine,WCC,2492,Pepperdine Waves,Pepperdine,Waves,PEPP,West Coast Conference,29,exact
2025-26,609795,Pittsburgh,ACC,221,Pittsburgh Panthers,Pittsburgh,Panthers,PITT,Atlantic Coast Conference,2,exact
2025-26,610054,Portland,WCC,2501,Portland Pilots,Portland,Pilots,PORT,West Coast Conference,29,exact
2025-26,609798,Portland St.,Big Sky,2502,Portland State Vikings,Portland State,Vikings,PRST,Big Sky Conference,5,exact
2025-26,609800,Prairie View,SWAC,2504,Prairie View A&M Panthers,Prairie View A&M,Panthers,PV,Southwestern Athletic Conference,26,exact
2025-26,610082,Presbyterian,Big South,2506,Presbyterian Blue Hose,Presbyterian,Blue Hose,PRES,Big South Conference,6,exact
2025-26,610056,Princeton,Ivy League,163,Princeton Tigers,Princeton,Tigers,PRIN,Ivy League,12,exact
2025-26,609802,Providence,Big East,2507,Providence Friars,Providence,Friars,PROV,Big East Conference,4,exact
2025-26,609804,Purdue,Big Ten,2509,Purdue Boilermakers,Purdue,Boilermakers,PUR,Big Ten Conference,7,exact
2025-26,610441,Purdue Fort Wayne,Summit League,2870,Purdue Fort Wayne Mastodons,Purdue Fort Wayne,Mastodons,PFW,Horizon League,45,exact
2025-26,610009,Queens (NC),ASUN,2511,Queens University Royals,Queens University,Royals,QUC,Atlantic Sun Conference,46,dict
2025-26,609806,Quinnipiac,MAAC,2514,Quinnipiac Bobcats,Quinnipiac,Bobcats,QUIN,Metro Conference,13,exact
2025-26,609809,Radford,Big South,2515,Radford Highlanders,Radford,Highlanders,RAD,Big South Conference,6,exact
2025-26,609811,Rhode Island,Atlantic 10,227,Rhode Island Rams,Rhode Island,Rams,URI,Atlantic 10 Conference,3,exact
2025-26,610059,Rice,AAC,242,Rice Owls,Rice,Owls,RICE,American Conference,62,exact
2025-26,610060,Richmond,Atlantic 10,257,Richmond Spiders,Richmond,Spiders,RICH,Atlantic 10 Conference,3,exact
2025-26,609814,Rider,MAAC,2520,Rider Broncs,Rider,Broncs,RID,Metro Conference,13,exact
2025-26,609816,Robert Morris,NEC,2523,Robert Morris Colonials,Robert Morris,Colonials,RMU,Horizon League,45,exact
2025-26,609818,Rutgers,Big Ten,164,Rutgers Scarlet Knights,Rutgers,Scarlet Knights,RUTG,Big Ten Conference,7,exact
2025-26,609884,SFA,Southland,2617,Stephen F. Austin Lumberjacks,Stephen F. Austin,Lumberjacks,SFA,Southland Conference,25,exact
2025-26,609865,SIUE,OVC,2565,SIU Edwardsville Cougars,SIU Edwardsville,Cougars,SIUE,Ohio Valley Conference,20,exact
2025-26,609867,SMU,ACC,2567,SMU Mustangs,SMU,Mustangs,SMU,Atlantic Coast Conference,2,exact
2025-26,610243,Sacramento St.,Big Sky,16,Sacramento State Hornets,Sacramento State,Hornets,SAC,Big Sky Conference,5,exact
2025-26,610063,Sacred Heart,MAAC,2529,Sacred Heart Pioneers,Sacred Heart,Pioneers,SHU,Metro Conference,13,exact
2025-26,609823,Saint Francis,NEC,2598,St. Francis (PA) Red Flash,St. Francis (PA),Red Flash,SFPA,Northeast Conference,19,alias
2025-26,609827,Saint Joseph's,Atlantic 10,2603,Saint Joseph's Hawks,Saint Joseph's,Hawks,JOES,Atlantic 10 Conference,3,exact
2025-26,609829,Saint Louis,Atlantic 10,139,Saint Louis Billikens,Saint Louis,Billikens,SLU,Atlantic 10 Conference,3,exact
2025-26,609831,Saint Mary's (CA),WCC,2608,Saint Mary's Gaels,Saint Mary's,Gaels,SMC,West Coast Conference,29,dict
2025-26,609833,Saint Peter's,MAAC,2612,Saint Peter's Peacocks,Saint Peter's,Peacocks,SPU,Metro Conference,13,exact
2025-26,609835,Sam Houston,C-USA,2534,Sam Houston Bearkats,Sam Houston,Bearkats,SHSU,Conference USA,11,exact
2025-26,609837,Samford,SoCon,2535,Samford Bulldogs,Samford,Bulldogs,SAM,Southern Conference,24,exact
2025-26,609842,San Diego,WCC,301,San Diego Toreros,San Diego,Toreros,USD,West Coast Conference,29,exact
2025-26,609839,San Diego St.,MWC,21,San Diego State Aztecs,San Diego State,Aztecs,SDSU,Mountain West Conference,44,exact
2025-26,609844,San Francisco,WCC,2539,San Francisco Dons,San Francisco,Dons,SF,West Coast Conference,29,exact
2025-26,609846,San Jose St.,MWC,23,San José State Spartans,San José State,Spartans,SJSU,Mountain West Conference,44,dict
2025-26,609847,Santa Clara,WCC,2541,Santa Clara Broncos,Santa Clara,Broncos,SCU,West Coast Conference,29,exact
2025-26,610003,Seattle U,WAC,2547,Seattle U Redhawks,Seattle U,Redhawks,SEA,United Athletic Conference,30,exact
2025-26,609849,Seton Hall,Big East,2550,Seton Hall Pirates,Seton Hall,Pirates,HALL,Big East Conference,4,exact
2025-26,609852,Siena,MAAC,2561,Siena Saints,Siena,Saints,SIE,Metro Conference,13,exact
2025-26,609853,South Alabama,Sun Belt,6,South Alabama Jaguars,South Alabama,Jaguars,USA,Sun Belt Conference,27,exact
2025-26,610065,South Carolina,SEC,2579,South Carolina Gamecocks,South Carolina,Gamecocks,SC,Southeastern Conference,23,exact
2025-26,609855,South Carolina St.,MEAC,2569,South Carolina State Bulldogs,South Carolina State,Bulldogs,SCST,Mid-Eastern Athletic Conference,16,exact
2025-26,609857,South Dakota,Summit League,233,South Dakota Coyotes,South Dakota,Coyotes,SDAK,Summit League,47,exact
2025-26,610067,South Dakota St.,Summit League,2571,South Dakota State Jackrabbits,South Dakota State,Jackrabbits,SDST,Summit League,47,exact
2025-26,609858,South Fla.,AAC,58,South Florida Bulls,South Florida,Bulls,USF,American Conference,62,exact
2025-26,609860,Southeast Mo. St.,OVC,2546,Southeast Missouri State Redhawks,Southeast Missouri State,Redhawks,SEMO,Ohio Valley Conference,20,exact
2025-26,609862,Southeastern La.,Southland,2545,SE Louisiana Lions,SE Louisiana,Lions,SELA,Southland Conference,25,dict
2025-26,610071,Southern California,Big Ten,30,USC Trojans,USC,Trojans,USC,Big Ten Conference,7,dict
2025-26,609863,Southern Ill.,MVC,79,Southern Illinois Salukis,Southern Illinois,Salukis,SIU,Missouri Valley Conference,18,exact
2025-26,610084,Southern Ind.,OVC,88,Southern Indiana Screaming Eagles,Southern Indiana,Screaming Eagles,USI,Ohio Valley Conference,20,alias
2025-26,609869,Southern Miss.,Sun Belt,2572,Southern Miss Golden Eagles,Southern Miss,Golden Eagles,USM,Sun Belt Conference,27,dict
2025-26,609872,Southern U.,SWAC,2582,Southern Jaguars,Southern,Jaguars,SOU,Southwestern Athletic Conference,26,dict
2025-26,609873,Southern Utah,WAC,253,Southern Utah Thunderbirds,Southern Utah,Thunderbirds,SUU,United Athletic Conference,30,exact
2025-26,609820,St. Bonaventure,Atlantic 10,179,St. Bonaventure Bonnies,St. Bonaventure,Bonnies,SBU,Atlantic 10 Conference,3,exact
2025-26,609825,St. John's (NY),Big East,2599,St. John's Red Storm,St. John's,Red Storm,SJU,Big East Conference,4,dict
2025-26,610343,St. Thomas (MN),Summit League,2900,St. Thomas Tommies,St. Thomas,Tommies,STMN,Summit League,47,alias
2025-26,609881,Stanford,ACC,24,Stanford Cardinal,Stanford,Cardinal,STAN,Atlantic Coast Conference,2,exact
2025-26,609886,Stetson,ASUN,56,Stetson Hatters,Stetson,Hatters,STET,Atlantic Sun Conference,46,exact
2025-26,610012,Stonehill,NEC,284,Stonehill Skyhawks,Stonehill,Skyhawks,STO,Northeast Conference,19,exact
2025-26,609888,Stony Brook,America East,2619,Stony Brook Seawolves,Stony Brook,Seawolves,STBK,Coastal Athletic Association,10,exact
2025-26,609890,Syracuse,ACC,183,Syracuse Orange,Syracuse,Orange,SYR,Atlantic Coast Conference,2,exact
2025-26,609904,TCU,Big 12,2628,TCU Horned Frogs,TCU,Horned Frogs,TCU,Big 12 Conference,8,exact
2025-26,610122,Tarleton St.,WAC,2627,Tarleton State Texans,Tarleton State,Texans,TAR,United Athletic Conference,30,exact
2025-26,609892,Temple,AAC,218,Temple Owls,Temple,Owls,TEM,American Conference,62,exact
2025-26,609898,Tennessee,SEC,2633,Tennessee Volunteers,Tennessee,Volunteers,TENN,Southeastern Conference,23,exact
2025-26,609894,Tennessee St.,OVC,2634,Tennessee State Tigers,Tennessee State,Tigers,TNST,Ohio Valley Conference,20,exact
2025-26,609896,Tennessee Tech,OVC,2635,Tennessee Tech Golden Eagles,Tennessee Tech,Golden Eagles,TNTC,Ohio Valley Conference,20,exact
2025-26,610076,Texas,SEC,251,Texas Longhorns,Texas,Longhorns,TEX,Southeastern Conference,23,exact
2025-26,609902,Texas A&M,SEC,245,Texas A&M Aggies,Texas A&M,Aggies,TA&M,Southeastern Conference,23,exact
2025-26,609906,Texas Southern,SWAC,2640,Texas Southern Tigers,Texas Southern,Tigers,TXSO,Southwestern Athletic Conference,26,exact
2025-26,609877,Texas St.,Sun Belt,326,Texas State Bobcats,Texas State,Bobcats,TXST,Sun Belt Conference,27,exact
2025-26,609908,Texas Tech,Big 12,2641,Texas Tech Red Raiders,Texas Tech,Red Raiders,TTU,Big 12 Conference,8,exact
2025-26,609916,Toledo,MAC,2649,Toledo Rockets,Toledo,Rockets,TOL,Mid-American Conference,14,exact
2025-26,609918,Towson,CAA,119,Towson Tigers,Towson,Tigers,TOW,Coastal Athletic Association,10,exact
2025-26,609920,Troy,Sun Belt,2653,Troy Trojans,Troy,Trojans,TROY,Sun Belt Conference,27,exact
2025-26,609922,Tulane,AAC,2655,Tulane Green Wave,Tulane,Green Wave,TULN,American Conference,62,exact
2025-26,609928,Tulsa,AAC,202,Tulsa Golden Hurricane,Tulsa,Golden Hurricane,TLSA,American Conference,62,exact
2025-26,610147,UAB,AAC,5,UAB Blazers,UAB,Blazers,UAB,American Conference,62,exact
2025-26,610149,UAlbany,America East,399,UAlbany Great Danes,UAlbany,Great Danes,UALB,America East Conference,1,exact
2025-26,610251,UC Davis,Big West,302,UC Davis Aggies,UC Davis,Aggies,UCD,Big West Conference,9,exact
2025-26,610022,UC Irvine,Big West,300,UC Irvine Anteaters,UC Irvine,Anteaters,UCI,Big West Conference,9,exact
2025-26,610257,UC Riverside,Big West,27,UC Riverside Highlanders,UC Riverside,Highlanders,UCR,Big West Conference,9,exact
2025-26,610119,UC San Diego,Big West,28,UC San Diego Tritons,UC San Diego,Tritons,UCSD,Big West Conference,9,exact
2025-26,610246,UC Santa Barbara,Big West,2540,UC Santa Barbara Gauchos,UC Santa Barbara,Gauchos,UCSB,Big West Conference,9,exact
2025-26,610268,UCF,Big 12,2116,UCF Knights,UCF,Knights,UCF,Big 12 Conference,8,exact
2025-26,610254,UCLA,Big Ten,26,UCLA Bruins,UCLA,Bruins,UCLA,Big Ten Conference,7,exact
2025-26,610024,UConn,AAC,41,UConn Huskies,UConn,Huskies,CONN,Big East Conference,4,exact
2025-26,610435,UIC,MVC,82,UIC Flames,UIC,Flames,UIC,Missouri Valley Conference,18,exact
2025-26,610096,UIW,Southland,2916,Incarnate Word Cardinals,Incarnate Word,Cardinals,UIW,Southland Conference,25,exact
2025-26,610629,ULM,Sun Belt,2433,UL Monroe Warhawks,UL Monroe,Warhawks,ULM,Sun Belt Conference,27,exact
2025-26,610499,UMBC,America East,2378,UMBC Retrievers,UMBC,Retrievers,UMBC,America East Conference,1,exact
2025-26,610507,UMES,MEAC,2379,Maryland Eastern Shore Hawks,Maryland Eastern Shore,Hawks,UMES,Mid-Eastern Athletic Conference,16,exact
2025-26,610479,UMass Lowell,America East,2349,UMass Lowell River Hawks,UMass Lowell,River Hawks,UML,America East Conference,1,exact
2025-26,610573,UNC Asheville,Big South,2427,UNC Asheville Bulldogs,UNC Asheville,Bulldogs,UNCA,Big South Conference,6,exact
2025-26,610581,UNC Greensboro,SoCon,2430,UNC Greensboro Spartans,UNC Greensboro,Spartans,UNCG,Southern Conference,24,exact
2025-26,610585,UNCW,CAA,350,UNC Wilmington Seahawks,UNC Wilmington,Seahawks,UNCW,Coastal Athletic Association,10,exact
2025-26,609757,UNI,MVC,2460,Northern Iowa Panthers,Northern Iowa,Panthers,UNI,Missouri Valley Conference,18,exact
2025-26,610048,UNLV,MWC,2439,UNLV Rebels,UNLV,Rebels,UNLV,Mountain West Conference,44,exact
2025-26,610102,USC Upstate,Big South,2908,South Carolina Upstate Spartans,South Carolina Upstate,Spartans,UPST,Big South Conference,6,dict
2025-26,609910,UT Arlington,WAC,250,UT Arlington Mavericks,UT Arlington,Mavericks,UTA,United Athletic Conference,30,exact
2025-26,609900,UT Martin,OVC,2630,UT Martin Skyhawks,UT Martin,Skyhawks,UTM,Ohio Valley Conference,20,exact
2025-26,609912,UTEP,C-USA,2638,UTEP Miners,UTEP,Miners,UTEP,Conference USA,11,exact
2025-26,609787,UTRGV,Southland,292,UT Rio Grande Valley Vaqueros,UT Rio Grande Valley,Vaqueros,RGV,Southland Conference,25,dict
2025-26,609914,UTSA,AAC,2636,UTSA Roadrunners,UTSA,Roadrunners,UTSA,American Conference,62,exact
2025-26,609937,Utah,Big 12,254,Utah Utes,Utah,Utes,UTAH,Big 12 Conference,8,exact
2025-26,609935,Utah St.,MWC,328,Utah State Aggies,Utah State,Aggies,USU,Mountain West Conference,44,exact
2025-26,609924,Utah Tech,WAC,3101,Utah Tech Trailblazers,Utah Tech,Trailblazers,UTU,United Athletic Conference,30,exact
2025-26,610114,Utah Valley,WAC,3084,Utah Valley Wolverines,Utah Valley,Wolverines,UVU,United Athletic Conference,30,exact
2025-26,609948,VCU,Atlantic 10,2670,VCU Rams,VCU,Rams,VCU,Atlantic 10 Conference,3,exact
2025-26,609939,Valparaiso,MVC,2674,Valparaiso Beacons,Valparaiso,Beacons,VAL,Missouri Valley Conference,18,exact
2025-26,609942,Vanderbilt,SEC,238,Vanderbilt Commodores,Vanderbilt,Commodores,VAN,Southeastern Conference,23,exact
2025-26,609944,Vermont,America East,261,Vermont Catamounts,Vermont,Catamounts,UVM,America East Conference,1,exact
2025-26,609946,Villanova,Big East,222,Villanova Wildcats,Villanova,Wildcats,VILL,Big East Conference,4,exact
2025-26,609953,Virginia,ACC,258,Virginia Cavaliers,Virginia,Cavaliers,UVA,Atlantic Coast Conference,2,exact
2025-26,609951,Virginia Tech,ACC,259,Virginia Tech Hokies,Virginia Tech,Hokies,VT,Atlantic Coast Conference,2,exact
2025-26,609955,Wagner,NEC,2681,Wagner Seahawks,Wagner,Seahawks,WAG,Northeast Conference,19,exact
2025-26,609956,Wake Forest,ACC,154,Wake Forest Demon Deacons,Wake Forest,Demon Deacons,WAKE,Atlantic Coast Conference,2,exact
2025-26,609960,Washington,Big Ten,264,Washington Huskies,Washington,Huskies,WASH,Big Ten Conference,7,exact
2025-26,609958,Washington St.,WCC,265,Washington State Cougars,Washington State,Cougars,WSU,West Coast Conference,29,exact
2025-26,609962,Weber St.,Big Sky,2692,Weber State Wildcats,Weber State,Wildcats,WEB,Big Sky Conference,5,exact
2025-26,610634,West Ga.,ASUN,2698,West Georgia Wolves,West Georgia,Wolves,WGA,Atlantic Sun Conference,46,exact
2025-26,609963,West Virginia,Big 12,277,West Virginia Mountaineers,West Virginia,Mountaineers,WVU,Big 12 Conference,8,exact
2025-26,609965,Western Caro.,SoCon,2717,Western Carolina Catamounts,Western Carolina,Catamounts,WCU,Southern Conference,24,exact
2025-26,609967,Western Ill.,OVC,2710,Western Illinois Leathernecks,Western Illinois,Leathernecks,WIU,Ohio Valley Conference,20,exact
2025-26,609969,Western Ky.,C-USA,98,Western Kentucky Hilltoppers,Western Kentucky,Hilltoppers,WKU,Conference USA,11,exact
2025-26,609971,Western Mich.,MAC,2711,Western Michigan Broncos,Western Michigan,Broncos,WMU,Mid-American Conference,14,exact
2025-26,609973,Wichita St.,AAC,2724,Wichita State Shockers,Wichita State,Shockers,WICH,American Conference,62,exact
2025-26,609975,William & Mary,CAA,2729,William & Mary Tribe,William & Mary,Tribe,W&M,Coastal Athletic Association,10,exact
2025-26,609977,Winthrop,Big South,2737,Winthrop Eagles,Winthrop,Eagles,WIN,Big South Conference,6,exact
2025-26,609979,Wisconsin,Big Ten,275,Wisconsin Badgers,Wisconsin,Badgers,WIS,Big Ten Conference,7,exact
2025-26,610099,Wofford,SoCon,2747,Wofford Terriers,Wofford,Terriers,WOF,Southern Conference,24,exact
2025-26,609982,Wright St.,Horizon,2750,Wright State Raiders,Wright State,Raiders,WRST,Horizon League,45,exact
2025-26,609984,Wyoming,MWC,2751,Wyoming Cowboys,Wyoming,Cowboys,WYO,Mountain West Conference,44,exact
2025-26,609986,Xavier,Big East,2752,Xavier Musketeers,Xavier,Musketeers,XAV,Big East Conference,4,exact
2025-26,609987,Yale,Ivy League,43,Yale Bulldogs,Yale,Bulldogs,YALE,Ivy League,12,exact
2025-26,609989,Youngstown St.,Horizon,2754,Youngstown State Penguins,Youngstown State,Penguins,YSU,Horizon League,45,exact
